{
    "https://www.bbc.com/sport/articles/cqllxj2n4kyo": {
        "link": "https://www.bbc.com/sport/articles/cqllxj2n4kyo",
        "subtitle": "How to find and use feeds on the BBC Sport website.",
        "time": null,
        "title": "RSS Feed (Really Simple Syndication) - BBC Sport",
        "topics": [],
        "images": [],
        "videos": [],
        "author": "",
        "text": [
            "What is RSS?",
            "In a world heaving under the weight of billions of web pages, keeping up to date with the information you want can be a drag.",
            "Wouldn't it be better to have the latest news and features delivered directly to you, rather than clicking from site to site?",
            "Using RSS (Really Simple Syndication) allows you to see when sites from all over the internet have added new content. You can get the latest headlines and articles (or even audio files, photographs or video) in one place, as soon as they are published, without having to remember to visit each site every day.",
            "RSS takes the hassle out of staying up-to-date, by showing you the very latest information that you are interested in.",
            "RSS feeds are just a special kind of web page, designed to be read by computers rather than people. It might help to think of them as the free, internet version of the old-fashioned ticker-tape news wire machines.",
            "Not all websites currently provide RSS and not all sections of the BBC or BBC Sport website are available as feeds.",
            "How do I start using RSS feeds?",
            "In general, the first thing you need is something called a news reader.",
            "This is a piece of software that checks RSS feeds and lets you read any new articles that have been added to them. There are many different versions, some of which are accessed using a browser, and some of which are downloadable applications. Browser-based news readers let you catch up with your RSS feed subscriptions from any computer, whereas downloadable applications let you store them on your main computer, in the same way that you either download your e-mail using Outlook, or keep it on a web-based service like Hotmail.",
            "Once you have chosen a news reader, all you have to do is to decide what content you want to receive in your news reader, by finding and subscribing to the relevant RSS feeds. For example, if you would like the latest BBC Sport Cricket stories, simply visit the Cricket section and you will notice an orange RSS button.",
            "Most modern browsers, including Firefox, Opera, Internet Explorer, Safari and Chrome, automatically check for RSS feeds for you when you visit a website, and display the orange RSS icon when they find one. This can make subscribing to RSS feeds much easier. For more details on these, please check their websites.",
            "How do I get a news reader?",
            "There is a range of different news readers available and new versions are appearing all the time.",
            "Different news readers work on different operating systems, so you will need to choose one that will work with your computer.",
            "Once you have chosen a news reader, all you have to do is to decide what content you want it to receive.",
            "If you click on the RSS button you can subscribe to the feed in various ways, including by dragging the URL of the feed into your news reader or by cutting and pasting the same URL into a new feed in your news reader.",
            "Using BBC Sport RSS feeds on your site",
            "If you run your own website, you can use RSS feeds to display the latest headlines from other sites on your site.",
            "We encourage the use of BBC Sport RSS feeds as part of a website, subject to our Terms of Use.",
            "However, we do require that the proper format and attribution is used when BBC Sport content appears. The attribution text should read \"BBC Sport\" or \"From BBC Sport\" as appropriate. You may not use any BBC logo or other BBC trademark.",
            "We reserve the right to prevent the distribution of BBC Sport content. Please read our Terms of Use for further instructions.",
            "The BBC does not accept any liability for its RSS feeds. Please see the Terms of Use for full details.",
            "Feeds from other BBC websites",
            "For information on BBC News RSS feeds, please head here."
        ]
    },
    "https://www.bbc.com/sport/football/articles/c6py7e85rd1o": {
        "link": "https://www.bbc.com/sport/football/articles/c6py7e85rd1o",
        "subtitle": "Liam Rosenior is confident his |Hull City team will give themselves every chance of  landing a play-off place when they face Plymouth tomorrow",
        "time": null,
        "title": "Liam Rosenior: Hull City form 'right up there' in play-off bid - BBC Sport",
        "topics": [],
        "images": [
            "https://ichef.bbci.co.uk/news/1024/cpsprodpb/fe4a/live/41fdd230-0928-11ef-83ed-6d2edc1b7cdb.jpg"
        ],
        "videos": [],
        "author": "",
        "text": [
            "Liam Rosenior says Hull City are performing like a top-four team as they prepare for a game that could see them sneak into the Championship play-offs.",
            "The Tigers can still claim a top-six position after a six-match unbeaten run kept them within reach of both Norwich and West Brom, who occupy the last two places.",
            "Hull will realistically rely on the Baggies losing at home to Preston, in which case a win at relegation-troubled Plymouth would see them sneak into sixth on the final day.",
            "Norwich only need a point at Birmingham, who are also fighting for their Championship lives, to fend off Rosenior\u2019s side, and a defeat would also be enough unless Hull can overturn the Canaries\u2019 seven-goal advantage in goal difference.",
            "After winning three - including a crunch away victory at fellow play-off contenders Coventry - and drawing three of their last six, Rosenior feels his team have been playing at the same level as the teams contesting automatic promotion.",
            "\u201cThe top four have been far away from us in terms of points but in terms of performances we have been right up there,\u201d he told BBC Radio Humberside.",
            "\u201cIf we play to that level on Saturday, against a really, really physical, strong team who have a great motivation themselves, all we can affect is our own performance and give ourselves the best opportunity to win.\u201d",
            "Plymouth know anything less than a win would mean they go down if Birmingham beat Norwich, and a heavy defeat means they could even be relegated if the Blues earn a draw.",
            "Rosenior, who will be without loanee Burnley winger Anass Zaroury through injury, has no doubts that Preston, whose own play-off hopes only faded in the closing weeks of the season, will not lie down at The Hawthorns.",
            "\u201cThe Championship is so hard and every team on their day can beat everybody,\u201d he said. \u201cHaving played in it, coached in it and now managed it, it\u2019s the most honest league in the world.",
            "\u201cSome players are fighting for contracts, managers are fighting to show they can move the club forward in any league in England. There\u2019s an honesty and integrity to our game that I love.",
            "\u201cNot just Preston, but every team in the league give their all in every game and when you get to the last game of the season, it\u2019s not that last game that defines you, it\u2019s the whole 46 games.",
            "\u201cIf we make it, it\u2019s because we\u2019ve got 73 points and eight times out of 10 that\u2019s enough to get you in the play-offs. If we don\u2019t make it, it\u2019s because we didn\u2019t get enough points over the season.\u201d"
        ]
    },
    "https://www.bbc.com/news/articles/c0vv1pxpj5lo": {
        "link": "https://www.bbc.com/news/articles/c0vv1pxpj5lo",
        "subtitle": "Secamb will pool resources with its neighbours in areas such as procurement and training.",
        "time": null,
        "title": "Secamb to pool resources with four neighbouring trusts to cut costs",
        "topics": [
            "South East Coast Ambulance Service"
        ],
        "images": [
            "https://ichef.bbci.co.uk/news/480/cpsprodpb/96c1/live/1bce91f0-16e1-11ef-a076-37e73e62d3fb.jpg.webp"
        ],
        "videos": [],
        "author": "Bob Dale,",
        "text": [
            "The South East Coast Ambulance Service (Secamb) has announced a collaboration with four of its neighbours in a bid to drive down costs and improve patient care.",
            "It will work with the East of England Ambulance Service, the London Ambulance Service, the South Central Ambulance Service and South Western Ambulance Service.",
            "Called the Southern Ambulance Services Collaboration, the trusts will pool resources in areas such as buying equipment and training staff.",
            "The specifics of the collaboration are still being finalised.",
            "Secamb chief executive Simon Weldon said: \u201cWe all recognise the value in working together and are establishing the collaboration to work collectively to solve some of the biggest challenges the NHS has faced such as evolving patient demand and the pressing need to improve recruitment and retention issues.",
            "\u201cI am sure each organisation will benefit from the sharing of best practice and collective experience, and I know colleagues across Secamb will play a key role in the development of this work.\u201d",
            "Follow BBC Kent on Facebook, on X, and on Instagram. Send your story ideas to southeasttoday@bbc.co.uk or WhatsApp us on 08081 002250."
        ]
    },
    "https://www.bbc.com/sport/cricket/articles/cll43nq0qqqo": {
        "link": "https://www.bbc.com/sport/cricket/articles/cll43nq0qqqo",
        "subtitle": "The full schedule and fixture list, including start time and venues, for the Men's T20 World Cup 2024.",
        "time": null,
        "title": "T20 World Cup 2024: Schedule, fixtures, times & venues - BBC Sport",
        "topics": [],
        "images": [
            "https://ichef.bbci.co.uk/news/2048/cpsprodpb/8540/live/37f77540-1e61-11ef-baa7-25d483663b8e.jpg"
        ],
        "videos": [],
        "author": "",
        "text": [
            "The ninth edition of the Men's T20 World Cup takes place between 2-29 June in the United States and the West Indies. Here's the full schedule: ",
            "Group A: Canada, *India (A1), Ireland, *Pakistan (A2), USA",
            "Group B: *Australia (B2), *England (B1), Namibia, Oman, Scotland",
            "Group C: Afghanistan, *New Zealand (C1), Papua New Guinea, Uganda, *West Indies (C2)",
            "Group D: Bangladesh, Nepal, Netherlands, *South Africa (D1), *Sri Lanka (D2)",
            "*seeded teams, who will retain their seeding if they qualify for the Super 8s, whether they finish first or second",
            "June",
            "",
            "2 United States v Canada (Grand Prairie Stadium, Texas)",
            "Play starts at 01:30 BST",
            "Scorecard",
            "2 West Indies v Papua New Guinea (Guyana National Stadium, Guyana)",
            "Play starts at 15:30 BST",
            "Scorecard",
            "3 Namibia v Oman (Kensington Oval, Barbados)",
            "Play starts at 01:30 BST",
            "Scorecard",
            "3 Sri Lanka v South Africa (Nassau County International Cricket Stadium, New York)",
            "Play starts at 15:30 BST",
            "Scorecard",
            "4 Afghanistan v Uganda (Guyana National Stadium, Guyana)",
            "Play starts at 01:30 BST",
            "Scorecard",
            "4 England v Scotland (Kensington Oval, Barbados)",
            "Play starts at 15:30 BST",
            "Scorecard",
            "4 Netherlands v Nepal (Grand Prairie Stadium, Texas)",
            "Play starts at 16:30 BST",
            "Scorecard",
            "5 India v Ireland (Nassau County International Cricket Stadium, New York)",
            "Play starts at 15:30 BST",
            "Scorecard",
            "6 Papua New Guinea v Uganda (Guyana National Stadium, Guyana)",
            "Play starts at 00:30 BST",
            "Scorecard",
            "6 Australia v Oman (Kensington Oval, Barbados)",
            "Play starts at 01:30 BST",
            "Scorecard",
            "6 United States v Pakistan (Grand Prairie Stadium, Texas)",
            "Play starts at 16:30 BST",
            "Scorecard",
            "6 Namibia v Scotland (Kensington Oval, Barbados)",
            "Play starts at 20:00 BST",
            "Scorecard",
            "7 Canada v Ireland (Nassau County International Cricket Stadium, New York)",
            "Play starts at 15:30 BST",
            "Scorecard",
            "8 New Zealand v Afghanistan (Guyana National Stadium, Guyana)",
            "Play start at 00:30 BST",
            "Scorecard",
            "8 Sri Lanka v Bangladesh (Grand Prairie Stadium, Texas)",
            "Play starts at 01:30 BST",
            "Scorecard",
            "8 Netherlands v South Africa (Nassau County International Cricket Stadium, New York)",
            "Play starts at 15:30 BST",
            "Scorecard",
            "8 Australia v England (Kensington Oval, Barbados)",
            "Play starts at 18:00 BST",
            "Scorecard",
            "9 West Indies v Uganda (Guyana National Stadium, Guyana)",
            "Play starts at 01:30 BST",
            "Scorecard",
            "9 India v Pakistan (Nassau County International Cricket Stadium, New York)",
            "Play starts at 15:30 BST",
            "Scorecard",
            "9 Oman v Scotland (Sir Vivian Richards Stadium, Antigua)",
            "Play starts at 18:00 BST",
            "Scorecard",
            "10 South Africa v Bangladesh (Nassau County International Cricket Stadium, New York)",
            "Play starts at 15:30 BST",
            "Scorecard",
            "11 Pakistan v Canada (Nassau County International Cricket Stadium, New York)",
            "Play starts at 15:30 BST",
            "Scorecard",
            "12 Sri Lanka v Nepal (Central Broward Park & Broward County Stadium, Florida)",
            "Play starts at 00:30 BST",
            "Scorecard",
            "12 Australia v Namibia (Sir Vivian Richards Stadium, Antigua)",
            "Play starts at 01:30 BST",
            "Scorecard",
            "12 United States v India (Nassau County International Cricket Stadium, New York)",
            "Play starts at 15:30 BST",
            "Scorecard",
            "13 West Indies v New Zealand (Brian Lara Cricket Academy, Trinidad and Tobago)",
            "Play starts at 01:30 BST",
            "Scorecard",
            "13 Bangladesh v Netherlands (Arnos Vale Playing Field, St. Vincent)",
            "Play starts at 15:30 BST",
            "Scorecard",
            "13 England v Oman (Sir Vivian Richards Stadium, Antigua)",
            "Play starts at 20:00 BST",
            "Scorecard",
            "14 Afghanistan v Papua New Guinea (Brian Lara Cricket Academy, Trinidad and Tobago)",
            "Play starts at 01:30 BST",
            "Scorecard",
            "14 United States v Ireland (Central Broward Park & Broward County Stadium, Florida)",
            "Play starts at 15:30 BST",
            "Scorecard",
            "15 South Africa v Nepal (Arnos Vale Playing Field, St. Vincent)",
            "Play starts at 00:30 BST",
            "Scorecard",
            "15 New Zealand v Uganda (Brian Lara Cricket Academy, Trinidad and Tobago)",
            "Play starts at 01:30 BST",
            "Scorecard",
            "15 India v Canada (Central Broward Park & Broward County Stadium, Florida)",
            "Play starts at 15:30 BST",
            "Scorecard",
            "15 Namibia v England (Sir Vivian Richards Stadium, Antigua)",
            "Play starts at 18:00 BST",
            "Scorecard",
            "16 Australia v Scotland (Daren Sammy National Cricket Stadium, St Lucia)",
            "Play starts at 01:30 BST",
            "Scorecard",
            "16 Pakistan v Ireland (Central Broward Park & Broward County Stadium, Florida)",
            "Play starts at 15:30 BST",
            "Scorecard",
            "17 Bangladesh v Nepal (Arnos Vale Playing Field, St. Vincent)",
            "Play starts at 00:30 BST",
            "Scorecard",
            "17 Sri Lanka v Netherlands (Daren Sammy National Cricket Stadium, St Lucia)",
            "Play starts at 01:30 BST",
            "Scorecard",
            "17 New Zealand v Papua New Guinea (Brian Lara Cricket Academy, Trinidad and Tobago)",
            "Play starts at 15:30 BST",
            "Scorecard",
            "18 West Indies v Afghanistan (Daren Sammy National Cricket Stadium, St Lucia)",
            "Play starts at 01:30 BST",
            "Scorecard",
            "Group 1: A1, B2, C1, D2",
            "Group 2: A2, B1, C2, D1",
            "June",
            "19 A2 v D1 (Sir Vivian Richards Stadium, Antigua)",
            "Play starts at 15:30 BST",
            "Scorecard",
            "20 B1 v C2 (Daren Sammy National Cricket Stadium, St Lucia)",
            "Play starts at 01:30 BST",
            "Scorecard",
            "20 C1 v A1 (Kensington Oval, Barbados)",
            "Play starts at 15:30 BST",
            "Scorecard",
            "21 B2 v D2 (Sir Vivian Richards Stadium, Antigua)",
            "Play starts at 01:30 BST",
            "Scorecard",
            "21 B1 v D1 (Daren Sammy National Cricket Stadium, St Lucia)",
            "Play starts at 15:30 BST",
            "Scorecard",
            "22 A2 v C2 (Kensington Oval, Barbados)",
            "Play starts at 01:30 BST",
            "Scorecard",
            "22 A1 v D2 (Sir Vivian Richards Stadium, Antigua)",
            "Play starts at 15:30 BST",
            "Scorecard",
            "23 C1 v B2 (Arnos Vale Playing Field, St Vincent)",
            "Play starts at 01:30 BST",
            "Scorecard",
            "23 A2 v B1 (Kensington Oval, Barbados)",
            "Play starts at 15:30 BST",
            "Scorecard",
            "24 C2 v D1 (Sir Vivian Richards Stadium, Antigua)",
            "Play starts at 01:30 BST",
            "Scorecard",
            "24 B2 v A1 (Daren Sammy National Cricket Stadium, St Lucia)",
            "Play starts at 15:30 BST",
            "Scorecard",
            "25 C1 v D2 (Arnos Vale Playing Field, St Vincent)",
            "Play starts at 01:30 BST",
            "Scorecard",
            "27 First semi-final: TBC v TBC (Brian Lara Cricket Academy, Trinidad and Tobago)",
            "Play starts at 01:30 BST",
            "Scorecard",
            "27 Second semi-final: TBC v TBC (Providence Stadium, Guyana)",
            "Play starts at 15:30 BST",
            "Scorecard",
            "29 Final: TBC v TBC (Kensington Oval, Barbados)",
            "Play starts at 15:30 BST",
            "Scorecard",
            "BBC not responsible for schedule changes, including times and venues. "
        ]
    },
    "https://www.bbc.com/news/articles/cv2rrj30deeo": {
        "link": "https://www.bbc.com/news/articles/cv2rrj30deeo",
        "subtitle": "Drivers face four nights of diversions due to essential works on the Suffolk super-structure.",
        "time": null,
        "title": "A14 Orwell Bridge to close for four nights for works",
        "topics": [
            "A14",
            "Ipswich"
        ],
        "images": [
            "https://ichef.bbci.co.uk/news/480/cpsprodpb/77f2/live/5958ab00-120e-11ef-a0d2-a5394c93c313.jpg.webp",
            "https://ichef.bbci.co.uk/news/480/cpsprodpb/f576/live/63e40f50-1232-11ef-b9d8-4f52aebe147d.jpg.webp"
        ],
        "videos": [],
        "author": "Alice Cunningham,",
        "text": [
            "Drivers will face four nights of diversions as essential survey works closes a strategically important bridge.",
            "The Orwell Bridge on the A14 at Ipswich opened in 1982 and is in need of structural surveys to ensure it is safe, according to National Highways.",
            "The bridge will close between Monday, 20 May to Thursday, 23 May with a diversion route in place. ",
            "Simon Oakhill, a regional senior engineer at National Highways, said closures were only used when \"absolutely necessary\".",
            "He added that National Highways \"appreciate the impact\" this would have which is why they had been planned the closures at night \"to cause the least possible disruption\". ",
            "On Monday and Tuesday, the A14 between junctions 55 (A12/Copdock) and 58 (Seven Hills/Levington) will be closed eastbound from 20:00 BST until 06:00 the following morning. ",
            "On Wednesday and Thursday, the westbound carriageway will then be closed along the same stretch at the same times.",
            "The westbound diversion will direct drivers to leave the A14 at junction 58 before travelling along the A12 until the A1214 roundabout at Martlesham.",
            "It will then divert them west along the A1214, through Kesgrave and Ipswich before reaching the A14 at junction 55.",
            "The eastbound diversion is the same in reverse. ",
            "Structural surveys are a form of a midlife health check according to National Highways to ensure the structure that spans the Orwell Estuary is in good shape until the next inspection in six years. ",
            "Work was meant to take place in December but had to be postponed after a hydraulic platform meant to lift engineers over the side of the bridge to work underneath got stuck in the down position. ",
            "The upcoming works will have a hydraulics engineers on site to monitor the platform. ",
            "National Highways has advised drivers to plan their journeys and allow for extra time. ",
            "Follow Suffolk news on Facebook, Instagram and X. Got a story? Email eastofenglandnews@bbc.co.uk or WhatsApp us on 0800 169 1830"
        ]
    },
    "https://www.bbc.com/news/uk-england-derbyshire-69005667": {
        "link": "https://www.bbc.com/news/uk-england-derbyshire-69005667",
        "subtitle": "The county council says the work will \"prolong the life\" of 81 roads in Derbyshire.",
        "time": null,
        "title": "Derbyshire road improvements start as part of \u00a34.2m project",
        "topics": [
            "Matlock",
            "Derbyshire County Council",
            "Mickleover"
        ],
        "images": [
            "https://ichef.bbci.co.uk/news/480/cpsprodpb/102A3/production/_133311266_hoperd.png.webp",
            "https://ichef.bbci.co.uk/news/480/cpsprodpb/5CA5/production/_98171732_line976.jpg.webp"
        ],
        "videos": [],
        "author": "By Jude Winter,",
        "text": [
            "A number of roads in Derbyshire are set to undergo improvements as part of a \u00a34.2m project.",
            "Work to surface dress 81 sites across the county started in Bamford on Tuesday.",
            "The county council said the process was designed to \"seal the road surface and prolong the life of the road\".",
            "The works are expected to be completed by the end of June but are \"very weather dependent\", the authority added.",
            "The surface dressing process involves sealing the road with a layer of bitumen and then rolling chippings on top, the council said.",
            "A number of main roads are earmarked for improvements, including the A632 Chesterfield Road in Matlock, the A515 Buxton Road in Newton Grange and the A516 Etwall Road in Mickleover.",
            "Works will also take place on locations in Dronfield, Ridgeway, Ashover, Repton, Bamford and Hartshorne.",
            "Councillor Charlotte Cupit, cabinet member for highways assets and transport, said: \"We apologise for any disruption while these improvement works take place and while we know the chippings can initially cause frustration for some, we hope you'll understand this is a positive process to improve these roads.\"",
            "Follow BBC Derby on Facebook, on X, or on Instagram. Send your story ideas to eastmidsnews@bbc.co.uk or via WhatsApp on 0808 100 2210."
        ]
    },
    "https://www.bbc.com/news/articles/cekllg45mejo": {
        "link": "https://www.bbc.com/news/articles/cekllg45mejo",
        "subtitle": "Bristol Community Ferry Boats is trialling a new route for commuters this summer.",
        "time": null,
        "title": "Bristol ferry boat to trial new route for commuters",
        "topics": [
            "Brislington",
            "Bristol"
        ],
        "images": [
            "https://ichef.bbci.co.uk/news/480/cpsprodpb/8afc/live/b52c37c0-1129-11ef-bba6-7783fc87d9a3.jpg.webp"
        ],
        "videos": [],
        "author": "Emma Elgee,",
        "text": [
            "One of Bristol's oldest ferry boats is trialling a new route for commuters.",
            "Bristol Community Ferry Boats will have a route from Netham Lock to the City Centre via Temple Meads. ",
            "Netham Lock is the point where the River Avon, acting as part of the Kennet and Avon Canal, joins with Bristol's Floating Harbour.",
            "The trial is due to last from 18 May to 26 May. ",
            "The service will be divided in to two structures, a Monday to Friday service for commuters at a cheaper rate and a weekend service in line with standard fares. ",
            "It is the second trial undertaken by the company in the past six months as they work to evaluate and meet the needs and demands of the community.",
            "Roisin Tobin-Brooke, co-director of Bristol Community Ferry Boats said: \"With ongoing regeneration projects along the Feeder Canal, we anticipate a growing demand for water transport services along this route. ",
            "\"Our aim is to provide residents in St Ann's, Brislington, and St George with a picturesque and serene commute into the City Centre, whether for work or leisure.\"",
            "Brislington East Councillor Tim Rippington added:  'I'm delighted that Bristol Ferries are able to offer a second trial this spring - the first one was well used, despite some poor weather, and demonstrated that there is a pressing need for more public transport options in the area.\u201d",
            "Follow BBC Bristol on Facebook, X and Instagram. Send your story ideas to us on email or via WhatsApp on 0800 313 4630."
        ]
    }
}