{
    "https://www.bbc.com/news/articles/cyxepvdewkno": {
        "link": "https://www.bbc.com/news/articles/cyxepvdewkno",
        "subtitle": "Alok Shukla has spent years fighting to protect a key Indian forest from mining companies.",
        "time": null,
        "title": "Alok Shukla wins prize for Hasdeo Aranya forest campaign",
        "topics": [
            "Environment",
            "India",
            "Coal mining"
        ],
        "images": [
            "https://ichef.bbci.co.uk/news/480/cpsprodpb/1ac9/live/f30e40a0-06cb-11ef-bee9-6125e244a4cd.png.webp",
            "https://ichef.bbci.co.uk/news/480/cpsprodpb/7c56/live/a1765a50-06ff-11ef-bee9-6125e244a4cd.jpg.webp",
            "https://ichef.bbci.co.uk/news/480/cpsprodpb/aa84/live/014bb2a0-06ff-11ef-b9d8-4f52aebe147d.jpg.webp",
            "/bbcx/grey-placeholder.png"
        ],
        "videos": [],
        "author": "Flora Drury,",
        "text": [
            "The moment Alok Shukla first saw the forest in central India stretching out before him, he knew two things instantly.",
            "One: that this forest - known as the lungs of Chhattisgarh, home to thousands of tribespeople, endangered animals and rare plants - was one of the most beautiful places he had ever seen.",
            "And two: that he would dedicate his life to stopping the multi-billion dollar companies hoping to uproot it in search of the coal beneath its soil.",
            "The only question was, how?",
            "Twelve years later, Alok can smile at the memory. After all, what he has achieved in the intervening years has been impressive.",
            "On Monday, the 43-year-old was awarded the Goldman Environmental Prize, otherwise known as the green Nobel.",
            "But it started with small steps.",
            "Back in 2012, the Hasdeo Aranya forest in Chhattisgarh state and its 657 bio-diversity rich square miles (1,071km sq) were under threat, thanks to its massive coal deposits - totalling an estimated 5.6 billion tonnes.",
            "In India, the world's second largest consumer of coal after China, those deposits are a highly valuable commodity.",
            "But the value to the tribespeople - known collectively as the Adivasi - and the animals like elephants, sloth bears, leopards and wolves, not to mention the tigers which use it as a corridor between habitats, or the birds which live in the trees, was incalculable to Alok.",
            "He wasn't the only one to recognise the value of the land: local authorities had declared it protected a few years earlier - although this was never formal.",
            "Despite this, so-called coal blocks in the forest were put up for auction. The powerful multinational Adani group would apply to build five mines in the area between 2010 and 2015. More companies, and more mines, would follow.",
            "\"I still vividly remember the day I went there,\" Alok says. \"It's such a beautiful forest - and unfortunately that forest is going to be destroyed by coal mining.",
            "\"But much worse than that, the local tribal communities there who have been conserving the forest for centuries - they're not even aware of what the impacts of mining would be... or what the legal provisions and protections [are that would help them save it].\"",
            "The loss of their traditional home, Alok feared, would be devastating.",
            "\"The Adivasis have been living there for several centuries. They know nothing else, but these forests. It's part of their identity.\"",
            "And they were already trying to fight back - the problem was, each village was fighting alone.",
            "Alok realised they were doomed to lose the battle unless everyone came together. Two mines had already begun production because the resistance had failed.",
            "\"It's not just a fight for one village in fact, it's a fight for the entire region,\" he says.",
            "Out of this, the Save Hasdeo Aranya Resistance Committee - an informal alliance of grassroots movements - grew, teaching people about the local laws and rights available. It also linked the different groups together effectively for the first time.",
            "But it wasn't easy. In 2020, more coal mines were proposed. ",
            "With Covid racing across India, Alok once again began organising.",
            "Community pressure led to three of the mines being shelved that September. The next month, the community fought to have almost a million acres designated as an elephant reserve.",
            "Then central government stepped in to push forward plans to auction off 21 coal blocks under emergency provisions.",
            "It would take another 18 months - along with an online campaign united under the hashtag #SaveHasdeo, a march on the state capital, and even a tree hugging sit-in - for the 21 coal blocks to finally be cancelled.",
            "None of it has been easy. The 12-year battle, he admits, has taken a steely resolve on his part, and on the part of the forest communities.",
            "\"This is a fight in some sense between the people's lives and livelihoods and forests on the one hand, and the corporate profits on the other hand,\" he explains. ",
            "\"Naturally any company whose profits and viability is at stake will try to do all kinds of steps to make sure that they get the land.\"",
            "And even now, there are still fights to be won - land which needs to be rejuvenated after being destroyed and trees which are still in danger.",
            "Alok hopes winning the Goldman prize, which recognises a handful of grassroots campaigners from around the world each year, will inspire other movements globally - and once again focus attention on the forest.  ",
            "\"Any tree being cut in Hasdeo Aranya is wrong, and our effort will be to save every tree,\" he vows."
        ]
    },
    "https://www.bbc.com/news/articles/ckr5k7elrzzo": {
        "link": "https://www.bbc.com/news/articles/ckr5k7elrzzo",
        "subtitle": "The latest arrivals, 141 on Friday and 359 on Saturday, brings the total for 2024 so far to 7,167.",
        "time": null,
        "title": "Channel migrants: Five hundred people cross Channel in two days",
        "topics": [
            "Calais migrant crisis",
            "Home Office",
            "Dover",
            "Migration"
        ],
        "images": [
            "https://ichef.bbci.co.uk/news/480/cpsprodpb/2829/live/8da7c970-0554-11ef-b404-473707e977e7.jpg.webp",
            "https://ichef.bbci.co.uk/news/480/cpsprodpb/13c6/live/d242f550-0554-11ef-b404-473707e977e7.jpg.webp",
            "https://ichef.bbci.co.uk/news/480/cpsprodpb/329d/live/7ed3b3c0-0584-11ef-8300-7d331f287251.jpg.webp"
        ],
        "videos": [],
        "author": "Bob Dale,",
        "text": [
            "Five hundred migrants have crossed the English Channel over two days, according to figures from the Home Office.",
            "It said 141 people arrived on Friday, and 359 on Saturday, in a total of 10 small boats.",
            "It brings the number of arrivals on small boats to 7,167 so far this year. ",
            "The government says the continued number of people attempting the crossing shows why it needs to proceed with its plans to send some asylum seekers to Rwanda, where they are then processed.",
            "The Rwanda Bill was passed by Parliament on 22 April, after being passed back and forth between the Commons and the Lords.",
            "Those sent to the African country will have their applications processed there, and be allowed to stay there if they are approved.",
            "Prime Minister Rishi Sunak said the first flights will take off in July.",
            "A Home Office spokesperson said: \u201cThe unacceptable number of people who continue to cross the Channel demonstrates exactly why we must get flights to Rwanda off the ground as soon as possible.",
            "\u201cWe continue to work closely with French police who are facing increasing violence and disruption on their beaches as they work tirelessly to prevent these dangerous, illegal and unnecessary journeys.",
            "\u201cWe remain committed to building on the successes that saw arrivals drop by more than a third last year, including tougher legislation and agreements with international partners, in order to save lives and stop the boats.\u201d",
            "Labour's shadow immigration minister Stephen Kinnock said: \"This is the blunt reality behind all of Rishi Sunak's empty boasts. More people have arrived by small boats so far this year than ever before and more people are having to be rescued.",
            "\"Our plan would strengthen Britain's border security, crush the smuggling gangs, clear the asylum backlog, end hotel use, and set up a new returns and enforcement unit so those with no right to be in the UK are swiftly returned.\u201d",
            "Follow BBC Kent on Facebook, on X, and on Instagram. Send your story ideas to southeasttoday@bbc.co.uk or WhatsApp us on 08081 002250."
        ]
    },
    "https://www.bbc.com/news/articles/cqllv0x2zpdo": {
        "link": "https://www.bbc.com/news/articles/cqllv0x2zpdo",
        "subtitle": "Organisers of the Challenge Festival in Bingley say \"unrealistic demands\" meant they had no choice.",
        "time": "2024-05-22T17:15:44.699120",
        "title": "Bingley Challenge Festival cancelled days before event due to take place",
        "topics": [
            "Bradford",
            "Bingley",
            "Music festivals"
        ],
        "images": [
            "https://ichef.bbci.co.uk/news/480/cpsprodpb/b990/live/ef0f23f0-184d-11ef-baf9-2dfab45ba024.jpg.webp"
        ],
        "videos": [],
        "author": "Adam Laver,",
        "text": [
            "Organisers of a music festival in Bradford have cancelled the free event just days before it was due to take place citing \"unrealistic demands\" being placed on them.",
            "The people behind the Challenge Festival, which was due to take place on 25 and 26 May in Myrtle Park, Bingley, said it would now not go ahead.",
            "In a Facebook update they said \"safety concerns\", including fencing off a woodland area in case of fire, had prompted the event's cancellation.",
            "Bradford Council's safety advice group (SAG), which had been liaising with organisers, said: \"Public safety must be a priority at any event.\"",
            "",
            "Bradford-born singer Gareth Gates was one of the artists booked to perform at the festival.",
            "In their post on social media, organisers wrote: \"Another great event cancelled because of unrealistic demands such as fencing a woodland area in case of fire, amongst many others. ",
            "\"We will put more details up later, totally gutted, 1000s of hours and thousands of pounds wasted [sic].\"",
            "Bingley Music Town, which runs the bandstand area which showcases local acts, said that they were \"trying to move our bit of the festival elsewhere\".",
            "It was later confirmed that Bradford and Bingley Rugby Club had offered to host an indoor \"mini festival\" on the weekend instead.",
            "Mark Wells, who helps promote the band Havoc City, who were booked for the bandstand, said: \"It's really disappointing. ",
            "\"This is another event in Bradford cancelled at the last minute.",
            "\"The reputation for Bradford is absolutely on the floor.\"",
            "The decision follows Bingley Music Festival being cancelled due to rising costs and the ongoing uncertainty regarding the Bradford Live venue.",
            "West Yorkshire Police, West Yorkshire Fire and Rescue Service, the Yorkshire Ambulance Service and Bradford Council's SAG said: \u201cThe organiser has taken the decision to cancel this event.\u201d",
            "A spokesperson for the SAG said it had been working with organisers to \"ensure the event could be held safely\".  ",
            "\"Assurances were asked of the organiser following the latest draft of plans to ensure contingencies were in place, and it was our understanding that these were being addressed.",
            "\u201cSAG\u2019s objective is not to stop events, but to provide professional advice to event organisers to ensure that events are run in a safe manner. ",
            "\"Public safety must be a priority at any event and different types of events require different levels of safety plans.\""
        ]
    },
    "https://www.bbc.com/sport/boxing/articles/cxrr9qdwe6po": {
        "link": "https://www.bbc.com/sport/boxing/articles/cxrr9qdwe6po",
        "subtitle": "Oleksandr Usyk breaks down in tears during his post-fight news conference after beating Tyson Fury to become undisputed heavyweight champion.",
        "time": null,
        "title": "Fury vs Usyk: Usyk breaks down in tears in post-fight news conference - BBC Sport",
        "topics": [],
        "images": [],
        "videos": [
            "//emp.bbc.com/emp/SMPj/2.52.1/iframe.html",
            "//emp.bbc.com/emp/SMPj/2.52.1/iframe.html"
        ],
        "author": "",
        "text": [
            "Undisputed heavyweight champion Oleksandr Usyk broke down in tears during a post-fight news conference when asked about his late father.",
            "Usyk, 37, claimed a split decision victory against Tyson Fury to become the first four-belt era undisputed heavyweight champion.",
            "The Ukrainian lost his father shortly after winning gold at the 2012 Olympics.",
            "Usyk implied the last time his father visited him was in his dreams.",
            "\"I miss my father and I said to him 'you live there and I live here, please don't come for me, I love you',\" an emotional Usyk said.",
            "\"For me it is hard when my father comes back to me because I remember all life. I know he is here, maybe sitting out there [in the press room].\"",
            "This fight was initially scheduled to take place on 17 February but a \"freak\" cut suffered by Fury earlier that month led to this bout being postponed.",
            "That meant Usyk had to extend his camp to ensure he could remain in good shape physically and mentally.",
            "\"I don't think about boxing now, please,\" Uysk said when asked about a rematch.",
            "\"My camp started in September 2023, I worked for nine months. ",
            "\"I missed Happy New Year, I missed my son's birthday, I missed my other son's birthday, I missed my daughter's birthday and then the birth of my daughter. ",
            "\"I also missed family holidays. I was only focused on this fight, now I'm happy and I want to go back home.\"",
            "This is the first defeat of Fury's 36-fight career and will take some time to fully digest before planning a return to the ring.",
            "Both fighters had agreed to an immediate rematch clause when they first signed the contracts and there has been a suggestion that it could take place in October.",
            "However after saying in the ring they were ready to fight each other again, Usyk and Fury showed a reluctance to fully commit to an immediate rematch.",
            "\"I'm going home to eat some food, have some drinks, have some family time walk the dog, go to the tip and then me and Frank [Warren] will talk about what is going to happen in the future,\" Fury said at his post-fight news conference.",
            "\"I'm not boxing because I have now money, I do it because I love it. ",
            "\"I'm 36 in a few months and I've been boxing since I was a child.\""
        ]
    },
    "https://www.bbc.com/sport/football/articles/cyxxl0vq9z6o": {
        "link": "https://www.bbc.com/sport/football/articles/cyxxl0vq9z6o",
        "subtitle": "Rotherham United sign defender Reece James on a two-year deal following the conclusion of his contract with Sheffield Wednesday this summer.",
        "time": "2024-05-22T17:16:15.638189",
        "title": "Reece James: Rotherham United sign Sheffield Wednesday defender - BBC Sport",
        "topics": [],
        "images": [
            "https://ichef.bbci.co.uk/news/2048/cpsprodpb/9b33/live/03fa3890-185d-11ef-baf9-2dfab45ba024.jpg"
        ],
        "videos": [],
        "author": "",
        "text": [
            "Rotherham United have signed defender Reece James on a two-year deal following the conclusion of his contract with Sheffield Wednesday this summer.",
            "The 30-year-old joins Jonson Clarke-Harris, Joe Rafferty and Shaun McWilliams in signing for the Millers following the conclusion of their 2023-24 campaign.",
            "James returns to the club having previously played for the Millers on loan from Manchester United in 2014.",
            "He arrives at the New York Stadium with significant pedigree in the English third tier, having won promotion from League One on three occasions - twice with Wigan Athletic and once with the Owls.",
            "Find all the latest football transfers on our dedicated page."
        ]
    },
    "https://www.bbc.com/news/uk-politics-69065695": {
        "link": "https://www.bbc.com/news/uk-politics-69065695",
        "subtitle": "The Conservatives have given more details of their plan for 30,000 young people to work with the military.",
        "time": "2024-05-27T17:16:29.165590",
        "title": "Rishi Sunak promises allowance for military national service",
        "topics": [
            "British Armed Forces",
            "Conservative Party",
            "Anne-Marie Trevelyan",
            "Rishi Sunak",
            "General election 2024 ",
            "Labour Party"
        ],
        "images": [
            "https://ichef.bbci.co.uk/news/480/cpsprodpb/17D80/production/_133346679_4de87bbb-fb14-43ca-943d-66539809d9d0.jpg.webp",
            "/bbcx/grey-placeholder.png"
        ],
        "videos": [],
        "author": "By Chas Geiger & Sam Francis,",
        "text": [
            "Rishi Sunak has said young people who serve with the military as part of his national service scheme will receive a \"stipend\" to help with living expenses. ",
            "The PM gave no details about the amounts of stipend, or allowance, participants would receive from the total \u00a32.5bn a year budget.",
            "The Conservatives have also confirmed \"some form of sanction\" would apply to those who refused to get involved. ",
            "Opposition parties have described the initiative as a \"gimmick\".",
            "The Conservatives have pledged that, if they win the general election, 18-year-olds will have to take part in a scheme involving military or civilian service.",
            "The party has also suggested that incentives for young people to take up 30,000 military places could include highlighting national service on Ucas applications and urging employers to favour those who complete the placement.",
            "Speaking to reporters at a campaign event in Buckinghamshire, Mr Sunak said: \"This modern form of national service will mean that young people get the skills and the opportunities that they need, which is going to serve them very well in life.",
            "\"It is going to foster a culture of service which is going to be incredibly powerful for making our society more cohesive, and in a more uncertain and dangerous world it's going to strengthen our country's security and resilience.\"",
            "During a separate TikTok video, the prime minister said: \"As is the case in other countries, we will provide a stipend to help with living costs for those doing the military element alongside their training.",
            "\"Meanwhile, on the civic side, we will make sure organisations have funding for training and administration.\"",
            "The party is continuing to use the social media site even though security concerns have seen its use on government devices banned.",
            "Speaking to the BBC, Tory Party deputy chairman James Daly said there would \"be some form of sanction\" for those not taking part in the mandatory scheme.",
            "\"If you are fit and healthy and you are able to make a contribution to your wider community to do something for your area, I have faith that young people will take that opportunity,\" he said.",
            "But, he added, it was \"important\" to make the scheme mandatory \"because this is about opportunity\".",
            "Without a compulsory system and state support to create opportunities, \"many kids will miss out and some of the kids who need this more than perhaps others in certain circumstances, are those who don't have access to money, to have a parent who can organise a work placement or do something like this,\" Mr Daly said. ",
            "The Conservatives said young people in full-time armed forces placements could gain better work or study opportunities, including fast-tracked interviews for graduate schemes in the civil service or private sector.",
            "On Sunday, Home Secretary James Cleverly ruled out criminal sanctions for teenagers who refused to participate in any part of the scheme, saying: \"There's no-one going to jail over this.\" ",
            "Foreign Office minister Anne-Marie Trevelyan told Times Radio the scheme would be compulsory in the same way as staying in education or training until 18 was. ",
            "Asked whether parents might face fines if their children refused to sign up, she said that would be an issue for the royal commission.  ",
            "The announcement of the policy came as a surprise to many Conservatives, including some members of Mr Sunak's own government.",
            "In a post on X, Northern Ireland Minister Steve Baker, a former RAF officer, appeared to distance himself from the plan, suggesting it had been \"developed by a political adviser or advisers and sprung on candidates, some of whom are relevant ministers\".  ",
            "Under national service from 1947 to 1960, young men aged between 17 and 21 had to serve in the armed forces for 18 months - but it did not apply in Northern Ireland. ",
            "The Conservatives said a royal commission would look at the details of the scheme. ",
            "Last week - a day after the election was called - defence personnel minister Andrew Murrison told MPs there were no plans to reintroduce \"any form of national service\".",
            "He warned that, if national service military recruits were kept in separate units, \"it would be difficult to find a proper and meaningful role for them\". ",
            "Campaigning in West Sussex, Labour leader Sir Keir Starmer described the scheme as a plan for a \"teenage Dad's Army\" and a sign of \"desperation\". ",
            "He also criticised the Conservative proposal to fund it \"by cancelling levelling up and with money from tax avoidance that we would use to invest in our NHS\".",
            "Labour questioned how the Ministry of Defence would fund 30,000 places for the scheme.",
            "And pointing to cuts in the funding of the volunteer National Citizen Service in 2022 when Mr Sunak was chancellor, a Labour spokesperson said: \"What were the flaws in that model of youth service which made it a bad use of money, that have been corrected in the new plan proposed this week?\"",
            "Liberal Democrat deputy leader Daisy Cooper said: \"Not content with crashing the economy and sending mortgages spiralling, now the Conservatives want to fine parents whose children don't take part in their hare-brained scheme.",
            "\"Rishi Sunak wants to clobber families with a National Service tax. It just shows the Conservative Party is totally out of touch and deserves to be kicked out of office.\"",
            "The Lib Dems called for cuts in army numbers to be reversed \"to keep the country safe\".",
            "What questions do you have about the general election?",
            "In some cases your question will be published, displaying your name, age and location as you provide it, unless you state otherwise. Your contact details will never be published. Please ensure you have read our terms & conditions and privacy policy.",
            "Use this form to ask your question: ",
            "If you are reading this page and can't see the form you will need to visit the mobile version of the BBC website to submit your question or send them via email to YourQuestions@bbc.co.uk. Please include your name, age and location with any question you send in. "
        ]
    },
    "https://www.bbc.com/news/articles/cq554q5w7k7o": {
        "link": "https://www.bbc.com/news/articles/cq554q5w7k7o",
        "subtitle": "",
        "time": "2024-05-29T17:16:46.186910",
        "title": "Nursing chief Pat Cullen to stand for Sinn F\u00e9in in UK election",
        "topics": [
            "Sinn F\u00e9in",
            "NI Health",
            "Northern Ireland",
            "NHS",
            "Royal College of Nursing",
            "General election 2024 "
        ],
        "images": [
            "https://ichef.bbci.co.uk/news/480/cpsprodpb/fa0c/live/4fa91da0-1da4-11ef-bc6b-0dd4c3aa5602.jpg.webp",
            "https://ichef.bbci.co.uk/news/480/cpsprodpb/b66f/live/a4f1eb70-1dc7-11ef-80aa-699d54c46324.png.webp"
        ],
        "videos": [],
        "author": "Brendan Hughes,",
        "text": [
            "The head of the Royal College of Nursing has stepped down to run for Sinn F\u00e9in in the UK general election.",
            "Pat Cullen is seeking the Irish republican party's nomination to stand as their candidate for the Fermanagh and South Tyrone constituency.",
            "She has been general secretary and chief executive of the Royal College of Nursing (RCN) since 2021 and led the trade union into nationwide strike action.",
            "Ms Cullen said she had informed the RCN her name will go forward to a Sinn F\u00e9in selection convention in the constituency this week.",
            "\u201cAfter much consideration, I have decided that now is the right time for me to step forward into the political arena to champion the issues and opportunities for the community I love, and that is what I am fully determined to do,\" she said.",
            "She added that the election on 4 July was an opportunity to support better funding for public services and \"reject years of cruel Tory cuts\".",
            "Ms Cullen grew up in County Tyrone in Northern Ireland and qualified as a registered nurse in 1985.",
            "She has held senior roles within nursing, including director of nursing at the Public Health Agency.",
            "Ms Cullen joined the RCN in 2016 and became its Northern Ireland director in 2019 before being appointed as general secretary and chief executive in 2021.",
            "Her name and profile were removed from the RCN website on Wednesday morning following her announcement.",
            "Last week, Sinn F\u00e9in confirmed sitting MP Michelle Gildernew would not be standing again in the Fermanagh and South Tyrone constituency.",
            "She is currently seeking election to the European Parliament in the Midlands-North-West constituency in the Republic of Ireland.",
            "In the last Westminster election in 2019, Ms Gildernew retained the marginal seat with just 57 votes between her and Ulster Unionist Party candidate Tom Elliott.",
            "Fermanagh and South Tyrone is the most marginal seat in the UK, as of the 2019 general election results.",
            "The deadline for candidates to submit nomination forms in Northern Ireland to stand in the general election is Friday 7 June.",
            "Just like the summer election announcement, Pat Cullen seeking to become a Sinn F\u00e9in MP has caught many by surprise.",
            "The head of a nursing union with \"royal\" in its name joining an Irish republican party is eye-catching in itself.",
            "But as the face of nationwide strike action in recent years, she is also a high-profile addition to this race.",
            "Last time, Sinn F\u00e9in won the Fermanagh and South Tyrone seat by just 57 votes.",
            "The UUP has rejected calls from other unionist parties to run a joint pro-union candidate.",
            "With so few ballots making the difference, parties will want all the candidate name recognition they can get."
        ]
    },
    "https://www.bbc.com/sport/football/articles/czvvl5vr22vo": {
        "link": "https://www.bbc.com/sport/football/articles/czvvl5vr22vo",
        "subtitle": "Manchester City manager Pep Guardiola raises the prospect he will leave the club when his contract expires at the end of next season.",
        "time": null,
        "title": "Man City win Premier League title: Guardiola's casts doubt on new deal - BBC Sport",
        "topics": [],
        "images": [
            "https://ichef.bbci.co.uk/news/1024/cpsprodpb/0837/live/a2160b60-1616-11ef-9b12-1ba8f95c4917.jpg"
        ],
        "videos": [],
        "author": "",
        "text": [
            "Manchester City manager Pep Guardiola has raised the prospect he will leave the club when his contract expires at the end of next season.",
            "Guardiola has created English football history by steering his City side to four successive league titles.",
            "It takes his personal tally to six, equal with Liverpool's Bob Paisley and George Ramsay of Aston Villa, and only exceeded by Sir Alex Ferguson, who has 13.",
            "On 25 May, City will attempt to become the first side to complete the domestic Double in successive seasons.",
            "In total, Guardiola has won 17 trophies since arriving at City in 2016.",
            "In 2019, City became the first side to win the Premier League, FA Cup and EFL Cup in the same season. Last term, they emulated Manchester United by winning the Treble, beating Inter Milan in Istanbul to win the Champions League for the first time in the club\u2019s history.",
            "\u201cLast year, after Istanbul, I said \u2018it\u2019s over, there\u2019s nothing left\u2019,\u201d he said.",
            "\u201cBut I have a contract and I start to think \u2018no-one has done four in a row, why don't we try?\u2019. And now I feel it\u2019s done, so what next?",
            "\u201cNow I don't know what exactly the motivation is because it's difficult to find it when everything is done.\u201d",
            "Guardiola\u2019s present contract expires at the end of next season, by which time he will have been at City for nine years.",
            "Asked on Sky Sports about his future, Guardiola said: \u201cThe reality is I am closer to leaving than staying. We have talked with the club - my feeling is that I want to stay now. I will stay next season and during the season we will talk. But eight or nine years - we will see.\u201d",
            "Guardiola said he had to be told by Match of the Day presenter \u2013 and former Barcelona star \u2013 Gary Lineker about doing the Double two years in a row.",
            "\u201cHe told me no team has done back-to-back Premier Leagues and FA Cups,\u201d said Guardiola, who has now won 12 league titles for three clubs in 16 years as a manager.",
            "\u201cI want my players to enjoy two or three days and then prepare for the final. Why should we not work as much as possible to do what we have to do?\u201d"
        ]
    }
}