{
    "https://www.bbc.com/news/articles/cx88nqjzdwwo": {
        "link": "https://www.bbc.com/news/articles/cx88nqjzdwwo",
        "subtitle": "New boundaries and several MPs not standing again will mean change at the general election.",
        "time": "2024-05-24T10:30:54.575990",
        "title": "What will the general election mean for Surrey?",
        "topics": [
            "General election 2024 "
        ],
        "images": [
            "https://ichef.bbci.co.uk/news/480/cpsprodpb/4edc/live/44b37340-18f5-11ef-9b55-076e569e8f32.jpg.webp"
        ],
        "videos": [],
        "author": "Emily Coady-Stemp,",
        "text": [
            "Surrey residents will vote for their MPs on 4 July after Rishi Sunak called a general election.",
            "Chancellor Jeremy Hunt\u2019s South West Surrey constituency will cease to exist and be divided up into others, one of several changes across the county.",
            "He will stand in the new Godalming and Ash constituency.",
            "The county is currently represented by 11 Conservative MPs, and the Liberal Democrats will be targeting several places in Surrey.",
            "Several MPs, including Crispin Blunt, Chris Grayling and Dominic Raab, had previously announced they will not be standing in the forthcoming election.",
            "Surrey Heath MP Michael Gove announced he would not be standing again on 24 May, two days after the election was called.",
            "Voters in Mr Hunt\u2019s current constituency have described the PM\u2019s call as a \u201cbold\u201d one for a summer general election.",
            "Resident Will Fletcher-Roberts praised Mr Hunt for his action on helping residents get refunds from Thames Water after issues in the area.",
            "Beth Dodd said: \u201cIt was going to happen sooner or later, so let\u2019s just get on with the inevitable.\u201d",
            "She said the local area supported Mr Hunt \u201cquite a lot\u201d and she would be surprised if he didn\u2019t keep his seat.",
            "What do you think are the main local issues in your area? Let us know on by messaging us on WhatsApp.",
            "Here is a rundown of the constituencies:",
            "This new constituency includes a large part of the previous Mole Valley seat, including Dorking, Great Bookham and Fetcham.",
            "Sir Paul Beresford, the current MP for Mole Valley, announced he was stepping down in 2023, having been the constituency MP since 1997.",
            "Sir Paul's majority of 24,137 in 2017 was reduced to 12,041 in 2019 with the Lib Dems in second place each time.",
            "The Lib Dem candidate will be Chris Coghlan, while Surrey County Councillor Marisa Heath will stand for the Conservatives in the new seat. An official list of all the candidates will be published by 7 June.",
            "This seat includes Oxted, Godstone and Merstham. It has been held by Conservative Claire Coutinho since December 2019 when she won with a 24,040 majority.",
            "Ms Coutinho has been the Secretary of State for Energy Security and Net Zero since August 2023.",
            "Since its creation in 1918, East Surrey has elected a Conservative MP, though there have been various boundary changes in that time.",
            "The Epsom and Ewell constituency has been represented by former Transport Secretary Chris Grayling since 2001.",
            "He announced in 2023 he would stand down as an MP following a prostate cancer diagnosis. ",
            "The Conservative candidate will be Mhairi Fraser, the local Conservative Association said in January.",
            "Anti-Brexit campaigner Gina Miller, leader of the True & Fair Party, is standing, while the Lib Dems' candidate is Helen Maguire. An official list of all the candidates will be published by 7 June.",
            "The current Conservative MP Dominic Raab announced he would not stand again, having represented the constituency since 2010.",
            "His majority dropped to 2,743 in the 2019 general election, down from 23,298 in 2017.",
            "Councillor John Cope, leader of the Conservatives on Elmbridge Borough Council, will be the party's candidate in Esher and Walton for the next general election.",
            "This is a seat the Liberal Democrats have their eye on winning with candidate Monica Harding. An official list of all the candidates will be published by 7 June.",
            "This new cross-border parliamentary seat between Surrey and Hampshire includes parts of Farnham, Haslemere, Hindhead, Bordon and Lindford.",
            "The Conservatives, with candidate Greg Stafford, and the Liberal Democrats with Khalil Yousuf will be the main parties targeting the seat. An official list of all the candidates will be published by 7 June.",
            "Partly made up of parts of the South West Surrey constituency, this is another new seat in Surrey.",
            "The area has always been represented by the Conservatives and the Chancellor Jeremy Hunt said he will stand here as a candidate.",
            "But it is also a target seat for Lib Dem candidate Paul Follows. An official list of all the candidates will be published by 7 June.",
            "The shape of the Guildford constituency will change significantly, becoming much more concentrated on the town of Guildford.",
            "Angela Richardson was elected to represent Guildford in Parliament in December 2019 and said she will stand again.",
            "The borough council went to Liberal Democrat control in the 2023 elections, and the party will stand candidate Z\u00f6e Franklin in Guildford. An official list of all the candidates will be published by 7 June.",
            "Reigate is another constituency that will see a new person elected, regardless of which party wins.",
            "County councillor Rebecca Paul has been chosen to stand for the Conservatives, with current MP Crispin Blunt confirming he would not stand again.",
            "He had the Conservative whip removed following his arrest in October and subsequent release under investigation on suspicion of rape and possession of controlled substances.",
            "Mark Johnston will stand for the Lib Dems in this constituency. An official list of all the candidates will be published by 7 June.",
            "Michael Gove is the current MP in this constituency, which will mostly stay the same though some parts will go to the new Godalming and Ash seat.",
            "Surrey Heath has been held by the Conservatives since it was created in 1997 but the Liberal Democrats are targeting it with candidate Alasdair Pinkerton.",
            "On 24 May Mr Gove announced he would be standing down as an MP.",
            "The biggest change here is the Surrey areas of Virginia Water and Englefield Green being removed and becoming part of the Windsor seat in Berkshire.",
            "The new constituency will include Cobham and Oxshott.",
            "Runnymede Borough Council is now run by an alliance with four co-leaders representing independent, Labour, Green and Lib Dem councillors.",
            "The current Conservative MP is Ben Spencer, elected to the seat in December 2019. Ellen Nicholson is the Liberal Democrat candidate and Labour's is Robert King. An official list of all the candidates will be published by 7 June.",
            "There are no changes to the Spelthorne constituency boundaries but the current MP, former Chancellor Kwasi Kwarteng, announced he will not stand again.",
            "Mr Kwarteng became the UK's first black Conservative cabinet minister in 2021, and has been the MP for Spelthorne since 2010.",
            "In May\u2019s local elections, the four remaining Conservative candidates in Woking lost their seats. Consequently, this is a seat that the Liberal Democrats will be targeting, but Labour have also done well in the town in recent elections.",
            "The council effectively declared itself bankrupt in 2023 with debts of \u00a32bn.",
            "Current MP, Jonathan Lord, was first elected in 2010. ",
            "The Lib Dem candidate is Will Forster, who sits as a borough and a county councillor. An official list of all the candidates will be published by 7 June.",
            "Follow BBC Surrey on Facebook, and on X. Send your story ideas to southeasttoday@bbc.co.uk or WhatsApp us on 08081 002250."
        ]
    },
    "https://www.bbc.com/news/articles/c4nnl0wy22xo": {
        "link": "https://www.bbc.com/news/articles/c4nnl0wy22xo",
        "subtitle": "The Conservative MP says she will not be on the ballot in July following \"careful reflection\".",
        "time": "2024-05-24T10:31:09.529423",
        "title": "Andrea Leadsom to stand down before general election",
        "topics": [
            "General election 2024 "
        ],
        "images": [
            "https://ichef.bbci.co.uk/news/480/cpsprodpb/15f3/live/ccf2b260-1a09-11ef-ba4e-27d2bb49048b.jpg.webp"
        ],
        "videos": [],
        "author": "Peter Walker,",
        "text": [
            "Conservative MP Andrea Leadsom has announced she will not be standing in the general election.",
            "The junior health minister said on X, formerly known as Twitter, that she made the decision after \"careful reflection\".",
            "She has been the MP for South Northamptonshire for 14 years and held several senior ministerial roles in that time.",
            "\"Some of my happiest moments in politics have been in achieving positive outcomes for my constituents,\" said Ms Leadsom.",
            "Her previous government positions included being environment secretary, leader of the House of Commons and business secretary.",
            "She is currently minister for public health, start for life and primary care.",
            "Ms Leadsom was close to becoming prime minister in 2016, but withdrew from the leadership race that Theresa May ultimately won.",
            "She received a damehood in October 2022 for services to politics.",
            "In her resignation letter, she referenced her campaigning to leave the European Union, setting up the Independent Complaints and Grievance Scheme in Parliament and - her \"greatest passion\" - work on early years support for children.",
            "She did not outline reasons for standing down.",
            "\"I will continue to support the Conservative Party through this general election and in the future as the party best aligned with the ideals and values of the people of the United Kingdom,\" she said.",
            "Earlier, Michael Gove also said he would step down as an MP - one of at least 119 MPs who have made this move.",
            "Follow Northamptonshire news on Facebook, Instagram and X. Got a story? Email eastofenglandnews@bbc.co.uk or WhatsApp us on 0800 169 1830"
        ]
    },
    "https://www.bbc.com/news/articles/cyjjnrk94neo": {
        "link": "https://www.bbc.com/news/articles/cyjjnrk94neo",
        "subtitle": "Voters in Norfolk will head to the polls in the general election on 4 July.",
        "time": "2024-05-23T10:31:24.274955",
        "title": "Could Norfolk's political landscape be about to change?",
        "topics": [
            "General election 2024 "
        ],
        "images": [
            "https://ichef.bbci.co.uk/news/480/cpsprodpb/fd08/live/60c639c0-1862-11ef-b1ce-2fa28be2f75b.jpg.webp",
            "https://ichef.bbci.co.uk/news/480/cpsprodpb/957d/live/7eac2ca0-185e-11ef-b1ce-2fa28be2f75b.jpg.webp",
            "https://ichef.bbci.co.uk/news/480/cpsprodpb/dffc/live/7801a1a0-185e-11ef-b1ce-2fa28be2f75b.jpg.webp",
            "https://ichef.bbci.co.uk/news/480/cpsprodpb/a1bd/live/13e18ad0-1860-11ef-baa7-25d483663b8e.jpg.webp",
            "/bbcx/grey-placeholder.png"
        ],
        "videos": [],
        "author": "Jo Thewlis,",
        "text": [
            "Eight of Norfolk's nine MPs are Conservative, with Labour\u2019s Clive Lewis representing Norwich South.",
            "But the political landscape could be set to change when voters head to the polls in six weeks for the general election on Thursday, 4 July.",
            "These are the constituencies to watch in the coming weeks.",
            "Norwich North is being eyed as a key target by Labour, who hope their candidate Alice Macdonald could turn the seat red.",
            "It has been held by Conservative Chloe Smith for the past 15 years, since she won a by-election in 2009.",
            "But Ms Smith has announced she was not planning to stand for re-election. The Conservatives are instead fielding Charlotte Salomon. ",
            "The Liberal Democrats, Greens and Reform are also standing in what is set to be a key battleground in this election.",
            "Another seat to watch is Great Yarmouth, where current Conservative MP, Sir Brandon Lewis, has also announced he will stand down at the next general election.",
            "The seat has a history of changing hands between Labour and the Conservatives. It was previously held by Labour\u2019s Tony Wright, who lost to Mr Lewis in 2010.",
            "Labour\u2019s Keir Cozens is looking to unseat the Conservatives, who have yet to announce their candidate. Reform is also hoping to do well in the constituency as are the Greens.",
            "Conservative Duncan Baker was elected to represent North Norfolk back in 2019, replacing the Liberal Democrat Norman Lamb, who had held the seat since 2001.",
            "The Liberal Democrats are hoping to regain the seat with candidate Steffan Aquarone.",
            "Labour\u2019s Cathy Cordiner-Achenbach is also standing in the seat, as is Jason Patchett for Reform and Liz Dixon for the Greens.",
            "All eyes will be on South West Norfolk, which is being defended by former Prime Minister Liz Truss.",
            "Ms Truss returned a majority of 26,195 in the last general election in 2019.",
            "She has been selected to defend the seat again but is facing competition from independent candidate James Bagge.",
            "Mr Bagge has been campaigning against Ms Truss and could split the traditional Conservative vote.",
            "Local Labour councillor Terry Jermy is also standing against Ms Truss, who was in office for 49 days in September 2022.",
            "Toby McKenzie is Reform's candidate, while the Liberal Democrats are fielding ex-HGV driver Josie Ratcliffe.",
            "Once considered a Tory safe seat, South Norfolk has been held by Conservative Richard Bacon since 2001.",
            "But Norfolk\u2019s longest-serving MP has announced he, too, plans to stand down at the next general election.",
            "The Conservatives will be hoping their new candidate, Poppy Simister-Thomas, will see off competition from the Greens' Catherine Rowett, a former member of the European Parliament.",
            "Reform and the Liberal Democrats are also fighting for the seat.",
            "Follow Norfolk news on Facebook, Instagram and X. Got a story? Email eastofenglandnews@bbc.co.uk or WhatsApp us on 0800 169 1830"
        ]
    },
    "https://www.bbc.com/news/articles/cd186l74e9do": {
        "link": "https://www.bbc.com/news/articles/cd186l74e9do",
        "subtitle": "It is hoped that PennFest will return next year, with details to be announced over the summer.",
        "time": null,
        "title": "Pennfest organisers 'devastated' to cancel 2024 event",
        "topics": [
            "Penn",
            "Sophie Ellis\u2010Bextor",
            "Live music",
            "Jess Glynne",
            "Music festivals",
            "Music"
        ],
        "images": [
            "https://ichef.bbci.co.uk/news/480/cpsprodpb/15bf/live/52c86e60-fb1b-11ee-8369-47dc4454b972.jpg.webp"
        ],
        "videos": [],
        "author": "Danny Fullbrook,",
        "text": [
            "The organisers of a music festival have said they are \"devastated\" to cancel the 2024 edition of their event.",
            "Jess Glynne, Sophie Ellis-Bextor and Paul Weller were among the musicians due to perform at PennFest in the village of Penn, Buckinghamshire, between 19 and 21 July.",
            "In a statement posted online, they said: \"Challenging trading conditions coupled with significantly increasing costs in a very challenging economic climate has made it impossible to deliver the event to the standard our customers have become accustomed to.\"",
            "Ticketholders can request a refund, or tickets will roll over to the 2025 event.",
            "Plans for next year's festival will be announced in the summer.",
            "The announcement follows many other festival cancellations and postponements, including Standon Calling in neighbouring Hertfordshire.",
            "The organisers of PennFest said: \"For us it\u2019s important to prioritise the wellbeing and the long-term sustainability of the festival, and by regrouping in this way we can deliver on our commitment to further high-quality experiences in the future.",
            "\"This is not a decision we have taken lightly, and the whole team is devastated by this after all their hard work over the past 12 years since the festival\u2019s inception.\"",
            "Follow East of England news on Facebook, Instagram and X. Got a story? Email eastofenglandnews@bbc.co.uk or WhatsApp us on 0800 169 1830"
        ]
    },
    "https://www.bbc.com/news/articles/c06680rldzdo": {
        "link": "https://www.bbc.com/news/articles/c06680rldzdo",
        "subtitle": "Voters in Sussex will head to the polls on 4 July to choose MPs for the county\u2019s 16 constituencies.",
        "time": "2024-05-23T10:31:55.317896",
        "title": "Sussex: What will the general election mean for the county?",
        "topics": [
            "General election 2024 "
        ],
        "images": [
            "https://ichef.bbci.co.uk/news/480/cpsprodpb/550a/live/faaf2b50-191b-11ef-9b6b-6f2320ba1a46.jpg.webp"
        ],
        "videos": [],
        "author": "Zac Sherratt,",
        "text": [
            "Voters in Sussex will head to the polls on 4 July to choose MPs for the county\u2019s 17 constituencies.",
            "Nick Gibb, for Bognor Regis and Littlehampton, Caroline Lucas, for Brighton Pavilion, Tim Loughton, for East Worthing and Shoreham, Henry Smith for Crawley, and Huw Merriman for Bexhill and Battle are vacating their seats.",
            "Wealden will not be a seat at the upcoming general election. The east of the constituency will become part of the new Sussex Weald area, while the west joins the new East Grinstead and Uckfield seat.",
            "There are also changes to the constituency boundaries of four further seats in Sussex, so things could look quite different for many voters in the county this time around.",
            "People in Shoreham told BBC Radio Sussex about the issues they want their parliamentary candidates to address.",
            "Monica Hardman, from Shoreham Knitting and Needlecraft, said: \"I don't know who to vote for at the moment, to be honest with you.",
            "\"The way I feel at the moment, I may not even vote at all, which is awful, I know.\"",
            "One listener from Brighton told the BBC that she wants to be able to swim in the rivers and see all the \"destroyed infrastructure\" repaired.",
            "What do you think are the main local issues in your area? Let us know by messaging us on WhatsApp.",
            "Here\u2019s a brief breakdown of each seat:",
            "Arundel and South Downs is one of the four constituencies with a changing boundary at the election. It will expand to gain Midhurst and surrounding villages.",
            "It has been a Conservative seat since its creation in 1997 and is currently held by Andrew Griffith, who has a 22,521 vote majority.",
            "Registered voters in 2019: 81,726 (before expansion).",
            "Huw Merriman, the Minister of State for the Department of Transport, has held Bexhill and Battle since 2015.",
            "The constituency sits close to the border with Kent and is home to the former Northeye prison, which the Home Office has earmarked for use as asylum accommodation.",
            "Mr Merriman will not be standing for re-election.",
            "Registered voters in 2019: 81,963.",
            "Another Tory seat, Nick Gibb has a 22,503 vote majority. He will be stepping down at the election.",
            "Sewage problems are going to be at the front of voters' minds.",
            "In May last year, there were warning signs on the beach in Bognor while 40 tankers dealt with a burst water main. In November, sewage backed up into people's toilets and gardens after a period of heavy rain.",
            "Registered voters in 2019: 77,446.",
            "Areas of Hanover and Elm Grove, in Brighton, will leave Brighton Pavilion to become part of the renamed Brighton Kemptown and Peacehaven seat.",
            "Lloyd Russell-Moyle has held Brighton Kemptown since the 2017 election. It was Conservative from 2010.",
            "Registered voters in 2019: 69,833 (before expansion).",
            "Caroline Lucas will be leaving Brighton Pavilion at the election, having become the Green Party's first MP in 2010.",
            "Areas of Hanover and Elm Grove will move from Brighton Pavilion to the renamed Brighton Kemptown and Peacehaven seat, recognising that that constituency stretches out beyond the city.",
            "Registered voters in 2019: 79,057.",
            "Chichester has been Conservative since 1868, apart from a single year, 1923, when it was held by the former British Liberal Party.",
            "Education Secretary Gillian Keegan will be hoping to retain her 21,490 vote majority.",
            "This constituency comprises a real mix of areas - from rural and coastal villages to Chichester city - meaning there will be a broad range of priorities voters will be looking for in their MP.",
            "Registered voters in 2019: 85,499.",
            "Last year, Thames Water was fined \u00a33.33m after millions of litres of raw sewage was released into two rivers near Gatwick Airport, in Crawley.",
            "The Environment Agency found 1,400 dead fish in the rivers.",
            "Another point on voters' minds will be plans by Gatwick Airport to use its emergency runway for routine flights.",
            "Henry Smith has held Crawley since 2010, with a majority of 8,360 at the last general election, but he is standing down. ",
            "Registered voters in 2019: 74,207.",
            "The Eastbourne constituency has shrunk since it was created in1885 and has flip-flopped between Tory and Lib Dem MPs in recent years with Conservative Caroline Ansell the most recent incumbent.",
            "Labour usually comes third in Eastbourne, apart from in 2015 when it was fourth behind the UK Independence Party.",
            "The boundary comprises both urban and rural areas.",
            "Registered voters in 2019: 79,307.",
            "This is a new seat, taking the west of the Wealden constituency along with parts of Lewes, Mid Sussex and Horsham.",
            "It also takes in the towns of East Grinstead and Uckfield, stopping just above Lewes.",
            "The current Mid Sussex MP Mims Davies will stand here for the Conservatives.",
            "East Worthing and Shoreham's Conservative MP, Tim Loughton, is standing down after 27 years in the job.",
            "There were plans to unite East Worthing with Worthing West so the town would become one constituency, but the idea has now been scrapped.",
            "The town is, however, united in voting for the Conservatives since 1841, but Labour will be hoping to bring an end to that.",
            "Registered voters in 2019: 75,194.",
            "Hastings and Rye is the constituency furthest east in Sussex. The area has seen a number of migrants arrive in small boats over the last few years, so voters will be keen to hear a line from each parliamentary candidate on the subject.",
            "Sally-Ann Hart has held the seat for the Conservatives since 2019, taking over from Amber Rudd, who was the MP from 2010.",
            "Registered voters in 2019: 80,524.",
            "Horsham has been safely Conservative since 1880. Jeremy Quin has held the seat since 2015, and in 2019 had a majority of 35,900 votes.",
            "Hoping to end the Tory reign is John Milne, for the Lib Dems, and James Field, for Labour.",
            "The constituency is located south of Gatwick, so a key voting issue will be on expansion plans at the airport.",
            "Registered voters in 2019: 86,730.",
            "There will be no changes to Hove's constituency boundaries when the country goes to the polls on 4 July, but it will be renamed Hove and Portslade.",
            "Hove is currently represented by Labour's Peter Kyle.",
            "Registered voters in 2019: 74,313",
            "A number of smaller villages to the north of Lewes town have been lost to the new East Grinstead and Uckfield constituency.",
            "Conservative Maria Caulfield took over in 2015 from the Lib Dems, who had held the seat since 1997.",
            "A report recently found that Lewes Prison is \"trapped\" in a cycle of rising violence, self-harm and drug problems.",
            "With a large prison on their doorstep, voters could be looking to hear what their candidates have to say on the subject, particularly as prisons across England struggle to find room for their inmates.",
            "Registered voters in 2019: 71,503.",
            "Another of the four to see a boundary change, Mid Sussex loses East Grinstead, but takes on Hassocks, Hurstpierpoint and Fulking from Arundel and South Downs.",
            "The Liberal Democrats became the largest party on Mid Sussex District Council at the local elections last year, and maintained this year.",
            "The seat has been held by Mims Davies since 2019, who is now going to stand for the new East Grinstead and Uckfield constituency.",
            "Registered voters in 2019: 85,146.",
            "The constituency of Wealden will disappear at the next election, partly replaced by this seat.",
            "Sussex Weald takes in the east of the old Wealden constituency, plus parts of the Bexhill and Battle seat.",
            "Both Wealden and Bexhill and Battle have long been held by the Conservatives.",
            "Wealden will not be a seat at the upcoming general election. It will be split in two halves. ",
            "The east of the constituency joins Sussex Weald, while the west joins the new East Grinstead and Uckfield seat. Conservative Nus Ghani is the current Wealden MP.",
            "Worthing West will take in Angmering and Findon but lose Rustington at this year's election.",
            "The seat is currently held by the Father of the House, Peter Bottomley, who is seeking re-election on 4 July.",
            "Mr Bottomley will have to fight off competition from Labour, the Lib Dems and Reform UK.",
            "Follow BBC Sussex on Facebook, on X, and on Instagram. Send your story ideas to southeasttoday@bbc.co.uk or WhatsApp us on 08081 002250."
        ]
    },
    "https://www.bbc.com/news/articles/c6pp4y0l9leo": {
        "link": "https://www.bbc.com/news/articles/c6pp4y0l9leo",
        "subtitle": "Both Labour and the Lib Dems are targeting seats in what is a historically \"true blue\" county.",
        "time": "2024-05-25T10:32:09.530517",
        "title": "General election guide to Cambridgeshire and Peterborough",
        "topics": [
            "Cambridgeshire",
            "General election 2024 "
        ],
        "images": [
            "https://ichef.bbci.co.uk/news/480/cpsprodpb/5d18/live/5a5c2900-18f8-11ef-98b8-c3ef7cd58821.jpg.webp",
            "https://ichef.bbci.co.uk/news/480/cpsprodpb/3697/live/83a0b1b0-18f7-11ef-98b8-c3ef7cd58821.jpg.webp",
            "https://ichef.bbci.co.uk/news/480/cpsprodpb/55be/live/cdaeb570-1903-11ef-876b-c77a1c45f857.jpg.webp"
        ],
        "videos": [],
        "author": "Emma Howgego,",
        "text": [
            "With a general election called for 4 July, voters in Cambridgeshire and Peterborough may find themselves in a different constituency following boundary changes announced last year. There are now eight constituencies - up from seven.",
            "A brand new constituency, St Neots & Mid Cambridgeshire, has been created and other constituencies have shifted or changed names. ",
            "",
            "",
            "You can check which constituency you live in on the dedicated BBC election pages.",
            "The county is largely rural with the historic university city of Cambridge, the cathedral cities of Peterborough and Ely,  smaller market towns, and villages. ",
            "In the 2019 election, all the constituencies returned a Conservative MP, apart from  Cambridge where Labour's Daniel Zeichner retained the seat.",
            "All those serving MPs, except for Jonathan Djanogly in Huntingdon, are seeking re-election. ",
            "The Peterborough constituency (one of two covering the city along with North West Cambs) will be a key battleground for Labour and the Conservatives. The 2019 election saw the Conservative candidate Paul Bristow win with a small majority of 2,580. It is Labour's number one target seat in the East of England and its candidate Andrew Pakes was selected in 2022. ",
            "Peterborough is one of those \"bellweather\" seats where the political colour of the MP is often the colour of the government, so we expect to see some intense campaigning there.",
            "The South Cambridgeshire constituency is vastly different in shape compared to 2019 due to redrawn boundaries.",
            "Historically a very safe Conservative seat, but recent local election results have shown big support for the Liberal Democrats. It is third on the party's target list. ",
            "The area is seen as very affluent and educated. The rural area borders Cambridge and has seen a huge demand for housing. The needs for homes, infrastructure and how to balance that with protecting the environment have been key debating points by politicians in recent years. ",
            "The new constituency of St Neots & Mid Cambridgeshire takes in the A428/A14 corridor between the Huntingdonshire market town and Cambridge. It includes parts that were formerly in the old constituencies of Huntingdon, South Cambridgeshire, South East Cambridgeshire and North West Cambridgeshire.",
            "Recent opinion polls suggest the area could be a three-way marginal seat. ",
            "This is an area that is seeing a growing population in the new towns of Northstowe and Cambourne. St Neots is also seeing a huge amount of house building, which is proving attractive to families where at least one person commutes to London due to its position on the A1 and the main railway line between the capital, Peterborough and onwards to Edinburgh.",
            "Follow East of England news on Facebook, Instagram and X. Got a story? Email eastofenglandnews@bbc.co.uk or WhatsApp us on 0800 169 1830"
        ]
    },
    "https://www.bbc.com/news/articles/ce99y6z1p66o": {
        "link": "https://www.bbc.com/news/articles/ce99y6z1p66o",
        "subtitle": "Voters will head to the polls on 4 July to select 18 MPs to represent the county.",
        "time": "2024-05-24T10:32:24.380703",
        "title": "Kent: What will the general election mean for the county?",
        "topics": [
            "General election 2024 "
        ],
        "images": [
            "https://ichef.bbci.co.uk/news/480/cpsprodpb/0612/live/451f57d0-191e-11ef-8b52-2b41a6663d25.png.webp",
            "/bbcx/grey-placeholder.png",
            "/bbcx/grey-placeholder.png",
            "/bbcx/grey-placeholder.png"
        ],
        "videos": [],
        "author": "Vicky Castle & Phil Harrison,",
        "text": [
            "Voters in Kent will head to the polls on 4 July to select 18 MPs to represent the county. ",
            "Five MPs are standing down - Tracey Crouch, Natalie Elphicke, Gordon Henderson, Greg Clark and Craig Mackinlay will not contest their seats.",
            "A new constituency will be contested, Weald of Kent, which includes areas in Ashford, Maidstone and Tunbridge Wells.  ",
            "Previously, nearly all Kent seats were won by Conservatives in 2019, except Canterbury where Rosie Duffield won for Labour.",
            "Conservative Dover MP Natalie Elphicke defected to the Labour party in May. ",
            "Many voters will find they have a new constituency due to the 2023 Boundary Commission changes.",
            "Here is a rundown of the constituencies:",
            "Conservative Damian Green won the seat in 2019 with a majority of more than 24,000. Labour finished in second place. ",
            "Conservatives have represented Ashford since 1885, aside from 1929 when Liberal Reverend Roderick Kedward took the seat. ",
            "Mr Green has been MP since 1997.",
            "The new Ashford constituency covers less ground than it used to since the 2023 boundary review removed Tenterden.",
            "It now stretches as far as Hawkinge.",
            "Potential election issues include housing and transport infrastructure.",
            "The only Kent seat won by Labour, Rosie Duffield turned Canterbury red in 2017 - the first time since the constituency was formed in 1918. ",
            "She won again in 2019 with an increased majority, which many said was due to the student vote.",
            "The city centre, sewage and housing are all topics that are likely to come up during the campaign.  ",
            "This constituency has been held by Conservative Tracey Crouch since 2019, who announced in February she is to stand down due to personal reasons.",
            "Labour and Conservatives have both won in the past few decades.",
            "The seat now comprises wards in Chatham, Aylesford, Snodland and Walderslade.",
            "It is likely to be highly contested. ",
            "The Conservatives lost control of Medway Council for the first time in 20 years at the recent local elections. ",
            "Town centre regeneration, crime and the cost of living are likely to be hot topics. ",
            "Conservative Gareth Johnson won in 2019 with an increased majority of more than 18,000. ",
            "The seat has alternated between Labour and the Conservatives, and is considered a political bellwether - a trendsetter which mirrors the overall choice of the nation. ",
            "Transport infrastructure, such as the Lower Thames Crossing, could be a big issue in the campaign. ",
            "",
            "Dover and Deal could be one to watch.",
            "Natalie Elphicke has held the seat for the Conservatives since 2019, but recently defected to the Labour Party.",
            "Dover and Deal was previously held by her ex-husband Charlie Elphicke, who was elected in 2010 before standing down over sex assaults.",
            "Ms Elphicke said she is not standing at the general election and the Conservative candidate is currently unknown. ",
            "The Faversham and Mid Kent seat has been held by Conservative Helen Whately since 2015. ",
            "Ms Whately won in 2019 with an increased majority of nearly 22,000. Labour came second. ",
            "The seat now includes some wards in Maidstone and Swale due to boundary changes.",
            "Potential election issues include the NHS, the environment and schools. ",
            "Damian Collins won the Folkestone and Hythe seat for the Conservatives with a majority of more than 21,000 in 2019. ",
            "Voters have elected a Conservative MP since the constituency's creation in 1950.",
            "It is made up of urban and rural areas with a significant farming community, however the electorate has been reduced by the boundary changes. ",
            "Parts of the North Downs - stretching to Hawkinge - are now covered by Ashford. ",
            "Folkestone and Hythe District Council has been run by a minority administration of the Green Party and Liberal Democrats since 2023. ",
            "Sewage releases, planning issues and housing are likely to be big topics in the campaign. ",
            "Since its creation in 2010, Gillingham and Rainham has been held by Conservative Rehman Chishti.",
            "It replaced the previous constituency of Gillingham, which had been won by both Labour and the Conservatives. ",
            "It is a largely suburban area, where issues such as housing, planning and the NHS will likely be part of the campaign. ",
            "Gravesham has been represented by Conservative Adam Holloway since 2005. ",
            "He won in 2019 with a majority of nearly 15,000. ",
            "Formerly the Gravesend seat until 1985, the area has previously elected Liberal, Conservative and Labour MPs. ",
            "The NHS, high streets and crime are likely to be topics of debate in the campaign. ",
            "New seat Herne Bay and Sandwich is made up of areas taken from other constituencies in the boundary changes. ",
            "It is largely made up from the previous North Thanet seat, which has been represented by Sir Roger Gale since 1983.",
            "It also includes Herne Bay, Birchington, Westgate, Sandwich and Sturry.",
            "Another new seat, Maidstone and Malling has changed significantly from the former Maidstone and The Weald constituency. ",
            "It is now largely made up of wards in Maidstone, with four wards from Tonbridge and Malling and two from Chatham and Aylesford. ",
            "Helen Grant, who has represented Maidstone and The Weald since 2019, will fight the seat again for the Conservatives. ",
            "It will also be contested by Maureen Cleator for Labour, Stuart Jeffery for the Greens, Mark Alexander for SDP, David Naghi for the Lib Dems and Paul Thomas for Reform UK. An official list of all the candidates will be published by 7 June.",
            "Rochester and Strood has been represented by Conservative Kelly Tolhurst since 2015. ",
            "The seat stretches across Medway including Cuxton, Rochester, and Strood. ",
            "It lost the Rochester South and Horsted ward to Chatham and Aylesford in the boundary review. ",
            "It has largely been represented by the Conservatives, although then-Tory MP Mark Reckless defected to UKIP in 2014. ",
            "Issues in this election are likely to be the NHS, development and the environment. ",
            "Sevenoaks has been represented by Laura Trott since she won with a majority of more than 20,000 in 2019. ",
            "Aside from Liberal Ronald Williams' victory in 1923, it has been held by the Conservatives and has been considered a safe seat. ",
            "The seat now stretches from Wilmington, south of Dartford, to Westerham due to boundary changes. ",
            "Potential election issues include housing developments and infrastructure.",
            "The constituency has been represented by Conservative Gordon Henderson since 2010. ",
            "He won in 2019 with a majority of nearly 25,000 but he said he was \"retiring\" and will not stand at this election.",
            "It is considered a new seat as the constituency has been reduced by the boundary changes, transferring the wards of Teynham and Lynstead, and West Downs to Faversham and Mid Kent. ",
            "Housing developments, environment issues and the NHS are likely to be hot topics.  ",
            "This re-established seat will largely be made up of wards previously under South Thanet. ",
            "It has been represented by Conservative Craig Mackinlay since 2015. ",
            "Mr Mackinlay returned to Parliament in May to a standing ovation after suffering a life-threatening episode of sepsis which led to the amputation of his hands and feet.",
            "After \"36 hours of intense soul searching\" he announced he was not seeking re-election. ",
            "Sewage releases, developments and Manston could be hot topics. ",
            "Another re-established seat by the boundary review, Tonbridge now includes some areas in Dartford and Sevenoaks. ",
            "The constituency was formerly called Tonbridge and Malling, which has been represented by Conservative Tom Tugendhat since 2015. ",
            "He won in 2019 with a majority of nearly 27,000. ",
            "Tonbridge is made up of a large commuter population, which may make road and rail links potential election issues ",
            "Tunbridge Wells has been represented by Conservative Greg Clark since 2005. ",
            "Mr Clark won with a majority of nearly 15,000 in 2019 and the seat is considered safe for the conservatives. ",
            "The Liberal Democrats came second. ",
            "Mr Clark has announced he is standing down and not seeking re-election. ",
            "Tunbridge Wells is a largely rural area comprised of a number of towns and villages.",
            "The town centre and housing are likely to be big issues in the campaign. ",
            "The Weald of Kent is a new seat, composed of wards in Ashford, Maidstone and Tunbridge Wells.",
            "It is rural and includes Tenterden, Cranbrook, Headcorn and Yalding.",
            "These are towns and villages long considered Tory heartland, so the Conservatives will be hoping to take it at the next election.",
            "Damian Green had hoped to stand there but was blocked by local party members. He will stand in Ashford instead.",
            "It will be contested by Katie Jane Lotte Lam for the Conservative and Unionist Party, Kate Walder for the Green Party, Daniel Kersten for Reform UK and John Howson for the Liberal Democrats. An official list of all the candidates will be published by 7 June.",
            "Jamie Pryor, manager of Kin Coffee in Staplehurst, said he was pleased an election has been called.",
            "He said: \u201cPolicy wise I would just like to see them talk about real change and more opportunities for young people to make it easier for careers. ",
            "\"I am hoping that young people get a fair chance within the working world and house prices come down to affordable levels where it is not just you are working your whole life just to get to a certain point.\u201d",
            "Corey Coates, an entrepreneur from Sittingbourne, is voting in a general election for the first time.",
            "He said: \u201cI think politicians don\u2019t take young people seriously, especially with the rise of the Internet and the accessibility of information. ",
            "\"Young people go and do their own research whereas the older generation perhaps are not as well informed on how to use a computer how to do their own independent research, so they are more easily manipulated.\u201d",
            "Jill Peart in Sittingbourne said she wants to see a change of government.",
            "She said: \u201cThe country is run down, we need more spending on education to help train people although I don\u2019t know where all the extra teachers will come from.\"",
            "What do you think are the main local issues in your area? Let us know on by messaging us on WhatsApp.",
            "Follow BBC Kent on Facebook, on X, and on Instagram, Send your story ideas to southeasttoday@bbc.co.uk, or WhatsApp us on 08081 002250."
        ]
    },
    "https://www.bbc.com/news/articles/cd11ej9n5edo": {
        "link": "https://www.bbc.com/news/articles/cd11ej9n5edo",
        "subtitle": "The Renters (Reform) Bill would have banned landlords from evicting tenants without a reason.",
        "time": "2024-05-24T10:32:39.463321",
        "title": "General election 2024: Renters (Reform) Bill now unlikely to pass",
        "topics": [
            "General election 2024 "
        ],
        "images": [
            "https://ichef.bbci.co.uk/news/480/cpsprodpb/b05c/live/ef0fffe0-1961-11ef-a146-81543434adda.jpg.webp"
        ],
        "videos": [],
        "author": "Harry Farley,",
        "text": [
            "The Conservatives\u2019 promise to abolish no-fault evictions before the election will not now happen.  ",
            "The Renters (Reform) Bill, which would ban landlords from evicting tenants without a reason, will not become law before parliament is shut down on Friday.",
            "Rishi Sunak's flagship bill to eventually ban smoking will also be shelved.  ",
            "Legislation has been rushed through as Friday is the last day MPs will sit in Parliament before the general election.",
            "A separate government bill to reform leaseholds was the last piece of legislation to be debated in the House of Lords on Friday.",
            "Labour sources indicated that while they wanted to strengthen the bill, they would back the legislation as it stood. ",
            "Despite a brief attempt at filibustering led by Conservative Lord Moylan, who was unhappy at the bill being \"rushed through\", the pushback petered out after a few hours and returned to the Commons, so the Leasehold and Freehold Reform Bill will become law.",
            "But there was no sign of the Renters (Reform) Bill on the parliamentary timetable. ",
            "Sources from both the Conservatives and Labour told the BBC that despite ongoing negotiations, the bill would not be debated, meaning it would fall once parliament was dissolved.",
            "Labour sources indicated that although they wanted changes, they would have supported the bill as it stood.",
            "But a government source argued amendments from crossbench, or independent, peers in the House of Lords meant there was not enough time to pass the legislation.",
            "The bill followed a 2019 Conservative manifesto promise to abolish Section 21 - or no-fault - evictions.",
            "It was first introduced in the House of Commons in May last year. But its progress was delayed by opposition from a number of Conservative MPs who feared it would cause landlords to sell up and who wanted to strengthen protections for landlords.",
            "On Thursday the bill to overturn the convictions of sub-postmasters caught up in the Horizon computer scandal passed.",
            "The Victims and Prisoners Bill, which sets up the compensation scheme for victims of the infected blood scandal, was also passed on Friday.",
            "There were no signs of other legislation, such as the Football Governance Bill, on Friday\u2019s timetable. "
        ]
    },
    "https://www.bbc.com/sport/cycling/68825739": {
        "link": "https://www.bbc.com/sport/cycling/68825739",
        "subtitle": "World Athletics' decision to award prize money at the Paris Olympics goes against the Olympic spirit, says the head of cycling's governing body.",
        "time": null,
        "title": "Paris Olympics 2024: Offering prize money at Games against 'Olympic spirit' says cycling boss - BBC Sport",
        "topics": [],
        "images": [
            "https://ichef.bbci.co.uk/news/1024/cpsprodpb/43B8/production/_133163371_gettyimages-1332687879.jpg"
        ],
        "videos": [],
        "author": "",
        "text": [
            "World Athletics' decision to award prize money at the Paris Olympics goes against the Olympic spirit, says the head of cycling's governing body.",
            "World Athletics will become the first federation to offer prize money at an Olympics this summer.",
            "Gold medallists in athletics events will earn $50,000 (\u00a339,400).",
            "\"The Olympic spirit is to share revenues and have more athletes compete worldwide,\" UCI president David Lappartient said.",
            "\"Not only [to] put all the money on the top athletes but spread the money.",
            "\"If we concentrate money on top athletes, a lot of opportunities will disappear for athletes all over the world.\"",
            "Given the Olympics' origins as an amateur sports event, the International Olympic Committee (IOC) does not award prize money but distributes funding through international federations (IF) and national Olympic committees (NOC).",
            "World Athletics' move, which will be extended to silver and bronze medallists for the 2028 Games, was widely praised by former athletes when it was announced by its president Lord Coe.",
            "Asked at the time if prize money went against the Olympic spirit, Coe said: \"I don't see that making life a little easier for the athletes, allowing them maybe to stay on in the sport a little bit longer, to give them the financial independence to train, and maybe in a more sophisticated way is anything other than sitting behind good firm Olympic principles.\"",
            "But on Tuesday Lappartient said: \"We really believe that this is not the Olympic spirit.",
            "\"The proposal was not discussed.\""
        ]
    }
}