{
    "https://www.bbc.com/news/world-us-canada-68899382": {
        "link": "https://www.bbc.com/news/world-us-canada-68899382",
        "subtitle": "Victims group describes the New York appeal court's decision to retry Hollywood mogul as \"profoundly unjust\".",
        "time": null,
        "title": "Harvey Weinstein's 2020 rape conviction overturned in New York",
        "topics": [
            "Harvey Weinstein trial",
            "Harvey Weinstein",
            "#MeToo campaign"
        ],
        "images": [],
        "videos": [
            ""
        ],
        "author": "By Graeme Baker,",
        "text": [
            "Disgraced Hollywood mogul Harvey Weinstein's 2020 rape conviction in New York has been overturned, on the basis that he did not receive a fair trial.",
            "The New York Court of Appeals said prosecutors in the pivotal #MeToo case called witnesses whose accusations were not part of the charges against him.",
            "The court said that meant he was unfairly tried for past behaviour, and ordered a new trial. ",
            "Weinstein, 72, remains in prison. He was separately convicted of rape in LA. ",
            "The Silence Breakers, a victims' group, called the reversal \"disheartening and profoundly unjust\", while lawyers for victims said the decision to retry was a \"leap backwards\" and \"tragic\".",
            "Weinstein's lawyer, Arthur Aidala, hailed the reversal as a win for the legal system. ",
            "\"There are still people who are very unpopular in our society, but we still have to apply the law fairly to them,\" Mr Aidala said at a news conference in New York City.",
            "\"In this courthouse behind us, at that trial, the law was not applied fairly to Harvey Weinstein.\"",
            "In an interview with the New York Times, he said the decision was a victory \"for every criminal defendant in the state of New York\".",
            "The court reached a 4-3 ruling on Thursday, stating that the trial \"erroneously admitted testimony of uncharged, alleged prior sexual acts against persons other than the complainants of the underlying crimes.\"",
            "The decision also said the trial judge compounded the error by letting Weinstein be cross-examined in a way that portrayed him in a \"highly prejudicial\" light.",
            "\"The remedy for these egregious errors is a new trial,\" the court found.",
            "Judge Madeline Singas, one of the dissenters, however said that with the decision, \"this Court continues to thwart the steady gains survivors of sexual violence have fought for in our criminal justice system\".",
            "Accusations against Weinstein began in 2017 and sparked the #MeToo movement, which exposed sexual abuse at the highest levels of the Hollywood film industry and beyond.",
            "He faced two trials. In New York, he was jailed for 23 years in 2020 for sexually assaulting a former production assistant in 2006, and raping an aspiring actress in 2013.",
            "He was last year sentenced in California to 16 years for raping an Italian model and actress in a Beverly Hills hotel in 2013. That conviction is not affected by the appeal decision in New York.",
            "Weinstein also faces two charges of indecent assault in the United Kingdom. ",
            "He currently remains in prison at Mohawk Correctional Facility in New York state. He was previously extradited to LA to stand trial. ",
            "It will now be up to Manhattan District Attorney Alvin Bragg, whose predecessor Cyrus Vance brought the case, to decide whether to retry Weinstein in New York.",
            "\"We will do everything in our power to retry this case, and remain steadfast in our commitment to survivors of sexual assault,\" said Emily Tuttle, a spokesperson for Mr Bragg.",
            "Mr Bragg's office is separately in the midst of a criminal hush-money trial against former president Donald Trump.",
            "Douglas Wigdor, a lawyer who represented eight of Weinstein's accusers, said the decision was \"tragic\" and \"a major step back in holding those accountable for acts of sexual violence\". ",
            "\"Courts routinely admit evidence of other uncharged acts... the jury was instructed on the relevance of this testimony,\" he added. \"It will require the victims to endure yet another trial.\"",
            "Lindsay Goldbrum, who represented six Harvey Weinstein victims, said the appeal court's criticism of the use of witnesses not directly connected to the charges was a \"leap backwards\" and damaging to future cases.",
            "She said that the witnesses had \"nothing to gain personally from participating in the trial. Their only goal was to give a voice to dozens of other women who suffered so much\". ",
            "Gloria Allred, who represented the key prosecution witness Mimi Haley, said that her client would consider testifying again in any new trial \"even though the process of testifying was gruelling and retraumatising for Mimi\".",
            "The Silence Breakers said that the decision \"does not diminish the validity of our experiences or our truth; it's merely a setback.  We continue to stand strong and advocate for that change. We will continue to fight for justice for survivors everywhere\".",
            "Weinstein co-founded the Miramax film studio, whose hits included Shakespeare in Love, which won best picture at the Academy Awards, and Pulp Fiction. ",
            "Weinstein's films received more than 300 Oscar nominations and 81 statuettes.",
            "His own eponymous film studio filed for bankruptcy in March 2018."
        ]
    },
    "https://www.bbc.com/sport/olympics/68849241": {
        "link": "https://www.bbc.com/sport/olympics/68849241",
        "subtitle": "Team GB and ParalympicsGB release the kits their athletes will wear at the 2024 Olympic and Paralympic Games in Paris.",
        "time": null,
        "title": "Paris 2024 Olympics & Paralympics: GB teams release kits for Games - BBC Sport",
        "topics": [],
        "images": [
            "https://ichef.bbci.co.uk/news/1024/cpsprodpb/118F6/production/_133162917_1fccea5771ecc8c99831df45862066ab7b76c95b.jpg",
            "https://ichef.bbci.co.uk/news/1024/cpsprodpb/C740/production/_133180015_fd91672c5b8eda790c34b71f97299df779a7b6a2.jpg",
            "https://ichef.bbci.co.uk/news/1024/cpsprodpb/16380/production/_133180019_5812ac12fe22a7b0544b4539884164ac55619ede.jpg",
            "https://ichef.bbci.co.uk/news/1024/cpsprodpb/11560/production/_133180017_6a55a0a3726ab987a206360f0266052cfef9f401.jpg"
        ],
        "videos": [
            "//emp.bbc.com/emp/SMPj/2.52.1/iframe.html"
        ],
        "author": "",
        "text": [
            "Team GB and ParalympicsGB have released the kits their athletes will wear at the 2024 Olympic and Paralympic Games.",
            "Bearing the red, white and blue of the Union Jack, kit manufacturer Adidas says the collection \"celebrates the unique aspects of Great Britain\".",
            "Four-time Olympic diving medallist Tom Daley featured in the launch, along with sprinter Laviai Nielsen and skateboarder Lola Tambling.",
            "The 2024 Olympics and Paralympics take place in Paris this summer.",
            "In March there was controversy over the new England football kit launched by Nike, with the St George's Cross on the back of the collar altered by adding purple and blue to the traditional red.",
            "However Adidas said its kits were \"embracing tradition\" and built \"around the classic British red, white and blue\".",
            "\"The pride and passion I feel when representing my country on the biggest sporting stage is second to none, so to unveil a kit that encompasses what this moment means is incredibly special,\" said Daley.",
            "\"I cannot wait to proudly wear it in Paris this summer, alongside my fellow team-mates.\"",
            "Paralympic athlete Olivia Breen added: \"It's always an exciting day when the ParalympicsGB kit is revealed for the first time - and this year is no different. ",
            "\"I love the new kit, it feels really fresh.\""
        ]
    },
    "https://www.bbc.com/sport/rugby-league/68870457": {
        "link": "https://www.bbc.com/sport/rugby-league/68870457",
        "subtitle": "Hull KR winger Ryan Hall will leave the club at the end of the year after four seasons.",
        "time": null,
        "title": "Ryan Hall: Veteran winger to leave Hull KR at end of 2024 - BBC Sport",
        "topics": [],
        "images": [
            "https://ichef.bbci.co.uk/news/1024/cpsprodpb/10A4A/production/_133207186_aw7_3103.jpg"
        ],
        "videos": [],
        "author": "",
        "text": [
            "Hull KR winger Ryan Hall will leave the Super League club at the end of the year after four seasons.",
            "The 36-year-old joined the Robins after a two-year spell with Sydney Roosters in November 2020.",
            "The former Leeds Rhinos man has scored 52 tries in 83 appearances for the Robins and needs four more tries to break the Super League record of 247.",
            "\"I'm really thankful that the club reached out to me in 2020 and wanted my services,\" he told the club website., external",
            "\"My time in the NRL was plagued with injuries and age wasn't on my side, the club had every reason not to be interested in me.",
            "\"But Hull KR believed in me. I always had the desire to keep going, and when I came to the club I wanted to repay that on the field and show that I had plenty left in me.\"",
            "Hall has scored four tries in eight Super League appearances this season, contributing to Hull KR sitting fifth in the table.",
            "The Robins have also reached the semi-finals of the Challenge Cup, where they will play Wigan next month."
        ]
    },
    "https://www.bbc.com/news/articles/cne9w7e20k2o": {
        "link": "https://www.bbc.com/news/articles/cne9w7e20k2o",
        "subtitle": "Take a look back of some of the stories from across Surrey you may have missed in the past week.",
        "time": null,
        "title": "Surrey weekly round-up: 13 April - 19 April 2024",
        "topics": [
            "Woking",
            "Wisley",
            "Leatherhead",
            "Godalming"
        ],
        "images": [
            "https://ichef.bbci.co.uk/news/480/cpsprodpb/6dd0/live/0d67c3d0-fe35-11ee-a27b-5df9a2bee351.jpg.webp",
            "https://ichef.bbci.co.uk/news/480/cpsprodpb/10ca/live/8003a410-fe38-11ee-bb92-5d2292aec500.jpg.webp",
            "https://ichef.bbci.co.uk/news/480/cpsprodpb/648a/live/73f06770-fe39-11ee-bb92-5d2292aec500.jpg.webp",
            "https://ichef.bbci.co.uk/news/480/cpsprodpb/2d0d/live/eba05b90-fe39-11ee-bb92-5d2292aec500.jpg.webp",
            "https://ichef.bbci.co.uk/news/480/cpsprodpb/87f5/live/3cb2f230-fe3b-11ee-bb92-5d2292aec500.jpg.webp",
            "/bbcx/grey-placeholder.png"
        ],
        "videos": [],
        "author": "",
        "text": [
            "The story about a Surrey-based study to examine benefits of time spent in gardens  proved a popular read this week.",
            "A variety of local issues featured on the BBC News website, BBC Radio Surrey and BBC South East Today.",
            "We have picked five stories from the past week in case you missed them.",
            "Students have said they are worried about how the shortage of Attention Deficit Hyperactivity Disorder (ADHD) medication will impact their exams, with some rationing tablets.",
            "Alice, 16, from Surrey, said she was \"terrified\" about not having enough medication to see her through exam season.",
            "Since September, there has been a shortage of ADHD medication due to an increase in demand and manufacturing issues.",
            "A Department of Health and Social Care spokesperson said: \"We are working with the respective manufacturers' industry to help resolve remaining issues as soon as possible.\"",
            "Read more here ",
            "",
            "Morale is at an \u201call-time low\u201d in Surrey Police with up to 20% of officers wanting to leave, the Surrey Police Federation has said.",
            "A national \u201cpay and morale\u201d survey carried out in November by the federation, which represents police at work, saw 460 out of 2,276 Surrey officers respond.",
            "Out of the 460, 20% wanted to resign within the next two years or as soon as they could.",
            "Adrian Rutherford, director of people services for Surrey and Sussex Police, said the force would be looking at what could be done to improve.",
            "Read more here",
            "A section of the M25 in Surrey will be closed for a second time this year as improvement works continue.",
            "The motorway will be shut between junctions nine and 10 between 10 and 13 May.",
            "A new bridge consisting of 68 beams, each weighing 16 tonnes, and a further four beams weighing 40 tonnes are to be installed as part of project to improve safety and reduce pollution, National Highways said.",
            "Jonathan Wade, of National Highways, urged motorists to only travel \u201cif absolutely necessary\u201d.",
            "Read more here",
            "A 25-storey building has been approved for Woking after it was ruled the high-rise block would fit with other developments in the town centre.",
            "Developers Abri applied for planning permission in 2023, but Woking Borough Council rejected it on the grounds it could create a \"ghetto\u201d that would \u201csegregate\u201d people on lower incomes.",
            "A planning inspector has now overturned the council's decision, saying the new building will fit in with the town's architecture.",
            "Ann-Marie Barker, leader of Woking Borough Council, said she was disappointed by the decision.",
            "Read more here",
            "A funeral director is to run the London Marathon in his uniform.",
            "Anghus Weightman, from Godalming, Surrey, has applied to the Guinness World Records in the hope of becoming the fastest funeral director in full uniform to run a marathon.",
            "He will be wearing a full suit and tie, frock coat and top hat as he attempts to complete the 26.2-mile (42km) course on Sunday.",
            "\u201cDeath is very final, but it shouldn\u2019t be hidden away,\u201d he said.",
            "Read more here ",
            "Follow BBC Surrey on Facebook, on X. Send your story ideas to southeasttoday@bbc.co.uk  or WhatsApp us on 08081 002250."
        ]
    },
    "https://www.bbc.com/news/articles/c3gv1wjz3ejo": {
        "link": "https://www.bbc.com/news/articles/c3gv1wjz3ejo",
        "subtitle": "Take a look back of some of the stories from across Sussex you may have missed in the past week.",
        "time": null,
        "title": "Sussex weekly round-up: 13 April - 19 April 2024",
        "topics": [
            "Worthing",
            "Eastbourne",
            "Brighton",
            "St Leonards-on-Sea"
        ],
        "images": [
            "https://ichef.bbci.co.uk/news/480/cpsprodpb/7490/live/c751b8c0-fe29-11ee-a27b-5df9a2bee351.jpg.webp",
            "https://ichef.bbci.co.uk/news/480/cpsprodpb/c89d/live/21f00580-fe24-11ee-a27b-5df9a2bee351.jpg.webp",
            "https://ichef.bbci.co.uk/news/480/cpsprodpb/c2fc/live/33a06280-fe28-11ee-a27b-5df9a2bee351.jpg.webp",
            "https://ichef.bbci.co.uk/news/480/cpsprodpb/879e/live/ab45afa0-fe25-11ee-a27b-5df9a2bee351.jpg.webp",
            "/bbcx/grey-placeholder.png",
            "/bbcx/grey-placeholder.png"
        ],
        "videos": [],
        "author": "",
        "text": [
            "The story about Russell \"Hardest Geezer\" Cook, the man who ran the length of Africa, announcing his next challenge will be running the London Marathon proved a popular read this week.",
            "A variety of local issues featured on the BBC News website, BBC Radio Sussex and BBC South East Today.",
            "We have picked five stories from the past week in case you missed them.",
            "Concerns have been raised in Eastbourne after it emerged the town's tennis tournament could be downgraded.",
            "If plans are approved, the Eastbourne International would still go ahead but only three top-30 players could play.",
            "The downgrade would be a result of the Lawn Tennis Association (LTA) and the All England Club achieving their aim of staging a women's tournament at Queen's in London in the first week of the grass court season from 2025.",
            "Eastbourne Chamber of Commerce chief executive Christina Ewbank said the impact on the local economy could be \"huge\".",
            "Read more here",
            "The families of two schoolgirls murdered in 1986 have received an apology from Sussex Police over mistakes in its investigations.",
            "Russell Bishop killed nine-year-olds Nicola Fellows and Karen Hadaway in a woodland den in Brighton.",
            "In 1987, he was cleared of their murders, but went on to kidnap another girl, leaving her for dead.",
            "Bishop was convicted of the murders in 2018 after double-jeopardy laws were changed, permitting a second trial.",
            "Read more here",
            "Red Routes are now enforceable on certain roads in Brighton, meaning vehicles cannot stop on them apart from in designated bays.",
            "Restrictions came into force on London Road, Preston Road and Lewes Road seven days a week on Monday.",
            "On its website, Brighton & Hove City Council (BHCC) said the Red Routes would help \"tackle anti-social parking and to keep traffic in the city moving\".",
            "Roads are marked with double red lines, instead of double yellow lines, and fines can be issued to road users who break the restrictions.",
            "Read more here",
            "A Conservative MP has announced he will not stand at the next general election after more than 27 years in Parliament.",
            "Tim Loughton has represented the East Worthing & Shoreham constituency since 1997 and has won seven general elections.",
            "The veteran backbencher, who served as deputy chairman on the Home Affairs Select Committee, posted on X (formerly Twitter) on Saturday, announcing the news, saying it was \u201cwiser to leave five minutes too soon than to continue for five years too long\".",
            "He is the latest Tory MP to announce that they will not be seeking re-election in the next election.",
            "Read more here",
            "A 13-year-old who has made survival blankets for homeless people using crisp packets has said she did it to \"make a difference close to home\".",
            "Savana, from Hastings in East Sussex, has made seven blankets, each from roughly 56 crisp packets, to fulfIl the volunteering requirements for her Duke of Edinburgh Bronze Award.",
            "The blankets were for the Crisp Packet Project, based in St Leonards, which creates survival blankets and sleeping bag covers out of plastic waste.",
            "Savana said it was \"fairly easy\" to piece the packets together once she was given a tutorial but \"you have to be precise\".",
            "Read more here",
            "Follow BBC Sussex on Facebook, and on X. Send your story ideas to southeasttoday@bbc.co.uk, or WhatsApp us on 08081 002250."
        ]
    },
    "https://www.bbc.com/news/articles/cv29n0e0xl4o": {
        "link": "https://www.bbc.com/news/articles/cv29n0e0xl4o",
        "subtitle": "Take a look back of some of the stories from across Kent you may have missed in the past week.",
        "time": null,
        "title": "Kent weekly round-up: 13 April - 19 April 2024",
        "topics": [
            "Maidstone",
            "Gillingham",
            "Tonbridge",
            "Folkestone",
            "Canterbury"
        ],
        "images": [
            "https://ichef.bbci.co.uk/news/480/cpsprodpb/0f06/live/f280b1e0-fe60-11ee-8714-2f8f4239ddb3.jpg.webp",
            "https://ichef.bbci.co.uk/news/480/cpsprodpb/420e/live/ef47f510-fe60-11ee-8714-2f8f4239ddb3.jpg.webp",
            "https://ichef.bbci.co.uk/news/480/cpsprodpb/d9c5/live/ebe87660-fe60-11ee-8714-2f8f4239ddb3.jpg.webp",
            "https://ichef.bbci.co.uk/news/480/cpsprodpb/eda4/live/e879b570-fe60-11ee-8714-2f8f4239ddb3.jpg.webp",
            "https://ichef.bbci.co.uk/news/480/cpsprodpb/2dcb/live/e48d8720-fe60-11ee-8714-2f8f4239ddb3.jpg.webp",
            "/bbcx/grey-placeholder.png"
        ],
        "videos": [],
        "author": "",
        "text": [
            "The story about a new programme of flying lessons for people with disabilities proved a popular read this week.",
            "A variety of local issues featured on the BBC News website, BBC Radio Kent and BBC South East Today.",
            "We have picked five stories from the past week in case you missed them.",
            "A paramedic who pleaded guilty to causing the death of his colleague in a crash has avoided jail.",
            "Alice Clark, 21, died when the ambulance they were travelling in crashed into a cement lorry on the A21 near Tonbridge, Kent, on 5 January 2022.",
            "In January, Edward Riding, 45, of Kemps Farm Road, Crowborough, admitted causing her death by careless and inconsiderate driving.",
            "Riding was sentenced to nine months in prison, suspended for 18 months, at a hearing at Maidstone Crown Court on Wednesday.",
            "Read more here",
            "A pilot scheme has been launched by a water company in an attempt to tackle an influx of Asian hornets in south-east England.",
            "In 2023, reports of the non-native species were made in areas including Eastbourne, Hastings, Newhaven and Rye in East Sussex, as well as Oxted in Surrey and Folkestone in Kent.",
            "Southern Water has now installed traps at nine wastewater treatment sites across Kent and East Sussex to help stop their spread.",
            "Matthew Wagstaff, the firm\u2019s environmental advisor, said the insects were a \"menace to our native species\".",
            "Read more here",
            "The family of a great-grandmother whose lower leg was amputated after she allegedly spent four days in a hospital corridor described the care she received as \"disgusting\".",
            "Geraldine Newing, 78, was taken to Medway Maritime Hospital after a blister appeared on her foot.",
            "She ended up having her lower leg amputated, having developed \"aggressive sepsis\".",
            "A hospital spokesperson said it had apologised to Mrs Newing and is investigating the family's concerns.",
            "Read more here",
            "A cancer survivor from Kent is to run the London Marathon to raise money for the charity that helped support him through his treatment.",
            "Jack Brown, from Maidstone, was aged 16 when he was diagnosed with testicular cancer in 2020.",
            "After three months of chemotherapy and two operations, he was given the all clear and began running to regain fitness, despite a warning from doctors that he may never be able to properly compete in sport again.",
            "\u201cIt just shows you can do anything that you set your mind to,\u201d he said.",
            "Read more here ",
            "A private collection of rare Barbie dolls has fetched \u00a32,320 at an auction in Kent.",
            "The four figures were offered at Canterbury Auction Galleries on Saturday alongside collectables such as Pok\u00e9mon cards and a carry case of Happy Meal toys.",
            "A Marie Antoinette doll fetched the highest price among the Barbie collection, at \u00a3640.",
            "In total, the entire lot of rare toys and paintings sold for more than double its expected hammer price, at \u00a312,280.",
            "Read more here ",
            "Follow BBC Kent on Facebook, on X, and on Instagram. Send your story ideas to southeasttoday@bbc.co.uk  or WhatsApp us on 08081 002250."
        ]
    },
    "https://www.bbc.com/sport/football/68861708": {
        "link": "https://www.bbc.com/sport/football/68861708",
        "subtitle": "Scotland midfielder Stuart Armstrong has a \"big chance\" to be fit for Euro 2024, says Southampton manager Russell Martin.",
        "time": null,
        "title": "Euro 2024: Stuart Armstrong has 'big chance' to be fit - BBC Sport",
        "topics": [],
        "images": [
            "https://ichef.bbci.co.uk/news/1024/cpsprodpb/ACA8/production/_133200244_armstrong.jpg"
        ],
        "videos": [],
        "author": "",
        "text": [
            "Scotland midfielder Stuart Armstrong has a \"big chance\" to be fit for Euro 2024, says Southampton manager Russell Martin.",
            "He was taken off on a stretcher while playing against Cardiff City and Martin said on Saturday it was \"a bad one\".",
            "However, Martin gave an update on the 32-year-old on Monday and said while he is unlikely to return for Saints this season he was positive about Euro 2024.",
            "\"It's his quad, it's a muscle injury,\" Martin told the club's website.",
            "\"We'll do everything we can to get him fit for the Euros for Scotland. I think he has a big chance for that, I don't think he has any chance of playing for us really.",
            "\"He has a big hope of getting in the Scotland squad because he's been fantastic for them and has been in every squad. I think there's a realistic chance with the injury he has to be fit for that.",
            "\"So we will do everything we can to help him get there. It wasn't as serious as we all feared but it is serious enough to keep him out for a period of time where he can't help us.\"",
            "Patterson ruled out for season",
            "Latest Scotland national team news on BBC",
            "Bologna's Lewis Ferguson, another central midfielder, is set to miss Euro 2024 with a knee injury while there are doubts over right-backs Nathan Patterson and Aaron Hickey.",
            "Armstrong won his 50th cap in last month's 1-0 defeat by Northern Ireland at Hampden Park.",
            "Scotland's first match of the tournament is against hosts Germany on 14 June."
        ]
    },
    "https://www.bbc.com/news/articles/cn0v21n7vldo": {
        "link": "https://www.bbc.com/news/articles/cn0v21n7vldo",
        "subtitle": "Voters in the West Midlands will vote on 2 May to elect their next mayor for the region.",
        "time": null,
        "title": "West Midlands mayor 2024: Quick guide to the candidates",
        "topics": [],
        "images": [
            "https://ichef.bbci.co.uk/news/480/cpsprodpb/57c0/live/814406d0-fd89-11ee-97f7-e98b193ef1b8.jpg.webp"
        ],
        "videos": [],
        "author": "",
        "text": [
            "Voters in the West Midlands will vote on 2 May to elect their next mayor for the region.",
            "Six candidates are standing and you can click on the links below to find out more about each of them (listed in alphabetic order by surname):",
            "Follow BBC West Midlands on Facebook, X and Instagram. Send your story ideas to: newsonline.westmidlands@bbc.co.uk"
        ]
    }
}