{
    "https://www.bbc.com/sport/football/articles/cglx778zevro": {
        "link": "https://www.bbc.com/sport/football/articles/cglx778zevro",
        "subtitle": "Manchester United are in a stronger position than they were 12 months ago, says manager Erik ten Hag - even though they could be swapping a third place finish for eighth.",
        "time": null,
        "title": "Erik ten Hag says Manchester United in better position than 12 months ago - BBC Sport",
        "topics": [],
        "images": [
            "https://ichef.bbci.co.uk/news/973/cpsprodpb/7f16/live/6446cb50-14fc-11ef-b7c1-e9e492956c10.jpg"
        ],
        "videos": [],
        "author": "",
        "text": [
            "Manchester United are in a stronger position than they were 12 months ago, says manager Erik ten Hag - even though they could be swapping a third-place finish for eighth.",
            "Unless United can better Newcastle\u2019s result at Brentford when they head to Brighton for their final Premier League game of the season on Sunday, they will end up in their worst league position since 1989-90.",
            "Defeat would also give them their worst points tally since that season.",
            "Compared to last season\u2019s qualification for the Champions League, it feels like significant regression, even though United could end the campaign with a flourish by beating Manchester City in the FA Cup final on 25 May.",
            "However, Ten Hag feels a few pivotal decisions have contributed to the overall outcome, in addition to a horrendous run of injuries.",
            "So, given he expects many key men to be fit next season and has a squad benefitting from the development of youngsters Kobbie Mainoo, Alejandro Garnacho and Rasmus Hojlund, Ten Hag feels United are better placed than this time last year.",
            "\"When you look at the results, you would say no,\" he said. \"But we know the reasons behind that, so I would say yes.",
            "\"We have more high-quality players in the squad so, from that perspective, we are in a better position.\"",
            "The emergence of Mainoo to become a senior England international has been a significant plus, while Garnacho has been one of United\u2019s most dangerous attacking players.",
            "Hojlund will have the benefit of a first season in the league following his \u00a372m move from Serie A outfit Atalanta and Amad Diallo has emerged over the past few weeks as another welcome attacking addition.",
            "If United do beat Newcastle, they will seal a place in next season\u2019s Europa Conference League play-offs, although they will go into the Europa League if they beat City at Wembley.",
            "\"Manchester United is a very attractive club for any player,\" said Ten Hag.",
            "\"We have developed some young players with very high potential who can add to the quality levels in our squad. ",
            "\"With the established experienced players, it can make a very good mix. It can be a strong squad that can compete at the highest levels.\""
        ]
    },
    "https://www.bbc.com/news/articles/c4nnq85yxpqo": {
        "link": "https://www.bbc.com/news/articles/c4nnq85yxpqo",
        "subtitle": "Manchester City and Manchester United supporters have been given separate suggested routes to follow.",
        "time": null,
        "title": "FA Cup Final: City and United fans urged to take separate routes",
        "topics": [
            "Manchester"
        ],
        "images": [
            "https://ichef.bbci.co.uk/news/480/cpsprodpb/9a80/live/c5f6aac0-1842-11ef-b29c-db4f2723162a.jpg.webp"
        ],
        "videos": [],
        "author": "Paul Burnell,",
        "text": [
            "Football fans heading to London for the second ever FA Cup final between Manchester City and Manchester United are being urged to take separate roads to Wembley.",
            "National Highways has set out the plan to help avoid traffic hold-ups before and after the match, which kicks off at 15:00 BST on Saturday.",
            "City fans have been advised to use the M62 and M1 while United supporters should use the M6, M42 and M40.",
            "The sell-out final means some 90,000 fans will be heading to England's national stadium.",
            "The clubs were each given an allocation of 30,000 regular tickets, with the rest going to corporate clients, Wembley members and county branches of the Football Association.",
            "Routes are likely to be particularly busy before and after the match, which could potentially involve extra-time and a penalty shoot out.",
            "Hundreds of extra coaches are being laid on to get both sets of fans to and from Wembley while many others are expected to drive or take trains.",
            "Gary Farrell, National Highways\u2019 senior network planner for the North West, said: \u201cOur message to everyone driving down for the final is to plan their journeys carefully, follow our advice on routes and look out for incidents or congestion once they are on the road \u2013 heeding any advice on our electronic signs.\"",
            "This year's kick-off time was moved from 17:30 to 15:00 on police advice.",
            "Listen to the best of BBC Radio Manchester on Sounds and follow BBC Manchester on Facebook, X, and Instagram. You can also send story ideas to northwest.newsonline@bbc.co.uk"
        ]
    },
    "https://www.bbc.com/news/health-69002335": {
        "link": "https://www.bbc.com/news/health-69002335",
        "subtitle": "Gill Castle was left with irreparable damages from the traumatic birth of her son.",
        "time": null,
        "title": "I will always carry a legacy from my traumatic birth - Alnwick mum Gill Castle",
        "topics": [],
        "images": [],
        "videos": [],
        "author": "",
        "text": []
    },
    "https://www.bbc.com/news/uk-68975136": {
        "link": "https://www.bbc.com/news/uk-68975136",
        "subtitle": "Pictures on social media showed huge queues and crowds - with airports all confirming they had been affected by the issue with e-gates.",
        "time": null,
        "title": "Crowds build at Heathrow as passport e-gates go down",
        "topics": [],
        "images": [],
        "videos": [],
        "author": "",
        "text": []
    },
    "https://www.bbc.com/news/world-us-canada-68924803": {
        "link": "https://www.bbc.com/news/world-us-canada-68924803",
        "subtitle": "Parts of the central US were hit by severe weather on Monday, killing one and leaving many without power.",
        "time": null,
        "title": "Video shows powerful storms tear though Oklahoma and Missouri",
        "topics": [],
        "images": [],
        "videos": [],
        "author": "",
        "text": []
    },
    "https://www.bbc.com/news/articles/ckdqq7vg8q0o": {
        "link": "https://www.bbc.com/news/articles/ckdqq7vg8q0o",
        "subtitle": "Glass already on the Isles of Scilly is being crushed and smoothed to surround new pipe work.",
        "time": null,
        "title": "Crushed glass used to bed in new water pipes on Isles of Scilly",
        "topics": [
            "Cornwall",
            "Isles of Scilly"
        ],
        "images": [
            "https://ichef.bbci.co.uk/news/480/cpsprodpb/139a/live/b0181eb0-113e-11ef-bdbc-915d44d9ac70.jpg.webp"
        ],
        "videos": [],
        "author": "",
        "text": [
            "Crushed and recycled glass is being used to bed in new water pipes on the Isles of Scilly, South West Water (SWW) has said.",
            "Glass already on the Isles of Scilly has been crushed and smoothed to surround more than 2,625ft (800m) of new pipe work.",
            "Richard Price, SWW's chief engineering director, said by \"reutilising this glass from the isles, we have saved it from needing to be transported around for recycle-processing and dramatically reduced our need to get resources sent over from the mainland\".",
            "Pipe bedding secures the pipe in the ground so even pressure is applied to the pipe, which helps to protect it against leaks.",
            "Mr Price added: \"We are constantly looking for new and innovative ways of working across our entire region and having this beautiful natural environment surrounding us pushes us to leave places better than we found them, with minimal impact.\u201d",
            "Glanville Environmental\u2019s engineering manager, Geoff Willcocks, discovered the ability to use recycled glass in this way. ",
            "He said: \u201cThis has significantly reduced South West Water\u2019s environmental footprint, and showcases both companies\u2019 commitment to working more sustainably.\u201d",
            "Follow BBC Cornwall on X (formerly Twitter), Facebook and Instagram. Send your story ideas to spotlight@bbc.co.uk."
        ]
    },
    "https://www.bbc.com/news/articles/c72p39z3prro": {
        "link": "https://www.bbc.com/news/articles/c72p39z3prro",
        "subtitle": "Labour's Clare Moody beat Conservative candidate Mark Shelford by more than 4,000 votes on Friday.",
        "time": null,
        "title": "Avon & Somerset PCC: Labour beat Tories in local election",
        "topics": [
            "England and Wales elections 2024",
            "Bath",
            "Bristol",
            "Avon and Somerset Police"
        ],
        "images": [
            "https://ichef.bbci.co.uk/news/480/cpsprodpb/0912/live/77fdc060-0910-11ef-8f00-210eed5fcae4.jpg.webp",
            "https://ichef.bbci.co.uk/news/480/cpsprodpb/0ebb/live/5d6d3b10-0909-11ef-8d39-71f34bd1ae21.jpg.webp",
            "https://ichef.bbci.co.uk/news/480/cpsprodpb/386c/live/9dee96f0-091f-11ef-83ed-6d2edc1b7cdb.jpg.webp"
        ],
        "videos": [],
        "author": "Michelle Ruminski & Leigh Boobyer,",
        "text": [
            "Labour has won the police and crime commissioner election in Avon and Somerset, taking the post from the Conservatives.",
            "Clare Moody, Labour's candidate for the region, beat her Conservative predecessor Mark Shelford by more than 4,900 votes.",
            "The election was for Avon and Somerset Police's PCC, which covers areas including Bristol.",
            "Ms Moody, who was an MEP for South West England between 2014 and 2019, said after the result her priorities include \"tackling knife crime\".",
            "The turnout was 23.09% with about 100,000 fewer voters than at the last PCC election in 2021.",
            "Ms Moody said: \u201cMy priorities are around bringing policing closer to the communities, neighbourhood policing, tackling violent crime, and particularly knife crime and violence against women and girls.",
            "\u201cAnd building prevention work so we can stop crime happening in the first place.\u201d",
            "The total ballots cast for each candidate are:",
            "Mr Shelford declined to give an interview.",
            "Speaking after the result, Ms Moody told the BBC she is \"delighted\". ",
            "\"I'm thrilled to have won this election. It's a huge challenge ahead, it's a big job. But I'm really excited,\" she said.",
            "\"We knew it was going to be tight.",
            "\"To be able to stand here and know that I've now got all the work ahead of me, but in that position where I can actually do things. I can make things happen, I can fulfil opportunities in the role.\"",
            "Avon and Somerset Police's Chief Constable Sarah Crew said some of the challenges Ms Moody faces including a \"young and inexperienced workforce\", knife crime and violence against women and girls.",
            "She said: \"We have a lot of demand that people wouldn't necessarily recognise as police demand. ",
            "\"That sometimes keeps us away from things we would like to do in policing and I'd like to really work with the commissioner to be able to tackle some of those issues, so we can focus all our attention on her priorities.\"",
            "The force\u2019s region covers Bristol, South Gloucestershire, North Somerset, Somerset, and Bath and North East Somerset.",
            "Nationally, Labour is making gains across local elections in England.",
            "The party has won councils in Redditch, Thurrock, Hartlepool and Rushmoor. It has also lost Oldham to no overall control.",
            "Around a third of councils have declared results so far, with more council and mayoral results due on Friday and Saturday.",
            "In the West of England results are expected for councils in Bristol, Gloucester, Cheltenham and Swindon, as well as Gloucestershire's PCC on Friday.",
            "Stroud District Council and Wiltshire PCC results are set to be announced on Saturday.",
            "Police and Crime Commissioners were first introduced in 2012 in a bid to reform policing, and are paid an annual salary of around \u00a388,000 in a full-time position.",
            "Their main roles include holding police constabularies to account, deciding how much money the public should contribute to policing through council tax, and cutting crime through means such as outreach programmes.",
            "Since the role\u2019s inception in 2012, Avon and Somerset\u2019s PCC has been served by Independent Sue Mountstevens until 2021 and then by Mr Shelford up until this election.",
            "Follow BBC Bristol on Facebook, X and Instagram. Send your story ideas to us on email or via WhatsApp on 0800 313 4630."
        ]
    },
    "https://www.bbc.com/news/articles/c1ee9pw23p7o": {
        "link": "https://www.bbc.com/news/articles/c1ee9pw23p7o",
        "subtitle": "Zipp Mobility will provide the e-scooters and e-bikes after Slough's trial was allowed to restart.",
        "time": "2024-05-27T20:22:05.708744",
        "title": "E-scooter trial resumes in Slough with new provider",
        "topics": [
            "Berkshire",
            "Slough"
        ],
        "images": [
            "https://ichef.bbci.co.uk/news/480/cpsprodpb/f495/live/2b7d0fc0-19eb-11ef-88f3-ff134a9c98ae.jpg.webp"
        ],
        "videos": [],
        "author": "",
        "text": [
            "E-scooters will return to Slough town centre on Tuesday after a previous scheme was scrapped.",
            "Zipp Mobility will provide 300 e-scooters and 25 e-bikes after Slough Borough Council allowed a trial to restart.",
            "A previous scheme, which was part of a wider national trial, ended in November 2022 when the authority could not renew a contract with previous operator Neuron Mobility UK.",
            "Some people have raised concerns about safety but the vehicles will be monitored for misuse and have brake lights and a horn.",
            "They will adhere to government regulations, including a speed limit of 15.5mph.",
            "There are 22 areas currently undertaking e-scooters trials across the country, including Oxford and the Solent region.",
            "For the purposes of the trial, that involves the Isle of Wight, Portsmouth and Southampton.",
            "Follow BBC South on Facebook, X (Twitter), or Instagram. Send your story ideas to south.newsonline@bbc.co.uk or via WhatsApp on 0808 100 2240."
        ]
    },
    "https://www.bbc.com/news/articles/cpvvyxr79glo": {
        "link": "https://www.bbc.com/news/articles/cpvvyxr79glo",
        "subtitle": "The Pope was speaking at a meeting of bishops on whether gay men should be allowed to become priests.",
        "time": "2024-05-27T20:22:21.402434",
        "title": "Pope Francis allegedly used derogatory term for gay people",
        "topics": [
            "Europe",
            "Pope Francis",
            "Roman Catholic Church",
            "LGBT"
        ],
        "images": [
            "https://ichef.bbci.co.uk/news/480/cpsprodpb/c91a/live/3719cbc0-1c7a-11ef-932a-97445ce5bfdc.jpg.webp"
        ],
        "videos": [],
        "author": "Aleem Maqbool,",
        "text": [
            "Pope Francis is reported to have used extremely derogatory language in an incident that could have a profound impact on the way his attitude towards gay people is perceived.",
            "When asked at the Italian Bishops\u2019 Conference if gay men should now be allowed to train for the priesthood as long as they remained celibate, Pope Francis said they should not.",
            "He is then believed to have continued by saying in Italian that there was, in the Church, already too much of an air of frociaggine, which translates as a highly offensive slur.",
            "Although it was a meeting that happened behind closed doors, the Pope\u2019s reported comments were first conveyed to the Italian tabloid website Dagospia.",
            "Other Italian news agencies have since confirmed the Pope\u2019s words citing numerous sources.",
            "There has been shock at the Pope\u2019s reported language at this private meeting, particularly as he has often talked publicly of being respectful towards gay people.",
            "Progressive supporters of the Pope have long argued that while little has tangibly changed in terms of gay rights in Catholicism, Pope Francis has changed the tone of the Church\u2019s attitude.",
            "When asked about gay people early in his papacy, he hit the headlines by responding, \u201cWho am I to judge?\u201d",
            "He recently created consternation among Catholic traditionalists by saying priests should be able to bless same-sex couples in some circumstances and has frequently talked of gay people being welcome in the Church.",
            "Some had started to feel that he was laying the groundwork to ultimately permit gay men to train for the priesthood, as long as they remained celibate like other priests.",
            "He not only shot that down in no uncertain terms at the conference, but some news agencies report that he used derogatory language on more than one occasion.",
            "The Spanish-speaking Pope\u2019s defenders point out that he does sometimes make mistakes in Italian colloquialisms, and suggest that he did not appreciate the level of offence he might have caused, even though he did grow up in an Italian-speaking household in Argentina.",
            "Nevertheless, some outlets report that the Pope also said that gay people needed kicking out of seminaries whether they acted on their sexual tendencies or not.",
            "The Vatican has yet to comment on the matter."
        ]
    }
}