{
    "https://www.bbc.com/news/articles/cd1vmld34w4o": {
        "link": "https://www.bbc.com/news/articles/cd1vmld34w4o",
        "subtitle": "John Tizard becomes police and crime commissioner, beating Conservative Festus Akinbusoye.",
        "time": null,
        "title": "Bedfordshire PCC: Labour beats Conservative Festus Akinbusoye",
        "topics": [
            "England and Wales elections 2024",
            "Bedfordshire Police"
        ],
        "images": [
            "https://ichef.bbci.co.uk/news/480/cpsprodpb/46fd/live/daf9c9f0-0958-11ef-bb9f-cdd8d4dc1e52.jpg.webp",
            "https://ichef.bbci.co.uk/news/480/cpsprodpb/7c9a/live/cc12ee30-0949-11ef-82e8-cd354766a224.jpg.webp"
        ],
        "videos": [],
        "author": "Amy Holmes,",
        "text": [
            "A Labour police and crime commissioner (PCC) has been elected in Bedfordshire for the first time in eight years.",
            "John Tizard received 40,738 votes - 5,050 more than incumbent Festus Akinbusoye of the Conservative Party - with a 19.6% turnout.",
            "Before Mr Akinbusoye took on the role in 2021, it was held by fellow Tory Kathryn Holloway.",
            "Mr Tizard said he was \"committed to being very much the champion of victims, residents and businesses across the county\".",
            "In Thursday's vote, Mr Akinbusoye received 35,688 votes, Liberal Democrat Jasbar Parmer received 15,857, and Waheed Akbar of the Workers Party got 8,396.",
            "Mr Akinbusoye, who also tried to replace Nadine Dorries as the MP for Mid Bedfordshire last year, said he was \"really proud of what has been done in three years\".",
            "He believed turnout was an issue, with 100,679 votes being cast, which was down by 6.5% on the previous election.",
            "Mr Tizard, who was previously a county councillor in Bedfordshire, said people in the county \"wanted a change, particularly to restore community and neighbourhood policing\" but admitted national politics had also played a part.",
            "\"At the same time, there was a real dissatisfaction with the Conservatives, both locally and nationally and I think we've taken the benefit of that change locally,\" he added.",
            "He said he wanted to listen to people in the area: \"I'll be going out meeting people, hearing what they have to say. You can\u2019t do this job sitting in an office in Bedford.\"",
            "Follow Beds, Herts and Bucks news on Facebook, Instagram and X. Got a story? Email eastofenglandnews@bbc.co.uk or WhatsApp us on 0800 169 1830"
        ]
    },
    "https://www.bbc.com/sport/football/articles/c9wwm4l8j21o": {
        "link": "https://www.bbc.com/sport/football/articles/c9wwm4l8j21o",
        "subtitle": "Southampton's Championship play-off final victory triggers a \u00a320million permanent transfer for Manchester City's Taylor Harwood-Bellis.",
        "time": "2024-05-26T17:00:27.862957",
        "title": "Taylor Harwood-Bellis: Southampton play-off win triggers \u00a320m move from Manchester City - BBC Sport",
        "topics": [],
        "images": [
            "https://ichef.bbci.co.uk/news/2048/cpsprodpb/7e0e/live/c2113550-1b86-11ef-b28f-7152a74ace54.jpg"
        ],
        "videos": [],
        "author": "",
        "text": [
            "Southampton's Championship play-off final victory over Leeds has triggered a \u00a320million permanent transfer for Manchester City defender Taylor Harwood-Bellis.",
            "Adam Armstrong's first-half winner was enough to seal a 1-0 victory for Saints at Wembley on Sunday and send them back to the top tier at the first time of asking.",
            "Centre-back Harwood-Bellis joined Southampton on deadline day last summer in a loan deal that included an obligation to buy, with the clause coming into effect if the south coast club secured promotion this season.",
            "The 22-year-old made 46 appearances for Saints this season, scoring two goals.",
            "\"I can't put it into words, it's different because I know I'm a Southampton player now,\" he told BBC Radio Solent.",
            "\"I wanted to stay here and to know that we'll be in the Premier League and there's not even a discussion to happen now [with Man City] and to just turn up for pre-season, I can't describe that feeling.\"",
            "Southampton finished fourth in the Championship this season, one place behind Leeds, and will join champions Leicester City and Ipswich Town in the Premier League after just one campaign in the second tier.",
            "It is a second promotion in a row for Harwood-Bellis, who was part of Vincent Kompany's Championship-winning Burnley team last season.",
            "\"It's surreal, both in completely different ways, I couldn't have asked for much better,\" he added.",
            "\"Last year was so special, with a special football club that I loved to bits. This year is exactly the same, with a little more edge because I know I'm here to stay.\""
        ]
    },
    "https://www.bbc.com/news/articles/c5118498ze8o": {
        "link": "https://www.bbc.com/news/articles/c5118498ze8o",
        "subtitle": "The funding will create \"high-quality, affordable workspace\", a Cornwall councillor says.",
        "time": "2024-05-27T17:00:41.220049",
        "title": "Cornish business park receives \u00a3600,000 from fund to expand",
        "topics": [
            "Cornwall Council",
            "Cornwall"
        ],
        "images": [
            "https://ichef.bbci.co.uk/news/480/cpsprodpb/2de1/live/78a84690-1bfb-11ef-8901-7df03d57d8e9.jpg.webp"
        ],
        "videos": [],
        "author": "",
        "text": [
            "A Cornish retail and industrial park will receive a \u00a3600,000 investment from a growth fund to house more businesses.",
            "Chenoweths Business Park on the Roseland Peninsula is undergoing a \u00a31.2m expansion that will see the creation of eight new commercial units.",
            "Entrepreneur Julian Chenoweth said the investment from the Good Growth fund had been \"vital\" to the project.",
            "The fund is managed by Cornwall Council with money coming from the government.",
            "Mr Chenoweth, who provides informal mentoring support to start-ups and entrepreneurs on the business park, said: \"We estimate the new units could support up to 50 local jobs and they are designed to be carbon net zero, with ground source heat pumps, solar panels and secondary aggregates.",
            "\"We'll also have charging points for electric vehicles, which tend to be in short supply in rural areas.\"",
            "Councillor Louis Gardner, portfolio holder for economy, the extension would meet demand in the area for \"high quality, affordable workspace\".",
            "Follow BBC Cornwall on X (formerly Twitter), Facebook and Instagram. Send your story ideas to spotlight@bbc.co.uk."
        ]
    },
    "https://www.bbc.com/news/articles/cy007e14g4zo": {
        "link": "https://www.bbc.com/news/articles/cy007e14g4zo",
        "subtitle": "The historic West Cliff Hall on the seafront in Ramsgate has been derelict for 20 years.",
        "time": "2024-05-23T17:00:55.392047",
        "title": "Ramsgate: Derelict West Cliff Hall to be auctioned",
        "topics": [
            "Ramsgate"
        ],
        "images": [
            "https://ichef.bbci.co.uk/news/480/cpsprodpb/17e6/live/46f4eac0-1824-11ef-85cb-e963500f6f32.jpg.webp"
        ],
        "videos": [],
        "author": "Stuart Maisner,",
        "text": [
            "A derelict former concert hall in Kent, where the Rolling Stones once played, is to be auctioned with recommendations to turn it into a large hotel.",
            "The West Cliff Hall, on the seafront in Ramsgate, was built in 1914 and has been disused for nearly 20 years.  ",
            "The building, constructed into the cliff front, had previously been used as an entertainment venue and a motor museum. ",
            "Savills estate agent said it was advertising the property with \"positive pre-application advice for an 89-bedroom hotel\". ",
            "The empty site covers approximately 0.75 acres (3,058 sq m).",
            "The proposal would see a hotel with rooms built on six levels. ",
            "The concert hall, which is sunk into the cliff, was built on the site of Victorian gardens and a bandstand.",
            "Many 1960s groups played at West Cliff, including The Rolling Stones in 1964.",
            "A campaign in the 2010s to turn the building into a community hub for young people was backed by actors Peter Capaldi and Brenda Blethyn, whose mother was a cloakroom attendant at the venue.  ",
            "Full planning permission will be needed to convert the building into a hotel. ",
            "The auction of the West Cliff Hall is set to take place on 29 May, with a guide price of \u00a3325,000.  ",
            "Follow BBC Kent on Facebook, on X, and on Instagram. Send your story ideas to southeasttoday@bbc.co.uk or WhatsApp us on 08081 002250."
        ]
    },
    "https://www.bbc.com/sport/articles/cyer75rxwgzo": {
        "link": "https://www.bbc.com/sport/articles/cyer75rxwgzo",
        "subtitle": "",
        "time": null,
        "title": "Nottingham Forest player of the season 2023-24: Vote now - BBC Sport",
        "topics": [],
        "images": [
            "https://ichef.bbci.co.uk/news/1536/cpsprodpb/7c95/live/e7a5b310-1229-11ef-b9d8-4f52aebe147d.png"
        ],
        "videos": [],
        "author": "",
        "text": [
            "Candidates chosen by Saveena Johal from Punjabi Forest, external",
            "Explained: Read the reasons behind the selections here"
        ]
    },
    "https://www.bbc.com/sport/articles/c51njd4k02no": {
        "link": "https://www.bbc.com/sport/articles/c51njd4k02no",
        "subtitle": "",
        "time": null,
        "title": "Manchester United player of the season 2023-24: Vote now - BBC Sport",
        "topics": [],
        "images": [
            "https://ichef.bbci.co.uk/news/1536/cpsprodpb/fc23/live/467d7180-1229-11ef-bee9-6125e244a4cd.png"
        ],
        "videos": [],
        "author": "",
        "text": [
            "Candidates chosen by Dale O'Donnell from Stretty News., external",
            "Explained: Read the reasons behind the selections here"
        ]
    },
    "https://www.bbc.com/news/uk-england-tees-68979212": {
        "link": "https://www.bbc.com/news/uk-england-tees-68979212",
        "subtitle": "The foundation offers football kits, boots, and equipment to help young people from poorer households.",
        "time": null,
        "title": "Darlington dad's charity providing football kit in memory of son",
        "topics": [],
        "images": [],
        "videos": [],
        "author": "",
        "text": []
    },
    "https://www.bbc.com/sport/articles/c72pxx9583wo": {
        "link": "https://www.bbc.com/sport/articles/c72pxx9583wo",
        "subtitle": "",
        "time": null,
        "title": "Liverpool player of the season 2023-24: Vote now - BBC Sport",
        "topics": [],
        "images": [
            "https://ichef.bbci.co.uk/news/1536/cpsprodpb/7bb4/live/86aa1520-1228-11ef-82e8-cd354766a224.png"
        ],
        "videos": [],
        "author": "",
        "text": [
            "Candidates chosen by Josh Sexton from The Anfield Wrap., external",
            "Explained: Read the reasons behind the selections here"
        ]
    },
    "https://www.bbc.com/sport/articles/cp6g99dng39o": {
        "link": "https://www.bbc.com/sport/articles/cp6g99dng39o",
        "subtitle": "",
        "time": null,
        "title": "Fulham player of the season 2023-24: Vote now - BBC Sport",
        "topics": [],
        "images": [
            "https://ichef.bbci.co.uk/news/1536/cpsprodpb/d6cc/live/51c91860-1228-11ef-b9d8-4f52aebe147d.png"
        ],
        "videos": [],
        "author": "",
        "text": [
            "Candidates chosen by Dan Crawford from Hammy End, external",
            "Explained: Read the reasons behind the selections here"
        ]
    }
}