{
    "https://www.bbc.com/sport/football/videos/cv22l75vxy5o": {
        "link": "https://www.bbc.com/sport/football/videos/cv22l75vxy5o",
        "subtitle": "England manager Gareth Southgate explains why Marcus Rashford and Jordan Henderson have been left out of his provisional 33-man squad for Euro 2024.",
        "time": null,
        "title": "Gareth Southgate's 'difficult calls' to select England squad - BBC Sport",
        "topics": [],
        "images": [],
        "videos": [],
        "author": "",
        "text": []
    },
    "https://www.bbc.com/news/world-asia-india-68236697": {
        "link": "https://www.bbc.com/news/world-asia-india-68236697",
        "subtitle": "The scale of India's welfare state is staggering - and Narendra Modi is betting on its gains to win votes.",
        "time": null,
        "title": "Free water, housing, food: Modi's $400bn welfare bet to win Indian elections",
        "topics": [
            "India Election 2024",
            "Narendra Modi",
            "India"
        ],
        "images": [
            "https://ichef.bbci.co.uk/news/480/cpsprodpb/E289/production/_132739975_photo20-02-2410158pm.jpg.webp",
            "https://ichef.bbci.co.uk/news/480/cpsprodpb/72FB/production/_112953492__90021446_test_grey_line_new-nc.png.webp",
            "https://ichef.bbci.co.uk/news/480/cpsprodpb/39EC/production/_132682841_kolkatashoot_022.jpg.webp",
            "https://ichef.bbci.co.uk/news/480/cpsprodpb/72FB/production/_112953492__90021446_test_grey_line_new-nc.png.webp",
            "/bbcx/grey-placeholder.png",
            "https://ichef.bbci.co.uk/news/480/cpsprodpb/72FB/production/_112953492__90021446_test_grey_line_new-nc.png.webp",
            "/bbcx/grey-placeholder.png",
            "/bbcx/grey-placeholder.png",
            "/bbcx/grey-placeholder.png"
        ],
        "videos": [
            "",
            "",
            ""
        ],
        "author": "By Soutik Biswas,",
        "text": [
            "Balaram Bhallavi and his family might finally get a proper roof over their heads. ",
            "For years, a tiled shanty in a sun-drenched village in India's central Madhya Pradesh state has been home to Mr Bhallavi, his wife, and their four school-going children. A strip of a mud-floored foyer packs in a kitchen, a few plastic chairs, two rope beds and fraying clotheslines. ",
            "After a three-year wait, the Bhallavi family received 120,000 rupees ($1,445; \u00a31,136) from a programme run by Prime Minister Narendra Modi's government last year, allowing them to start building a new home. ",
            "More than 25 million homes have been built since 2016 under the rural public housing programme, called the Pradhan Mantri Awas Yojana (Prime Minister's Housing Scheme). It is one of the more than 300 federal schemes that Mr Modi is leaning on to bolster support for his Bharatiya Janata Party (BJP) during the general election as he eyes a record-equalling third term in office.   ",
            "\"Life is tough. But I am grateful to get money from the government to build my first house,\" Mr Bhallavi, 42, said.",
            "After coming to power in 2014, Mr Modi has expanded India's welfare programmes, targeting women and farmers in particular. This includes providing cooking gas, free grain, houses, toilets, piped water, electricity and bank accounts, and beefing up a long-running jobs guarantee programme. ",
            "Many benefits - pensions, subsidies, loans and scholarships - are delivered through cash transfers to bank accounts linked to biometric identity cards held by over a billion Indians. Giant posters of Mr Modi promoting these schemes as his personal \"guarantees\" dominate the landscape.",
            "Mr Modi says his government has spent more than 34 trillion rupees ($400bn; \u00a3316bn) in the past decade, delivering direct cash benefits to low-income households and reaching over 900 million people. A yearly handout of 6,000 rupees to more than 110 million farmers constitutes one of the world's largest cash transfer programmes. The transfers, officials claim, have cut corruption and slashed costs.   ",
            "Economist Arvind Subramanian calls this Mr Modi's \"New Welfarism\", funding essential private items like toilets, rather than expanding public goods such as primary education and healthcare.",
            "To be sure, \"New Welfarism\" stands apart from the traditional welfare models in Europe or the US. ",
            "While the US tends to favour smaller government and lower taxes, resulting in modest social transfers, European welfare states have been more generous. Social democracies such as those in Scandinavia have favoured higher social spending, supported by higher taxes. ",
            "Following Mr Modi's cue, all parties in India have caught what Devesh Kapur of Johns Hopkins University calls the \"virus of cash transfers with numerous schemes across states and political parties\". ",
            "The country's state governments now operate more than 2,000 cash transfer programmes. \"Every party in India knows that welfare matters for votes,\" says Mr Kapur.",
            "On a recent balmy morning in Bishnupur in West Bengal state, more than a hundred men, women and children gathered under a blue-and-white tent in a school courtyard. The event had a festive air about it.",
            "Except this was a welfare delivery camp organised by the ruling Trinamool Congress party, led by Mamata Banerjee, a charismatic regional leader who has so far repelled Mr Modi's BJP in the eastern state, home to over 100 million people.",
            "Serving her third term, Ms Banerjee has prioritised welfare initiatives, running some three dozen schemes. These include free bicycles to get to school, scholarships for girls, financial aid, pensions for women, the elderly and the disabled, alongside universal health insurance. ",
            "\"We are giving welfare benefits here from birth to death,\" Naziruddin Sarkar, a senior district official, said. ",
            "To ease the burden of travelling to distant government offices and dealing with unhelpful officials, Ms Banerjee's government operates a benefits outreach programme called 'Duare Sarkar', meaning 'government at your doorstep'. In the last three years alone, over 100 million people have registered for welfare benefits across different schemes at more than 650,000 such camps in 23 districts, according to official data.",
            "The camp in Bishnupur offers a snapshot of the livelihoods of beneficiaries. ",
            "Shobha Mondal says she is using her widow's pension to send her son to school. Monika Tithi uses three separate pensions - as a farmer, tribesperson and woman - to run a village grocery. Dipali Mondal, another widow, uses her pension to make and sell street-side snacks.",
            "\"When old or widowed women get money, they are respected more in their household. Pensions give them dignity,\" Choten Dhendup Lama, a senior official, said.  ",
            "Hundreds of miles away in the coastal city of Visakhapatnam in southern India's Andhra Pradesh state, Y Laxmi pins her hopes on welfare to secure a brighter future for her children.",
            "She lives with her deaf and speech-impaired husband, their two school-going sons, and her widowed mother-in-law. They rely on handouts totalling 6,000 rupees every month, from her husband's disability and her mother-in-law's widow's pensions, to run the household.",
            "The state government under YS Jagan Mohan Reddy, leader of the YSR Congress Party, funds more than two dozen welfare programmes. They include aid for women's self-help groups, even monthly payments to kidney patients for dialysis.",
            "The potential game-changer is the Amma Vodi or Mother's Lap scheme which provides support of 15,000 rupees annually, that mothers like Ms Laxmi get to send children to school. Her 17-year-old son, Vamsi, aspires to go to the Indian Institute of Technology, the country's top engineering school.",
            "\"The money from the government will hopefully help in realising his dream,\" Ms Laxmi said. ",
            "Mr Modi inherited India's welfare system - free food, electricity and farm subsidies, rural housing and a rural jobs programme - and made it bigger.",
            "Surveys show voters identify welfare programmes with the ruling parties, and that the number of households reporting using clean cooking fuel, toilets and women's access to bank accounts has increased since Mr Modi came to power a decade ago. Distributing free bicycles to girls attending schools and colleges in various states has increased access to education. ",
            "But evidence of welfare translating to votes is more mixed. Victories in Indian elections aren't solely determined by a single factor - caste, demography and religious identity are other key predictors of support for a party. ",
            "In 2019, a survey by polling group Lokniti-CSDS, found that the BJP had attracted more women voters in that year's general elections, because of a rise in Mr Modi's popularity and the impact of welfare schemes. Yet, a recent study in West Bengal concluded that \"ideology and identity politics\" outweighed welfare considerations in explaining the growing popularity of the BJP in the state.",
            "Last year, amidst mounting allegations of corruption, the BJP lost elections in Karnataka despite a slew of welfare programmes. In Andhra Pradesh, a state known for its high social mobility, there's scepticism whether welfare initiatives alone will suffice for Mr Reddy to win this summer, given a lack of jobs and poor infrastructure. Many grumble that welfare undermines work ethic.",
            "\"Leaders have benefited politically from the programmes. But over time, there are diminishing returns. Governance and other things begin to matter more,\" Mr Subramanian said.",
            "He also cautions against \"competitive populism\", emphasising the strain of too many welfare schemes on public funds. India's public debt - of federal and state governments - exceeds more than 80% of GDP, according to IMF data. Last December, in a report, the IMF flagged India's \"elevated public debt levels and contingent liability risks\". ",
            "\"States are playing with fire,\" said Mr Subramanian. \"These schemes have become permanent entitlements. I don't know how this will end.\"",
            "The jury is still out on whether 'New Welfarism' is hurting the exchequer. And experts also warn that these schemes aren't enough to lift people out of poverty; investments in healthcare and education are also essential.",
            "Then there are slippages in the much-hyped programmes. In Visakhapatnam, despite receiving ample handouts, Ms Laxmi's family spends a fortune buying drinking water because of the lack of a water connection, and go to a neighbour's apartment to use the toilet because they have none. ",
            "Also, inflation and falling incomes could often mean that welfare has its limits. Mr Bhallavi, who got a handout to build his house in Madhya Pradesh, earns 500 rupees daily making brick homes. Despite owning a farm, freak weather and high fertiliser prices have made farming unviable.",
            "He said he would also need to top up the housing handout and borrow an additional 80,000 rupees at a 12% annual rate from the village money lender to construct his house, underscoring the continuing challenge of accessing affordable formal credit. ",
            "His wife, Lakhpati Bai, said that despite benefiting from subsidised cooking gas for two years, they struggle to refill their free cylinder due to rising gas prices. \"We do most of our cooking on the clay stove,\" she said. ",
            "In 2022, India's Home Minister Amit Shah defended his government's approach to welfare.",
            "\"We have given gas connections, power connections and it's up to them [people] to pay their bills. We have made toilets for them but they have to maintain them... What we did was to provide help to upgrade their lives - this is empowerment,\" Mr Shah told The Indian Express newspaper. ",
            "India spends less than 1% of its GDP on health, and spending on education has been slashed. Extending the free grain programme to over 800 million people until 2028 also points to a struggling rural economy. Mr Kapur believes cash transfers have \"become an easy short-term solution and harder long-term solutions like investing adequately in agriculture, education and healthcare are being neglected\". ",
            "\"All that requires institution building, which is a hard slog. So while there is much that is commendable about the New Welfarism, one worries that it might be at the cost of building systems that matter for long-term productivity and growth,\" he said. Most Indians would agree. ",
            "Videos by Bimal Thankachan",
            "All pictures are copyrighted"
        ]
    },
    "https://www.bbc.com/news/articles/cyrlm64d5zno": {
        "link": "https://www.bbc.com/news/articles/cyrlm64d5zno",
        "subtitle": "At least 36 UK festivals have announced a postponement, cancellation or complete closure in 2024.",
        "time": null,
        "title": "West Country festivals at crisis point due to rising costs",
        "topics": [
            "Live music",
            "Bristol",
            "Music festivals",
            "Music"
        ],
        "images": [
            "https://ichef.bbci.co.uk/news/480/cpsprodpb/db60/live/c51159c0-07ad-11ef-b289-a77873562b61.jpg.webp",
            "https://ichef.bbci.co.uk/news/480/cpsprodpb/3f41/live/5b428f00-07ad-11ef-b289-a77873562b61.jpg.webp",
            "https://ichef.bbci.co.uk/news/480/cpsprodpb/571a/live/0f14a580-0872-11ef-996e-29ade0d99634.jpg.webp",
            "https://ichef.bbci.co.uk/news/480/cpsprodpb/c5a6/live/acdc3820-0c5d-11ef-bec5-b37f68ae2668.jpg.webp",
            "/bbcx/grey-placeholder.png",
            "/bbcx/grey-placeholder.png",
            "/bbcx/grey-placeholder.png"
        ],
        "videos": [],
        "author": "Harriet Robinson,",
        "text": [
            "Festival organisers have said more government support is needed as rising costs leave them struggling to stay afloat.",
            "At least 36 UK festivals announced a postponement, cancellation or complete closure in 2024, the Association of Independent Festivals (AIF) said.",
            "\"Last year was the most expensive year to produce the event that we've ever had,\" said Simon Clarke, the director of Shindig, which will host its final event later this month.",
            "A spokesperson for HM Treasury said festivals were \"a vital part of British culture\" and added that the government had recently extended its Supporting Grassroots Music Fund by \u00a35m \"to cover festivals and provide additional support\". ",
            "But the AIF said the situation is the worst it has ever been and is calling for a VAT reduction on ticket sales.",
            "Among the cancellations and postponements are NASS in Somerset, Nibley Festival and Barn on the Farm in Gloucestershire and Inglefest, near Bristol.",
            "\"This is actually worse than Covid,\" said John Rostron, CEO of the AIF.",
            "\"Prior to the pandemic, independent festivals were growing, flourishing.\"",
            "But he said it now costs \"double the amount that used to do to put on your festival\".",
            "Later this month, Shindig will welcome 10,000 people to Dillington Estate in Ilminster for the last time to see acts including Groove Armada and Brand New Heavies.",
            "\"Pre-Covid, definitely, we'd get 50% of our sales early in the year and now it's swung the other way,\" said Mr Clarke.",
            "He explained customers buying tickets last minute had left them with a \"cashflow issue\".",
            "On top of that, its running costs \"are probably up by about 40% now\", added Mr Clarke.",
            "Shindig employs about 1,000 staff and another 1,000 musicians each year.",
            "Mr Clarke said it had been \"difficult\" to tell them all that next year would not be happening.",
            "\"It's not great news for them or us.\"",
            "Inglefest, a smaller festival in Wickwar, South Gloucestershire, which has been running since 2013, has postponed this year's event.",
            "The organisers are now hoping to raise \u00a310,000 via Kickstarter to secure its future.",
            "\"It's like a lifeline to help us to cover those additional costs that we've lost over the last year or two,\" said co-organiser Dom Mosley.",
            "He explained if they did not raise the money it would be \"the nail in the coffin\" for the festival.",
            "\"It's quite heart-breaking,\" he said.",
            "\"It's just not financially viable to keep going in the current climate without some pretty hefty changes.\"",
            "He added: \"I think the Government should be doing a lot more to support grassroots music in general.",
            "\"It's a bit of an epidemic of festivals just dropping at the moment, and it's really sad to see.\"",
            "Chris Smith, director of WOMAD which is held in Malmesbury, Wiltshire, said: \"There isn't an element of the festival that hasn't been scrutinised and challenged, but it's always cost versus safety, sustainability and the audience experience.",
            "\"We have to remember that if we make the wrong decisions and it impacts the quality of the experience for the audience then they may not come back and the financial situation gets worse, being potentially terminal.\"",
            "Mr Smith said \"wholesale support of the cultural sector\" is needed.",
            "\"Every week a new story breaks about a venue closing its doors, artists unable to make a living.  ",
            "\"It has never been about cost, it's about the social economic return for society in the form of an industry that generates billions for the country.\"",
            "Mr Rostron explained people were still buying tickets to festivals, but events were running at a loss.",
            "The AIF wants the government to reduce VAT from 20% to 5% on ticket sales for the next three years.",
            "\"It was a lifesaver during the pandemic and right now it's something that we'd need, just for a few years, just on ticket sales. ",
            "\"But that would give the space that we need for festivals to be able to happen, come through and recover.\"",
            "\"You wouldn't have the big festivals without the little ones,\" said Mr Mosley.",
            "\"It's so important that we don't lose any more of these grassroots events.\"",
            "The spokesperson for HM Treasury said there were no plans to reduce VAT on ticket sales but explained there were grants available for the grassroots music industry.",
            "\"We continue to work closely with the sector to understand the issues facing festivals,\" they added."
        ]
    },
    "https://www.bbc.com/sport/football/articles/c722e26vv06o": {
        "link": "https://www.bbc.com/sport/football/articles/c722e26vv06o",
        "subtitle": "Chris Gunter believes Wales \u201cwill be just fine\u201d as they look to respond to the disappointment of missing out on a place at Euro 2024.",
        "time": "2024-05-28T11:37:03.829641",
        "title": "Chris Gunter: Rob Page's Wales 'will be just fine' in long term - BBC Sport",
        "topics": [],
        "images": [
            "https://ichef.bbci.co.uk/news/1536/cpsprodpb/1cbe/live/b21a76a0-1d2c-11ef-ab6d-55ce0f8e5701.jpg",
            "https://ichef.bbci.co.uk/news/1536/cpsprodpb/744e/live/e45bf080-1d04-11ef-9ba6-65156d31ee3d.jpg"
        ],
        "videos": [],
        "author": "",
        "text": [
            "Chris Gunter believes Wales \u201cwill be just fine\u201d as they look to respond to the disappointment of missing out on a place at Euro 2024.",
            "Robert Page\u2019s squad will watch this summer\u2019s European Championship from afar following their agonising play-off defeat by Poland in March.",
            "But Gunter is confident Wales can bounce back by qualifying for the next major tournament, just as they did after missing out on the 2018 World Cup.",
            "\u201cI think when the tournament kicks off, there\u2019s going to be a week or two of thinking what if, which is natural,\u201d said former Wales defender Gunter, who joined Page\u2019s coaching staff in 2023.",
            "\u201cBut the main thing for us is that feeling of disappointment that everybody will feel this summer, there\u2019s no doubt that everybody will come back and be really hungry to make sure that at the next tournament, we will be there.",
            "\u201cWe have done that in the past, when we missed out on the World Cup after 2016 and then bounced back, and that will be the aim for everybody involved.\u201d",
            "Gunter retired from Wales duty in March 2023 having won 109 caps and been to three major tournaments.",
            "He was part of the squad who, having reached the semi-finals during an unforgettable run at Euro 2016, failed to reach the 2018 World Cup in Russia.",
            "But Wales responded to that setback by qualifying for Euro 2020, then featured in the World Cup for the first time 64 years in Qatar in 2022.",
            "Gunter says Page\u2019s players will \u201cstill be hurting\u201d following the Poland loss \u2013 when Daniel James\u2019 penalty shootout miss proved decisive - as they meet up for friendlies against Gibraltar on 6 June and Slovakia three days later.",
            "But the former right-back is convinced Wales\u2019 squad has the quality to come through future qualifying campaigns despite the retirements of key figures like Gareth Bale and Joe Allen.",
            "\u201cOf course everybody will talk about Gaz and Joe and players like that, but there are other players who have qualified for Euro 2020 and then the World Cup,\u201d Gunter told BBC Sport Wales.",
            "\u201cThose players have really good experience and there are more now coming through. The expectation will be that we want to be in those tournaments because we have put ourselves in that position as country.",
            "\u201cThere will be disappointment [this summer], but it gives a little bit of comfort to know that with the players who are in the current squad and the management, we will be just fine over the longer term.\u201d",
            "Gunter retired from club football two months after calling time on his Wales career.",
            "The 34-year-old says he is \u201chugely appreciative\u201d having been asked to join Page\u2019s backroom staff at the start of Euro 2024 qualifying.",
            "\u201cOf course the disappointment of March still stings a little bit, but generally, for me personally the last 12 months has been really good,\u201d Gunter added.",
            "\u201cI am really new to this side of things so my main focus at the minute is learning from everybody that I am around.\u201d"
        ]
    },
    "https://www.bbc.com/sport/rugby-union/articles/cd1840e1518o": {
        "link": "https://www.bbc.com/sport/rugby-union/articles/cd1840e1518o",
        "subtitle": "Scrum-half Danny Care signs a new contract to stay at Harlequins for the 2024-25 season.",
        "time": null,
        "title": "Danny Care: Harlequins scrum-half agrees new one-year contract - BBC Sport",
        "topics": [],
        "images": [
            "https://ichef.bbci.co.uk/news/2048/cpsprodpb/98c6/live/548ccb10-0d2c-11ef-9d43-f3aaca1fe8dc.jpg"
        ],
        "videos": [],
        "author": "",
        "text": [
            "Former England scrum-half Danny Care has signed a new contract to stay at Harlequins for next season.",
            "The 37-year-old, who retired from international rugby after the Six Nations, extends his career at The Stoop into a 19th season.",
            "Care has made 374 first-team appearances for Quins, a club record, and has scored more than 100 tries.",
            "\"This is my home, I love everything about it, the rugby we play, our amazing fans and the memories we have made,\" he told the club website., external",
            "\"It was an easy decision to sign the contract, we have a great group of lads who I love playing with, and we\u2019re building something very special.\"",
            "In the twilight of his career, Care decided against a lucrative move abroad, external to stay at Quins, who he first joined in 2006.",
            "It began a storied relationship with the club that included winning the Premiership in 2012 and 2021 and the European Challenge Cup in 2011.",
            "He made his international debut in 2008, was part of the Grand Slam winning side of 2016, and went on to become just the sixth men's player to play more than 100 games for England, retiring with 101 caps in March.",
            "Director of rugby Billy Millard, who had backed Care to play on for another season, added: \"Danny has been an incredible servant to our club and a true Harlequin, leading from the front with his exceptional professionalism, hard work, and determination to succeed. ",
            "\"We love having Danny in our squad, he\u2019s a great character and his infectious energy, alongside his experience, means he\u2019s a hugely popular and important member of our Quins DNA.\"",
            "After losing to Toulouse in the European Champions Cup semi-final on Sunday, Care will hope to help Quins to another Premiership semi-final.",
            "They lie fifth with two games remaining, level on points with Bristol in fourth, and travel to Exeter on Saturday before hosting Bristol in the final round."
        ]
    },
    "https://www.bbc.com/sport/formula1/articles/cz443212l5eo": {
        "link": "https://www.bbc.com/sport/formula1/articles/cz443212l5eo",
        "subtitle": "Round eight of the 2024 Formula 1 season heads to the streets of Monte Carlo for the Monaco Grand Prix, from 24-26 May.",
        "time": null,
        "title": "Monaco Grand Prix: schedule, race times and how to follow on the BBC - BBC Sport",
        "topics": [],
        "images": [
            "https://ichef.bbci.co.uk/news/999/cpsprodpb/f401/live/89be83f0-1600-11ef-8661-091145918129.jpg",
            "https://ichef.bbci.co.uk/news/988/cpsprodpb/af51/live/eefa3c90-1601-11ef-8661-091145918129.jpg"
        ],
        "videos": [],
        "author": "",
        "text": [
            "Round eight of the 2024 Formula 1 season heads to the streets of Monte Carlo for the Monaco Grand Prix, from 24-26 May.",
            "Referred to as the sport's crown jewel, the race is one of the most iconic on the calendar.",
            "Max Verstappen arrives looking to make it back-to-back wins after holding off Lando Norris' late charge to win the Emilia Romagna Grand Prix.",
            "The world champion leads the drivers' standings by 48 points from Ferrari's Charles Leclerc. Sergio Perez is third with Lando Norris fourth.",
            "There will be live radio commentary of the Monaco Grand Prix on BBC Radio 5 Live  and BBC Sounds, with every session on the BBC Sport website and app.",
            "You can also listen and download the Chequered Flag podcast, which previews and reviews every race of the season.",
            "Monaco Grand Prix coverage (all times BST)",
            "Friday, 24 May",
            "First practice - 12:30-13:30 (BBC Radio 5 Sports Extra and BBC Sounds)",
            "Second practice - 16:00-17:00 (online-only - BBC Sport website)",
            "Saturday, 25 May",
            "Third practice - 11:30-12:30 (BBC Radio 5 Sports Extra and BBC Sounds)",
            "Qualifying - 15:00-16:00 (online-only - BBC Sport website)",
            "Sunday, 26 May",
            "Race - 14:00 (BBC Radio 5 Live and BBC Sounds)",
            "At last year's race, Verstappen survived a mid-race downpour to win from Aston Martin's Fernando Alonso.",
            "Verstappen appeared to be cruising at the front but his race was given added jeopardy by his Red Bull team delaying his pit stop in an attempt to make it coincide with the rain.",
            "And Aston Martin appeared to miss a chance to beat Verstappen by pitting Alonso for a set of dry tyres as the rain was intensifying.",
            "Had Alonso been given treaded tyres, his stop - while Verstappen was still on untreaded slicks - looked as if it might have led to the Spaniard taking the lead.",
            "But Alonso had to stop again for intermediate tyres on the following lap, when Verstappen did the same, and any victory chances were gone."
        ]
    },
    "https://www.bbc.com/sport/football/videos/cl44jgjlee3o": {
        "link": "https://www.bbc.com/sport/football/videos/cl44jgjlee3o",
        "subtitle": "Watch how the Scottish FA announced the 28 players who are in the provisional squad for Euro 2024. Two will be cut before the finals.",
        "time": null,
        "title": "Euro 2024: How Scotland's provisional squad was announced - BBC Sport",
        "topics": [],
        "images": [],
        "videos": [],
        "author": "",
        "text": []
    },
    "https://www.bbc.com/news/world-us-canada-68972255": {
        "link": "https://www.bbc.com/news/world-us-canada-68972255",
        "subtitle": "The former US president's federal trial in Florida is now unlikely to begin before the 2024 election.",
        "time": null,
        "title": "Trump's classified documents trial in Florida indefinitely postponed",
        "topics": [
            "Indictments of Donald Trump",
            "Donald Trump",
            "United States"
        ],
        "images": [
            "https://ichef.bbci.co.uk/news/480/cpsprodpb/D44C/production/_133284345_gettyimages-1258567086.jpg.webp",
            "https://ichef.bbci.co.uk/news/480/cpsprodpb/1226C/production/_133284347_gettyimages-1258654493-1.jpg.webp"
        ],
        "videos": [],
        "author": "By Sam Cabral,",
        "text": [
            "A judge has indefinitely postponed Donald Trump's federal trial in Florida over his alleged mishandling of classified documents while in office.",
            "US District Judge Aileen Cannon said that setting a trial date before resolving significant questions over trial evidence would be \"imprudent\".",
            "Her court order on Tuesday cancelled the 20 May 2024 start date she had previously set for the proceedings.",
            "The trial is now unlikely to begin before the 5 November US election.",
            "Mr Trump's lawyers have proposed that the trial be held after his presidential rematch with Joe Biden, his successor in the White House. Prosecutors meanwhile have pushed for it to take place this year.",
            "But the 20 May date set by Judge Cannon appeared less and less likely to hold amid slow-moving deliberations over multiple pre-trial issues.",
            "The former president is accused of keeping top-secret documents in his possession after leaving office, rather than returning them to the National Archives as prescribed by law.",
            "Government prosecutors have also alleged that he then obstructed efforts to take back the documents, including by plotting to erase security video at his Mar-a-Lago estate in Florida.",
            "Mr Trump has denied any wrongdoing and has pleaded not guilty to the 40 felony counts against him, which range from conspiracy to obstruct justice to making false statements.",
            "Also charged alongside him are his personal aide Walt Nauta and Carlos de Oliveira, a property manager at Mar-a-Lago. Both men have also pleaded not guilty.",
            "Defence lawyers and prosecutors have repeatedly tussled in court over what classified evidence can be presented at trial, prompting a series of delays.",
            "Some legal commentators have also suggested that Judge Cannon, who has often sided with Mr Trump's arguments, is deliberately slow-walking the case on behalf of the man who appointed her to the court.",
            "In her Tuesday filing, the judge scheduled additional hearings over pending concerns, including one in late July, and declined to set a new date for the trial to begin.",
            "Finalising a trial date at this juncture, she wrote, \"would be imprudent and inconsistent with the Court's duty to fully and fairly consider the various pending pre-trial motions before the Court\".",
            "\"The Court therefore vacates the current May 20, 2024, trial date (and associated calendar call), to be reset by separate order following resolution of the matters before the Court,\" she added.",
            "Carl Tobias, a law expert at the University of Richmond, said that Judge Cannon had failed to act to limit the \"delay tactics\" of Mr Trump's team. ",
            "\"Some complications and delays may have been inevitable... but the judge's failure to take control and move the case, or to request help is surprising,\" he said.",
            "Mr Trump, the presumptive Republican nominee for president, is facing dozens of charges across three other criminal cases and is currently on trial in New York.",
            "But he is also awaiting a Supreme Court ruling on his claims of presidential immunity, a decision he has argued could influence all the criminal cases against him."
        ]
    }
}