{
    "https://www.bbc.com/news/articles/czqqdw3x469o": {
        "link": "https://www.bbc.com/news/articles/czqqdw3x469o",
        "subtitle": "He was widely panned as the worst umpire in the game. But was the criticism fair?",
        "time": "2024-05-29T13:28:16.471857",
        "title": "Angel Hern\u00e1ndez: Much-vilified MLB umpire calls it quits",
        "topics": [
            "United States"
        ],
        "images": [
            "https://ichef.bbci.co.uk/news/480/cpsprodpb/dc29/live/b6ba8770-1d33-11ef-80aa-699d54c46324.jpg.webp"
        ],
        "videos": [],
        "author": "Brandon Drenon,",
        "text": [
            "For many fans of America\u2019s favourite pastime, it was past time that he retired.",
            "Now one of the most vilified umpires in Major League Baseball has granted critics their wish.",
            "Angel Hern\u00e1ndez, an MLB umpire for over 30 years, announced on Monday night that he would be stepping down.",
            "US media reacted by labelling him the \u201cmost disliked\u201d, \u201cmost controversial\u201d and \u201cworst umpire\u201d in professional baseball.",
            "The actual data shows Hern\u00e1ndez was not the worst umpire in the game - just merely below average.",
            "But the wrong calls he did make were egregiously wrong, according to his detractors.",
            "Since umpiring his first MLB game in 1991, Hern\u00e1ndez has drawn scorn from nearly everyone.",
            "\u201cWhenever I watched or went to a game, no matter what team, when you saw that [Angel Hern\u00e1ndez] was behind the plate, you knew it was going to be a disaster,\u201d says Roberta Newman, a New York University professor who has written several books on baseball.",
            "\u201cThis isn\u2019t just a matter of opinion. He misses calls constantly and is wildly inaccurate.\u201d",
            "Hern\u00e1ndez\u2019s job was no easy one - using the naked eye to track a ball flying in a split second from pitcher to home plate at over 100mph (160km/h).",
            "But forgiveness can be in short supply in an $11bn (\u00a38.6bn) sports league.",
            "He received the most criticism for calls he made in the strike zone \u2013 the targeted area the baseball must cross on its way towards the hitter to be considered a strike rather than a ball (a pitch that isn\u2019t swung for by the batter).",
            "After news of Hern\u00e1ndez\u2019s retirement, an \u201canti-highlight reel\u201d surfaced on X, formerly Twitter, showcasing some of his most disagreeable calls.",
            "One clip shows him calling a strike for a ball thrown well outside the strike zone, which prompted the sports announcer to laugh and say \u201cthat wasn\u2019t even close\u201d.",
            "In one of the most viral moments, Philadelphia Phillies outfielder Kyle Schwarber slammed his baseball bat and helmet on the ground, marched up to Hern\u00e1ndez and shouted at him \u2013 inches from his face.",
            "\u201cHe needs to find another job,\u201d Ian Kinsler, a former MLB athlete, said about Hern\u00e1ndez in 2017.",
            "Intense criticism of MLB umpires is not new, however, Prof Newman points out. \u201cIt runs like a thread through baseball history.\u201d",
            "She cites the popular poem Mother May I Slug the Umpire, published in the Chicago Tribune in 1886.",
            "And TV has only added to the woes of umpires, Prof Newman notes. Once the strike zone was digitised for TV in the early 2000s \u2013 appearing on screen as a white rectangular box \u2013 it created a nation of increasingly opinionated armchair umpires.",
            "\u201cNow you can see how bad the call is for yourself,\u201d Prof Newman says. \u201cThat adds to the enmity.\u201d",
            "There is further indication that Hern\u00e1ndez made the wrong calls, though, Prof Newman says.",
            "Despite being in the MLB for 34 seasons, he had not worked a World Series game since 2005, nor umpired a league championship series since 2016.",
            "He was also never promoted to crew chief like many others with his level of tenure.",
            "This prompted the Cuba-born Hern\u00e1ndez to file a lawsuit against the league in 2017, alleging racial discrimination. A federal appeals court rejected the legal action last year.",
            "The BBC has contacted his lawyer for comment about his decision to retire and whether it was prompted by the outcome of the lawsuit.",
            "Announcing his retirement, Hern\u00e1ndez said in a statement: \u201cStarting with my first Major League game in 1991, I have had the very good experience of living out my childhood dream of umpiring in the Major Leagues.",
            "\u201cThere is nothing better than working at a profession that you enjoy.\u201d",
            "Despite the vitriol, the game loved him back, says Ricardo Rodriguez, director of the Baseball Heritage Museum in Cleveland, Ohio.",
            "\u201cI believe that the relationship between MLB umpires and the fans is an amalgamation of love and hate,\u201d Mr Rodriguez says.",
            "\u201cSomebody\u2019s got to make the calls, and not all the calls are black and white.\u201d"
        ]
    },
    "https://www.bbc.com/news/world-us-canada-69018971": {
        "link": "https://www.bbc.com/news/world-us-canada-69018971",
        "subtitle": "Frank Fahrenkopf tells the BBC it's unusual to host debates before candidates become their party's nominee.",
        "time": null,
        "title": "Trump-Biden TV duels a 'shocker', says debate chairman",
        "topics": [],
        "images": [],
        "videos": [],
        "author": "",
        "text": []
    },
    "https://www.bbc.com/news/world-europe-69034417": {
        "link": "https://www.bbc.com/news/world-europe-69034417",
        "subtitle": "Journalist Piers Morgan says there are issues to be addressed by the programme makers.",
        "time": null,
        "title": "Baby Reindeer 'a big problem' for Netflix and Gadd - Morgan",
        "topics": [],
        "images": [],
        "videos": [],
        "author": "",
        "text": []
    },
    "https://www.bbc.com/news/uk-england-beds-bucks-herts-69035928": {
        "link": "https://www.bbc.com/news/uk-england-beds-bucks-herts-69035928",
        "subtitle": "The Hatters were beaten 4-2 at home to Fulham, confirming their drop from the Premier League.",
        "time": null,
        "title": "Watch: Luton Town fans remain upbeat despite relegation",
        "topics": [],
        "images": [],
        "videos": [],
        "author": "",
        "text": []
    },
    "https://www.bbc.com/news/world-europe-69064916": {
        "link": "https://www.bbc.com/news/world-europe-69064916",
        "subtitle": "People from a Dublin-bound plane from Doha describe scenes on board during severe turbulence.",
        "time": "2024-05-26T13:29:51.907315",
        "title": "Dublin passengers recall 'panic' as Doha plane hit turbulence",
        "topics": [],
        "images": [],
        "videos": [],
        "author": "",
        "text": []
    },
    "https://www.bbc.com/news/uk-politics-69034413": {
        "link": "https://www.bbc.com/news/uk-politics-69034413",
        "subtitle": "The BBC's Laura Kuenssberg finds out if her Conservative and Labour guests know their parties' policies.",
        "time": null,
        "title": "'I fluffed it': Labour's Streeting caught out on party pledges",
        "topics": [],
        "images": [],
        "videos": [],
        "author": "",
        "text": []
    },
    "https://www.bbc.com/news/uk-england-south-yorkshire-69050214": {
        "link": "https://www.bbc.com/news/uk-england-south-yorkshire-69050214",
        "subtitle": "Yorkshire Wildlife Park says the arrival of four endangered cubs is \"incredibly\" exciting.",
        "time": "2024-05-22T13:30:43.632569",
        "title": "Moment cheetahs born at Yorkshire Wildlife Park",
        "topics": [],
        "images": [],
        "videos": [],
        "author": "",
        "text": []
    },
    "https://www.bbc.com/news/uk-politics-69073023": {
        "link": "https://www.bbc.com/news/uk-politics-69073023",
        "subtitle": "The Labour leader says no decision has been taken to bar Diane Abbott.",
        "time": "2024-05-29T13:31:08.341692",
        "title": "Not true Abbott barred from standing for Labour - Starmer",
        "topics": [],
        "images": [],
        "videos": [],
        "author": "",
        "text": []
    },
    "https://www.bbc.com/news/world-asia-india-68653573": {
        "link": "https://www.bbc.com/news/world-asia-india-68653573",
        "subtitle": "India\u2019s PM is eyeing a record third term - his home minister is the brains behind his election wins.",
        "time": null,
        "title": "Amit Shah: The quiet, feared strategist behind Modi\u2019s rise",
        "topics": [
            "Asia",
            "India Election 2024",
            "Narendra Modi",
            "India"
        ],
        "images": [
            "https://ichef.bbci.co.uk/news/480/cpsprodpb/273E/production/_133264001_0893e3bc-17b0-48d6-b01f-6da0c589c706.jpg.webp",
            "https://ichef.bbci.co.uk/news/480/cpsprodpb/72FB/production/_112953492__90021446_test_grey_line_new-nc.png.webp",
            "https://ichef.bbci.co.uk/news/480/cpsprodpb/1310A/production/_133209087_gettyimages-1544758836resizedgradient.jpg.webp",
            "https://ichef.bbci.co.uk/news/480/cpsprodpb/2B52/production/_133209011_gettyimages-1145719640gradient.jpg.webp",
            "https://ichef.bbci.co.uk/news/480/cpsprodpb/72FB/production/_112953492__90021446_test_grey_line_new-nc.png.webp",
            "https://ichef.bbci.co.uk/news/480/cpsprodpb/72FB/production/_112953492__90021446_test_grey_line_new-nc.png.webp",
            "https://ichef.bbci.co.uk/news/480/cpsprodpb/C792/production/_133209015_gettyimages-1377475758gradient.jpg.webp",
            "https://ichef.bbci.co.uk/news/480/cpsprodpb/72FB/production/_112953492__90021446_test_grey_line_new-nc.png.webp",
            "https://ichef.bbci.co.uk/news/480/cpsprodpb/163D2/production/_133209019_gettyimages-50858962gradient.jpg.webp",
            "https://ichef.bbci.co.uk/news/480/cpsprodpb/72FB/production/_112953492__90021446_test_grey_line_new-nc.png.webp",
            "https://ichef.bbci.co.uk/news/480/cpsprodpb/D34A/production/_133209045_gettyimages-106365661gradient.jpg.webp",
            "https://ichef.bbci.co.uk/news/480/cpsprodpb/72FB/production/_112953492__90021446_test_grey_line_new-nc.png.webp",
            "https://ichef.bbci.co.uk/news/480/cpsprodpb/72FB/production/_112953492__90021446_test_grey_line_new-nc.png.webp",
            "https://ichef.bbci.co.uk/news/480/cpsprodpb/16F8A/production/_133209049_gettyimages-859826510gradient.jpg.webp",
            "https://ichef.bbci.co.uk/news/480/cpsprodpb/72FB/production/_112953492__90021446_test_grey_line_new-nc.png.webp",
            "/bbcx/grey-placeholder.png"
        ],
        "videos": [
            "",
            "",
            ""
        ],
        "author": "By Geeta Pandey,",
        "text": [
            "Narendra Modi will find out in June if he's won a record third term in a row as India's prime minister. After a decade in power he is omnipresent - but frequently seen at his side is a less talked-about politician, who has helped mastermind the extraordinary rise of the Bharatiya Janata Party (BJP). ",
            "Amit Shah - often called India's \"second most powerful man\" - is a formidable old friend, Mr Modi's closest confidant and the brains behind his election juggernaut.",
            "A hardline Hindu nationalist popularly known as Amitbhai, Mr Shah has charted numerous election wins for the BJP. He lacks the star power of the PM and is a more private man. But he is an excellent organiser and campaign strategist, a shrewd politician - and like Mr Modi, a hugely polarising figure. ",
            "His supporters view him as the \"great defender of the Hindu faith\" but those who dare cross him find a feared adversary.",
            "Critics say he is the driving force behind some of India's most controversial legislation, including scrapping Kashmir's partial autonomy - which had been a BJP manifesto pledge for decades - and a new citizenship law that has been described as deeply discriminatory towards Muslims.",
            "Speaking to the BBC, friends and colleagues who have known him since his school days and early career - even those who stood by him while he was briefly jailed - provided a rare insight into his early life. They described what they saw as the secret of his extraordinary success,  spoke of his deep loyalty and affection for party workers, and appetite for hard work. ",
            "Amit Shah first burst onto the national stage a decade ago when he engineered a remarkable turnaround for the BJP in India's most electorally crucial state.",
            "For years, Uttar Pradesh had been seen as unattainable, but in the 2014 general election the party won an unprecedented 71 of its 80 seats. ",
            "\"Shah has a God's gift - a brain sharper than Chanakya,\" says Yatin Oza, a lawyer and former BJP politician who worked closely with Amit Shah for decades until the two fell out, comparing him to the iconic Indian strategist behind the spread of the subcontinent's first empire 2,000 years ago. And as Amit Shah's friends and rivals would all agree, his skills are put to brilliant use at election time. ",
            "He built on the 2014 success with historic state assembly election wins in 2017 and 2022. And in the 2019 general election, he led the party to a second, even bigger landslide.",
            "Yatin Oza says he knew from the start that someday Amit Shah would \"be at the helm\". ",
            "\"I saw that spark in him, that political shrewdness in him. I saw a horse going to win big races.\" ",
            "Devang Dani, a BJP councillor in Ahmedabad who has known Mr Shah for more than 30 years, says his \"priority has always been to ensure his candidate wins\".",
            "\"Whether it's the village council or the parliament, no election is too small. For Amitbhai, every war has to be won. It's because of Modi and Shah that the BJP went from two seats in the 1984 election to 303 in 2019.\" ",
            "This photo from the day the 2019 election results were announced captures one of Amit Shah's career highlights - he beamed as his car rolled into the party office in Delhi. His remarkable journey from student politician to the higher echelons of power seemed complete.",
            "Amit Shah was born in Mansa, a small town in Gujarat state, on 22nd October 1964. His father, Anilchandra, owned a small business making PVC pipes and his mother Kusumben was a housewife. ",
            "Childhood friend Sudhir Darji talks of Amit Shah's \"strong connection with his ancestral land\" and his regular visits to Mansa. He gives us a tour of the family grounds where Amit Shah lived, playing cricket and marbles with friends, until the age of 16 before his parents moved to Ahmedabad, Gujarat's largest city. We are escorted into Mr Shah's old family complex through his uncle's home - a spacious and shuttered middle class dwelling - next door. ",
            "At the nearby primary school the two boys attended, the playground, classrooms, toy cupboard and school bell haven't changed in half a century. As a child, Mr Darji says, Amit Shah was quite mild-mannered - he was bullied a fair bit by other students who would break his slate and steal his lunch. The two boys were also regularly summoned to the principal's office for behaving badly.",
            "Amit Shah first met Narendra Modi in 1982 in Ahmedabad when he joined the right-wing Hindu Rashtriya Swayam Sevak Sangh (RSS), the ideological fountainhead of the BJP. ",
            "Mr Modi, an RSS pracharak (preacher) at the time, advised his younger colleague to join the BJP's student wing, the ABVP.",
            "The two formed an immediate bond and as Mr Modi rose through the ranks, so did Mr Shah. Supporters describe them as \"two wheels of a car\" and compare them to the brothers Ram and Lakshman from the Hindu epic Ramayana. ",
            "Senior journalist Kingshuk Nag, editor of the Times of India in Gujarat in the early 2000s, says the two were a perfect fit - Narendra Modi who thrived on public adulation was the face, Amit Shah a \"private, shy person\" who kept away from the limelight.",
            "He worked behind the scenes, building his base, winning friends and followers, and beating rivals and opponents in elections.",
            "\"Shah's importance lies in the fact that he's able to deliver the goods for Modi. He can do a lot of things that Modi can't. He is useful to Modi - he is the road roller who flattens the obstacles in his way,\" Mr Nag says.",
            "Many of his critics did not want to talk about him openly, saying they genuinely feared him. Some bureaucrats have said they are unnerved by his \"eerie gaze, stony eyes and dead face\". ",
            "Amit Shah learned his political trade in his home state and over the years he established himself as Narendra Modi's right-hand man.",
            "\"He was good at spotting talent and backed young people he believed had potential,\" says RD Desai, a close aide who has known him since 1987. \"But for more than a decade and a half after joining politics, he did not contest a single election, saying I have to build the organisation first.\"",
            "That's an insight many of his early colleagues stress - Amit Shah always plays the long game.",
            "He was first elected to the Gujarat assembly in 1997 when Narendra Modi picked him as a candidate from Sarkhej constituency. He held it in 1998, 2002 and 2007 and after the seat's dissolution in 2008, he moved to nearby Naranpura. He did not contest the 2014 general election, but was elected MP for Gandhinagar in 2019 and is standing there this year too. ",
            "The religious riots that swept Gujarat in February 2002 and their aftermath provided the backdrop against which the Modi-Shah relationship flourished. More than 1,000 people were killed, most of them Muslims.",
            "Mr Modi, who was then Gujarat chief minister, was criticised for not doing enough to prevent the carnage. He denied any wrongdoing and was later cleared by courts too.",
            "A few months after the riots when the BJP won the state elections in a very polarised Gujarat, Amit Shah was given charge of a dozen ministries.",
            "The state police and prosecution, which reported to Mr Shah's home ministry, were criticised by the Supreme Court for their shoddy investigations into some of the riots cases. Describing it as \"a miscarriage of justice\", India's top court moved trials in two high-profile cases out of Gujarat. The Gujarat government also admitted in court that there had been \"lapses on the part of the state police in registering cases and on the part of the prosecution in recording the evidence of witnesses\".",
            "Over the years, Amit Shah himself was accused of a role in the riots, but the allegations, which he denied, were never properly investigated.",
            "Senior journalist Rajiv Shah, who owned an apartment in Sarkhej, wrote in the Times of India that when he asked him to work towards restoring peace in the area after the riots, Mr Shah asked him whether his house was in the Hindu or Muslim-majority area? ",
            "\"When I told him the location, he replied, 'Don't bother. Nothing will happen to you. Whatever incidents happen will take place on the other side'.\" ",
            "The BBC contacted Mr Shah's office about this but did not receive a response. ",
            "Amit Shah's life began unravelling in 2008 when he was accused in the 2005 extra-judicial killing of Sohrabuddin Sheikh, a Muslim civilian, and his wife Kausar Bi. ",
            "Mr Shah denied the accusations calling them \"politically motivated\", but he was arrested and charged with murder and kidnapping in 2010. ",
            "The timing couldn't have been more inopportune for him - until then, he had been widely seen as a future successor to Narendra Modi as chief minister. But he had to resign as state home minister and spent more than three months in jail. ",
            "When Mr Shah was freed on bail, the court ordered him to leave Gujarat to stop him from influencing witnesses.",
            "Last December, he recalled his prison stint, saying it was \"a tough period\" and how he went \"from being the jail minister to an inmate in five minutes\".",
            "Hitesh Barot, who first met Amit Shah in 1988 in the RSS, says it was \"God testing him, but he came out on top. He had nothing to do with the case, it was fake\". Mr Desai, who visited him in Delhi soon after his release, says \"Shah changed adversity into opportunity\". ",
            "\"He said 'I will use this time to establish myself in Delhi and evict the Congress party from power and put Modi on the throne'.\"",
            "In December 2014, six months after Narendra Modi became prime minister, the court cleared Amit Shah. Judge MB Gosavi said he accepted that the charges against him were politically motivated.",
            "Although the federal police in their charge sheet in July 2010 had accused Mr Shah of interference in the investigation, they never appealed against his acquittal, leading to allegations that they were influenced by the BJP coming to power, a charge the party denies.",
            "Mr Shah's acquittal was also surrounded by an unsavoury row. Days earlier, the judge hearing his case suffered a fatal heart attack. Family members alleged his death was suspicious and that there had been an attempt to bribe him. None of this was ever proved and the Supreme Court dismissed calls for an investigation. ",
            "Mr Shah's office did not respond to BBC questions over the family's allegations. ",
            "Just like his leader and mentor, Amit Shah has often spoken about righting \"historical blunders\" that began when India became independent in 1947.",
            "Scrapping Kashmir's special status and introducing the controversial Citizenship Amendment Act (CAA), which allows non-Muslim religious minorities from Pakistan, Bangladesh and Afghanistan to seek Indian citizenship, were attempts to \"right those wrongs\".",
            "The legislation attracted global condemnation - and came as instances of violence against Muslims, India's biggest religious minority with a population of more than 200 million, have been rising since 2014. ",
            "In 2019, human rights activists and the US State Department criticised Mr Shah for describing illegal Muslim immigrants as \"termites\" and threatening to \"throw them into the Bay of Bengal\". At election rallies, he routinely speaks of \"us and them\" - them being Muslims. ",
            "Some analysts see his language as strident campaigning, but Mr Oza believes they are deeply held personal beliefs. ",
            "\"I really don't know why but I saw it the day I first met him. And till today, his anger, his prejudice, his dissatisfaction towards Muslims has been the same. His hatred and policy of non-acceptance remains the same and very firm and very rigid.\" ",
            "Mr Shah's office did not respond to our questions on this but his childhood friend Sudhir Darji disagrees. \"He'll never say or do anything against Muslims. His aim is to take everyone forward, together.\"",
            "Residents of Juhapura, Gujarat's biggest Muslim ghetto that falls in his constituency, however, told the BBC their MP had neglected them. We put this point to Mr Shah's office too, but did not hear back.",
            "Narendra Modi and Amit Shah often accuse their rivals of corruption, but in 2017, the BJP had to rally around Mr Shah to defend his only son - businessman Jay Amit Shah - after a news portal called The Wire accused him of corruption. ",
            "Shah junior - and his father - denied that his business had grown 16,000 times since the BJP came to power. He called the report \"false, derogatory and defamatory\" and sued The Wire. The case has still not been settled.",
            "Opposition leaders also accused Mr Shah of nepotism in January 2021 when his son was appointed secretary of the Board of Control for Cricket in India (BCCI), the cash-rich governing body of India's most popular sport. ",
            "While Mr Shah has defended his son, PM Modi remained silent. And that, some say, is an indication of how important he is to Mr Modi.",
            "The prime minister is 73 and in good health. So it's unlikely there'll be a vacancy for the top job soon. But Amit Shah's name crops up whenever the question - after Modi, who? - arises. ",
            "At 60, age appears on the home minister's side, although he's had several health scares in recent years.",
            "If he harbours any prime ministerial ambition, he hasn't articulated it. And no-one expects Mr Shah to cross the PM, who he has worked with for more than four decades. ",
            "\"He is Modi's right-hand man and commander-in-chief. Modi trusts him fully and it's a given that Shah would never try to cross him,\" says Mr Nag. ",
            "Mr Oza says for Amit Shah \"it's always, if it's not Modi, then it's no-one else\". ",
            "All videos by Anshul Verma"
        ]
    }
}