{
    "https://www.bbc.com/sport/rugby-union/articles/c51nnxvgr0ro": {
        "link": "https://www.bbc.com/sport/rugby-union/articles/c51nnxvgr0ro",
        "subtitle": "Harlequins confirm long-serving prop Will Collier will leave the club at the end of the season to play in France's Top 14.",
        "time": null,
        "title": "Will Collier: Harlequins prop to depart for France's Top 14  - BBC Sport",
        "topics": [],
        "images": [
            "https://ichef.bbci.co.uk/news/1024/cpsprodpb/1f7a/live/b70ac740-11e3-11ef-a40c-a15b02a51ff9.jpg"
        ],
        "videos": [],
        "author": "",
        "text": [
            "Long-serving Harlequins prop Will Collier will leave the club at the end of the season to play in the French Top 14.",
            "It has not been confirmed where Collier is going but the 33-year-old has been strongly linked with a move to Castres Olympique.",
            "He joined Quins in 2009 and made 240 appearances - winning two Premiership titles - and has played twice for England. ",
            "\u201cIt has been a tough decision to leave but I feel now is the right time to take on a new challenge and adventure in France,\" Collier said. ",
            "\u201cHaving been part of Harlequins since the age of 14, I have been lucky enough to call The Stoop home for almost 20 years. ",
            "\"I have been a lifelong fan of this club and playing here has been a dream come true.\""
        ]
    },
    "https://www.bbc.com/news/uk-england-derbyshire-69028643": {
        "link": "https://www.bbc.com/news/uk-england-derbyshire-69028643",
        "subtitle": "The bird managed to get inside Jessica Matthews's car after she stopped to see if it was OK.",
        "time": null,
        "title": "Watch: Cockerel rescued after flying into woman's car",
        "topics": [],
        "images": [],
        "videos": [],
        "author": "",
        "text": []
    },
    "https://www.bbc.com/news/uk-scotland-69041066": {
        "link": "https://www.bbc.com/news/uk-scotland-69041066",
        "subtitle": "A trial in Tarfside in the Angus hills is testing the feasibility of creating pop-up mobile phone networks using drones.",
        "time": null,
        "title": "5G drones in Angus aim to transform mountain rescue",
        "topics": [],
        "images": [],
        "videos": [],
        "author": "",
        "text": []
    },
    "https://www.bbc.com/sport/rugby-union/articles/c51n14xdx5po": {
        "link": "https://www.bbc.com/sport/rugby-union/articles/c51n14xdx5po",
        "subtitle": "",
        "time": null,
        "title": "BBC - 404: Not Found",
        "topics": [],
        "images": [],
        "videos": [],
        "author": "",
        "text": []
    },
    "https://www.bbc.com/news/world-middle-east-68994849": {
        "link": "https://www.bbc.com/news/world-middle-east-68994849",
        "subtitle": "Palestinian ambassador to the UN Riyad Mansour details the impact of the war in Gaza on his people.",
        "time": null,
        "title": "Palestinian envoy to UN: Israel plans to destroy and displace",
        "topics": [],
        "images": [],
        "videos": [],
        "author": "",
        "text": []
    },
    "https://www.bbc.com/news/in-pictures-68942528": {
        "link": "https://www.bbc.com/news/in-pictures-68942528",
        "subtitle": "People in England and Wales are voting today - some with the very best in canine company.",
        "time": null,
        "title": "Local elections 2024: Dogs at polling stations",
        "topics": [
            "England and Wales elections 2024",
            "Dogs"
        ],
        "images": [
            "https://ichef.bbci.co.uk/news/480/cpsprodpb/184BC/production/_133261599_55c711cf-7266-4269-aabb-a57cc359bca2.jpg.webp",
            "https://ichef.bbci.co.uk/news/480/cpsprodpb/10D2A/production/_133260986_0b868a06c3aa0e8088ef89bd1cee143ef28cb1a9.jpg.webp",
            "https://ichef.bbci.co.uk/news/480/cpsprodpb/E87C/production/_133261595_gettyimages-2151088409.jpg.webp",
            "https://ichef.bbci.co.uk/news/480/cpsprodpb/1369C/production/_133261597_gettyimages-2151091563.jpg.webp",
            "https://ichef.bbci.co.uk/news/480/cpsprodpb/1343A/production/_133260987_442acf7e38690e4ad3207264c41d8c0f61d047ab.jpg.webp",
            "https://ichef.bbci.co.uk/news/480/cpsprodpb/26B2/production/_133260990_e41e77433cbf66096060b38326e1ae2f7fdb2632.jpg.webp",
            "https://ichef.bbci.co.uk/news/480/cpsprodpb/E61A/production/_133260985_fd27e687f188c946f5879d8a7419376623552352.jpg.webp",
            "https://ichef.bbci.co.uk/news/480/cpsprodpb/9BE2/production/_133260993_gettyimages-2151071322.jpg.webp",
            "https://ichef.bbci.co.uk/news/480/cpsprodpb/15B4A/production/_133260988_39da4cf3-dd73-4a50-8a80-479e038a289b.jpg.webp",
            "https://ichef.bbci.co.uk/news/480/cpsprodpb/1825A/production/_133260989_c585d89d-be17-47cd-8495-cb8a2a7601a7.jpg.webp",
            "https://ichef.bbci.co.uk/news/480/cpsprodpb/62E4/production/_133261352_185039e6-e650-4fe8-9516-397a3ef26169.jpg.webp",
            "https://ichef.bbci.co.uk/news/480/cpsprodpb/89F4/production/_133261353_2ab98857-2795-4022-ba7a-73f145e0f17d.jpg.webp",
            "https://ichef.bbci.co.uk/news/480/cpsprodpb/3BD4/production/_133261351_f70e6bc2-7d67-42cc-9b68-0c0bf4f2960f.jpg.webp",
            "https://ichef.bbci.co.uk/news/480/cpsprodpb/4DC2/production/_133260991_6a4f0e300ffbf54d23f7b08fd84a9fc2f93f1bc7.jpg.webp"
        ],
        "videos": [],
        "author": "",
        "text": [
            "Voters in parts of England and Wales are heading to the polls today to elect councillors and mayors in the local elections. Many combine an exercise in democracy with walking their dogs.",
            "All photos subject to copyright"
        ]
    },
    "https://www.bbc.com/news/articles/cw00gyjn0dzo": {
        "link": "https://www.bbc.com/news/articles/cw00gyjn0dzo",
        "subtitle": "Dr Jordan Matthews is honoured for his role at the Women's Sport Leadership Academy in Chichester.",
        "time": "2024-05-27T14:14:46.565836",
        "title": "Chichester lecturer honoured for boosting women's sport",
        "topics": [
            "Chichester"
        ],
        "images": [
            "https://ichef.bbci.co.uk/news/480/cpsprodpb/e063/live/8a5c3c90-190b-11ef-876b-c77a1c45f857.jpg.webp"
        ],
        "videos": [],
        "author": "Stuart Maisner,",
        "text": [
            "A West Sussex university lecturer has been recognised for his role in developing women\u2019s leadership in sport.",
            "Dr Jordan Matthews, senior lecturer in sport management at the University of Chichester, was handed an outstanding achievement trophy at the Everything in Sport Awards.",
            "He was honoured for his contribution to stimulation in women\u2019s sport in a ceremony at Wembley Stadium.   ",
            "Dr Matthews said he was \"proud to have played my part\".",
            "The Sussex-based lecturer is programme development officer of the Women\u2019s Sport Leadership Academy (WSLA), which aims to boost development and leadership opportunities for women in sport. ",
            "It has already supported more than 400 women leaders in sport based in over 70 countries. ",
            "The programme is hosted at the University of Chichester.",
            "On winning the award, Mr Matthews said: \u201cWSLA was established in 2014 and, since then, many people have contributed to its success.",
            "\"We continue to develop it as an outstanding programme and have some exciting plans going forward.\u201d",
            "Follow BBC Sussex on Facebook, on X, and on Instagram. Send your story ideas to southeasttoday@bbc.co.uk  or WhatsApp us on 08081 002250."
        ]
    },
    "https://www.bbc.com/news/articles/c066gl0rl5yo": {
        "link": "https://www.bbc.com/news/articles/c066gl0rl5yo",
        "subtitle": "The coin features the Creg-Ny-Baa, one of the most popular areas for fans to view the races.",
        "time": "2024-05-29T14:15:10.172398",
        "title": "New \u00a32 TT 2024 commemorative coin 'encapsulates essence of event'",
        "topics": [],
        "images": [
            "https://ichef.bbci.co.uk/news/480/cpsprodpb/dc65/live/12d17f60-1d0b-11ef-a057-89a6326f68d9.png.webp"
        ],
        "videos": [],
        "author": "Rebecca Brahde,",
        "text": [
            "A commemorative coin featuring an Isle of Man TT racer passing the Creg-ny-Baa  \"encapsulates the essence of the event\", an MHK has said. ",
            "The \u00a32 piece released to coincide with the 2024 event has been released with the vantage point's name inscribed in the top corner.",
            "The Creg-ny-Baa is one of the most popular place for spectating on the 37.7-mile (60km) Mountain Course.",
            "Sarah Maltby MHK, who has responsibility for the TT and Motorsport, said it was a \"testament to the enduring spirit of the races\" in a form that is \"always close to hand\".",
            "Ms Maltby added that \"commemorative coins were \"keepsakes that connect us to moments, places and memories of significance\".",
            "\"For fans who cherish the iconic event this coin is a tangible embodiment of their passion,\" she added.",
            "Chairman of the Treasury's currency committee Bill Henderson MLC said as well as celebrating the races themselves, the coin \"showcases an iconic course location\".",
            "The Isle of Man TT races are scheduled to run until 8 June.",
            "Why not follow BBC Isle of Man on \u00a0Facebook\u00a0 and \u00a0X\u00a0? You can also send story ideas to IsleofMan@bbc.co.uk"
        ]
    }
}