{
    "https://www.bbc.com/sport/football/articles/crgg402e2m4o": {
        "link": "https://www.bbc.com/sport/football/articles/crgg402e2m4o",
        "subtitle": "A record-breaking \u00a33.5m-plus in prize money and TV cash will be paid out to clubs playing in next season's Scottish League Cup.",
        "time": null,
        "title": "Scottish League Cup prizes to reach new high next season - BBC Sport",
        "topics": [],
        "images": [
            "https://ichef.bbci.co.uk/news/2048/cpsprodpb/613e/live/e76b7350-1786-11ef-9fe6-1312c8b98083.jpg"
        ],
        "videos": [],
        "author": "",
        "text": [
            "A record-breaking \u00a33.5m-plus in prize money and TV cash will be paid out to clubs playing in next season's Scottish League Cup.",
            "It means a 14% increase from this season's Viaplay Cup, won by Rangers, when it is rebranded as the Premier Sports Cup.",
            "The announcement was made by Scottish Professional Football League organisers ahead of next Wednesday's group-stage draw.",
            "Next season's cup winners will receive \u00a3400,000, while each participating club is guaranteed to receive at least \u00a330,000.",
            "That is an increase of 25% from this season and compares to \u00a37,000 when the SPFL came into being in 2012-13.",
            "In addition, any club taking part in a match selected for live broadcast by Premier Sports will receive a TV facility fee of \u00a318,000 in the first-round group stage - and \u00a330,000 in the later rounds.",
            "Having accepted invitations to take part, Buckie Thistle and Brechin City, who were the top two in this season's Highland League, and Lowland League champions East Kilbride will be involved in Wednesday's draw.",
            "Celtic, Rangers, Heart of Midlothian, Kilmarnock and St Mirren, who have all qualified for European competition, will not be included until the knock-out stage."
        ]
    },
    "https://www.bbc.com/news/uk-england-derbyshire-69016323": {
        "link": "https://www.bbc.com/news/uk-england-derbyshire-69016323",
        "subtitle": "Officers closed part of the A6 on Chapel Street, Belper after a pedestrian was hit by a bus.",
        "time": null,
        "title": "Belper: Woman hit by bus on A6 suffers serious injuries",
        "topics": [
            "Belper",
            "Derbyshire Police"
        ],
        "images": [
            "https://ichef.bbci.co.uk/news/480/cpsprodpb/1BB2/production/_133309070_ambulance.png.webp",
            "https://ichef.bbci.co.uk/news/480/cpsprodpb/5CA5/production/_98171732_line976.jpg.webp"
        ],
        "videos": [],
        "author": "By Jude Winter,",
        "text": [
            "A woman suffered life-changing injuries after being hit by a bus in Derbyshire.",
            "The A6 was closed after a crash involving a pedestrian and a bus on Chapel Street, Belper, on Tuesday at about 11:00 BST.",
            "The pedestrian, a woman in her 70s, suffered serious, life-changing injuries in the collision, police said on Wednesday.",
            "The force is appealing for witnesses or anyone who has dashcam footage of the crash. ",
            "Follow BBC Derby on Facebook, on X, or on Instagram. Send your story ideas to eastmidsnews@bbc.co.uk or via WhatsApp on 0808 100 2210."
        ]
    },
    "https://www.bbc.com/news/world-europe-69019752": {
        "link": "https://www.bbc.com/news/world-europe-69019752",
        "subtitle": "Robert Fico is no longer in a life-threatening condition after being shot several times, the deputy prime minister has said.",
        "time": null,
        "title": "Slovakia PM shot in apparent assassination attempt",
        "topics": [],
        "images": [],
        "videos": [],
        "author": "",
        "text": []
    },
    "https://www.bbc.com/news/articles/cjewv5l001qo": {
        "link": "https://www.bbc.com/news/articles/cjewv5l001qo",
        "subtitle": "The four Romanian nationals were arrested as they arrived in Holyhead port.",
        "time": null,
        "title": "Four people charged with kidnapping and false imprisonment",
        "topics": [
            "Wales"
        ],
        "images": [
            "https://ichef.bbci.co.uk/news/480/cpsprodpb/618c/live/2a366a00-0eea-11ef-b9d8-4f52aebe147d.jpg.webp"
        ],
        "videos": [],
        "author": "",
        "text": [
            "Four people will appear in court on kidnapping and arranged marriage offences.",
            "North Wales Police said the Romanian nationals were detained as they arrived at Holyhead port on Anglesey.",
            "The four - aged 22, 35, 37 and 42 - have been charged with kidnapping, false imprisonment and causing another to enter into an arranged marriage.",
            "They will appear at court in Mold, Flintshire, on Saturday."
        ]
    },
    "https://www.bbc.com/news/technology-68994263": {
        "link": "https://www.bbc.com/news/technology-68994263",
        "subtitle": "BBC Analysis editor Ros Atkins looks at what what is being done to prevent minors seeing harmful content.",
        "time": null,
        "title": "Ros Atkins on... How different countries protect children online",
        "topics": [],
        "images": [],
        "videos": [],
        "author": "",
        "text": []
    },
    "https://www.bbc.com/news/uk-england-oxfordshire-69060103": {
        "link": "https://www.bbc.com/news/uk-england-oxfordshire-69060103",
        "subtitle": "Thames Valley Police has arrested 17 people on suspicion of affray and aggravated trespass.",
        "time": "2024-05-24T16:09:18.608108",
        "title": "Seventeen protestors arrested over University of Oxford Gaza protest",
        "topics": [
            "Israel-Gaza war",
            "Thames Valley Police",
            "Oxford",
            "University of Oxford"
        ],
        "images": [
            "https://ichef.bbci.co.uk/news/480/cpsprodpb/D240/production/_133342835_gaza1.jpg.webp",
            "https://ichef.bbci.co.uk/news/480/cpsprodpb/1CA6/production/_133343370_gaza2.jpg.webp",
            "https://ichef.bbci.co.uk/news/480/cpsprodpb/3785/production/_130231241_line976.jpg.webp"
        ],
        "videos": [],
        "author": "",
        "text": [
            "A 17th arrest has been made after a pro-Palestinian group occupied a University of Oxford building.",
            "Oxford Action for Palestine (OA4P) started a sit-in at university offices in Wellington Square on 23 May, demanding a meeting over its Israel-Gaza conflict policies.",
            "Sixteen people were previously arrested on suspicion of aggravated trespass.",
            "They have now also been further arrested on suspicion of affray. All have been released on bail.",
            "The 17th person was also arrested on suspicion of the same offences.",
            "Thames Valley Police said officers also dealt with protesters \"in the immediate vicinity of Wellington Square\", who \"have been peaceful and no arrests were made\".",
            "A spokesperson for OX4P said the students had staged \"a peaceful sit-in to demand that the university meet with us after two weeks of non-response\", demanding that administration meet with them \"to negotiate immediately\".",
            "The university said the temporary occupation of the building had caused \"significant distress\" to staff.",
            "\"It is clear that the actions of some of the protesters involved in the encampment have created a deeply intimidating environment for many members of our community, including our Jewish students and staff and members of the local Jewish community,\" it said in a statement.",
            "Follow BBC South on Facebook, X, or Instagram. Send your story ideas to south.newsonline@bbc.co.uk or via WhatsApp on 0808 100 2240."
        ]
    },
    "https://www.bbc.com/news/articles/cgxxvqnx2p0o": {
        "link": "https://www.bbc.com/news/articles/cgxxvqnx2p0o",
        "subtitle": "People can now collect the bags from Stan Brouard, Guernsey Gardens and Queux Plant Centre.",
        "time": "2024-05-30T12:09:33.411050",
        "title": "Glass recycling bags available from Guernsey garden centres",
        "topics": [],
        "images": [
            "https://ichef.bbci.co.uk/news/480/cpsprodpb/245b/live/87186cb0-1e70-11ef-bf22-93f0833be1f1.jpg.webp"
        ],
        "videos": [],
        "author": "Jack Silver,",
        "text": [
            "Guernsey Waste has opened new pick up points for glass recycling bags in three garden centres.",
            "Bags can be collected from Stan Brouard, Guernsey Gardens and Queux Plant Centre.",
            "Douglas Button, from Guernsey Waste, said: \"The glass bags were previously only available for collection from the Household Waste & Recycling Centre and at all the parish constables offices. ",
            "\"The garden centres are open at different hours to existing collection points and increase the number of locations the glass bags are available from.\"",
            "He added he hoped other garden centres would \"also be happy to help distribute them\".",
            "Follow BBC Guernsey on X (formerly Twitter) and Facebook. Send your story ideas to channel.islands@bbc.co.uk."
        ]
    },
    "https://www.bbc.com/sport/articles/ckdqn9w0104o": {
        "link": "https://www.bbc.com/sport/articles/ckdqn9w0104o",
        "subtitle": "Five-times North West 200 winner Lee Johnston offers his thoughts on missing the event through injury, working for BBC Sport NI, and who the likely winners are in 2024.",
        "time": null,
        "title": "North West 200: 'Frustrated... but excited' - Lee Johnston column - BBC Sport",
        "topics": [],
        "images": [
            "https://ichef.bbci.co.uk/news/1536/cpsprodpb/192a/live/f07a7950-0c50-11ef-b9d8-4f52aebe147d.png",
            "https://ichef.bbci.co.uk/news/812/cpsprodpb/fffb/live/c8c3ec00-0c43-11ef-88c9-b971c42a2660.jpg"
        ],
        "videos": [],
        "author": "",
        "text": [
            "Five-time North West 200 winner Lee Johnston has been ruled out of this year's event through injury, but here in his BBC Sport column he outlines his thoughts on the prospects for this year's event.",
            "It's frustrating to miss the North West 200 again this year after all that happened last year and how long I have been injured for now.",
            "The crash while testing in Spain in February was another setback and although I'm not in agony any more and my leg injuries are healing really well, they aren't at the point yet where I can get the cage off.",
            "It's hard to say exactly what stage of my rehabilitation I am at - we were trying to rush things to get it off so that I could race, but unfortunately the North West has just come too soon.",
            "I'm going to be part of the BBC team at the event though and I am really excited about that.",
            "I'm under no illusions about how hard that is going to be but they've kindly asked me to do it and I'm looking forward to going.",
            "I'm still aware, though, that I want to be a motorbike racer. Usually people get asked to do these things when they are retired, so from that point of view it feels a bit weird.",
            "The biggest thing about the North West for me is getting home.",
            "I've now lived more of my adult life in England than I have in Northern Ireland so I love coming home and the reception I get off the fans is amazing.",
            "They seem to have taken to me and they always will me on and wish the best for me.",
            "When you watch back some of the videos of when you win a race or take the lead and you hear the crowd it's amazing that people decide to cheer for you.",
            "The fans and the setting and the atmosphere make the event and obviously the track as well.",
            "I've been going to watch there since I was a kid so it's an event that means a lot to me.",
            "Hopefully the weather is good and we get some good, fast, exciting racing.",
            "Pretty much everyone who is at the front in a road race rides a short circuit in some form these days so all the leading contenders should be dialled in.",
            "Glenn Irwin is going to be hard to beat in the Superbikes. He's on one of the best bikes and is in really good form.",
            "It would take a brave man to bet against him, although the likes of Davey Todd is young and hungry and has been going really well in British championships.",
            "British Superbikes is Glenn's bread and butter but the North West is the only road race that he does so he's going there to win. He's not going there to get ready for the TT.",
            "Six or eight riders are in with a good chance of winning and while the North West is a great event for the likes of Peter Hickman, Dean Harrison and Michael Dunlop, to them the TT is the main race of the year and the big pay day.",
            "What they would lay out to win the North West wouldn't be what they would lay out to win the TT in my opinion.",
            "That's not belittling the North West, that's just the fact of it.",
            "The big thing at the North West is racecraft strategy because the slipstream is so important.",
            "If you can get away from the pack then that is great obviously but if you can't you need to be good on the coast road section. That provides the last two passing opportunities.",
            "If you're good on the brakes and good on the coast road you've got a good chance of getting the win.",
            "Among the big bikes the different machines are pretty similar in terms of top speed along the long straights.",
            "As regards the Supersports, Triumph and Ducati are well in the mix now with Yamaha and Honda.",
            "At the end of the day you're not going to beat cc's and whereas you were tuning the Yamaha to get the power, these other bikes are all 'undertuned' so you get more reliability, it's cheaper, everything is more in your favour.",
            "It might not be a better bike but it's as good and cheaper to run. ",
            "Lee Johnston was speaking to BBC Sport NI's Richard Petrie"
        ]
    },
    "https://www.bbc.com/news/videos/c99z909wnvqo": {
        "link": "https://www.bbc.com/news/videos/c99z909wnvqo",
        "subtitle": "Speaking to BBC Radio 4, Gillian Keegan said there was a difference between trans people who had undergone gender reassignment and those who had not.",
        "time": null,
        "title": "Education Secretary Gillian Keegan pressed on transgender views",
        "topics": [],
        "images": [],
        "videos": [],
        "author": "",
        "text": []
    }
}