{
    "https://www.bbc.com/news/articles/c1d4y2e9ymjo": {
        "link": "https://www.bbc.com/news/articles/c1d4y2e9ymjo",
        "subtitle": "Jacky Chandler became the oldest person to qualify for the World Championships for Team GB in 2014.",
        "time": null,
        "title": "Veteran rider from Blackboys writes her horse into will",
        "topics": [
            "Horses"
        ],
        "images": [
            "https://ichef.bbci.co.uk/news/480/cpsprodpb/2bd6/live/8b10ea10-0de8-11ef-b6b8-e3a5dc2a8aa2.jpg.webp"
        ],
        "videos": [],
        "author": "Iris Cleak,",
        "text": [
            "A veteran horse rider from East Sussex has written her horse into her will to prevent him from being abandoned.",
            "Jacky Chandler, 77, from Blackboys, has owned horses since the 1950's and became the oldest person to qualify for the World Championships for Team GB in 2014 as a member of the British Tent Pegging Association.",
            "Ms Chandler has owned Banjo for three years after his previous owner passed away without expressing any wishes for the horse's future. ",
            "She said banjo was her \"reason to get up in the morning\".",
            "Ms Chandler said: \u201cBanjo was left without care after his previous owner passed away. He was cared for by a horse trainer in Gloucestershire before I met him, bought him and took him home.\u201d",
            "She has made specific expressions of wishes in her will to secure his future. ",
            "\"I\u2019ve always loved having horses, but when I lost my husband in 2003, that was when it became a bigger part of my life,\" she added.",
            "Ms Chandler is a member of Harry Hall\u2019s One Club, a group which provides services for horse owners, including insurance and will writing advice.",
            "Follow BBC Sussex on Facebook, on X, and on Instagram. Send your story ideas to southeasttoday@bbc.co.uk  or WhatsApp us on 08081 002250."
        ]
    },
    "https://www.bbc.com/news/videos/c3gg1x7550wo": {
        "link": "https://www.bbc.com/news/videos/c3gg1x7550wo",
        "subtitle": "Video shows a trail of destruction as homes ripped apart by strong storms in the southern US.",
        "time": null,
        "title": "Tornadoes and dust storms hit Oklahoma and Kansas",
        "topics": [],
        "images": [],
        "videos": [],
        "author": "",
        "text": []
    },
    "https://www.bbc.com/sport/rugby-union/articles/c51n14xdx5po": {
        "link": "https://www.bbc.com/sport/rugby-union/articles/c51n14xdx5po",
        "subtitle": "",
        "time": null,
        "title": "BBC - 404: Not Found",
        "topics": [],
        "images": [],
        "videos": [],
        "author": "",
        "text": []
    },
    "https://www.bbc.com/news/articles/cx007xnyw40o": {
        "link": "https://www.bbc.com/news/articles/cx007xnyw40o",
        "subtitle": "After record local election gains, the Greens are aiming for four MPs in their \"most ambitious\" campaign.",
        "time": "2024-05-30T13:59:55.657507",
        "title": "Greens challenge 'timid' Labour in election launch",
        "topics": [
            "Adrian Ramsay",
            "Carla Denyer",
            "Green Party (England and Wales)",
            "General election 2024 ",
            "Sian Berry"
        ],
        "images": [
            "https://ichef.bbci.co.uk/news/480/cpsprodpb/665a/live/dc9b8230-1e84-11ef-a13a-0b8c563da930.png.webp"
        ],
        "videos": [
            ""
        ],
        "author": "Sam Francis,",
        "text": [
            "The Green Party has taken aim at Labour's \"timid\" plan for government as it launched its general election campaign.",
            "Only a strong Green presence can \"push\" Labour to be bolder on climate, the NHS, and housing, party co-leader Carla Denyer said.",
            "The party said the Conservatives were \"clearly on their way out\", so would focus their campaign on challenging Labour.",
            "After record local election gains, the Greens aim to secure four MPs for the first time in their \"most ambitious\" campaign yet.",
            "The Greens plan to field candidates in every constituency in England and Wales for the 4 July election. But the party will focus their efforts on four seats they see as winnable.",
            "The Scottish Greens are separate party, who will field candidates in Scotland.",
            "The Green Party of England and Wales kicked off its election campaign in Bristol, where the Greens now lead the council after winning 10 new seats at the 2024 local elections.",
            "Ms Denyer, who is the party's candidate for Bristol Central, said: \"The case for change is obvious, but it has to be real change that offers real hope. Half measures and broken pledges will not do.",
            "\"The Conservatives are clearly on their way out of government, but Labour is failing to offer the real change needed.",
            "\"Across the country, people now have the chance to vote for real hope and real change.\"",
            "Co-leader Adrian Ramsay, standing in the new Waveney Valley constituency in an area which has traditionally voted Conservative, said: \"Over the past five years, we have increased the number of councillors five-fold.",
            "\"After so much damage by the outgoing Conservative government, we need Green MPs to ensure the next government takes the bold actions necessary for real change.\"",
            "Ex-London Assembly member Sian Berry is hoping to replace long-standing Green MP Caroline Lucas as the representative for Brighton Pavilion.",
            "The party is also focussing on the fight in North Herefordshire, where former Green Party MEP Ellie Chowns is standing.",
            "The Green Party proposing to build 150,000 new council homes and ending the Right to Buy.",
            "They also aim to reverse NHS privatisation and introduce a Nature Act to \"protect and restore the natural world\". ",
            "If elected, they would also seek to reform Nato and commit to no first use of nuclear weapons.",
            "A full list of parliamentary candidates for all constituencies will be available on the BBC news website when nominations have closed."
        ]
    },
    "https://www.bbc.com/news/uk-england-derbyshire-69028643": {
        "link": "https://www.bbc.com/news/uk-england-derbyshire-69028643",
        "subtitle": "The bird managed to get inside Jessica Matthews's car after she stopped to see if it was OK.",
        "time": null,
        "title": "Watch: Cockerel rescued after flying into woman's car",
        "topics": [],
        "images": [],
        "videos": [],
        "author": "",
        "text": []
    },
    "https://www.bbc.com/news/uk-scotland-69041066": {
        "link": "https://www.bbc.com/news/uk-scotland-69041066",
        "subtitle": "A trial in Tarfside in the Angus hills is testing the feasibility of creating pop-up mobile phone networks using drones.",
        "time": null,
        "title": "5G drones in Angus aim to transform mountain rescue",
        "topics": [],
        "images": [],
        "videos": [],
        "author": "",
        "text": []
    },
    "https://www.bbc.com/news/uk-politics-69055355": {
        "link": "https://www.bbc.com/news/uk-politics-69055355",
        "subtitle": "The countdown to the general election has begun, with party leaders heading out on the campaign trail.",
        "time": "2024-05-23T14:22:01.972402",
        "title": "Party leaders kick off day one of election campaigning",
        "topics": [],
        "images": [],
        "videos": [],
        "author": "",
        "text": []
    },
    "https://www.bbc.com/news/world-middle-east-68994849": {
        "link": "https://www.bbc.com/news/world-middle-east-68994849",
        "subtitle": "Palestinian ambassador to the UN Riyad Mansour details the impact of the war in Gaza on his people.",
        "time": null,
        "title": "Palestinian envoy to UN: Israel plans to destroy and displace",
        "topics": [],
        "images": [],
        "videos": [],
        "author": "",
        "text": []
    },
    "https://www.bbc.com/news/world-africa-69008529": {
        "link": "https://www.bbc.com/news/world-africa-69008529",
        "subtitle": "The world\u2019s longest cruise has been forced to amend its route and is now calling at nine African ports.",
        "time": null,
        "title": "Why the \u2018ultimate world cruise\u2019 had to add more stops in Africa",
        "topics": [],
        "images": [],
        "videos": [],
        "author": "",
        "text": []
    }
}