{
    "https://www.bbc.com/news/world-europe-69035174": {
        "link": "https://www.bbc.com/news/world-europe-69035174",
        "subtitle": "Videos from Spain and Portugal show a suspected meteorite streaking across the night sky.",
        "time": null,
        "title": "Watch: Blue fireball lights up skies over Spain",
        "topics": [],
        "images": [],
        "videos": [],
        "author": "",
        "text": []
    },
    "https://www.bbc.com/news/world-us-canada-69060141": {
        "link": "https://www.bbc.com/news/world-us-canada-69060141",
        "subtitle": "Tori Hunter posted a video of her disembarking a plane at an airport in Spain.",
        "time": "2024-05-24T14:48:02.547792",
        "title": "Watch: Travel blogger speaks out on 'terrifying' wheelchair ordeal",
        "topics": [],
        "images": [],
        "videos": [],
        "author": "",
        "text": []
    },
    "https://www.bbc.com/news/entertainment-arts-69062339": {
        "link": "https://www.bbc.com/news/entertainment-arts-69062339",
        "subtitle": "Luton is the host of BBC Radio 1's Big Weekend and these locals share the best thing about the town.",
        "time": "2024-05-25T14:48:30.810307",
        "title": "BBC Radio 1's Big Weekend asks what's the best thing about Luton?",
        "topics": [],
        "images": [],
        "videos": [],
        "author": "",
        "text": []
    },
    "https://www.bbc.com/news/articles/c136mle1044o": {
        "link": "https://www.bbc.com/news/articles/c136mle1044o",
        "subtitle": "Daisy Creedon-Blakemore believes she is the youngest councillor in the country.",
        "time": null,
        "title": "Peterborough Labour councillor, 18, overwhelmed to gain seat",
        "topics": [
            "Peterborough",
            "England and Wales elections 2024",
            "Peterborough Council"
        ],
        "images": [
            "https://ichef.bbci.co.uk/news/480/cpsprodpb/d118/live/f0ef2aa0-090f-11ef-8f00-210eed5fcae4.jpg.webp",
            "https://ichef.bbci.co.uk/news/480/cpsprodpb/88ba/live/ba2f5bc0-090f-11ef-8f00-210eed5fcae4.jpg.webp",
            "https://ichef.bbci.co.uk/news/480/cpsprodpb/2990/live/bb520270-0912-11ef-8f00-210eed5fcae4.jpg.webp"
        ],
        "videos": [],
        "author": "Shariqua Ahmed,",
        "text": [
            "An 18-year-old who has won a council seat for Labour in the local elections said she was \"overwhelmed\" by her victory.",
            "Daisy Creedon-Blakemore, who is due to sit her A-levels next week, had 940 votes in the election for Peterborough City Council's Fletton & Woodston ward.",
            "Labour has become the largest party on the council after Thursday's voting, but the authority still has no single party in overall control.",
            "Ms Blakemore said she was \"pretty much overwhelmed at the moment, but we've worked the ward really hard\".",
            "The student said: \"I\u2019m 18 and six months; I\u2019m the youngest Labour councillor in the country now.\u201d",
            "She had 282 more votes than sitting Tory councillor Andy Coles.",
            "Since November, the council has been run as minority administration by Peterborough First - a group largely made up of councillors who have defected from the Conservatives.",
            "When Ms Creedon-Blakemore\u2019s win was announced there was loud applause at the count, which included her mother and grandparents.",
            "While she admitted \"it hasn\u2019t sunk in yet\" it was \"great to have them supporting me\".",
            "The new councillor added: \u201cIt\u2019s been a thrill, the residents in Fletton & Woodston are amazing and now it\u2019s great to represent them.\u201d",
            "Andrew Pakes, the Labour candidate for the Peterborough parliamentary constituency, congratulated the 18-year-old on a \u201cthumping Labour gain\u201d.",
            "Follow East of England news on Facebook, Instagram and X. Got a story? Email eastofenglandnews@bbc.co.uk or WhatsApp us on 0800 169 1830"
        ]
    },
    "https://www.bbc.com/sport/football/articles/c1rre008epno": {
        "link": "https://www.bbc.com/sport/football/articles/c1rre008epno",
        "subtitle": "Manchester United fans say it will be 'heartbreaking' if Erik ten Hag is sacked after defeating Manchester City to win the FA Cup.",
        "time": "2024-05-25T14:49:11.145917",
        "title": "Man City 1-2 Man Utd: Red Devils fans say it will be 'disheartening' if Erik ten Hag is sacked - BBC Sport",
        "topics": [],
        "images": [
            "https://ichef.bbci.co.uk/news/1024/cpsprodpb/da6a/live/9b08f300-1ac1-11ef-bf91-a3c504c17aaf.png",
            "https://ichef.bbci.co.uk/news/1024/cpsprodpb/f96c/live/81164540-1ac3-11ef-bf91-a3c504c17aaf.png",
            "https://ichef.bbci.co.uk/news/1024/cpsprodpb/39d1/live/40da2660-1ac6-11ef-b4db-cff4eae61b1b.png",
            "https://ichef.bbci.co.uk/news/1024/cpsprodpb/ff90/live/c0a12dd0-1ac6-11ef-b4db-cff4eae61b1b.png",
            "https://ichef.bbci.co.uk/news/1024/cpsprodpb/2b4f/live/5c37ce70-1ac7-11ef-80aa-699d54c46324.png"
        ],
        "videos": [
            "//emp.bbc.com/emp/SMPj/2.52.1/iframe.html"
        ],
        "author": "",
        "text": [
            "Erik ten Hag went into the FA Cup final with the growing expectation that he will be sacked as manager by Manchester United's new co-owner Sir Jim Ratcliffe - irrespective of the outcome.",
            "But some fans streaming out of Wembley after United's impressive 2-1 win over Manchester City insisted: Ten Hag must stay.",
            "\"It'll be heartbreaking if he goes,\" Daniel Simpson told BBC Sport.",
            "\"All we've done since Sir Alex Ferguson left is chop and change the manager. When is it all going to end? ",
            "\"There hasn't been anyone who has been in charge for three years or longer.\"",
            "Ten Hag was lifted off his feet and carried on to the pitch in celebration by defender Lisandro Martinez when the final whistle sounded on a truly remarkable FA Cup final.",
            "United, who finished 31 points behind champions City in the Premier League, raced into a 2-0 lead thanks to first-half goals by Alejandro Garnacho and Kobbie Mainoo.",
            "Substitute Jeremy Doku gave City hope with a late strike, but United held on for their 13th FA Cup triumph and first since 2016.",
            "Ten Hag is two years into a three-year contract, but Simpson added: \"We have got to keep him. Give him another season to show what he can do.\"",
            "Ten Hag became United's fifth permanent manager since Sir Alex Ferguson retired in 2013 when he took charge after the 2021-22 season.",
            "The Old Trafford side have reached three Wembley cup finals and won two trophies in two seasons under the Dutchman.",
            "However, the former Ajax boss faced criticism after the team finished eighth in the Premier League, outside the European places.",
            "Saturday's win meant they will join Tottenham Hotspur in the Europa League next season.",
            "\"It's completely unexpected,\" United fan Mathew Yardley said about the victory over City.",
            "\"We did very well. Not conceding after 12 seconds - like we did in last year's final - was a positive and it just got better and better.",
            "\"Changing managers all the time doesn't work. I'd give Ten Hag one more season.\"",
            "Husband and wife Ludovic and Valerie Brochard from Mauritius were rivals at Wembley, with United fan Ludovic and City supporter Valerie turning up in their club colours.  ",
            "\"My dad told me to support a good team...so I chose Manchester City,\" said Valerie.",
            "But it was Ludovic who had the last laugh and, when asked about Ten Hag's future, added: \"He needs to stay. It took Manchester City time to win all their trophies and Ten Hag needs time. It doesn't happen overnight.\"",
            "In 2016, United won the FA Cup and two days later sacked manager Louis van Gaal.",
            "Thomas Mansell said it would be \"disheartening\" if United did the same to Ten Hag.",
            "\"I think he's had a lot thrown at him - all the injuries he has had to deal with has not helped,\" he added.",
            "Kyle Evans, who travelled from Rhyl with his son 11-year-old son Isaac to be at Wembley, is another who believes it would be wrong to change the manager before the end of his contract.",
            "\"If United had got rid of Fergie after two seasons, we wouldn't have won all those trophies and dominated English football for so long,\" added Kyle.",
            "\"The United manager's job is one of the hardest in football. I think Ten Hag deserves more time.\""
        ]
    },
    "https://www.bbc.com/sport/football/articles/cqvnvwzle1eo": {
        "link": "https://www.bbc.com/sport/football/articles/cqvnvwzle1eo",
        "subtitle": "Liverpool assistant manager Pepijn Lijnders signs a three-year deal with Austrian club RB Salzburg.",
        "time": null,
        "title": "Liverpool assistant manager Pepijn Lijnders named as RB Salzburg head coach  - BBC Sport",
        "topics": [],
        "images": [
            "https://ichef.bbci.co.uk/news/1024/cpsprodpb/b799/live/262aed30-12b6-11ef-bee9-6125e244a4cd.jpg"
        ],
        "videos": [],
        "author": "",
        "text": [
            "Liverpool assistant manager Pepijn Lijnders has been appointed as Red Bull Salzburg's new head coach.",
            "The 41-year-old, who joined Liverpool in 2014, will go to the Austrian club this summer on a three-year deal. ",
            "Lijnders, who is in his second stint at Anfield, had been set to leave the club following Jurgen Klopp's decision to step down.",
            "The Dutchman said he wants to create an attacking style of play at his new club \"where passion and hunger for success are the basis of everything\". ",
            "Having initially worked under Brendan Rodgers, Lijnders remained a key part of Liverpool's backroom staff after Klopp's appointment in October 2015.",
            "He left the Reds for a brief stint as manager of Dutch club NEC Nijmegen but returned to Anfield seven months later to fill his previous role. ",
            "Liverpool's development coach Vitor Matos will join Lijnders in the Austrian top-flight team as his assistant manager. "
        ]
    },
    "https://www.bbc.com/sport/football/articles/c1660n3j466o": {
        "link": "https://www.bbc.com/sport/football/articles/c1660n3j466o",
        "subtitle": "Fans of Premier League clubs responded to a BBC Sport quetionnaire about season ticket price rises - and here are their views.",
        "time": "2024-05-28T14:49:39.248750",
        "title": "Premier League ticket price rises: What do fans think? - BBC Sport",
        "topics": [],
        "images": [
            "https://ichef.bbci.co.uk/news/1024/cpsprodpb/1d10/live/aa925760-19bf-11ef-b314-e3f83b344f01.jpg",
            "https://ichef.bbci.co.uk/news/1024/cpsprodpb/bde5/live/c52d24a0-19c0-11ef-b314-e3f83b344f01.jpg"
        ],
        "videos": [
            "//emp.bbc.com/emp/SMPj/2.52.1/iframe.html"
        ],
        "author": "",
        "text": [
            "Tottenham fans turning their back on the game; Fulham\u2019s crowd showing yellow cards; Liverpool\u2019s Kop removing their iconic flag displays and Wolves fans calling for boycotts - supporters have been protesting at Premier League ticket prices in their thousands this season.",
            "A BBC Sport fans\u2019 questionnaire on the topic invited Premier League season ticket holders to share their views on the price they pay.",
            "Fifteen of the 20 Premier League clubs had announced their pricing structures for the 2024-25 season when the questionnaire was released.",
            "There were 1669 responses and the majority (1494 fans) said they will pay either \u201cslightly more\u201d or \u201csignificantly more\u201d for their ticket next season.",
            "Despite that, almost half of those who responded (782 fans) said their season ticket price is \u201cfair\u201d; 472 fans said it was an \u201cunfair\u201d price; 401 said their ticket represented \u201cgood value\u201d.",
            "More than half respondents (907) felt the quality of facilities such as food kiosks, toilets and stadium infrastructure did not reflect the price they pay.",
            "Supporters were also asked to select one of four statements that best reflects their club\u2019s approach to season ticket holders.",
            "490 supporters said \u201cMy club looks after its season ticket holders with fair pricing structures.\u201d",
            "506 fans, almost a third, selected: \u201cMy club prioritises the needs of corporate and one-off ticket buyers over season ticket holders.\u201d",
            "However, many respondents also said they could understand price rises during a period of economic uncertainty.",
            "The research was carried out before Wolves released their prices, which are higher than last season and have prompted a lot of anger from their fans.",
            "Fulham fans have held up yellow cards around Craven Cottage this season.",
            "The club has the most expensive non-corporate season ticket in the league. At \u00a33,000, those who sit in certain areas of the new Riverside Stand pay more than \u00a3150 per home league match.",
            "With its west London location on the banks of the Thames, Fulham has become one of the most popular destinations for global fans looking to see Premier League football during a trip to the capital.",
            "\u201cIt causes a friction between loyal fans, who will stick with the club through thick and thin, and one-off tourists who want to come to London to watch a Premier League football match,\u201d said Sammy James, who hosts the Fulhamish podcast.",
            "\u201cI do get that tourist revenue is attractive, but that risks then cutting off your long term source of regular fans who will come every single week.\u201d",
            "Sarah Keig, from the Fulham Lillies supporters group said: \u201cThere will be a time when Fulham may find themselves back in the Championship again, and where are the supporters going to be then? [What if] you\u2019ve priced them out, built this beautiful new stand, but nobody can afford to come and watch the football there?\u201d",
            "Fulham do still have season tickets available for less than \u00a3500 in certain areas of Craven Cottage. Next season all season tickets, except those in the Riverside Stand, will go up in price by 4%.",
            "One of the most common responses to the questionnaire from fans was that they feel their loyalty is being exploited by their club.",
            "Nearly two thirds of those who responded, 1,049 in total, said the cost of their season ticket has never made them reconsider buying it.",
            "\u201cClubs know that if you do not renew your season ticket, someone perhaps in a more fortunate financial position will buy one and you could have to wait a decade, maybe even more, before you are in a position to purchase another one,\u201d said Martin, a Spurs fan.",
            "\u201cAs a Forest supporter who paid for a season ticket in 2020-21, when there was no football, and who has had a season ticket for over 30 years, including three years in League One and multiple Championship relegation battles, it feels like that has been forgotten in the attempt to make a few more pounds,\u201d said Simon.",
            "\u201cMatchday revenue is minuscule in comparison to commercial and broadcast revenue so ticket prices should reflect that,\u201d said Joe, a Liverpool fan. \u201cThe 2% increase [to season tickets] adds \u00a31m, which is a drop in the ocean to a club like LFC.\u201d",
            "\u201cThe club fails to understand that the club has been part of people\u2019s lives for many years,\u201d said Paul, an Arsenal fan. \u201cIt is part of our routine for living, not just a day out.\u201d",
            "Many who answered our questionnaire pointed to measures being introduced by clubs to ensure more people in the stadium pay the full price for a ticket.",
            "At Nottingham Forest, all adult prices in the City Ground have increased, while fewer fans will now receive discounted youth tickets.",
            "Fans of some clubs, though, used the questionnaire to highlight initiatives they feel benefit young supporters.",
            "\"For a number of years now Everton have tried to lower the average age of season ticket holders by offering heavily discounted prices in bands for young people up to age 24,\" said Andy, 60.",
            "At Tottenham, fans from the Save Our Seniors campaign group have protested at the club's decision to phase out a 50% discount that supporters over the age of 65 currently receive, from the 2025-26 season.",
            "Spurs fan Alan Fisher spoke to BBC Sport at April's North London derby.",
            "\"It is an atrocious decision,\u201d he said. \u201cIt's a message from the club to us as seniors that we're not wanted, and it is a message to every single fan about how they value loyalty. They don't.\u201d",
            "\"All they want is someone sitting in that seat who is prepared to pay full price.\"",
            "In response, Tottenham said the number of senior concession season tickets has increased \u201cfour fold\u201d since they left White Hart Lane, and the increase \u201cis clearly not sustainable\u201d and will limit choice for others.",
            "Many Crystal Palace fans were among the 129 respondents who said their ticket will remain the same price in 2024-25. The club announced a price freeze on season tickets in all four stands of their Selhurst Park home.",
            "While at Brentford, although prices are going up slightly, fans have now been allowed to spread the cost of their ticket over 12 months, rather than 10.",
            "However, last week one \"appalled\" Wolves supporters group called for a boycott of Molineux after significant prices rises in some stands. One example was tickets for under-14s in the Billy Wright Upper increased in price from \u00a3105 to \u00a3290, a rise of 176%.",
            "Other supporters have felt the impact of last minute kick-off changes for TV scheduling. And for clubs who set rules that mean fans must attend a minimum number of games across the season to keep hold of their ticket, this also creates problems.",
            "Manchester United announced their season ticket holders would have to attend 17 of their 19 home matches for next season, or risk losing the opportunity to renew their ticket. After a response from the fans, this was reduced from 17 to 15, and supporters are able to transfer their ticket back to the club or to another member without losing a match.",
            "\u201cFor those with disabilities, old age or mental health issues, personal circumstances can mean that last minute you physically can\u2019t make it,\u201d said Adrian, a United fan.",
            "\u201cIt is like saying if I bought a ticket to a concert and couldn\u2019t go, then I would in effect be banned from going again - even though I\u2019ve been a loyal fan for decades.\u201d",
            "How the results were collated:",
            "BBC Sport sent the questionnaire to supporters\u2019 groups of the 15 Premier League clubs who had details about their season ticket prices for 2024/25.",
            "The number of respondents from each club varied. The results therefore do not represent the league as a whole.",
            "Fans of Manchester United (548), Brentford (444) and Newcastle (126) were the most common respondents. Sheffield United (8), Liverpool (15) and Fulham (22) received the fewest number of responses."
        ]
    },
    "https://www.bbc.com/news/uk-northern-ireland-69016704": {
        "link": "https://www.bbc.com/news/uk-northern-ireland-69016704",
        "subtitle": "BBC News NI got a preview of Little Amal in action before her arrival in Northern Ireland.",
        "time": null,
        "title": "Little Amal: Puppet of refugee in action ahead of arrival in NI",
        "topics": [],
        "images": [],
        "videos": [],
        "author": "",
        "text": []
    }
}