{
    "https://www.bbc.com/sport/football/articles/cv22xgvw30jo": {
        "link": "https://www.bbc.com/sport/football/articles/cv22xgvw30jo",
        "subtitle": "How well do you remember FA Cup finals from the 21st century? Take our quiz to find out.",
        "time": "2024-05-24T13:32:23.580928",
        "title": "How well do you know FA Cup finals? - BBC Sport",
        "topics": [],
        "images": [
            "https://ichef.bbci.co.uk/news/1024/cpsprodpb/7b63/live/cbe1d9e0-19a1-11ef-baa7-25d483663b8e.jpg"
        ],
        "videos": [],
        "author": "",
        "text": [
            "Manchester rivals City and United meet in the FA Cup final at Wembley on Saturday.",
            "But how well do you remember what has happened in previous finals this century?",
            "Take our quiz below to find out."
        ]
    },
    "https://www.bbc.com/sport/football/articles/cw44xx1w1d8o": {
        "link": "https://www.bbc.com/sport/football/articles/cw44xx1w1d8o",
        "subtitle": "Wayne Rooney is expected to be confirmed as the head coach of Championship side Plymouth on Saturday after holding talks about the vacancy.",
        "time": "2024-05-24T13:32:37.636418",
        "title": "Wayne Rooney: Plymouth Argyle expected to appoint former England striker as head coach - BBC Sport",
        "topics": [],
        "images": [
            "https://ichef.bbci.co.uk/news/1024/cpsprodpb/46a1/live/d00fb140-1942-11ef-965b-f782a3c6e70b.jpg"
        ],
        "videos": [],
        "author": "",
        "text": [
            "Wayne Rooney is  expected to be confirmed as the head coach of Championship side Plymouth Argyle on Saturday after holding talks about the vacancy.",
            "Rooney, 38, is keen to re-establish his reputation after a disastrous spell at Birmingham last season, when he lost nine games out of 15.",
            "Argyle are looking for a new boss after the dismissal of Ian Foster towards the end of last season.",
            "Director of football Neil Dewsnip and coach Kevin Nancekivell took over for the remainder of the campaign and guided Plymouth to safety, ironically at Birmingham\u2019s expense.",
            "Dewsnip knows Rooney from his time as a coach at Everton\u2019s academy.",
            "Rooney made 763 appearances as a player during spells with Everton, Manchester United, MLS club DC United and Derby.",
            "He moved into a player-coach role with the Rams in November 2020 and announced his retirement two months later, after being named permanent manager.",
            "The former England striker oversaw 85 games at Derby before moving back to America to become manager of former club DC United.",
            "Rooney was then appointed Birmingham manager in October 2023, but he was sacked less than three months later."
        ]
    },
    "https://www.bbc.com/news/videos/c2550jxw87po": {
        "link": "https://www.bbc.com/news/videos/c2550jxw87po",
        "subtitle": "At least 22 people, including children, have died in a fire at a games arcade in India, local officials say.",
        "time": "2024-05-25T13:32:51.210076",
        "title": "Watch: Smoke and flames at deadly India arcade fire",
        "topics": [],
        "images": [],
        "videos": [],
        "author": "",
        "text": []
    },
    "https://www.bbc.com/sport/baseball/articles/cd11243kpmdo": {
        "link": "https://www.bbc.com/sport/baseball/articles/cd11243kpmdo",
        "subtitle": "Major League Baseball adds the achievements of black players from its racially segregated past to the record books.",
        "time": "2024-05-29T17:33:16.600279",
        "title": "Major League Baseball: Black player scores from segregated leagues added to record books - BBC Sport",
        "topics": [],
        "images": [
            "https://ichef.bbci.co.uk/news/1024/cpsprodpb/e44a/live/cc8f0180-1dcd-11ef-8fd3-6bf908fde702.jpg"
        ],
        "videos": [],
        "author": "",
        "text": [
            "Major League Baseball says it is \"righting a historic wrong\" after recognising the achievements of black players from when it was racially segregated in the 20th Century.",
            "Black players created their own leagues after being kept out of MLB from 1920 to 1948 by segregation laws.",
            "MLB announced in 2020 it would officially recognise seven of those leagues. More than 2,300 black players played in segregated leagues during that period.",
            "Now MLB has finished the task of updating its records to feature those players' statistics.",
            "It means several records have changed - all-time greats such as Babe Ruth and Ty Cobb have been replaced at the top of some categories.",
            "\"To deny the best black players of the era their rightful place among all-time leaders would be a double penalty,\" MLB official historian John Thorn said.",
            "\"We are proud that the official historical record now includes the players of the Negro Leagues,\" MLB commissioner Rob Manfred said. ",
            "In 1947, Jackie Robinson became the first black player to play in MLB when making his debut for the Brooklyn Dodgers, with barriers to black players being fully broken from the 1949 season onwards.",
            "\"This initiative is focused on ensuring that future generations of fans have access to the statistics and milestones of all those who made the Negro Leagues possible,\" added Manfred.",
            "\"Their accomplishments on the field will be a gateway to broader learning about this triumph in American history and the path that led to Jackie Robinson\u2019s 1947 Dodger debut.\""
        ]
    },
    "https://www.bbc.com/news/world-europe-69024667": {
        "link": "https://www.bbc.com/news/world-europe-69024667",
        "subtitle": "The BBC's Sarah Rainsford reports from the town of Handlova, and examines what the attack could mean for Slovakia's divided society.",
        "time": null,
        "title": "'A bullet hole and a bloodstain' - At the Slovakia PM shooting site",
        "topics": [],
        "images": [],
        "videos": [],
        "author": "",
        "text": []
    },
    "https://www.bbc.com/sport/football/articles/cgee09q8g0po": {
        "link": "https://www.bbc.com/sport/football/articles/cgee09q8g0po",
        "subtitle": "England's first T20 against Pakistan at Headingley is abandoned without a ball being bowled because of rain.",
        "time": "2024-05-22T13:33:54.335425",
        "title": "England v Pakistan: First T20 at Headingley abandoned because of rain - BBC Sport",
        "topics": [],
        "images": [
            "https://ichef.bbci.co.uk/news/1024/cpsprodpb/5da9/live/f7355170-1858-11ef-baf9-2dfab45ba024.jpg"
        ],
        "videos": [],
        "author": "",
        "text": [
            "First T20, Headingley",
            "England: Did not bat",
            "Pakistan: Did not bat",
            "No result - match abandoned",
            "England's first T20 against Pakistan at Headingley was abandoned without a ball being bowled because of rain.",
            "Persistent, heavy rain led to the match, due to start at 18:30 BST, being called off at 17:30.",
            "It leaves England with just three matches before their defence of the T20 World Cup begins on 4 June.",
            "The second T20 is on Saturday at Edgbaston, followed by T20s in Cardiff on Tuesday and at The Oval on Thursday.",
            "England fly to Barbados on Friday, 31 May and do not play any official warm-ups in the Caribbean before their opener against Scotland.",
            "The washout comes after England's players arrived back in the UK last week, having left the Indian Premier League early to prepare during this series.",
            "Jos Buttler's side have not played a T20 series since a 3-2 defeat by West Indies in December.",
            "They drew a four-match series against New Zealand prior to their dismal defence of the 50-over World Cup last year and lost 3-0 in Bangladesh last March - their only T20s since winning the World Cup in Australia in 2022."
        ]
    },
    "https://www.bbc.com/news/world-us-canada-69041446": {
        "link": "https://www.bbc.com/news/world-us-canada-69041446",
        "subtitle": "Ed Dwight was the first black astronaut candidate in 1961 - but was never picked for a Nasa mission.",
        "time": null,
        "title": "Decades after training, 90-year-old finally goes to space on Blue Origin flight",
        "topics": [],
        "images": [],
        "videos": [],
        "author": "",
        "text": []
    },
    "https://www.bbc.com/news/uk-northern-ireland-69028105": {
        "link": "https://www.bbc.com/news/uk-northern-ireland-69028105",
        "subtitle": "The 155th Balmoral Show has been pulling in visitors young and old in its four-day run outside Lisburn.",
        "time": null,
        "title": "Balmoral Show: From cute cows to affable alpaca",
        "topics": [],
        "images": [],
        "videos": [],
        "author": "",
        "text": []
    }
}