{
    "https://www.bbc.com/news/videos/ce991l6918do": {
        "link": "https://www.bbc.com/news/videos/ce991l6918do",
        "subtitle": "Thousands of people are gathering in the city of Tabiz to mourn the victim's of Sunday's helicopter crash.",
        "time": null,
        "title": "Iran: Mourners gather around President Raisi's funeral casket",
        "topics": [],
        "images": [],
        "videos": [],
        "author": "",
        "text": []
    },
    "https://www.bbc.com/sport/football/68953015": {
        "link": "https://www.bbc.com/sport/football/68953015",
        "subtitle": "Struggling to name Thursday's Premier League footballer? Here's the answer...",
        "time": null,
        "title": "Premier League quiz: The answer - BBC Sport",
        "topics": [],
        "images": [
            "https://ichef.bbci.co.uk/news/1024/cpsprodpb/10B22/production/_133268386_gettyimages-471945418.jpg",
            "https://ichef.bbci.co.uk/news/2048/cpsprodpb/13AC7/production/_130238508_bbc_sport_yellow_footer.png",
            "https://ichef.bbci.co.uk/news/2048/cpsprodpb/7768/production/_119786503_everything_you_need_to_know_banner.png",
            "https://ichef.bbci.co.uk/news/2048/cpsprodpb/C588/production/_119786505_bbc_sport_yellow_footer.png"
        ],
        "videos": [
            "//emp.bbc.com/emp/SMPj/2.52.1/iframe.html"
        ],
        "author": "",
        "text": [
            "Latest gossip column",
            "Follow your Premier League club for news, analysis, fan views, podcasts and more",
            "Our coverage of your Premier League club is bigger and better than ever before - follow your team and sign up for notifications in the BBC Sport app to make sure you never miss a moment"
        ]
    },
    "https://www.bbc.com/sport/articles/c89zlr9jxd7o": {
        "link": "https://www.bbc.com/sport/articles/c89zlr9jxd7o",
        "subtitle": "",
        "time": null,
        "title": "West Ham United player of the season 2023-24: Vote now - BBC Sport",
        "topics": [],
        "images": [
            "https://ichef.bbci.co.uk/news/1536/cpsprodpb/1706/live/baf353d0-122a-11ef-82e8-cd354766a224.png"
        ],
        "videos": [],
        "author": "",
        "text": [
            "Candidates chosen by James Jones from We Are West Ham., external",
            "Explained: Read the reasons behind the selections here"
        ]
    },
    "https://www.bbc.com/sport/articles/cd185gvdlv8o": {
        "link": "https://www.bbc.com/sport/articles/cd185gvdlv8o",
        "subtitle": "",
        "time": null,
        "title": "Newcastle United player of the season 2023-24: Vote now - BBC Sport",
        "topics": [],
        "images": [
            "https://ichef.bbci.co.uk/news/1536/cpsprodpb/77d9/live/b507c880-1229-11ef-b9d8-4f52aebe147d.png"
        ],
        "videos": [],
        "author": "",
        "text": [
            "Candidates chosen by Pete Davey from LoadedMag NUFC., external",
            "Explained: Read the reasons behind the selections here"
        ]
    },
    "https://www.bbc.com/news/entertainment-arts-68987778": {
        "link": "https://www.bbc.com/news/entertainment-arts-68987778",
        "subtitle": "The contestant says she is \"focused on the music\" as 10,000 protest against Israel's participation.",
        "time": null,
        "title": "Israel's Eden Golan responds as Eurovision protests rage",
        "topics": [],
        "images": [],
        "videos": [],
        "author": "",
        "text": []
    },
    "https://www.bbc.com/sport/articles/cq5nggx29nwo": {
        "link": "https://www.bbc.com/sport/articles/cq5nggx29nwo",
        "subtitle": "",
        "time": null,
        "title": "Everton player of the season 2023-24: Vote now - BBC Sport",
        "topics": [],
        "images": [
            "https://ichef.bbci.co.uk/news/1536/cpsprodpb/ca87/live/17698d80-1228-11ef-82e8-cd354766a224.png"
        ],
        "videos": [],
        "author": "",
        "text": [
            "Candidates chosen by Briony Bragg from This Fan Girl, external",
            "Explained: Read the reasons behind the selections here"
        ]
    },
    "https://www.bbc.com/news/articles/ckv7vpnk7g1o": {
        "link": "https://www.bbc.com/news/articles/ckv7vpnk7g1o",
        "subtitle": "Chloe Vowels Lovett\u2019s baby daughter died after medical staff missed six opportunities to save her.",
        "time": null,
        "title": "Calls for Sussex hospital maternity review after baby death",
        "topics": [
            "Southwater",
            "Worthing",
            "Steyning",
            "NHS",
            "Pregnancy"
        ],
        "images": [
            "https://ichef.bbci.co.uk/news/480/cpsprodpb/8828/live/5f9b0860-134d-11ef-99fd-a7e7c6acfe47.jpg.webp",
            "https://ichef.bbci.co.uk/news/480/cpsprodpb/e2c9/live/63f4c590-134d-11ef-99fd-a7e7c6acfe47.jpg.webp"
        ],
        "videos": [],
        "author": "Christian Fuller & PA Media,",
        "text": [
            "A mother whose baby died after medical staff missed opportunities to save her has called for a public inquiry into an NHS trust\u2019s maternity services.",
            "Chloe Vowels Lovett\u2019s daughter, Esme, was stillborn at 38 weeks in 2022 after hospital staff dismissed stabbing pains 33 weeks into her pregnancy as normal.",
            "\u201cTo lose a child when you shouldn\u2019t have lost a child is just unbearable,\u201d she said.",
            "The University Hospitals Sussex NHS Foundation Trust has apologised.",
            "A post-mortem examination and internal investigation at Worthing Hospital found the 29-year-old, who was deemed a high-risk pregnancy, had placenta abruption and polyhydramnios, which increases risk in stillbirth.",
            "The findings also said medics missed at least six opportunities to have intervened before Esme\u2019s death, according to law firm CL Medilaw.",
            "Ms Vowels Lovett and her husband, Toby Lovett, from Southwater in West Sussex, are campaigning for an independent review into the trust and urging officials to \u201clisten to mothers\u201d.",
            "\u201cThere\u2019s a group of us who have now come together who have all lost babies with this particular trust,\u201d Ms Vowels Lovett said.",
            "\u201cMeeting these other families, it\u2019s kind of a timeline that proves that changes aren\u2019t happening. So I think pushing for a review, hopefully we\u2019ll force their hand.\u201d",
            "The couple were expecting Esme after seven years of trying to conceive and six miscarriages.",
            "Robyn and Jonny Davis, from Steyning, are also backing the calls for a public inquiry following the death of their 14-day-old son, Orlando.",
            "The trust has apologised, stating that the investigation into Esme\u2019s death had led to improvements in the service.",
            "Tim Taylor, of the trust, said since the investigation, it had offered urgent appointments for parents with complex medical issues and launched a centralised telephone triage service.",
            "\u201cWe have met with Esme\u2019s family to express our deepest condolences and sincere apologies for their devastating loss, and I would like to repeat that apology publicly today,\u201d he added.",
            "Follow BBC Sussex on Facebook, on X, and on Instagram. Send your story ideas to southeasttoday@bbc.co.uk  or WhatsApp us on 08081 002250."
        ]
    },
    "https://www.bbc.com/sport/articles/c6pyddv77lpo": {
        "link": "https://www.bbc.com/sport/articles/c6pyddv77lpo",
        "subtitle": "",
        "time": null,
        "title": "Chelsea player of the season 2023-24: Vote now - BBC Sport",
        "topics": [],
        "images": [
            "https://ichef.bbci.co.uk/news/1536/cpsprodpb/7735/live/b548db10-1227-11ef-bee9-6125e244a4cd.png"
        ],
        "videos": [],
        "author": "",
        "text": [
            "Candidates chosen by Ross Mooring from Chelsea Fancast, external",
            "Explained: Read the reasons behind the selections here"
        ]
    },
    "https://www.bbc.com/sport/articles/czq588vq3l5o": {
        "link": "https://www.bbc.com/sport/articles/czq588vq3l5o",
        "subtitle": "",
        "time": null,
        "title": "Burnley player of the season 2023-24: Vote now - BBC Sport",
        "topics": [],
        "images": [
            "https://ichef.bbci.co.uk/news/1536/cpsprodpb/f0a5/live/8125d720-1227-11ef-bee9-6125e244a4cd.png"
        ],
        "videos": [],
        "author": "",
        "text": [
            "Candidates chosen by Joe Redmond from Turfcast, external",
            "Explained: Read the reasons behind the selections here"
        ]
    }
}