{
    "https://www.bbc.com/sport/horse-racing/articles/cd11zx00jd7o": {
        "link": "https://www.bbc.com/sport/horse-racing/articles/cd11zx00jd7o",
        "subtitle": "",
        "time": null,
        "title": "Cheltenham & Aintree racecourses switch to 'safer' padded hurdles - BBC Sport",
        "topics": [],
        "images": [
            "https://ichef.bbci.co.uk/news/1024/cpsprodpb/9546/live/446baf70-1782-11ef-bbf4-e122053344d4.jpg",
            "https://ichef.bbci.co.uk/news/1024/cpsprodpb/1430/live/6e29d4f0-1781-11ef-80aa-699d54c46324.jpg"
        ],
        "videos": [],
        "author": "",
        "text": [
            "Cheltenham and Aintree are among racecourses which will switch to 'safer' foam-padded hurdles.",
            "They will replace existing obstacles, made of birch, after trials showed they led to an 11% reduction in the risk of falling.",
            "Exeter, Market Rasen and Wincanton had already used padded hurdles.",
            "Now the eight remaining Jockey Club racecourses which stage jumps fixtures will follow suit.",
            "The change will be introduced by October of this year at Cheltenham and Aintree and by the start of the 2026-27 campaign at the other tracks - Carlisle, Haydock, Huntingdon, Kempton, Sandown and Warwick.",
            "Racecourse officials, vets and trainers provided feedback that minor injuries such as cuts and scrapes were substantially reduced with padded hurdles.",
            "\"Following extensive research and analysis, it is evident that padded hurdles provide a safer alternative to traditional birch hurdles, while still presenting the same jumping challenge and spectacle for racing fans,\" said Jon Pullin, the Jockey Club's head of racing and clerk of the course at Cheltenham. ",
            ""
        ]
    },
    "https://www.bbc.com/news/videos/cedd4qj0lz0o": {
        "link": "https://www.bbc.com/news/videos/cedd4qj0lz0o",
        "subtitle": "Video shows him heading to the terrace to consume his finds and ripping a till from behind the bar.",
        "time": "2024-05-28T17:59:37.969818",
        "title": "Leigh-on-Sea pub intruder caught on CCTV stealing prosecco",
        "topics": [],
        "images": [],
        "videos": [],
        "author": "",
        "text": []
    },
    "https://www.bbc.com/news/world-us-canada-68974210": {
        "link": "https://www.bbc.com/news/world-us-canada-68974210",
        "subtitle": "Jennifer Wexton was diagnosed with progressive supranuclear palsy, which makes it difficult for her to speak.",
        "time": null,
        "title": "US lawmaker uses voice assist app to address Congress",
        "topics": [],
        "images": [],
        "videos": [],
        "author": "",
        "text": []
    },
    "https://www.bbc.com/sport/tennis/articles/c0klklqr7dyo": {
        "link": "https://www.bbc.com/sport/tennis/articles/c0klklqr7dyo",
        "subtitle": "A women\u2019s tournament will return to the Queen\u2019s Club for the first time in more than 50 years following discussions with the ATP.",
        "time": null,
        "title": "Queen\u2019s Club: Women's tournament announced for 2025 - BBC Sport",
        "topics": [],
        "images": [
            "https://ichef.bbci.co.uk/news/1024/cpsprodpb/e30a/live/53239bd0-1387-11ef-b9d8-4f52aebe147d.jpg"
        ],
        "videos": [],
        "author": "",
        "text": [
            "A women\u2019s tournament will return to the Queen\u2019s Club for the first time in more than 50 years in 2025 following discussions with the ATP about the impact on the men\u2019s event the week after.",
            "Male players raised concerns about the quality of the grass courts they will inherit at the historic venue in west London.",
            "The ATP has requested a review take place after next year\u2019s inaugural two-week event, but the LTA says it is \u201cvery confident it will be a permanent move\".",
            "\u201cWe have reassured the ATP on multiple occasions that there won\u2019t be an impact on the integrity and performance of the court,\u201d said LTA director of major events Chris Pollard.",
            "\u201cThe ATP want a review at the end of the 2025 tournament. Our focus remains on delivering a really successful tournament and we therefore remain very confident it will be a permanent move, and the ATP will continue to support us in hosting a women\u2019s and men\u2019s event at the Queen\u2019s Club into the long term.\u201d",
            "The LTA says it has studied weather conditions, the density of the soil and potential wear to areas of the court, such as the baseline.",
            "However, there will be fewer available courts for men who arrive early to practise and prepare for the qualifying event, which will take place on the final weekend of the WTA tournament.",
            "The women will play at Queen\u2019s in the week immediately after the French Open. The LTA hopes that will raise the profile of the women\u2019s game and increase the visibility of the sport at the beginning of the grass-court season.",
            "Last year only five of the world\u2019s top 20 players competed in the week after Roland Garros, but the LTA believes the \u201ciconic venue and pristine grass\u201d of Queen\u2019s will tempt more to play.",
            "Prize money will be lower for the women\u2019s tournament, even though both events will have \u2018500 status\u2019 and take place at the same venue.",
            "\u201cIt\u2019s a very complex situation given that prize money ultimately is set by the WTA and the ATP,\u201d Pollard explained.",
            "\u201cWe are delighted that the WTA are moving to an equal prize money basis. Ultimately the men\u2019s tournament at Queen\u2019s currently is the only profitable tournament the LTA runs - the other tournaments at this point in time aren\u2019t commercially successful.",
            "\u201cI am not aware that across the WTA Tour season there is a precedent for another WTA Tour event unilaterally increasing prize money.\u201d",
            "The WTA 250 event at Nottingham will move back a week so that in future it follows the women\u2019s tournament at Queen\u2019s, and the Edgbaston Priory Club will lose the WTA event it first staged in 1982, when Billie Jean King won the title.",
            "It will instead replace Surbiton as host of the men\u2019s and women\u2019s Challenger tournaments played in the first week of the grass-court season, as the French Open is coming to a boil at Roland Garros.",
            "Eastbourne will still stage a combined event in the week before Wimbledon, but the WTA tournament there will be downgraded to 250 status, which means greater restrictions on who can enter.",
            "As a WTA 500 event is staged in Germany in the same week, no top-10 player will be allowed to enter Eastbourne - unless they are British, the defending champion, a Grand Slam champion or former world number one."
        ]
    },
    "https://www.bbc.com/news/articles/ckv74p3vvpgo": {
        "link": "https://www.bbc.com/news/articles/ckv74p3vvpgo",
        "subtitle": "The local history day will celebrate the 10th anniversary of the tunnels reopening.",
        "time": null,
        "title": "Ramsgate Tunnels to host free history event",
        "topics": [
            "History",
            "Ramsgate"
        ],
        "images": [
            "https://ichef.bbci.co.uk/news/480/cpsprodpb/a4c8/live/0da35ed0-0def-11ef-9769-838acb24f160.jpg.webp"
        ],
        "videos": [],
        "author": "",
        "text": [
            "A history day is being held to celebrate a network of hidden tunnels which played a crucial role in the defence of the UK in World War Two.",
            "The secret town under Ramsgate became a refuge and provided shelter from air raids for 26,000 people.",
            "The tunnels were abandoned after the war but 10 years ago they were restored and reopened by a group of volunteers.",
            "To celebrate their anniversary Ramsgate Tunnels will host free event on 11 May, with stalls from heritage organisations and museums across Thanet and East Kent. ",
            "The special event will showcase the tales of the remarkable rescues and extraordinary explorers. ",
            "Visitors can attend short talks and a local history drop-in session.",
            "Tours will be available throughout the day but must be booked in advance. ",
            "Follow BBC Kent on Facebook, on X, and on Instagram. Send your story ideas to southeasttoday@bbc.co.uk or WhatsApp us on 08081 002250."
        ]
    },
    "https://www.bbc.com/news/entertainment-arts-68988649": {
        "link": "https://www.bbc.com/news/entertainment-arts-68988649",
        "subtitle": "The final participants are selected ahead of Saturday's competition in Malm\u00f6.",
        "time": null,
        "title": "Eurovision semi-finals day two: Three key moments",
        "topics": [],
        "images": [],
        "videos": [],
        "author": "",
        "text": []
    },
    "https://www.bbc.com/news/articles/c511e9zg8p2o": {
        "link": "https://www.bbc.com/news/articles/c511e9zg8p2o",
        "subtitle": "The comedian and author says teachers at Blue Coat School in Dudley inspired him to write.",
        "time": "2024-05-26T18:01:21.073015",
        "title": "Sir Lenny Henry thanks Dudley teachers who inspired him",
        "topics": [
            "Dudley",
            "Lenny Henry",
            "Books"
        ],
        "images": [
            "https://ichef.bbci.co.uk/news/480/cpsprodpb/0f3f/live/fbc9d270-1b31-11ef-94aa-034c1a411942.jpg.webp",
            "https://ichef.bbci.co.uk/news/480/cpsprodpb/a0b9/live/7f327100-1b3a-11ef-991f-b1e960a71db8.jpg.webp"
        ],
        "videos": [],
        "author": "Rod Minchin,",
        "text": [
            "Comedian and children's author Sir Lenny Henry has thanked two teachers who inspired him to become a writer.",
            "A pupil at Blue Coat School in Dudley in the 1970s, the 65-year-old recalled how the pair instilled his love for books.",
            "Speaking at the Hay Festival in Powys, he said: \"I had a brilliant teacher called Mr Brookes and he encouraged me to read, and so did Mr Nash.",
            "\"That's why I wanted to write. Every exam or any time there was an essay or a problem question in maths I made a story about it.\"",
            "Henry has written several children's adventure comedy books featuring a character called Tunde Wilkinson, partly inspired by his experiences of a school bully.",
            "He told the audience in Powys he was called names, punched and kicked on a daily basis until he realised his quick wit could help.",
            "\"The reason I am where I am today is because I had an idea why he was throttling me on the floor,\" he said.",
            "\"I said, 'You must really fancy me or something because rolling around on the floor fighting'.",
            "\"And anybody who was standing around, who usually said 'fight, fight, fight', they suddenly laughed at that joke.",
            "\"I said, 'You should come and meet my mum and dad and you can buy me a ring and make it official...'",
            "\"It just came out of me. I said, 'Let's go for a walk and hold hands and skip'. And he ran off.",
            "\"I wanted Tunde similar to have a similar sense of humour as he's bullied in the story.\"",
            "The author, who went to university in his thirties, told the audience it was never too late to get an education.",
            "\"When I was at school, even though I had a great English teacher, I didn't really enjoy school because I was bullied and stuff,\" he said.",
            "\"When I was about 30, I decided I wanted to be a writer and I did an English degree with the Open University, and I loved it.",
            "\"Anybody here who studies and is older, and wants to study now, please do, because the Open University is great, and you can do it at home.\"",
            "He has since completed an MA in screenwriting for TV and film and a PhD on the role of black people in the media.",
            "Henry said he enjoyed the freedom he had to write and encouraged children to jot down ideas for stories.",
            "\"If you have an idea, you can write it down and that can be your story. I love that... your imagination running riot and just thinking up stupid stuff that kids will enjoy.\"",
            "Follow BBC West Midlands on Facebook, X and Instagram. Send your story ideas to: newsonline.westmidlands@bbc.co.uk"
        ]
    },
    "https://www.bbc.com/news/world-asia-india-68920953": {
        "link": "https://www.bbc.com/news/world-asia-india-68920953",
        "subtitle": "Politicians are roping in influencers to woo voters like never before. But is this a good thing?",
        "time": null,
        "title": "Lok Sabha 2024: The influencers driving India's big election",
        "topics": [
            "Asia",
            "India Election 2024",
            "Narendra Modi",
            "Social media influencers",
            "India"
        ],
        "images": [
            "https://ichef.bbci.co.uk/news/480/cpsprodpb/17B1/production/_133256060_influencerindex5.jpg.webp",
            "https://ichef.bbci.co.uk/news/480/cpsprodpb/4104/production/_133244661_social_election_story_640.jpg.webp",
            "https://ichef.bbci.co.uk/news/480/cpsprodpb/13E83/production/_103693518_086b2036-0a30-4a6f-a4a0-94c46832b58f.jpg.webp",
            "https://ichef.bbci.co.uk/news/480/cpsprodpb/B3F1/production/_133256064_beerbiceps.jpg.webp",
            "/bbcx/grey-placeholder.png",
            "/bbcx/grey-placeholder.png"
        ],
        "videos": [
            ""
        ],
        "author": "By Cherylann Mollan,",
        "text": [
            "Just weeks before the first ballot was cast in this year's Indian election, Prime Minister Narendra Modi was at an event in Delhi rubbing shoulders with people known by names like BeerBiceps and Curly Tales.",
            "The event - an awards show, congratulating some of the country's top social media stars on their work - was an acknowledgement of the power of the influencer which a few years ago may have seemed unimaginable.",
            "And as politicians prepared to battle it out for India's billion votes, these influencers were being lined up to play a crucial role in reaching the young, the disinterested and the disillusioned. ",
            "But even as some celebrate social media's democratisation of the media - a place where any one can share their views freely - others paint a darker picture, one where threats are rife, and the truth can be set aside for the right pay cheque.",
            "A decade ago, you would have struggled to find anyone calling themselves an \"influencer\".",
            "But now, says Vinay Deshpande, co-founder of Rajneethi, a political management consultant firm, \"it's become a profession\".",
            "\"I know teenagers who are doing this part-time to earn pocket money.\"",
            "Pocket money underplays the earning potential somewhat, however. At the lower end, people can charge around 2,000 rupees ($24; \u00a319) a day, but top influencers can pull in about 500,000 rupees for a post - equivalent to the monthly salary of someone in top-level management.",
            "The creator of the Ranting Gola channel revealed to the BBC that political parties and election management firms have offered as much as \"100,000 to 500,000 rupees for a single campaign\". ",
            "It is no small amount - but then, it could turn the tide in a candidate's favour.",
            "Mr Deshpande says they have helped an opposition candidate win an assembly election by pushing out content through a curated list of local influencers with a small but active following.",
            "\"Social media content is powerful and can influence the way a person feels about an issue,\" Mr Deshpande says. \"It gives social currency to a belief or opinion - but this can lead to a lack of critical thinking about an issue,\" he adds.",
            "Preethi Aggarwal, 25, is one of those who turns to apps like Instagram, YouTube and Twitter to help her understand the news.",
            "Like thousands of others, Ms Aggarwal follows a bunch of \"political influencers\", or people who talk about politics on social media to \"really understand what's going on\".",
            "\"News can get boring and complicated sometimes. I think these people [influencers] make it fun and easier to understand,\" she says, adding the context and their own perspective help her form her opinions.",
            "But the problem is, whose perspective is she getting?",
            "YouTuber Samdish Bhatia reveals numerous politicians have reached out to him, especially in the months before this election, offering him millions of rupees to interview them. ",
            "\"But they wanted me to share questions in advance or get the video approved before it's published,\" he says, adding that he declined the offers because he \"likes to maintain editorial control\".",
            "The particular trend for longer form, slightly chummy interviews - where politicians get to show off their human side - is particularly vulnerable to management, says Joyojeet Pal, an associate professor at the University of Michigan.",
            "\"Many of these interviews are carefully managed by politicians,\" Mr Pal says.",
            "But even if they aren't, a gentler style of questioning can also blur the line between interview and promotion, says Mr Pal. ",
            "\"If your questions aren't holding power to account, then the interview just becomes a platform for easy publicity.\"",
            "But for Mr Pal, this is just one of the problems he sees with politics on social media.",
            "In a recent research paper, he examined some of India's top influencers and who they interviewed, finding BJP leaders were featured more often than opposition leaders.",
            "His research also found an overall drop in the number of accounts posting content critical of the incumbent government in recent years, while the amount of pro-BJP content had increased.",
            "\"This hints at a growing hesitancy among people to be openly critical of the  government whereas there seems to be more confidence in putting up polarising content or content that supports the government's ideologies,\" Mr Pal says.",
            "\"And this is dangerous for democracy,\" he adds. ",
            "Influencers supporting the opposition certainly suggested they were working in a hostile environment.",
            "A number who post content that's critical of the government declined to speak to the BBC for this piece citing fear of repercussions by the government. They also run their channels under pseudonyms to keep their identities secret.",
            "The Ranting Gola told the BBC that she has often received comments that are abusive or threatening because of the videos she posts and that her Instagram account has been disabled numerous times, even though the platform hasn't given her a clear reason for doing so.",
            "She also only spoke to the BBC on the condition that her name not be revealed.",
            "The BJP government has denied allegations that it has clamped down on dissent and free speech.",
            "But even pro-BJP YouTuber Sham Sharma told the BBC that freedom of speech could be a problem in India:",
            "But even given these concerns, opposition parties are using the same influencer system to reach voters in what they say is a difficult environment.",
            "\"The mainstream media has been taken over by the BJP,\" alleges Supriya Srinate, who heads social media for the Congress party.",
            "\"Our funds have been frozen; we have no money to advertise,\" she adds, referring to action taken by India's tax department weeks before the elections. Congress leaders have accused the government of political vendetta, but the government has denied the allegation and said that the federal department was doing its job independently.",
            "Influencers, Ms Srinate argues, are a good way to reach voters as a result of these alleged hurdles, explaining the Congress has been working with \"volunteers\" who believe in the party's ideology and want to share its work on social media.",
            "Ankit Lal, former political advisor of the opposition Aam Aadmi Party (AAP), agrees that influencers have helped democratise the publicity landscape.",
            "Akash Banerjee, a former journalist who runs the YouTube channel, The DeshBhakt, argues that influencers are also able to push boundaries more than the traditional media can. ",
            "He cites the video 'Is India becoming a dictatorship?' - made by popular content creator Dhruv Rathee, who is based in Germany - which takes on the government directly, and has been viewed about 24 million times on YouTube so far. The government hasn't reacted to the video yet.",
            "\"After the video, the term 'dictatorship' has popped up more in conversations, and this is something that has never happened before,\" Mr Banerjee says. ",
            "\"Our job as influencers may not be to open the window and check if it's really raining, but we owe it to the nation to take a look outside the window and let people know if dark clouds are approaching and that they can do something about it by voting.\""
        ]
    },
    "https://www.bbc.com/news/videos/c6pyp9kgz88o": {
        "link": "https://www.bbc.com/news/videos/c6pyp9kgz88o",
        "subtitle": "Sophie, 11, and Jim, 95, are part of a 'band' of bell ringers at a church in Weston-super-Mare.",
        "time": null,
        "title": "Are these the country's youngest and oldest bell ringers?",
        "topics": [],
        "images": [],
        "videos": [],
        "author": "",
        "text": []
    }
}