{
    "https://www.bbc.com/news/articles/cmllykpwgdyo": {
        "link": "https://www.bbc.com/news/articles/cmllykpwgdyo",
        "subtitle": "Israel's prime minister lambasts the ICC, saying it has compared Israel to \"mass murderers\".",
        "time": null,
        "title": "ICC: Netanyahu angrily rejects move to seek his arrest",
        "topics": [
            "Middle East",
            "Israel & the Palestinians",
            "Israel",
            "Palestinian territories",
            "International Criminal Court",
            "Hamas",
            "Benjamin Netanyahu",
            "United States",
            "Joe Biden"
        ],
        "images": [
            "https://ichef.bbci.co.uk/news/480/cpsprodpb/23cc/live/f05527e0-16e1-11ef-a076-37e73e62d3fb.jpg.webp",
            "https://ichef.bbci.co.uk/news/480/cpsprodpb/bbf0/live/04bb2040-16ec-11ef-a076-37e73e62d3fb.jpg.webp",
            "https://ichef.bbci.co.uk/news/480/cpsprodpb/5ce4/live/694eeb00-16eb-11ef-a076-37e73e62d3fb.jpg.webp"
        ],
        "videos": [
            ""
        ],
        "author": "Sam Cabral,",
        "text": [
            "Israeli Prime Minister Benjamin Netanyahu has angrily condemned the International Criminal Court's prosecutor for seeking arrest warrants for him alongside Hamas's leaders over alleged war crimes in the Gaza conflict. ",
            "Mr Netanyahu said he rejected with disgust that \"democratic Israel\" had been compared with what he called \"mass murderers\". ",
            "Mr Netanyahu's comments have been echoed by US President Joe Biden, who said there was no equivalence between Israel and Hamas.\u00a0",
            "The chief ICC prosecutor, Karim Khan, said there were reasonable grounds to believe that Mr Netanyahu and his Defence Minister Yoav Gallant bore criminal responsibility for alleged war crimes and crimes against humanity in Gaza.",
            "Mr Gallant on Tuesday described the ICC's arrest warrants against him and the prime minister as a \"disgraceful\" attempt to interfere in the war.",
            "The ICC is also seeking a warrant for Hamas's leader in Gaza, Yahya Sinwar, for war crimes.",
            "Israel and the US, its key ally, are not members of the ICC, which was set up in 2002. ",
            "The accusations against the Israeli and Hamas leaders stem from the events of 7 October, when waves of Hamas gunmen attacked Israel, killing about 1,200 people and taking 252 others back to Gaza as hostages. The attack triggered the current war, in which at least 35,500 Palestinians have been killed in Gaza, according to the territory's Hamas-run health ministry.",
            "On Monday, Mr Biden said there was \"no equivalence - none - between Israel and Hamas\".",
            "\"It's clear Israel wants to do all it can to ensure civilian protection,\" Mr Biden added. ",
            "US Secretary of State Antony Blinken echoed the president's condemnation, saying Washington \"fundamentally rejects\" the move. \"It is shameful,\" he said. \"[The] ICC has no jurisdiction over this matter.\"",
            "Mr Blinken also suggested the request for arrest warrants would jeopardise ongoing efforts to reach a ceasefire deal.",
            "Mr Khan said Israel's prime minister and defence minister were suspected of crimes including starvation of civilians as a method of warfare, murder, intentionally directing attacks against a civilian population, and extermination.",
            "The prosecutor said the alleged crimes began \"from at least 7 October 2023\" in the Hamas leaders' case,  when the group launched its attack on Israel, and \"from at least 8 October 2023\" for the Israeli leaders.",
            "The ICC defended its stance on Monday, saying that despite \"significant efforts\"  it had not received \"any information that has demonstrated genuine action at the domestic level [in Israel] to address the crimes alleged or the individuals under investigation\".",
            "A panel of judges at the ICC must now consider whether to issue the warrants and, if they do, countries signed up to the ICC statute are obliged to arrest the men if they have such an opportunity.",
            "Mr Netanyahu, Israel's longest-serving prime minister, condemned the application to seek his arrest as \"an absurd and false order\".",
            "In a public statement in Hebrew, he asked  \"with what audacity\" the ICC would \"dare to compare\" Hamas and Israel.",
            "The comparison was a \"distortion of reality\", Mr Netanyahu said.",
            "He accused the prosecutor of \"callously pouring gasoline on the fires of antisemitism that are raging across the world\".",
            "Israel's Foreign Minister Israel Katz called the move by Mr Khan an \"unrestrained frontal assault\" on the victims of the 7 October attacks and a \"historical disgrace that will be remembered forever\".",
            "In a statement, Mr Gallant reiterated: \"The IDF is fighting in accordance with international law, while taking unprecedented measures to facilitate humanitarian aid.",
            "\"The State of Israel is not a party to the court and does not recognise its authority.\"",
            "Some of Israel's Western allies avoided directly criticising the ICC in their statements. ",
            "In a statement late on Monday, the French foreign ministry said it supported the court and what it called its \"fight against impunity in all situations\". ",
            "Similarly, Germany's foreign ministry said it \u201crespects the independence and procedures\u201d of the ICC. ",
            "However, Berlin did criticise the simultaneous publication of the charges against Israeli and Hamas leaders, saying the move \"created the incorrect impression of equivalency\". ",
            "Hamas earlier made its own demand for \"the cancellation of all arrest warrants issued against leaders of the Palestinian resistance\".",
            "\"Hamas strongly denounces the attempts of the Prosecutor of the International Criminal Court to equate the victim with the executioner,\" the group said.",
            "The group also complained that the application for warrants against Mr Netanyahu and Mr Gallant had come \u201cseven months late\u201d, and that other Israeli political and military leaders had not been named alongside them.",
            "Mr Khan accused the Hamas leaders of having committed crimes including extermination, murder, hostage taking, rape and sexual violence, and torture.",
            ""
        ]
    },
    "https://www.bbc.com/news/articles/c6pyp8y92gyo": {
        "link": "https://www.bbc.com/news/articles/c6pyp8y92gyo",
        "subtitle": "Show president Michael Caines says it is \"really great to see the show growing\".",
        "time": null,
        "title": "Devon County Show gets under way",
        "topics": [
            "Devon",
            "Exeter"
        ],
        "images": [
            "https://ichef.bbci.co.uk/news/480/cpsprodpb/846b/live/546cb710-135a-11ef-99fd-a7e7c6acfe47.jpg.webp",
            "https://ichef.bbci.co.uk/news/480/cpsprodpb/5fa2/live/37c14070-12e4-11ef-bcc7-23b39feeef16.jpg.webp",
            "https://ichef.bbci.co.uk/news/480/cpsprodpb/7971/live/61fade70-135a-11ef-99fd-a7e7c6acfe47.jpg.webp",
            "https://ichef.bbci.co.uk/news/480/cpsprodpb/cc16/live/3a1d91a0-1381-11ef-ab05-311ab27f5f2f.png.webp"
        ],
        "videos": [],
        "author": "",
        "text": [
            "About 100,000 visitors are expected to attend the Devon County Show over the next three days.",
            "The 128th show is being held at Westpoint Arena and Showground in Clyst St Mary, near Exeter.",
            "The show involves a range of agricultural activities and contests, as well as more than 2,000 animals.",
            "Show president Michael Caines said it was \"really great to see the show growing\".",
            "The Exeter-born chef, who is the holder of two Michelin stars, said it was \"a real honour\" to take on the president role for this year's show.",
            "\"It's a feeling of immense pride and I feel a great amount of gratitude to the county of Devon and to be given the honour of the president of the Devon County Show just fills me with a huge sense of pride,\" Mr Caines said.",
            "\"There's an incredible network of people all working together to put on this incredible show and we're all interlinked.",
            "\"We've got volunteers, we've got fathers, grandfathers and the next generations coming through - it's so great to see the show back after Covid. Numbers are up, stock is up and it's really great to see the show growing.\"",
            "Patrick the pony officially opened the show.",
            "Owned by Kirk and Hannah Petrakis, Patrick is a therapy pony that visits hospitals and retirement homes.",
            "Mr Petrakis said the pony had helped raise thousands of pounds as the mascot for the War Horse Memorial and the purple poppy - a symbol of remembrance for animals lost in service.",
            "Because of this, a local councillor bestowed the title of the Mayor of Cockington on the pony, Mr Petrakis explained.",
            "During the three days, there are eight Aldabra giant tortoises on display that showgoers are encouraged to meet.",
            "Their keeper, Adrian Graham, said: \"Visitors have the chance to get hands on and give them a bit of a stroke and a tickle, find out a bit more about them and the conservation work.\"",
            "Devon County Show confirmed numbers in excess of 96,000 attended the event in 2023 and it hopes there will be 100,000 this year.",
            "People travelling near the show have been warned by Devon County Council's highways department to expect traffic delays.",
            "Follow BBC Devon on X (formerly Twitter), Facebook and Instagram. Send your story ideas to spotlight@bbc.co.uk."
        ]
    },
    "https://www.bbc.com/sport/golf/articles/ce7r83p87r3o": {
        "link": "https://www.bbc.com/sport/golf/articles/ce7r83p87r3o",
        "subtitle": "World number one Scottie Scheffler is charged with assaulting a police officer hours before his second round at the US PGA Championship.",
        "time": null,
        "title": "Scottie Scheffler: World number one detained by police near PGA Championship - BBC Sport",
        "topics": [],
        "images": [
            "https://ichef.bbci.co.uk/news/640/cpsprodpb/6ca4/live/34f8a610-144e-11ef-bfec-4ba8a2993b62.jpg"
        ],
        "videos": [
            "//emp.bbc.com/emp/SMPj/2.52.1/iframe.html"
        ],
        "author": "",
        "text": [
            "World number one Scottie Scheffler has been charged with assaulting a police officer outside Valhalla Golf Club hours before his second round at the US PGA Championship.",
            "Scheffler was released just in time to take to the course on Friday for his tee-off time of 10.08am (15:08 BST).",
            "The Louisville Metropolitan Department of Corrections, who posted a mugshot of the 27-year-old, said he was booked in at 7.28am local time and released at 8.40am.",
            "Speaking as he arrived at the course for his second round, Scheffler said the incident was a \"big misunderstanding\".",
            "Scheffler was charged with second-degree assault of a police officer, third-degree criminal mischief, reckless driving and disregarding traffic signals from an officer.",
            "He is due to appear in court on Tuesday.",
            "Scheffler's lawyer Steve Romines said \"multiple eyewitnesses confirmed that he did not do anything wrong but was simply proceeding as directed\".",
            "Romines added: \"He stopped immediately upon being directed to and never at any point assaulted any officer with his vehicle. We will litigate this matter as needed.\"",
            "Play at the year's second major was delayed by 80 minutes on Friday because of an accident near the course.",
            "Louisville Metro Police Department (LMPD) said a shuttle bus had struck and killed a pedestrian outside the golf club.",
            "Scheffler, who was not involved in the accident, reportedly attempted to avoid the scene before being stopped.",
            "\"This morning, I was proceeding as directed by police officers,\" Scheffler said.",
            "\"It was a very chaotic situation, understandably so considering the tragic accident that had occurred earlier, and there was a big misunderstanding of what I thought I was being asked to do.",
            "\"I never intended to disregard any of the instructions. I'm hopeful to put this to the side and focus on golf today.",
            "\"Of course, all of us involved in the tournament express our deepest sympathies to the family of the man who passed away in the earlier accident this morning. It truly puts everything in perspective.\"",
            "Videos of the scene outside the course in Louisville, Kentucky, showed Scheffler handcuffed and being guided into the back of a police car.",
            "Police later published a report into the incident which said the officer who attempted to prevent Scheffler from entering the course in his car was dragged to the ground and suffered \"pain, swelling and abrasions\" to his left wrist and knee.",
            "The report said Detective Bryan Gillis was directing traffic near Gate 1 of Valhalla and was wearing a full police uniform and a \"high-visibility yellow reflective rain jacket\".",
            "The report also said Gillis' uniform trousers were \"damaged beyond repair\" and that he was taken to a local hospital for medical evaluation.",
            "Scheffler, who has won four of his last five events, carded a four-under-par 67 in the first round on Thursday after a remarkable start that saw him hole a 167-yard nine-iron for an eagle-two on the opening hole.",
            "On Friday, he recorded a five-under round of 66 which put him two shots off the lead at the time.",
            "He is chasing a third successive victory after winning the Masters and RBC Heritage in April before taking three weeks off for the birth of his first child."
        ]
    },
    "https://www.bbc.com/sport/football/articles/cqqnnd07kqdo": {
        "link": "https://www.bbc.com/sport/football/articles/cqqnnd07kqdo",
        "subtitle": "Stoke City's Republic of Ireland defender Enda Stevens signs a new 12-month contract to stay with the Championship club.",
        "time": null,
        "title": "Enda Stevens: Stoke's Republic of Ireland defender signs new deal - BBC Sport",
        "topics": [],
        "images": [
            "https://ichef.bbci.co.uk/news/866/cpsprodpb/29ae/live/ffb9fc60-1141-11ef-a001-7b6f70565f5c.jpg"
        ],
        "videos": [],
        "author": "",
        "text": [
            "Republic of Ireland defender Enda Stevens will stay with Stoke City for another year after signing a new contract with the Championship club.",
            "The 33-year-old left-back was one of several out-of-contract players who have been discussing their futures with Potters boss Steven Schumacher over the last few days and joins midfielder Jordan Thompson in agreeing new terms.",
            "Stevens moved to Stoke from Sheffield United last summer, having spent six years at Bramall Lane.",
            "\"I really want to be part of driving Stoke City forward,\" Stevens told the club website., external",
            "\u201cI look at the squad here and see a lot of talented footballers. With the experience the lads gained last season, we are capable of achieving success.\u201d",
            "Stevens was out for more than three months at the turn of the year because of calf and hamstring injuries but returned to the side at the end of March to help steer the Potters to safety as they finished 17th, six points clear of the relegation zone.",
            "\"We finished last season strongly and Enda played his part in that,\" said Stoke sporting director Jonathan Walters.",
            "\u201cHe brought quality to our side with and without the ball, as well as the wisdom of having seen everything there is to see at this level, and that helped us immensely in those high-pressure games.\""
        ]
    },
    "https://www.bbc.com/news/world-us-canada-68988057": {
        "link": "https://www.bbc.com/news/world-us-canada-68988057",
        "subtitle": "The BBC's Nada Tawfik goes through the cross-examination that the former adult-film star faced in court.",
        "time": null,
        "title": "Trump's lawyers spar with Stormy Daniels at trial",
        "topics": [],
        "images": [],
        "videos": [],
        "author": "",
        "text": []
    },
    "https://www.bbc.com/news/articles/ckr58rz175go": {
        "link": "https://www.bbc.com/news/articles/ckr58rz175go",
        "subtitle": "The closure in Cornwall is to allow National Highways to continue surfacing and infrastructure work.",
        "time": null,
        "title": "Cornwall's A30 road to close for National Highways works",
        "topics": [
            "Cornwall"
        ],
        "images": [
            "https://ichef.bbci.co.uk/news/480/cpsprodpb/4bd0/live/f3b844d0-0e35-11ef-b79f-f3c75733accd.jpg.webp"
        ],
        "videos": [],
        "author": "",
        "text": [
            "A section of the A30 in Cornwall will be closed for roadworks from 20:00 BST on Friday until 06:00 BST on Monday.",
            "The closure would be in place to allow National Highways' teams to safely continue surfacing and infrastructure work, managers said.",
            "The company said it was in the final stages of a dualling upgrade to the A30, and would be carrying out the series of closures between Scorrier and Boxheater.",
            "Drivers have been urged to plan ahead, avoid unnecessary travel and follow the diversion routes and signage in place.",
            "Further closures have been planned for the A30, including 17-20 May, where it would be a weekend closure between Chiverton and Boxheater, project leaders said.",
            "Overnight closures are also planned from 3-6 June between Chiverton and Mitchell.",
            "However, National Highways said that motorists should keep a watch for possible updates as dates and locations were subject to change.",
            "Follow BBC Cornwall on X (formerly Twitter), Facebook and Instagram. Send your story ideas to spotlight@bbc.co.uk."
        ]
    },
    "https://www.bbc.com/news/world-europe-68993225": {
        "link": "https://www.bbc.com/news/world-europe-68993225",
        "subtitle": "Activists were protesting against plans to expand the factory in Gr\u00fcnheide - Tesla's only manufacturing location in Europe.",
        "time": null,
        "title": "Police and protesters clash at Tesla gigafactory",
        "topics": [],
        "images": [],
        "videos": [],
        "author": "",
        "text": []
    },
    "https://www.bbc.com/news/articles/c3gvz63elnpo": {
        "link": "https://www.bbc.com/news/articles/c3gvz63elnpo",
        "subtitle": "Londoners will head to the polls to vote for the candidate they want to be mayor on Thursday.",
        "time": null,
        "title": "London mayor election: Final push in race for City Hall",
        "topics": [
            "England and Wales elections 2024",
            "Mayor of London",
            "London"
        ],
        "images": [
            "https://ichef.bbci.co.uk/news/480/cpsprodpb/c3b5/live/ab7f2b40-079e-11ef-b9d8-4f52aebe147d.png.webp",
            "https://ichef.bbci.co.uk/news/480/cpsprodpb/c619/live/5f012600-079f-11ef-b9d8-4f52aebe147d.png.webp",
            "https://ichef.bbci.co.uk/news/480/cpsprodpb/6f01/live/0d5a65b0-079e-11ef-82e8-cd354766a224.png.webp",
            "/bbcx/grey-placeholder.png",
            "/bbcx/grey-placeholder.png"
        ],
        "videos": [],
        "author": "Tim Donovan,",
        "text": [
            "The main contenders to be the next London mayor are making their final pitch for votes ahead of Thursday's election.",
            "Current Labour mayor Sadiq Khan is seeking a third term, promising a \"fairer, safer, greener\" London.",
            "Tory challenger Susan Hall said she offered the prospect of a mayor who listened after eight years of Londoners being \"ignored\".",
            "The candidates have been staging last media events.",
            "Ms Hall has vowed to scrap the Ultra Low Emission Zone (Ulez) in outer London and tackle violent crime.",
            "She said there was \"a clear choice between being ignored for another four years by Sadiq Khan, or electing a new mayor who listens\".",
            "Among 10 key pledges, Mr Khan is offering a one-year Transport for London (TfL) fare freeze and four years of free school meals for seven to 11-year-old primary pupils.",
            "\"If I have the privilege of being re-elected tomorrow, this is where my focus will be,\" he said.",
            "Zoe Garbett, the Green candidate, said she had put forward a \"positive\" plan for London in contrast to others.",
            "\u201cMy plan focuses on what matters most to Londoners - making our city more affordable, making the police more accountable to communities and making our city fairer,\" she said.",
            "Liberal Democrat Rob Blackie committed to reform the police, prioritising violence against women.",
            "He said: \"Time and again, Sadiq Khan has failed to deliver on promises.\"",
            "",
            "Polling has consistently indicated that Mr Khan is comfortably on course for a third term. But some has suggested low levels of satisfaction with his mayoralty so far.",
            "Much will depend on turnout and whether more people are motivated to vote in outer London than inner London where Mr Khan's core support has been.",
            "Mr Khan has based his campaign around the \u201cmoment of maximum opportunity\u201d he says would come from having a Labour mayor and Labour government working together.",
            "But as the incumbent, he has been forced to defend a record which his opponents have repeatedly attacked.",
            "With many of the key crime indicators like knife crime against him, he has been at pains to draw favourable comparisons with other parts of the UK and stress the \u201cmassive hole\u201d needed to fill after years of Tory-led austerity.",
            "He says he has hit government targets for affordable homes \u201cstarted\u201d, but \u201ccompletions\u201d have lagged behind those under his predecessor. He has focused particularly on one type of tenure, council homes, with a pledge for 40,000 by 2030, two years beyond the next mayoral term.",
            "Giving free school lunches to those seven to 11-year-old primary pupils not currently entitled to them is to continue for four years at a cost of more than half a billion pounds. ",
            "He froze many TfL fares this year, but has not guaranteed doing it again.",
            "Two key messages of Ms Hall\u2019s campaign have been to make London safer and end the \"war\" on the motorist.",
            "She has focused on tackling rising knife crime, reviving borough-based community-faced policing and increasing women\u2019s safety. Her commitment to \u00a3200m extra for the police has come with vagueness over where the money will come from.",
            "With a vow to reverse the expansion of Ulez, she has claimed that Mr Khan plans to introduce a new charging system for motorists.",
            "In the face of Mr Khan\u2019s denials \u2013 including an explicit rejection of pay-per-mile road charging in his manifesto \u2013 she has  doubled down, claiming Ulez expansion was pursued after it had not been part of his published plans at the last election in 2021.",
            "Ms Garbett has placed rent controls and cheaper public transport at the heart of her campaign along with the plan for an \u201chonest conversation\u201d with Londoners about the need for a fairer road-user charging.",
            "Mr Blackie has promised to remedy the \u201cshameful\u201d failure to bring sexual offenders to justice and re-think stop and search for some drugs, while being the only main contender to rule out fare freezes because they are \u201cunaffordable\u201d.",
            "It has been a campaign where the frontrunners barely came across each other in person.",
            "Ms Hall and Mr Khan debated face to face three times in a broadcast studio and once at a public hustings. Neither attended around a dozen other hustings, to the anger of some of their organisers",
            "Mr Khan\u2019s campaign has been marked by controlled environments, and set-piece visits and speeches where he was joined by senior Labour figures.",
            "Shadow chancellor Rachel Reeves committed to support and partnership but not more spending on the capital, repeated requests for which have been a feature of Mr Khan\u2019s mayoralty.",
            "Shadow home secretary Yvette Cooper promised the capital up to 1,300 extra police officers, special constables or community support officers from the increase she has pledged for the country, while Shadow Energy Secretary Ed Miliband was deployed to criticise the Tory candidate over climate change.",
            "Ms Hall has been campaigning more in public than her opponent after a hesitant start and mis-steps in early broadcast interviews.",
            "She was also joined by senior party figures including the prime minister Rishi Sunak and party chairman Richard Holden. However, these were - like the launch of her campaign itself in Uxbridge \u2013 sessions where the details and photographs were only released to the media afterwards.",
            "In at least some of her campaign leaflets the word \u201cConservative\u201d was not prominent. Her manifesto was launched in a car repair centre in south east London.",
            "While insisting they are in the mayoral contest to win, the Greens and Liberal Democrats have had a close eye on elections for the London Assembly \u2013 the body which scrutinises the mayor - on the same day. The Greens currently have three members and the Lib Dems two.",
            "For the first time for this election, the ballot papers are going to be counted by hand. That process begins on Saturday and it is hoped the result will be confirmed by early evening.",
            "However in the six previous elections it has taken much longer than expected.",
            "Listen to the best of BBC Radio London on Sounds and follow BBC London on Facebook, X and Instagram. Send your story ideas to hello.bbclondon@bbc.co.uk"
        ]
    },
    "https://www.bbc.com/sport/football/articles/cw94yp0v2leo": {
        "link": "https://www.bbc.com/sport/football/articles/cw94yp0v2leo",
        "subtitle": "Wrexham name Michael Williamson as the club's new chief executive officer.",
        "time": null,
        "title": "Michael Williamson appointed as Wrexham's new CEO - BBC Sport",
        "topics": [],
        "images": [
            "https://ichef.bbci.co.uk/news/975/cpsprodpb/1f5d/live/958bae70-1460-11ef-b9db-671b2247cd48.jpg"
        ],
        "videos": [],
        "author": "",
        "text": [
            "Wrexham have appointed Michael Williamson as the club's new chief executive officer as they prepare for life in League One.",
            "Williamson comes with global experience having spent many years on the board at Inter Milan.",
            "He has also held roles with DC United and most recently Miami FC in the United States.",
            "\"I am delighted to join Wrexham AFC after their impressive back-to-back promotions to League One,\u201d said Williamson.",
            "Club owners Rob McElhenney and Ryan Reynolds said: \u201cAs the fortunes and dreams of Wrexham AFC have grown, so must our club operations. ",
            "\"He [Williamson] has worn many hats and will continue to wear many more now that his hat will say Wrexham AFC. ",
            "\"Also, Michael. We\u2019re out of hats,\" they added, \"could you get on that?\"",
            "Williamson's UK work visa must be approved before he takes up his role at the Stok Racecourse.",
            "Wrexham hope that process will be successful in the coming months."
        ]
    }
}