{
    "https://www.bbc.com/news/videos/cx99jg54kepo": {
        "link": "https://www.bbc.com/news/videos/cx99jg54kepo",
        "subtitle": "The BBC's international editor explains how Russia is seizing the opportunity to hit Ukraine in new deadly strikes.",
        "time": "2024-05-25T18:21:13.109284",
        "title": "Watch: BBC's Jeremy Bowen at the site of Kharkiv strike",
        "topics": [],
        "images": [],
        "videos": [],
        "author": "",
        "text": []
    },
    "https://www.bbc.com/news/videos/cv22e52e026o": {
        "link": "https://www.bbc.com/news/videos/cv22e52e026o",
        "subtitle": "National Highways shares video of three dangerous driving incidents to coincide with a safety initiative.",
        "time": "2024-05-25T18:21:37.575060",
        "title": "Make-up and McDonald's: Dangerous driving caught on camera",
        "topics": [],
        "images": [],
        "videos": [],
        "author": "",
        "text": []
    },
    "https://www.bbc.com/sport/football/articles/cgrwwjywjl6o": {
        "link": "https://www.bbc.com/sport/football/articles/cgrwwjywjl6o",
        "subtitle": "Former England internationals James Milner and Danny Welbeck both sign new contracts with Brighton.",
        "time": null,
        "title": "Brighton: James Milner and Danny Welbeck sign new contracts - BBC Sport",
        "topics": [],
        "images": [
            "https://ichef.bbci.co.uk/news/2048/cpsprodpb/df1e/live/4e14e170-1211-11ef-a0d2-a5394c93c313.jpg"
        ],
        "videos": [],
        "author": "",
        "text": [
            "Former England internationals James Milner and Danny Welbeck have both signed new contracts with Brighton.",
            "Midfielder Milner, 38, has agreed a one-year deal with the Seagulls while 33-year-old forward Welbeck has put pen to paper on a two-year contract.",
            "Earlier in the season Milner moved up to second on the Premier League's all-time appearance list and now needs to play in 20 more top-flight games to overtake Gareth Barry's record of 653.",
            "The veteran has not been able to add to that total since 30 January having struggled with injuries but \"will be ready\" for the start of the 2024-25 campaign.",
            "\"I am as driven as I\u2019ve ever been and I\u2019m excited for next season,\" said Milner, who joined Albion on a free transfer last summer after his contract expired at Liverpool. ",
            "\"I really enjoyed the first half of this season as the club played in Europe for the first time, while the second half has personally been disappointing with a couple of injuries.\"",
            "Welbeck has scored 25 goals in 123 games in all competitions for Brighton having signed in October 2020 following his release by Watford.",
            "\"Each season has been special and we\u2019ve progressed every year,\" said former Manchester United and Arsenal striker Welbeck.",
            "\u201cA couple more key acquisitions for the squad will help us push on next season and I am pretty sure we can achieve some more special moments.\u201d",
            "Brighton boss Roberto de Zerbi said he was happy to hold on to two of his most experienced players.",
            "\"Their qualities as footballers and also as individuals are very clear for everyone to see,\" he added.",
            "\"They have both been very important for the club on and off the pitch, and with Adam Lallana leaving us their contribution becomes even more crucial next season.\""
        ]
    },
    "https://www.bbc.com/news/articles/c90zz8gw0qxo": {
        "link": "https://www.bbc.com/news/articles/c90zz8gw0qxo",
        "subtitle": "Shares in Gamestop, the original meme stock, surge again as 'Roaring Kitty' returns online.",
        "time": null,
        "title": "GameStop shares surge as 'Roaring Kitty' returns",
        "topics": [
            "Stock markets"
        ],
        "images": [
            "https://ichef.bbci.co.uk/news/480/cpsprodpb/d003/live/b38d1470-112e-11ef-9562-0dc7c43b5bde.jpg.webp"
        ],
        "videos": [],
        "author": "Natalie Sherman,",
        "text": [
            "Shares in GameStop, the video game retailer whose popularity among pandemic-era traders helped coin the idea of a meme stock, are surging again. ",
            "Their rise follows the online reappearance of Keith Gill, known as \"Roaring Kitty\", who was credited with helping the struggling firm's shares explode in January 2021, contrary to the bets of many professional Wall Street firms. ",
            "GameStop shares jumped more than 70% in morning trade on Monday, to more than $30, as investors piled into the stock.",
            "Though the price later fell a bit, it marked their highest level since 2022.",
            "Mr Gill was one of the most high-profile figures among the swarm of independent traders who swapped investment tips online and drove a buying frenzy for Gamestop and other firms, putting pressure on hedge funds who had been expecting the shares to fall.",
            "Shares in GameStop crashed back to earth within weeks. ",
            "They have spent much of this year trading for less than $15 apiece, after the firm announced job cuts and a decline in sales at the end of last year.",
            "The story of the surprise rise in GameStop shares, which led to similar moves for other companies including Odeon Cinemas-owner AMC, sparked congressional hearings about market manipulation and inspired the 2023 movie \"Dumb Money\", which starred Paul Dano and Seth Rogen.",
            "Mr Gill told Congress he used social media for fun and called the idea he was pushing the shares on unwitting investors \"preposterous\".",
            "He has not posted on X, formerly known as Twitter, since mid 2021. ",
            "Then on Sunday Mr Gill posted a drawing of a man leaning forward in a chair, as if gearing up for action.",
            "He later followed up with two posts on Monday morning, which appeared to allude to his return.",
            "The meme-stock phenomenon has been part of a wider increase in trading by retail investors - people not working for investment houses or other private firms.",
            "Analysts had argued the original rise of meme stocks was driven by the surge in savings and time many households had during the pandemic, thanks to government support programmes and the shutdown of many in-person activities.",
            "However with markets rising again this year, trading firms such as Charles Schwab and Robinhood have reported another uptick in new accounts and activity by retail investors."
        ]
    },
    "https://www.bbc.com/news/uk-northern-ireland-68986864": {
        "link": "https://www.bbc.com/news/uk-northern-ireland-68986864",
        "subtitle": "Two-year-old Woody is helping the island get rid of its invasive species attacking seabirds.",
        "time": null,
        "title": "Meet Rathlin's newest furry resident detecting ferrets",
        "topics": [],
        "images": [],
        "videos": [],
        "author": "",
        "text": []
    },
    "https://www.bbc.com/news/world-middle-east-68964661": {
        "link": "https://www.bbc.com/news/world-middle-east-68964661",
        "subtitle": "Palestinians have begun leaving parts of Rafah after Israel urged 100,000 people to evacuate the city.",
        "time": null,
        "title": "Rafah evacuation: 'Where will we go now?'",
        "topics": [],
        "images": [],
        "videos": [],
        "author": "",
        "text": []
    },
    "https://www.bbc.com/news/world-europe-68994908": {
        "link": "https://www.bbc.com/news/world-europe-68994908",
        "subtitle": "The tennis player was accidentally struck in the head with a hard bottle that fell from a fan's backpack.",
        "time": null,
        "title": "Djokovic greets fans with a helmet after being hit by bottle",
        "topics": [],
        "images": [],
        "videos": [],
        "author": "",
        "text": []
    },
    "https://www.bbc.com/news/articles/cw8q9q0jdwqo": {
        "link": "https://www.bbc.com/news/articles/cw8q9q0jdwqo",
        "subtitle": "The Conservatives lose all but one councillor in the local elections in Warrington.",
        "time": null,
        "title": "Labour retains Warrington Council as Tories almost wiped out",
        "topics": [
            "England and Wales elections 2024",
            "Warrington Borough Council",
            "Warrington",
            "Cheshire"
        ],
        "images": [
            "https://ichef.bbci.co.uk/news/480/cpsprodpb/4ac5/live/3ccf33c0-0a23-11ef-af22-8de076202641.jpg.webp",
            "https://ichef.bbci.co.uk/news/480/cpsprodpb/a252/live/d60ce5b0-0a22-11ef-af22-8de076202641.jpg.webp",
            "https://ichef.bbci.co.uk/news/480/cpsprodpb/39b3/live/ef4bc1e0-0a22-11ef-af22-8de076202641.jpg.webp",
            "https://ichef.bbci.co.uk/news/480/cpsprodpb/f34b/live/5ff9e340-0a23-11ef-af22-8de076202641.jpg.webp"
        ],
        "videos": [],
        "author": "Kaleigh Watterson,",
        "text": [
            "Labour has retained control of Warrington Borough Council, with the Liberal Democrats overtaking the Conservatives to become the official opposition.",
            "Labour comfortably kept control of the council, which it has run since 2011.",
            "The Conservative vote collapsed, with the party losing all but one of its councillors.",
            "Labour leader Hans Mundry said he was \"proud\" of the group's large majority.",
            "The final result was 42 Labour councillors elected, 12 Liberal Democrats, three independents and one Conservative.",
            "A number of councillors - around a quarter - decided not to stand for re-election, including the former Labour leader Russ Bowden, and long-standing Liberal Democrat Bob Barr.",
            "In Burtonwood and Winwick independent candidate Stuart Mann won one a seat from Labour.",
            "Labour took a seat in Penketh and Cuerdley from one of the three independent councillors, and won a seat from the Conservatives in Birchwood.",
            "The Liberal Democrats won a seat from the Conservatives in Lymm South.",
            "The Conservatives lost three seats to the Liberal Democrats in Appleton and three to Labour in Culcheth, Glazebury and Croft.",
            "The one seat the Conservatives kept from the 10 they went into the election with is in Rixton and Woolston.",
            "Mr Mundry said he believed it was Labour\u2019s biggest ever win on Warrington Borough Council.",
            "\u201cI\u2019m pleased to have been the leader that led us into this fantastic, historical victory for Warrington and we\u2019re looking forward to serving the people of Warrington,\u201d he said.",
            "\u201cThe national climate does have an impact on local elections but I think as a Labour administration we\u2019ve been doing the right things at the right time for the people of Warrington.\u201d",
            "Bob Barr, the former leader of the Liberal Democrat group, who stood down at this election, said it was an \u201cexcellent result\u201d for his party.",
            "\u201cWe wanted to become the official opposition again and go from eight seats to 12 and we\u2019ve done exactly that,\u201d he said.",
            "\u201cI think this has been a real vindication. ",
            "\"The Conservatives have all but been wiped out and they\u2019d gone for a particularly aggressive form of opposition, they\u2019d criticised us for not opposing Labour enough.\u201d",
            "Nigel Balding, previously the leader of the Conservative group, said the result was \u201cdisappointing\u201d and said he felt low turnout was a factor.",
            "\u201cI think the electorate have given us a message today,\u201d he said.",
            "\u201cGoing forwards, I\u2019m sure the Conservative voice will continue and we\u2019ve still got one councillor and we\u2019ll continue to do our best.\"",
            "The town\u2019s two MPs - Conservative Andy Carter and Labour\u2019s Charlotte Nichols - were both at the count at Birchwood Community Hub.",
            "Andy Carter said the result was \u201cnaturally disappointing\u201d.",
            "\u201cIf you compared to 2021, we were looking in many of the wards that the Conservatives secured at 50% turnout and it\u2019s down mid-30s now and I think there\u2019s a message there that our voters have stayed at home,\u201d he said.",
            "Charlotte Nichols said she felt the results showed \u201ca real move towards the Labour party right across town\u201d.",
            "\u201cI think it\u2019s a real sign of the trust that people in our community have put in us,\u201d she said.",
            "\u201cThere is a prevailing mood in the country that the Conservatives are squatting in Downing Street.",
            "\u201cThere\u2019s a lot of discontent with the way local services are being funded but I think actually, when you speak to each of the individual candidates in the individual wards, it has been local issues they've campaigned on and won on.\u201d",
            "Listen to the best of BBC Radio Merseyside on Sounds and follow BBC Merseyside on Facebook, X, and Instagram? You can also send story ideas to northwest.newsonline@bbc.co.uk"
        ]
    },
    "https://www.bbc.com/news/world-europe-69002337": {
        "link": "https://www.bbc.com/news/world-europe-69002337",
        "subtitle": "Returning from the contest, Swiss singer Nemo was greeted by hundreds of fans at Zurich Airport.",
        "time": null,
        "title": "'It just shattered' - Nemo explains broken Eurovision trophy",
        "topics": [],
        "images": [],
        "videos": [],
        "author": "",
        "text": []
    }
}