{
    "https://www.bbc.com/news/articles/c97zq9my291o": {
        "link": "https://www.bbc.com/news/articles/c97zq9my291o",
        "subtitle": "The party reaffirms its control over Wakefield Council with a series of significant gains.",
        "time": null,
        "title": "Wakefield Council election results: Labour makes gains",
        "topics": [
            "England and Wales elections 2024",
            "Wakefield Metropolitan District Council",
            "Knottingley",
            "Ryhill"
        ],
        "images": [
            "https://ichef.bbci.co.uk/news/480/cpsprodpb/c87e/live/cab2dc70-095e-11ef-ba59-0b8a7470f207.jpg.webp"
        ],
        "videos": [],
        "author": "",
        "text": [
            "Labour has made gains on Wakefield Council at the local elections as it retained its control of the local authority.",
            "The party gained eight seats in total strengthening its substantial majority.",
            "Labour's notable victories were in the Ossett ward, Ackworth, North Elmsall and Upton ward and in Crofton, Ryhill and Walton.",
            "The seats were gained from independent candidates who had previously been Conservative party members. ",
            "The latter two seats had previously been Labour strongholds, but the party lost both to the Conservatives in 2021. ",
            "Elsewhere, the Liberal Democrats retained the one seat they were defending in Knottingley, the Local Democracy Reporting Service said.",
            "The results mean Labour have 56 councillors, the Conservative's have three, the Liberal Democrats three and there is one Independent Councillor.",
            "",
            "Follow BBC Yorkshire on Facebook, X (formerly Twitter) and Instagram. Send your story ideas to yorkslincs.news@bbc.co.uk."
        ]
    },
    "https://www.bbc.com/news/articles/cjq5d3kqwe3o": {
        "link": "https://www.bbc.com/news/articles/cjq5d3kqwe3o",
        "subtitle": "The Human League will headline Bristol Pride 2024, which will take place on The Downs on 13 July.",
        "time": null,
        "title": "Bristol Pride 2024: The Human League to headline",
        "topics": [
            "Pride",
            "Bristol",
            "Clifton",
            "Bristol"
        ],
        "images": [
            "https://ichef.bbci.co.uk/news/480/cpsprodpb/4ed5/live/0898e2f0-03a1-11ef-9170-254bfa1f73e4.png.webp",
            "https://ichef.bbci.co.uk/news/480/cpsprodpb/d3d1/live/33947f90-03a2-11ef-9170-254bfa1f73e4.jpg.webp",
            "https://ichef.bbci.co.uk/news/480/cpsprodpb/58f2/live/0618f960-03a2-11ef-9170-254bfa1f73e4.png.webp",
            "https://ichef.bbci.co.uk/news/480/cpsprodpb/7e8e/live/6ee71270-03a1-11ef-9170-254bfa1f73e4.png.webp"
        ],
        "videos": [],
        "author": "Sammy Jenkins,",
        "text": [
            "Synth-pop band The Human League will headline Bristol Pride 2024, as it celebrates its 15th anniversary in the city.",
            "Taking place at The Downs, the festival will include more than 200 artists across five stages, such as dance star Georgia, Ladytron, Stars of RuPaul's Drag Race and Claire Richards from Steps.",
            "The event will run from 29 June to 13 July, with the main Pride Day taking place on Saturday 13 July.",
            "Daryn Carter MBE, Director of Programming and Partnerships, said the team was \"incredibly excited\" and \"proud\" for The Human League to join their \"biggest ever line up\".",
            "\"Pride is as important now as it has ever been and we\u2019ve got an amazing two weeks of events planned to help bring the community together to stand strong, to raise our collective voices and of course to make space to celebrate and share our collective resilience and joy,\" he added.",
            "The Human League, known for their singles Together in Electric Dreams and Love Action, will perform ahead of their Generations Tour which will travel across Europe later this year. ",
            "The Brit Award winning band have released nine studio albums and sold more than 20 million records.",
            "Other artists on the line up include 90s legend Rozalla, MantarayBryn, synth band CatBear, Basement Jaxx singer Vula Malinga, Sing Out Bristol, Charlotte Perrelli and BBC Project Ikon winner Dylan and The Moon. ",
            "A new stage name was also announced, the Uplift Stage, which aims to showcase the diversity of music and performance in Bristol. ",
            "The Uplift Stage will include performances from local talent, including Bled, Luna Kali Kerensa, Laddie Gaga and The Menstrual Cramps. ",
            "Bristol Pride said more than 46,000 people were expected to attend events across the two weeks and Pride Day this year, which will include a Pride march through the city centre.",
            "The festival had previously announced the Cabaret Stage line up, which will feature performances by headliners\u00a0Heidi n Closet and Pixie Polite from RuPaul\u2019s Drag Race along with over 20 other acts.",
            "Follow BBC Bristol on Facebook, X and Instagram. Send your story ideas to us on email or via WhatsApp on 0800 313 4630."
        ]
    },
    "https://www.bbc.com/news/articles/ck7lzrw9x2wo": {
        "link": "https://www.bbc.com/news/articles/ck7lzrw9x2wo",
        "subtitle": "Take a look back at some of the stories from across Sussex you may have missed in the past week.",
        "time": null,
        "title": "Sussex weekly round-up: 20 April - 26 April 2024",
        "topics": [
            "Worthing",
            "Eastbourne",
            "Brighton"
        ],
        "images": [
            "https://ichef.bbci.co.uk/news/480/cpsprodpb/dc88/live/b8780e40-03be-11ef-b9d8-4f52aebe147d.jpg.webp",
            "https://ichef.bbci.co.uk/news/480/cpsprodpb/818f/live/6cd61bb0-03c0-11ef-bee9-6125e244a4cd.jpg.webp",
            "https://ichef.bbci.co.uk/news/480/cpsprodpb/0285/live/eacb4950-03c0-11ef-bee9-6125e244a4cd.jpg.webp",
            "https://ichef.bbci.co.uk/news/480/cpsprodpb/6060/live/4f739100-03c1-11ef-82e8-cd354766a224.jpg.webp",
            "/bbcx/grey-placeholder.png",
            "/bbcx/grey-placeholder.png"
        ],
        "videos": [],
        "author": "",
        "text": [
            "The story about an exhibition opening in Sussex displaying work from the artist behind the Sex Pistols visuals proved a popular read this week.",
            "A variety of local issues featured on the BBC News website, BBC Radio Sussex and BBC South East Today.",
            "We have picked five stories from the past week in case you missed them.",
            "A couple who left their elderly dog alone while they went on holiday have been given suspended jail sentences.",
            "Keith Byrne, 38, and 42-year-old Sophie Singer left their boxer Bentley in their home in Eastbourne, East Sussex, while they went on a family holiday at a Center Parc.",
            "The dog was rescued by RSPCA inspectors called by neighbours, but a vet was unable to save the animal.",
            "At Lewes Crown Court on Monday, Byrne was sentenced to nine months and Singer six months, both suspended for two years.",
            "Read more here ",
            "A man who ran the entire length of Africa has reached his fundraising target.",
            "After complications with visas, health scares, geopolitical issues and an armed robbery, Russell Cook, nicknamed \u201cHardest Geezer\u201d, crossed the finish line in Tunisia on 7 April after 352 days.",
            "The 27-year-old from Worthing, West Sussex, said he had struggled with his mental health, gambling and drinking, and wanted to \"make a difference\".",
            "He has now raised more than \u00a31m ($1.24m) for charity.",
            "Read more here",
            "Tributes have been paid to a drag queen who has died following an illness.",
            "Jason Sutton, known as Miss Jason and described as a \"phenomenal pantomime dame, drag queen and comedian\", was confirmed to have passed away on Monday.",
            "Sutton had performed on stage in pantomime in Brighton, as well as appearing on TV shows.",
            "Scene Magazine posted on its Facebook page: \"We are devastated to learn of the passing of Jason Sutton aka Miss Jason - a giant of our community. Our thoughts are with his friends and family at this incredibly sad time.\"",
            "Read more here",
            "The family of a 96-year-old who went missing in Brighton 12 years ago has been waiting several years for a court to declare her death. ",
            "Nellie Herriot, who was believed to be suffering from dementia, was last seen getting off a bus in the Whitehawk area of the city on 23 April 2012 and a police investigation was inconclusive. ",
            "Ms Herriot's great-nephew, George Holland, said he had \"no hope of her being found alive\" and wanted to give his aunt the \"dignity of a formal closure on her life\". ",
            "The Judicial Office was contacted for comment on her family's claim for the declaration of her presumed death, which was made four years ago.",
            "Read more here",
            "A man from Sussex has swapped social media and smartphones for walking thousands of miles.",
            "Piers Ellison, 27, spends three-quarters of the year trekking across the world.",
            "Mr Ellison, who often sets off with just a backpack and paper map, said: \"It's exciting, you know, you wake up in the morning you have no idea what's going to happen by the end of the day.\"",
            "He will leave the UK on Friday for the US in the hope of walking the Pacific Crest Trail, a 2,650 mile trek that takes about four months to complete.",
            "Read more here",
            "Follow BBC Sussex on Facebook, on X, and on Instagram. Send your story ideas to southeasttoday@bbc.co.uk or WhatsApp us on 08081 002250."
        ]
    },
    "https://www.bbc.com/news/articles/c3g5vxyp8yqo": {
        "link": "https://www.bbc.com/news/articles/c3g5vxyp8yqo",
        "subtitle": "Take a look back of some of the stories from across Surrey you may have missed in the past week.",
        "time": null,
        "title": "Surrey weekly round-up: 20 April - 26 April 2024",
        "topics": [
            "Chertsey",
            "Sunbury-on-Thames",
            "Bagshot",
            "Guildford"
        ],
        "images": [
            "https://ichef.bbci.co.uk/news/480/cpsprodpb/a56e/live/09c4ae60-03c5-11ef-82e8-cd354766a224.jpg.webp",
            "https://ichef.bbci.co.uk/news/480/cpsprodpb/a3ca/live/9bb33b70-03c5-11ef-bee9-6125e244a4cd.jpg.webp",
            "https://ichef.bbci.co.uk/news/480/cpsprodpb/edbb/live/55cad9a0-03c6-11ef-bee9-6125e244a4cd.jpg.webp",
            "https://ichef.bbci.co.uk/news/480/cpsprodpb/8ae0/live/04e7cc90-03c7-11ef-80e4-5fc3d249d86e.jpg.webp",
            "/bbcx/grey-placeholder.png",
            "/bbcx/grey-placeholder.png"
        ],
        "videos": [],
        "author": "",
        "text": [
            "The story about a founder of a shoe donation charity getting an OBE proved a popular read this week.",
            "A variety of local issues featured on the BBC News website, BBC Radio Surrey and BBC South East Today.",
            "We have picked five stories from the past week in case you missed them.",
            "Four protesters have been arrested at the annual general meeting of UK oil giant BP.",
            "Police said a group attempted to enter the auditorium of the International Centre for Business and Technology building in Sunbury-on-Thames, Surrey.",
            "During a routine search carried out by BP security staff as the four people tried to enter the meeting, a red liquid was thrown, said police. ",
            "Det Ch Supt Juliet Parker said: \u201cWhere lawful, we will seek to facilitate peaceful protests, but any violence and risk to public safety will not be tolerated.\u201d",
            "Read more here",
            "Police who have fresh evidence on a 1974 IRA bombing have been accused of \"running down the clock\" as a new bill looms which will shield perpetrators.",
            "Families of victims of the Guildford pub attack have been told Surrey Police \"identified a potential forensic line\".",
            "However, lawyers say police will not launch an inquiry before the Northern Ireland Legacy Act comes in on May 1.",
            "Surrey Police said officers had visited the families of the victims and clearly set out the force's position.",
            "Read more here",
            "Archives show a landfill experiment took place in the 1960s near the home of a seven-year-old boy who died in 2014 amid claims that he was poisoned.",
            "Zane Gbangbola's parents say he was killed by toxic gas from the dump after the River Thames burst its banks.",
            "However, a coroner ruled that he died from carbon monoxide from a petrol-powered pump used to clear flood water.",
            "Zane's father said he had previously called for tests on the land to ascertain what materials went in it.",
            "Read more here",
            "The family of a woman found dead at a luxury hotel in Surrey said she lit up \"any room she entered with her vivacious personality and endearing smile\" as a man accused of her murder appeared in court.",
            "Emergency services found the body of Samantha Mickleburgh, 54, from Axminster in Devon, at the Pennyhill Park Hotel, in Bagshot, on 14 April. ",
            "James Cartwright, 60, of no fixed address, appeared at Guildford Magistrates' Court on Monday charged with murder and controlling and coercive behaviour.",
            "Surrey Police said the pair were known to each other. ",
            "Read more here",
            "Guildford Cathedral has unveiled 40 postbox toppers for a free exhibition. ",
            "The decorations were selected from over 80 submissions for the public display at the cathedral. ",
            "Louise Musgrove, the cathedral's head of commercial enterprise, said the exhibition had been a \"labour of love\" for the events team.",
            "It features postbox toppers from across England, with themes including the emergency services, royalty and Black History Month.",
            "Read more here",
            "Follow BBC Surrey on Facebook and X. Send your story ideas to southeasttoday@bbc.co.uk or WhatsApp us on 08081 002250."
        ]
    },
    "https://www.bbc.com/news/articles/c6pyl4knng1o": {
        "link": "https://www.bbc.com/news/articles/c6pyl4knng1o",
        "subtitle": "Take a look back at some of the stories from across Kent you may have missed in the past week.",
        "time": null,
        "title": "Kent weekly round-up: 20 April - 26 April 2024",
        "topics": [
            "Paddock Wood",
            "Wateringbury",
            "Canterbury"
        ],
        "images": [
            "https://ichef.bbci.co.uk/news/480/cpsprodpb/a295/live/0c6850c0-03bd-11ef-a562-87da5f20ad4b.jpg.webp",
            "https://ichef.bbci.co.uk/news/480/cpsprodpb/4cf3/live/7a257410-03ba-11ef-bee9-6125e244a4cd.jpg.webp",
            "https://ichef.bbci.co.uk/news/480/cpsprodpb/8839/live/51c7f000-03bb-11ef-82e8-cd354766a224.jpg.webp",
            "https://ichef.bbci.co.uk/news/480/cpsprodpb/460b/live/33d7aed0-03bd-11ef-a562-87da5f20ad4b.png.webp",
            "/bbcx/grey-placeholder.png",
            "/bbcx/grey-placeholder.png"
        ],
        "videos": [],
        "author": "",
        "text": [
            "The story about a Kent singer earning a \"golden buzzer\" on Britain's Got Talent proved a popular read this week. ",
            "A variety of local issues featured on the BBC News website, BBC Radio Kent and BBC South East Today.",
            "We have picked five stories from the past week in case you missed them.",
            "A Kent-based illustrator and designer has described her shock at finding copies of her designs on retail site Temu.",
            "Elizabeth Harbour from Wateringbury, Kent, runs her self-titled business selling wooden decorations, mantle ornaments and cards.",
            "However, she told BBC Radio 4's You and Yours programme she was shocked to see her designs on Temu: \"I think what was so frightening was they were direct copies, and you think how has that happened?\"",
            "A Temu spokesperson said: \"We take IP (intellectual property) infringement seriously and acted immediately to investigate when contacted by Elizabeth on 14th April 2024 and removed the infringing listings on 15th April 2024.\"",
            "Read more here",
            "There are fresh concerns for the jobs of P&O workers as new legislation limits the amount of time crews can spend on board ships.",
            "A letter sent to staff, seen by the BBC, said a new French law will mean crews can spend a maximum of up to 14 days on the ferry.",
            "Concerns raised by a union are that current staff, many of them from the Philippines and Indonesia, would prove too costly to repatriate on the revised schedules.",
            "A P&O spokesperson said the company had \"always called for a level playing field among ferry operators\" to ensure a \"thriving sector\".",
            "Read more here",
            "Model train manufacturer Hornby has blamed falling sales on delivery delays linked to attacks on shipping in the Red Sea.",
            "The Kent-based company, which specialises in toys and collectibles, said its sales declined 8% in the last quarter.",
            "It said the decline was partly driven by delays to deliveries via the Red Sea, with the movement of some container ships being pushed back from March to April.",
            "Container shipping firms have been forced to re-route around the Cape of Good Hope in response, adding weeks to voyage times.",
            "Read more here",
            "Double Mobo award winner YolanDa Brown has been appointed as the University of Kent's new chancellor.",
            "The saxophonist and broadcaster succeeds former BBC Newsnight journalist Gavin Esler, who retired after almost 10 years in the role. ",
            "Ms Brown graduated from the university with a first-class undergraduate masters degree in European management science with Spanish.",
            "She described her time at the university as \"life affirming\", and said \"every single time I am on campus a new memory returns, so you can imagine my joy accepting this role as chancellor\".",
            "Read more here",
            "A billiards table once owned by Queen Victoria at Buckingham Palace is on sale in Kent for \u00a3150,000.",
            "Sarah and Michael Hudson bought the antique from a West London social club 15 years ago. ",
            "The couple run John Bennett Billiards Ltd in Queen St, Paddock Wood, where they restore and build billiards and snooker tables.",
            "The 12ft by 6ft (3.6m by 1.8m) mahogany table has an ornate badge which states it was installed at Buckingham Palace in 1842 and removed in 1897.",
            "Read more here ",
            "Follow BBC Kent on Facebook, on X, and on Instagram, external. Send your story ideas to southeasttoday@bbc.co.uk, external or WhatsApp us on 08081 002250."
        ]
    }
}