{
    "https://www.bbc.com/news/articles/cd13krqe5ygo": {
        "link": "https://www.bbc.com/news/articles/cd13krqe5ygo",
        "subtitle": "The two councillors, Theresa Mackay and Milla Gauge, will join the council's Labour administration.",
        "time": null,
        "title": "Brighton & Hove City Council by-election sees Labour hold seats",
        "topics": [
            "England and Wales elections 2024",
            "Brighton",
            "Brighton and Hove City Council"
        ],
        "images": [
            "https://ichef.bbci.co.uk/news/480/cpsprodpb/d2ec/live/cb399450-0aed-11ef-8903-6fd5d1e79cfa.jpg.webp"
        ],
        "videos": [],
        "author": "Lucinda Adam,",
        "text": [
            "Labour has held two seats on Brighton & Hove City Council in a by-election in two wards.",
            "Two councillors stepped down in March. Both had been expelled from the Labour Party in December amid claims they did not live in the city.",
            "The Labour Party said it made the decision after an internal investigation, but a police investigation found there was insufficient evidence of any wrongdoing and took no further action.",
            "The two new councillors, Theresa Mackay and Milla Gauge, will join the council's Labour administration.",
            "The council has been run by Labour since they won a majority in May 2023.",
            "Deputy leader Gill Williams said: \u201cWe\u2019re absolutely delighted. I\u2019m overwhelmed by the amount of votes that we got.\"",
            "On the residency row, she said: \u201cI won\u2019t pretend it wasn\u2019t difficult and I for one was very disappointed for this to happen. However, that hasn\u2019t stopped us working hard as an administration and as ward councillors for our residents.\u201d",
            "The by-election took place in Queens Park and Kemptown in the city.",
            "Eleven candidates had contested the two wards from the Labour Party, Green Party, Liberal Democrats, the Brighton and Hove Independents and another independent candidate.",
            "Luke Walker, Green Party candidate for Queens Park, said: \u201cObviously, I\u2019m disappointed not to be elected, but I do want voters to remember the reason why the by-election happened and also there was an 8.5% swing towards us, so that\u2019s something to build for the future.\u201d",
            "Votes were cast on Thursday but counted at the Brighton Centre on Sunday alongside votes for the Sussex police and crime commissioner.",
            "Follow BBC Sussex on Facebook, on X, and on Instagram. Send your story ideas to southeasttoday@bbc.co.uk or WhatsApp us on 08081 002250."
        ]
    },
    "https://www.bbc.com/news/articles/c977l92n3n5o": {
        "link": "https://www.bbc.com/news/articles/c977l92n3n5o",
        "subtitle": "Thursday's front pages are dominated by Rishi Sunak's announcement of a general election on 4 July.",
        "time": "2024-05-23T18:06:19.984854",
        "title": "Newspaper headlines: PM's 'big gamble' and 'things can only get wetter'",
        "topics": [],
        "images": [
            "https://ichef.bbci.co.uk/news/480/cpsprodpb/ddd4/live/f6b36170-196f-11ef-8487-7de200244e07.jpg.webp",
            "https://ichef.bbci.co.uk/news/480/cpsprodpb/7640/live/271daff0-18bc-11ef-acfd-895c004d08e0.jpg.webp",
            "https://ichef.bbci.co.uk/news/480/cpsprodpb/2192/live/820a3f90-18bd-11ef-acfd-895c004d08e0.jpg.webp",
            "https://ichef.bbci.co.uk/news/480/cpsprodpb/822b/live/90dc9080-0e19-11ef-82e8-cd354766a224.png.webp",
            "https://ichef.bbci.co.uk/news/480/cpsprodpb/1e82/live/a6307d40-0e21-11ef-b9d8-4f52aebe147d.png.webp"
        ],
        "videos": [],
        "author": "BBC News,",
        "text": [
            "Thursday's papers, no matter their political leanings, have honed in on one word to describe Rishi Sunak's announcement - \"gamble\".",
            "The Daily Telegraph says \"Sunak gambles on snap poll\", while the Guardian and i's headlines read: \"Sunak's big gamble\" and \"Sunak gambles\" respectively. The Times features a similar assessment. Its front page declares: \"Sunak bets the house\".",
            "The Daily Express focuses on the prime minister's message with the headline \"I am fighting for our nation's future\". On a double page spread, the paper goes on to ask whether the snap election is a \"masterstroke\" by Mr Sunak, or \"a gift to Labour\".",
            "Both the Daily Mail and the Sun have pointed out that the country will go to the polls just one day before the first Euro 2024 quarter-final. \"Oh ballots\" reads the Sun's headline. The paper says just when we were looking forward to the Euros, Taylor Swift, Wimbledon and the sunshine, Rishi calls an election.",
            "Metro features pictures of the Conservative and Labour leaders. \"Stick with our plan\" reads the caption next to Mr Sunak. \"Call for change\" is next to Sir Keir Starmer. The i's front page describes 4 July as \"judgement day\", saying that either Tory rule will end, or Labour will suffer one of the biggest shocks in UK political history.",
            "\"Drown and out\" is the Daily Mirror's main headline, which shows a picture of a rain-soaked and sombre-looking Mr Sunak during his speech outside No 10. City AM picks up on the weather in its headline: \"Drowning Street\". ",
            "The Daily Mail talks of an \"oh-so British rain-soaked speech\". Its front page features a cartoon depicting a fundraiser going door to door, saying \"we're raising money to buy the prime minister a raincoat\".",
            "A number of the papers touch on the shock felt across Westminster following the announcement, with the Times saying Conservative MPs were \"blindsided\". Cabinet ministers Esther McVey and Chris Heaton-Harris are mentioned frequently - they are both reported to have said a July election is a bad idea. ",
            "The Daily Mail says one senior Tory has branded the move \"suicidal\". The Financial Times has an unnamed former Conservative minister describing Mr Sunak's decision as \"bonkers\", adding none of his colleagues are ready for an election campaign. The Guardian says some MPs are considering letters of no confidence in the prime minister.",
            "Away from the election, former Post Office boss Paula Vennells' appearance at the inquiry into the Horizon scandal features heavily. Many of the papers focus on her tears  as she gave evidence. \"Crying shame\" says the Sun, while the Times simply reads \"Vennells in tears\".  The Daily Star's front page mocks up a post-box into a character from the children's book series Mr Men with Ms Vennells' face on it and the headline \"Little Miss Twaddle\".",
            "Sign up for our morning newsletter and get BBC News in your inbox."
        ]
    },
    "https://www.bbc.com/sport/cricket/articles/cne93vemvreo": {
        "link": "https://www.bbc.com/sport/cricket/articles/cne93vemvreo",
        "subtitle": "Look at who each of the 20 teams involved in the 2024 Men's T20 World Cup have named in their squads.",
        "time": "2024-05-26T18:06:35.348055",
        "title": "T20 World Cup 2024: Full squads including England, India & Australia - BBC Sport",
        "topics": [],
        "images": [
            "https://ichef.bbci.co.uk/news/2048/cpsprodpb/cefd/live/c6f148d0-1e60-11ef-80aa-699d54c46324.jpg"
        ],
        "videos": [],
        "author": "",
        "text": [
            "All sides had to provide the International Cricket Council (ICC) with a provisional 15-man squad for the 2024 Men's T20 World Cup by 1 May.",
            "Changes can be made until 25 May, with alterations after that needing to be ratified by the ICC technical committee. ",
            "Canada",
            "Saad Bin Zafar (captain), Aaron Johnson, Dilon Heyliger, Dilpreet Bajwa, Harsh Thaker, Jeremy Gordon, Junaid Siddiqui, Kaleem Sana, Kanwarpal Tathgur, Navneet Dhaliwal, Nicholas Kirton, Pargat Singh, Ravinderpal Singh, Rayyankhan Pathan, Shreyas Movva. ",
            "Reserves: Tajinder Singh, Aaditya Varadharajan, Ammar Khalid, Jatinder Matharu, Parveen Kumar.",
            "India",
            "Rohit Sharma (captain), Yashasvi Jaiswal, Virat Kohli, Suryakumar Yadav, Rishabh Pant, Sanju Samson, Hardik Pandya, Shivam Dube, Ravindra Jadeja, Axar Patel, Kuldeep Yadav, Yuzvendra Chahal, Arshdeep Singh, Jasprit Bumrah, Mohammed Siraj. ",
            "Reserves: Shubman Gill, Rinku Singh, Khaleel Ahmed and Avesh Khan.",
            "Pant to make India return at T20 World Cup",
            "Ireland",
            "Paul Stirling (captain), Mark Adair, Ross Adair, Andrew Balbirnie, Curtis Campher, Gareth Delany, George Dockrell, Graham Hume, Josh Little, Barry McCarthy, Neil Rock, Harry Tector, Lorcan Tucker, Ben White, Craig Young.",
            "Adair named in Ireland's squad for T20 World Cup",
            "Pakistan",
            "Babar Azam (captain), Abrar Ahmed, Azam Khan, Fakhar Zaman, Haris Rauf, Iftikhar Ahmed, Imad Wasim, Mohammad Abbas Afridi, Mohammad Amir, Mohammad Rizwan, Naseem Shah, Saim Ayub, Shadab Khan, Shaheen Afridi, Usman Khan.",
            "United States",
            "Monank Patel (captain), Aaron Jones, Steven Taylor, Corey Anderson, Saurabh Netravalkar, Jessy Singh, Harmeet Singh, Nosthush Kenjige, Shadley Van Schalkwyk, Nitish Kumar, Andries Gous, Shayan Jahangir, Ali Khan, Nisarg Patel, Milind Kumar.",
            "Reserves: Gajanand Singh, Juanoy Drysdale, Yasir Mohammad.",
            "Ex-New Zealand all-rounder Anderson in USA World Cup squad",
            "Australia",
            "Mitchell Marsh (captain), Ashton Agar, Pat Cummins, Tim David, Nathan Ellis, Cameron Green, Josh Hazlewood, Travis Head, Josh Inglis, Glenn Maxwell, Mitchell Starc, Marcus Stoinis, Matthew Wade, David Warner, Adam Zampa.",
            "Reserves: Jake Fraser-McGurk, Matt Short.",
            "Smith left out of Australia's T20 World Cup squad",
            "England",
            "Jos Buttler (captain), Moeen Ali, Jofra Archer, Jonny Bairstow, Harry Brook, Sam Curran, Ben Duckett, Tom Hartley, Will Jacks, Chris Jordan, Liam Livingstone, Adil Rashid, Phil Salt, Reece Topley, Mark Wood.",
            "Archer named in England's T20 World Cup squad",
            "Namibia",
            "Gerhard Erasmus (captain), Zane Green, Michael Van Lingen, Dylan Leicher, Ruben Trumpelmann, Jack Brassell, Ben Shikongo, Tangeni Lungameni, Niko Davin, JJ Smit, Jan Frylinck, JP Kotze, David Wiese, Bernard Scholtz, Malan Kruger, PD Blignaut.",
            "Oman",
            "Aqib Ilyas (captain), Zeeshan Maqsood, Kashyap Prajapati, Pratik Athavale, Ayaan Khan, Shoaib Khan, Mohammad Nadeem, Naseem Khushi, Mehran Khan, Bilal Khan, Rafiullah, Kaleemullah, Fayyaz Butt, Shakeel Ahmad. ",
            "Reserves: Jatinder Singh, Samay Shrivastava, Sufyan Mehmood, Jay Odedra.",
            "Scotland",
            "Richie Berrington (captain), Matthew Cross, Brad Currie, Chris Greaves, Oli Hairs, Jack Jarvis, Michael Jones, Michael Leask, Brandon McMullen, George Munsey, Safyaan Sharif, Chris Sole, Charlie Tear, Mark Watt, Brad Wheal.",
            "Jones and Wheal named in Scotland's World Cup squad",
            "Afghanistan",
            "Rashid Khan (captain), Noor Ahmad, Fazalhaq Farooqi, Rahmanullah Gurbaz, Naveen-ul-Haq, Mohammad Ishaq, Karim Janat, Nangyal Kharoti, Fareed Ahmad Malik, Gulbadin Naib, Mohammad Nabi, Azmatullah Omarzai, Mujeeb Ur Rahman, Ibrahim Zadran, Najibullah Zadran.",
            "Reserves: Sediq Atal, Hazratullah Zazai, Saleem Safi.",
            "New Zealand",
            "Kane Williamson (captain), Finn Allen, Trent Boult, Michael Bracewell, Mark Chapman, Devon Conway, Lockie Ferguson, Matt Henry, Daryl Mitchell, Jimmy Neesham, Glenn Phillips, Rachin Ravindra, Mitchell Santner, Ish Sodhi, Tim Southee. ",
            "Reserve: Ben Sears. ",
            "Papua New Guinea",
            "Assadollah Vala (captain), CJ Amini, Alei Nao, Chad Soper, Hila Vare, Hiri Hiri, Jack Gardner, John Kariko, Kabua Vagi Morea, Kipling Doriga, Lega Siaka, Norman Vanua, Sema Kamea, Sese Bau, Tony Ura.",
            "Uganda",
            "Brian Masaba (captain), Simon Ssesazi, Roger Mukasa, Cosmas Kyewuta, Dinesh Nakrani, Fred Achelam, Kenneth Waiswa, Alpesh Ramjani, Frank Nsubuga, Henry Ssenyondo, Bilal Hassun, Robinson Obuya, Riazat Ali Shah, Juma Miyaji, Ronak Patel.",
            "Reserves: Innocent Mwebaze, Ronald Lutaaya",
            "West Indies",
            "Rovman Powell (captain), Alzarri Joseph, Johnson Charles, Roston Chase, Shimron Hetmyer, Shai Hope, Akeal Hosein, Shamar Joseph, Brandon King, Obed McCoy, Gudakesh Motie, Nicholas Pooran, Andre Russell, Sherfane Rutherford, Romario Shepherd. ",
            "Reserves: Kyle Mayers, Matthew Forde, Fabian Allen, Hayden Walsh, and Andre Fletcher",
            "Bangladesh",
            "Najmul Hossain Shanto (captain), Taskin Ahmed, Litton Das, Soumya Sarkar, Tanzid Hasan Tamim, Shakib Al Hasan, Tawhid Hridoy, Mahmudullah, Jaker Ali Anik, Tanvir Islam, Mahedi Hasan, Rishad Hossain, Mustafizur Rahman, Shoriful Islam, Tanzim Hasan Sakib. ",
            "Reserves: Afif Hossain, Hasan Mahmud.",
            "Nepal",
            "Rohit Paudel (captain), Aasif Sheikh, Anil Kumar Sah, Kushal Bhurtel, Kushal Malla, Dipendra Singh Airee, Lalit Rajbanshi, Karan KC, Gulshan Jha, Sompal Kami, Pratis GC, Sundeep Jora, Abinash Bohara, Sagar Dhakal, Kamal Singh Airee.",
            "Netherlands",
            "Scott Edwards (captain), Aryan Dutt, Bas de Leede, Saqib Zulfiqar, Kyle Klein, Logan van Beek, Max O\u2019Dowd, Michael Levitt, Paul van Meekeren, Sybrand Engelbrecht, \u2060\u2060Teja Nidamanuru, Tim Pringle, Vikram Singh, Viv Kingma, Wesley Barresi.",
            "* Kyle Klein replaced Fred Klaasen and Saqib Zulfiqar came in for Daniel Doram on 22 May. Ryan Klein is a reserve as a result of Kyle Klein's move into the main squad.",
            "South Africa",
            "Aiden Markram (captain), Ottniel Baartman, Gerald Coetzee, Quinton de Kock, Bjorn Fortuin, Reeza Hendricks, Marco Jansen, Heinrich Klaasen, Keshav Maharaj, David Miller, Anrich Nortje, Kagiso Rabada, Ryan Rickelton, Tabraiz Shamsi, Tristan Stubbs. ",
            "Reserves: Nandre Burger and Lungi Ngidi.",
            "Sri Lanka",
            "Wanindu Hasaranga (captain), Charith Asalanka (vc), Kusal Mendis, Pathum Nissanka, Kamindu Mendis, Sadeera Samarawickrama, Angelo Mathews, Dasun Shanaka, Dhananjaya De Silva, Maheesh Theekshana, Dunith Wellalage, Dushmantha Chameera, Nuwan Thushara, Matheesha Pathirana, and Dilshan Madushanka",
            "Reserves: Asitha Fernando, Vijayakanth Viyaskanth, Bhanuka Rajapaksa, and Janith Liyanage."
        ]
    },
    "https://www.bbc.com/news/articles/c51nxyjgqpxo": {
        "link": "https://www.bbc.com/news/articles/c51nxyjgqpxo",
        "subtitle": "Early results see Labour win seats from the Conservatives and Independents.",
        "time": null,
        "title": "Labour increase control of Ipswich in local elections 2024",
        "topics": [
            "England and Wales elections 2024",
            "Ipswich",
            "Ipswich Borough Council"
        ],
        "images": [
            "https://ichef.bbci.co.uk/news/480/cpsprodpb/8db2/live/84fb8e70-08eb-11ef-ba4a-69f5ea6de1ea.jpg.webp",
            "https://ichef.bbci.co.uk/news/480/cpsprodpb/3b27/live/c2dad3c0-08f7-11ef-818c-038b7f244c1e.jpg.webp"
        ],
        "videos": [],
        "author": "Rachael McMenemy,",
        "text": [
            "Labour has increased its control of Ipswich Borough Council. ",
            "One third of the seats were up for election on Thursday.",
            "Labour has taken five seats from the Conservatives.",
            "The party says it now has more councillors at the Town Hall than it has had for 20 years.",
            "Neil Macdonald, Labour leader of the council, said: \"There was certainly a national issue at play where people have lost faith in the Tory party and that helped us immensely... the cost of living came up a lot on the doorstep as people are still feeling the squeeze.",
            "\"We also had a great pitch to the people of Ipswich around the things that they value like parks and cleanliness.\"",
            "By Andrew Sinclair, BBC East of England political editor",
            "Labour stay in control of Ipswich Borough Council after making five gains at the expense of the Conservatives.",
            "The party now has the largest number of councillors on the authority in more than 20 years.",
            "Labour won the Gainsborough ward, Holywells, Sprites, Stoke Park and Whitton.",
            "The Conservatives admitted that it had been a tough night saying that many of their supporters had stayed at home, which they hope will not happen in the general election, which is due by the end of January at the latest.",
            "The leader of the Tory group, Ian Fisher, who held his seat, said: \"It was a pretty tough night for us, but it was what we expected. ",
            "\"We all know that the Conservatives aren\u2019t doing well nationally; we tried to run a campaign that focused solely on local issues.",
            "\"But let\u2019s face it, we\u2019ve had a couple of tough years in government and that does translate to polls locally. ",
            "\"But we are not losing ground to the other parties; we are struggling to get our own vote out and I think that tends to change in a general election.\"",
            "Turnout was up to 35.17% from 31% last year. ",
            "There were no other council elections in the county.",
            "Meanwhile, Conservative Tim Passmore was re-elected as Suffolk's police and crime commissioner (PCC).",
            "Follow Suffolk news on Facebook, Instagram and X. Got a story? Email eastofenglandnews@bbc.co.uk or WhatsApp us on 0800 169 1830"
        ]
    },
    "https://www.bbc.com/news/world-africa-68987156": {
        "link": "https://www.bbc.com/news/world-africa-68987156",
        "subtitle": "A Nigerian soldier finds friends and familiar stories when he starts competing in para-sport.",
        "time": null,
        "title": "\u2018The Invictus Games shows me I am not alone\u2019",
        "topics": [],
        "images": [],
        "videos": [],
        "author": "",
        "text": []
    },
    "https://www.bbc.com/sport/football/articles/cp4g44vqz80o": {
        "link": "https://www.bbc.com/sport/football/articles/cp4g44vqz80o",
        "subtitle": "Veteran Swansea City defender Kyle Naughton signs a new one-year deal.",
        "time": null,
        "title": "Kyle Naughton: Swansea City defender signs new one-year deal - BBC Sport",
        "topics": [],
        "images": [
            "https://ichef.bbci.co.uk/news/2048/cpsprodpb/7f07/live/0e7482b0-139b-11ef-a0d0-c1afcc56af9b.jpg"
        ],
        "videos": [],
        "author": "",
        "text": [
            "Veteran Swansea City defender Kyle Naughton has agreed a new one-year contract with the Championship club. ",
            "Naughton, 35, had been due to become a free agent this summer.",
            "The long-serving right-back - who can also operate in central defence - will now remain at Swansea until 2025.",
            "Naughton missed the closing stages of the 2023-24 season after suffering a hamstring injury in the derby win over Cardiff City in March.",
            "Head coach Luke Williams has repeatedly spelled out his admiration for Naughton, who joined Swansea from Tottenham Hotspur in January 2015 and has made more than 300 appearances for the Welsh club.",
            "Williams is keen to keep some experienced players in his squad as he prepares for a first full season as Swansea boss.",
            "Naughton is the first of six senior players whose contracts expire this summer to agree a new deal.",
            "The futures of Joe Allen, Jamie Paterson, Liam Walsh, Przemyslaw Placheta and Nathaniel Ogbeta are still to be decided."
        ]
    },
    "https://www.bbc.com/news/uk-england-68847274": {
        "link": "https://www.bbc.com/news/uk-england-68847274",
        "subtitle": "One expert believes it could be a \"Viking disposition\" making them fearless and more confident.",
        "time": null,
        "title": "What makes ginger tom cats so adventurous?",
        "topics": [
            "Stevenage",
            "Pets",
            "Cambridge",
            "Godmanchester",
            "Animals",
            "Cats",
            "Ely",
            "Uplifting stories",
            "Brightlingsea",
            "Norwich"
        ],
        "images": [
            "https://ichef.bbci.co.uk/news/480/cpsprodpb/63AC/production/_133261552_ernie3.jpg.webp",
            "https://ichef.bbci.co.uk/news/480/cpsprodpb/C28B/production/_128030894_ed7eade7-fe87-4505-a1d2-90672843ddcc.jpg.webp",
            "https://ichef.bbci.co.uk/news/480/cpsprodpb/17BE/production/_92787060_line2.gif.webp",
            "https://ichef.bbci.co.uk/news/480/cpsprodpb/114BC/production/_127844807_henry_daniella_hutchinson.jpg.webp",
            "https://ichef.bbci.co.uk/news/480/cpsprodpb/BEAD/production/_133031884_amber-stitches-cat-976-family.jpg.webp",
            "https://ichef.bbci.co.uk/news/480/cpsprodpb/17BE/production/_92787060_line2.gif.webp",
            "https://ichef.bbci.co.uk/news/480/cpsprodpb/6F08/production/_131542482_e6c2c527-b8a0-4f63-b7fe-ed10a143538b.jpg.webp",
            "https://ichef.bbci.co.uk/news/480/cpsprodpb/17BE/production/_92787060_line2.gif.webp",
            "/bbcx/grey-placeholder.png",
            "https://ichef.bbci.co.uk/news/480/cpsprodpb/17BE/production/_92787060_line2.gif.webp",
            "/bbcx/grey-placeholder.png",
            "/bbcx/grey-placeholder.png",
            "https://ichef.bbci.co.uk/news/480/cpsprodpb/17BE/production/_92787060_line2.gif.webp",
            "/bbcx/grey-placeholder.png",
            "https://ichef.bbci.co.uk/news/480/cpsprodpb/17BE/production/_92787060_line2.gif.webp",
            "https://ichef.bbci.co.uk/news/480/cpsprodpb/17BE/production/_92787060_line2.gif.webp"
        ],
        "videos": [],
        "author": "By Helen Burchell,",
        "text": [
            "What is it about ginger cats? One Essex-based cat behaviour expert explains why feline redheads appear more confident and friendlier than other cats. Could it be a lick of Viking blood?",
            "The purring hospital helper. The railway station and supermarket regular. If there's a cat hanging around a public space craving a stranger's pat, the chances are it's a ginger tom.",
            "Owners often find themselves apologising to neighbours for feline acts of trespass or burglary.",
            "Biologist and cat behaviour expert Roger Tabor, from Brightlingsea in Essex, says the \"archetypal 'big old ginger tom' is the classic cat next door\" and their behaviour could be down to the Vikings.",
            "\"The scientific consensus has been there are some breed temperament differences, such as lively Burmese or placid Persians, but not differences on colour,\" he said. ",
            "\"However, studies of owners' perceptions tell a different story, with calico and grey cats being 'aloof' and the ginger cat being seen as 'friendlier and more affectionate'.\"",
            "\"To be a ginger cat, a female kitten has to inherit two copies of the ginger gene, but males only have to inherit one,\" Mr Tabor explains.",
            "\"Measurements have also shown that generally male ginger toms are heavier than most cats of other colours. Male ginger cats tend to be both taller and broader than most other moggies - apart from the North American Maine Coon.\"",
            "So could their size and apparent fearlessness be the reasons behind this outgoing behaviour?",
            "Fluffy ginger tom Henry has long been a favourite with staff and patients at Addenbrooke's Hospital in Cambridge.",
            "Despite having loving owners nearby, he has chosen to wander the corridors and food hall, seemingly happy to be petted as long as his snooze is not interrupted.",
            "He has been credited with calming staff and patients just by his presence - and over the years, hospital bosses have learned to tolerate the intrepid interloper.",
            "Another ginger cat who seems to seek out human company - and in the busiest of places - is Nala, a cat who greets commuters daily at Stevenage railway station in Hertfordshire.",
            "Named by his owner's children after the lioness who befriended Simba in Disney classic, The Lion King, Nala is in fact, a tom.",
            "Like Henry, Nala seems more than happy spending his days perched on top of ticket machines, seemingly unfazed as commuters stream past in a hurry.",
            "Most owners have come to embrace their felines' sense of fun, but one still getting to grips with it is Sydney Reid, owner of ginger puss Ernie, in Godmanchester in Cambridgeshire.",
            "\"Ernie is a total menace, we've had a pure white, a pure black, a tabby, a tuxedo - and Ernie - and he's the only one to cause such problems within the neighbourhood - what is it about ginger cats?\" she said.",
            "Ms Reid said Ernie had become a bit of a chunky chap after \"breaking and entering\" other homes to steal food, for which she has apologised.",
            "\"We once had a neighbour knock on our door to let us know he'd taken an entire resting roast chicken off her kitchen side and out her kitchen window.\"",
            "When it comes to getting food - and company - some cats know just the right places to go and many have been known to frequent supermarkets.",
            "Mischievous moggy Pumpkin ignored staff who tried to \"ban\" him from his local Tesco branch near Norwich.",
            "In Ely, Cambridgeshire, ginger puss Garfield became so popular with Sainsbury's shoppers that after his death a eulogy was held at the city's cathedral and a brass monument erected in his memory.",
            "Three-legged ginger tom Jasper rose to fame in 2017 after his owner started taking him to work at the University of Cambridge's Marshall Library of Economics.",
            "Its \"tea with Jasper\" events proved incredibly popular with students who credited meeting the cat as helping reduce exam stress. ",
            "\"Meet Jasper\" events still take place at the library.",
            "And not to be outdone, the University of East Anglia in Norwich has its own ginger bookworm, Sylvester.",
            "Sylvester is often out and about in the campus grounds and buildings and this clever kitty regularly attends lectures or can be found asleep on the library information desk.",
            "Like many of these sociable types, he also has his own Facebook group where students and staff proudly post photographs of their encounters with him.",
            "\"The perception that ginger toms are friendlier and more confident with people may make them less fearful of wandering around pavements and roads,\" cat expert Mr Tabor said.",
            "That outgoing nature could be one of the reasons ginger cats were apparently so popular with Vikings, he said.",
            "\"This was proposed by Neil B Todd almost 50 years ago in Scientific American, where he mapped the strong presence of the feline ginger gene on places that had Viking settlement in Europe and the UK.",
            "\"He believed the Vikings carried ginger cats from Turkey and around the Black Sea to Scandinavia and their settlements in Britain. ",
            "\"York, once a Viking stronghold, still has a higher population of ginger cats than London.\"",
            "He added: \"Vikings may just have liked the distinctive fur, but I would suggest that the perceived friendly, less-fearful nature of the ginger cat could be why it boldly strolled onto their boats. ",
            "\"Ginger cats themselves could be said to have a Viking disposition, friendly to people they get on with, but fierce with opponent tom cats.\"",
            "Got a story? Email eastofenglandnews@bbc.co.uk or WhatsApp 0800 169 1830"
        ]
    },
    "https://www.bbc.com/sport/football/68953011": {
        "link": "https://www.bbc.com/sport/football/68953011",
        "subtitle": "Struggling to name Tuesday's Premier League footballer? Here's the answer...",
        "time": null,
        "title": "Premier League quiz: The answer - BBC Sport",
        "topics": [],
        "images": [
            "https://ichef.bbci.co.uk/news/1024/cpsprodpb/15F78/production/_133267998_gettyimages-481494547.jpg",
            "https://ichef.bbci.co.uk/news/2048/cpsprodpb/13AC7/production/_130238508_bbc_sport_yellow_footer.png",
            "https://ichef.bbci.co.uk/news/2048/cpsprodpb/7768/production/_119786503_everything_you_need_to_know_banner.png",
            "https://ichef.bbci.co.uk/news/2048/cpsprodpb/C588/production/_119786505_bbc_sport_yellow_footer.png"
        ],
        "videos": [
            "//emp.bbc.com/emp/SMPj/2.52.1/iframe.html"
        ],
        "author": "",
        "text": [
            "Latest gossip column",
            "Follow your Premier League club for news, analysis, fan views, podcasts and more",
            "Our coverage of your Premier League club is bigger and better than ever before - follow your team and sign up for notifications in the BBC Sport app to make sure you never miss a moment"
        ]
    },
    "https://www.bbc.com/news/articles/ceq3d6x7wqwo": {
        "link": "https://www.bbc.com/news/articles/ceq3d6x7wqwo",
        "subtitle": "Police were called after Lee Crewe was found unresponsive in the street.",
        "time": null,
        "title": "Newport: 'Infectious personality' tribute after Lee Crewe's death",
        "topics": [
            "Wales",
            "Newport",
            "Gwent Police"
        ],
        "images": [
            "https://ichef.bbci.co.uk/news/480/cpsprodpb/d34d/live/899443f0-1471-11ef-8b18-2714d3f75d2f.jpg.webp"
        ],
        "videos": [],
        "author": "",
        "text": [
            "The family of a man killed in Newport have said he was \"lovely, inside and out\".",
            "Lee Crewe, 36, was found unresponsive with serious injuries in Chepstow Road in the city on Tuesday. ",
            "Paramedics later confirmed he had died. ",
            "A 21-year-old was arrested on suspicion of murder and remains in custody.",
            "His family said: \"Lee was lovely, inside and out. He had an infectious personality that always lit up a room.",
            "\"We\u2019ll always have an unbreakable bond and he\u2019ll always be in our thoughts.",
            "\"Until we meet again our darling son.\"",
            "Gwent Police said it was not looking for anyone else in connection with Mr Crewe's death.",
            "The force said his family are being supported by officers and appealed for witnesses."
        ]
    }
}