{
    "https://www.bbc.com/news/uk-politics-68955271": {
        "link": "https://www.bbc.com/news/uk-politics-68955271",
        "subtitle": "Leader Sir Ed Davey claims voters are switching from the Tories because they are being \"let down\".",
        "time": null,
        "title": "Local elections 2024: Lib Dems take seats from Tories in target areas",
        "topics": [
            "England and Wales elections 2024",
            "Liberal Democrats"
        ],
        "images": [
            "https://ichef.bbci.co.uk/news/480/cpsprodpb/F100/production/_133269616_mediaitem133269612.jpg.webp",
            "https://ichef.bbci.co.uk/news/480/cpsprodpb/1447A/production/_133266038_le_2024_cps_strap_top-nc.png.webp",
            "https://ichef.bbci.co.uk/news/480/cpsprodpb/16B8A/production/_133266039_le_2024_cps_strap_bottom-nc.png.webp"
        ],
        "videos": [],
        "author": "By Sam Francis & Paul Seddon,",
        "text": [
            "The Liberal Democrats have won 104 new council seats and gained control of two councils in Thursday's local elections.",
            "Lib Dems now run Dorset and Tunbridge Wells councils, but failed to take one of its other key target of Wokingham.",
            "The party made gains in traditionally Conservative voting areas of the south of England, known as the \"blue wall\".",
            "Leader Sir Ed Davey claimed voters were switching from the Tories because they \"have had enough of being taken for granted and being let down\".",
            "The Lib Dems won extra council seats in West Oxfordshire, Winchester and Cheltenham, while gaining control of Dorset Council from the Conservatives.",
            "With just one of 107 councils to declare, the party has returned 521 councillors at these elections, more than the Conservatives on 513.",
            "This would be the first time since 1996 it has beaten the Tories in a local vote, although historical comparisons between local elections are tough because of the different seats up for grabs each time.",
            "On Saturday, the party took the London Assembly seat for the South West constituency, which includes the boroughs of Hounslow, Richmond and Kingston.",
            "The BBC's projected national share, calculated using results from key wards, has the Lib Dems on 17% nationally, behind the Tories on 25%.",
            "This is down three points on last year - when the party hit 20% for the first time since entering into coalition with the Conservatives in 2010.",
            "But it is broadly in line with its projected share since the Brexit referendum in 2016. ",
            "Sir Ed said Conservative MPs would be \"looking over their shoulder\" ahead of the general election later this year.",
            "To emphasise the point at a rally on Friday, party activists wore inflatable dinosaur costumes and blue Conservative rosettes holding a banner saying \"Make this Conservative government history\".",
            "Under Sir Ed, the party has become well known for campaign stunts featuring large and outlandish props.",
            "These have included turning the hands on a clock face in the style of Parliament's Big Ben, to demonstrate \"time's up\" for Rishi Sunak, and Sir Ed knocking down a giant blue wall with an orange Lib Dem hammer."
        ]
    },
    "https://www.bbc.com/news/videos/c3g96j1870do": {
        "link": "https://www.bbc.com/news/videos/c3g96j1870do",
        "subtitle": "Hundreds were killed in recent flooding in Afghanistan, which saw homes swept away and roads destroyed.",
        "time": null,
        "title": "Afghanistan: Child taken by floodwaters saved by a stranger",
        "topics": [],
        "images": [],
        "videos": [],
        "author": "",
        "text": []
    },
    "https://www.bbc.com/news/videos/c4nne2d7vvro": {
        "link": "https://www.bbc.com/news/videos/c4nne2d7vvro",
        "subtitle": "The Israel Defense Forces (IDF) said it would be reviewing reports that civilians were harmed in an air strike",
        "time": "2024-05-27T14:32:35.948412",
        "title": "Video shows devastation in camp for displaced Palestinians",
        "topics": [],
        "images": [],
        "videos": [],
        "author": "",
        "text": []
    },
    "https://www.bbc.com/news/videos/cv226qd0v6zo": {
        "link": "https://www.bbc.com/news/videos/cv226qd0v6zo",
        "subtitle": "The Australian actor was joined by Avengers co-stars Robert Downey Jr and Anya Taylor-Joy.",
        "time": "2024-05-24T14:33:02.185039",
        "title": "Chris Hemsworth receives star on Hollywood Walk of Fame",
        "topics": [],
        "images": [],
        "videos": [],
        "author": "",
        "text": []
    },
    "https://www.bbc.com/news/uk-scotland-69063836": {
        "link": "https://www.bbc.com/news/uk-scotland-69063836",
        "subtitle": "Anas Sarwar has confirmed that all businesses, including his family's wholesale company, will have to pay a cost of living-linked minimum wage.",
        "time": "2024-05-26T14:33:28.302953",
        "title": "My family will pay living wage under Labour plans - Sarwar",
        "topics": [],
        "images": [],
        "videos": [],
        "author": "",
        "text": []
    },
    "https://www.bbc.com/sport/football/articles/ck55j896yzzo": {
        "link": "https://www.bbc.com/sport/football/articles/ck55j896yzzo",
        "subtitle": "Emma Hayes said she is \"absolutely leaving at the right time\" as her 12-year tenure in charge of Chelsea comes to an end.",
        "time": null,
        "title": "Chelsea: Emma Hayes 'absolutely leaving at the right time' - BBC Sport",
        "topics": [],
        "images": [],
        "videos": [
            "//emp.bbc.com/emp/SMPj/2.52.1/iframe.html"
        ],
        "author": "",
        "text": [
            "Emma Hayes said she is \"absolutely leaving at the right time\" as her 12-year tenure in charge of Chelsea came to an end.",
            "The 47-year-old bowed out with her fifth successive Women's Super League title and her seventh overall.",
            "An emphatic 6-0 win over Manchester United at Old Trafford means Hayes departs with 14 major honours, including five FA Cups and two League Cups.",
            "In a thrilling finale to the WSL season, Chelsea pipped Manchester City to the title on goal difference.",
            "\"It has taken its toll,\" Hayes said. \"I categorically cannot carry on. I don't have another drop to give it.",
            "\"There is so much of the job, dealing with people, and when you deal with people I have such high standards for myself that maintaining that has become impossible.",
            "\"I can't keep up with the demands from players on a daily basis, in terms of their emotional needs, in terms of everything, and I've found that to be gruelling this year.",
            "\"I hope that the club really supports the new manager to get player care and a little bit more performance psychology.",
            "\"I really believe in the wellbeing, even though I can't take care of it in the same way.",
            "\"I've made my suggestions to the sporting directors and I know they'll take it on. It was lovely to have them here today.\"",
            "Since the announcement in November that Hayes will take charge of the USA women's team, she has been keen to talk about her players and their games rather than the end of her chapter at Chelsea.",
            "But in her final post-match news conference on Sunday, Hayes reflected on her contribution to the game.",
            "\"I just wanted to create role models that I never had,\" she said. \"I just wanted to create a profession that wasn't possible.",
            "\"I get asked that question all the time: 'Would you have been a professional footballer?' How could I have even dreamed about that at 10 when there was no visibility on television?",
            "\"We've all been told 'no'. We've all been told it can't be done. We've all been told the boys come first. We've all been told it's a men's game.",
            "\"For this final game at Old Trafford, then there's a sell-out at Wembley, there's England winning the Euros, Arsenal selling stadium out after stadium, game after game.",
            "\"Women's football will explode. It's already exploded, but it's going to really explode in the next few years. And that was all that I wanted.\""
        ]
    },
    "https://www.bbc.com/news/articles/c6py0zwy8ndo": {
        "link": "https://www.bbc.com/news/articles/c6py0zwy8ndo",
        "subtitle": "The Liberal Democrats have taken control of Dorset Council following local elections.",
        "time": null,
        "title": "Local elections 2024: Liberal Democrats take control of Dorset",
        "topics": [
            "England and Wales elections 2024",
            "Dorset",
            "Dorset Council"
        ],
        "images": [
            "https://ichef.bbci.co.uk/news/480/cpsprodpb/6354/live/fd3407b0-0994-11ef-b1a7-cbc8b9fe9940.jpg.webp",
            "https://ichef.bbci.co.uk/news/480/cpsprodpb/49f4/live/085687d0-09f9-11ef-a80c-4bee1e610b05.jpg.webp"
        ],
        "videos": [],
        "author": "Emily Ford,",
        "text": [
            "The Liberal Democrats have taken control of Dorset Council following the local elections. ",
            "Dorset had its last election five years ago in 2019, when the authority was formed. ",
            "It was previously run by a Conservative administration, which went into this election with 43 seats.",
            "Counting for Dorset's next Police and Crime Commissioner was taking place on Saturday morning, with the result expected later in the afternoon.",
            "The Lib Dems now have 42 seats, while the Conservatives have 30 and the Greens have four. ",
            "Labour has two seats on the council and four other seats are held by Independent or other parties.",
            "Dorset Council said the overall turnout for the poll was 33.25%.",
            "As the results began to emerge on Friday, Nick Ireland, leader of the Liberal Democrat group, said: \"We work hard for our residents and it's shown today.",
            "\"We are promising things for our residents and we plan to deliver on them, such as providing housing that real people can afford, and we don't get that at the moment - that's one of our main things.",
            "\"It's changed for Dorset.\"",
            "Follow BBC South on\u00a0Facebook,\u00a0X, or\u00a0Instagram. Send your story ideas to\u00a0south.newsonline@bbc.co.uk. "
        ]
    },
    "https://www.bbc.com/news/uk-scotland-69050530": {
        "link": "https://www.bbc.com/news/uk-scotland-69050530",
        "subtitle": "'Spot' is helping engineers decommission a nuclear power reactor in the north of Scotland.",
        "time": "2024-05-22T14:34:22.727733",
        "title": "The robot dog taking on a nuclear reactor",
        "topics": [],
        "images": [],
        "videos": [],
        "author": "",
        "text": []
    },
    "https://www.bbc.com/news/science-environment-69003813": {
        "link": "https://www.bbc.com/news/science-environment-69003813",
        "subtitle": "BBC environment correspondent talks to water minister about bathing water quality",
        "time": null,
        "title": "BBC asks if quality of water for bathing really is improving",
        "topics": [],
        "images": [],
        "videos": [],
        "author": "",
        "text": []
    }
}