{
    "https://www.bbc.com/news/articles/c900px974n4o": {
        "link": "https://www.bbc.com/news/articles/c900px974n4o",
        "subtitle": "The new leader of Southend-on-Sea City Council has asked fans to give the authority more time.",
        "time": null,
        "title": "Southend United: New council leader warns of time amid takeover",
        "topics": [
            "Southend-on-Sea City Council",
            "Southend-on-Sea"
        ],
        "images": [
            "https://ichef.bbci.co.uk/news/480/cpsprodpb/e8e1/live/23916a50-175b-11ef-8a11-6d604e5f7bb3.png.webp",
            "https://ichef.bbci.co.uk/news/480/cpsprodpb/9b79/live/6ba3ff20-175a-11ef-8a11-6d604e5f7bb3.jpg.webp",
            "https://ichef.bbci.co.uk/news/480/cpsprodpb/0b2a/live/4588bf60-175a-11ef-baa7-25d483663b8e.jpg.webp"
        ],
        "videos": [],
        "author": "Lewis Adams,",
        "text": [
            "A new council leader has warned that \"there is not a lot of time\" for a takeover deal at Southend United to be finalised.",
            "Outgoing Blues owner Ron Martin exchanged contracts to sell the club to a consortium, led by Australian IT millionaire Justin Rees, in December.",
            "Daniel Cowan, the new Labour leader of Southend-on-Sea City Council, said due diligence was continuing over property involved in the deal.",
            "\"If the due diligence comes back with red flags, it\u2019s not a deal that\u2019s going to work for anyone,\" Mr Cowan said.",
            "It followed Mr Martin, 71, telling the BBC he expected to have sold the club by the middle of May.",
            "Mr Cowan was voted in as head of a coalition of parties leading the local council on Monday, and said he would be briefed on the takeover deal on Tuesday.",
            "He added that he did not think the due diligence would come back with concerns but thought there could be \"some queries\".",
            "\"It's gone on longer than I think was originally communicated to Justin and the consortium - and the fans rightly want news,\" Mr Cowan told BBC Essex.",
            "\"We want to help the club, we will do all that we can and we will make sure that we are transparent about what comes back and give fans and the consortium the answers they so desperately want.\"",
            "\"There\u2019s not a lot of time but we do need to see what this due diligence says.\"",
            "The Shrimpers are due back at the High Court next month as they face the latest in a series of winding-up petitions.",
            "Legal firm Stewart Law LLP lodged a claim having alleged it had not been paid for work undertaken for the club in previous disputes.",
            "Meanwhile, the National League has imposed a fresh transfer embargo on the club, which could affect planning for next season.",
            "Mr Cowan added that he wanted the due diligence to be completed before Blues were back in court.",
            "He added: \"We\u2019re up to the task and will do all we can to get this sort this quickly\".",
            "Got a story? Email eastofenglandnews@bbc.co.uk or WhatsApp us on 0800 169 1830"
        ]
    },
    "https://www.bbc.com/news/articles/c03drw23zewo": {
        "link": "https://www.bbc.com/news/articles/c03drw23zewo",
        "subtitle": "Nemo becomes the first non-binary artist to win Eurovision with their song The Code.",
        "time": null,
        "title": "Eurovision 2024: Switzerland's Nemo wins as UK comes 18th",
        "topics": [
            "Eurovision Song Contest",
            "Music"
        ],
        "images": [
            "https://ichef.bbci.co.uk/news/480/cpsprodpb/2a53/live/109c4160-103d-11ef-b933-cb92e59fd3dd.jpg.webp",
            "https://ichef.bbci.co.uk/news/480/cpsprodpb/e693/live/229bd4a0-0fe5-11ef-82e8-cd354766a224.jpg.webp",
            "https://ichef.bbci.co.uk/news/480/cpsprodpb/9320/live/e83a94b0-0fe7-11ef-b4de-2dfe2b8252ff.jpg.webp",
            "/bbcx/grey-placeholder.png",
            "/bbcx/grey-placeholder.png",
            "/bbcx/grey-placeholder.png",
            "/bbcx/grey-placeholder.png",
            "/bbcx/grey-placeholder.png",
            "/bbcx/grey-placeholder.png"
        ],
        "videos": [],
        "author": "Mark Savage,",
        "text": [
            "Swiss singer Nemo has won the Eurovision Song Contest in Sweden, with their song The Code.",
            "A compelling hybrid of opera and hip-hop, it topped the jury vote, helping the 24-year-old gain an impressive score of 591 points.",
            "The singer becomes the first non-binary artist to win Eurovision. Fittingly, they wrote the song to explain how they came to terms with their identity.",
            "Croatia, which led the public vote, came second with the raucous party anthem Rim Tim Tagi Dim, while the UK's Olly Alexander was consigned to 18th place, out of 25.",
            "The Years and Years singer received the dreaded \"nul points\" from the public, but was saved from last place by the jury vote.",
            "They awarded his song, Dizzy, 46 points.",
            "",
            "This year's contest was overshadowed by protests over Israel's participation, amid the ongoing war between Israel and Hamas.",
            "Israel's entrant, the 20-year-old singer Eden Golan, who received a mixture of boos and cheers as she performed on stage in Malm\u00f6, came fifth.",
            "In their victory speech on stage, Nemo said: \"I hope this contest can live up to its promise and continue to stand for peace and dignity for every person in this world.\"",
            "They later broke the contest's infamous crystal microphone trophy, which appeared to fall to the stage as they waved it around in triumph.",
            "Other artists voiced similar sentiments.",
            "Bambie Thug, representing Ireland, screamed \"love will triumph hate\" as they finished their song, Doomsday Blue; while Portugal's contestant, Iolanda, told the crowd: \"Peace will prevail.\"",
            "Two former contestants, Alessandra Mele and K\u00e4\u00e4rij\u00e4, pulled out of announcing their countries' jury scores; Mele cited Israel's participation as a factor, while K\u00e4\u00e4rij\u00e4 said \"it doesn't feel right\" (to give out points).",
            "However, there was a swell of support for Golan's song, which came second in the public vote with a score of 323. The UK was one of 15 countries where the public gave the 20-year-old the maximum of 12 points.",
            "Adding to the drama, Dutch contestant Joost Klein was disqualified from the contest on Saturday, after he was accused of making \"unlawful threats\" to a female member of the production crew.",
            "The singer was reported to police after the incident occurred backstage on Thursday.  Organisers subsequently decided to exclude him from the contest, saying they had a \"zero-tolerance policy towards inappropriate behaviour\".",
            "In a statement, Dutch broadcaster Avrotros called the decision \"disproportionate\" and said Klein had been filmed backstage when he had \"repeatedly indicated\" that he did not want to be.",
            "",
            "Elsewhere, Eurovision was Eurovision. ",
            "Finnish artist Windows95Man performed a 1990s house banger with his trousers off, and Croatia's Baby Lasagna sang about a country boy who sells his cow and moves to the big city.",
            "Bambie Thug gave one of the night's most memorable performances.",
            "The self-described \"goth gremlin goblin witch\u201d appeared on stage in a circle of candles, summoning a demon then dancing ballet with it, before screaming at the top of their lungs.",
            "A hit with viewers, it ultimately took sixth place, with 278 points. ",
            "That makes it Ireland's best result in a quarter of a century.",
            "The contest was held in Sweden, exactly 50 years after Abba gave the country its first Eurovision win in 1974.",
            "Rumours flew around Malm\u00f6 that they would appear to mark their golden anniversary - even though the band themselves denied it.",
            "In the end, they only appeared in a short video, in the form of their \"abbatars\" from the virtual Abba Voyage concerts in London.",
            "The quartet briefly reminisced about the success of their song Waterloo, which was then performed by three other Eurovision winners: Charlotte Perelli (1999), Conchita Wurst (2014), and Carola (1992). ",
            "It was a bit of a let-down. ",
            "A more dynamic interval performance came from two-time Eurovision winner Loreen, who played her new single Forever in a futuristic, Barbarella-inspired set.",
            "And Blue Swede frontman Bj\u00f6rn Skifs opened the show with Hooked On A Feeling, the first ever Swedish song to reach number one in America.",
            "",
            "Nemo wowed audiences with their lithe and athletic performance, singing an operatic falsetto while balancing perilously on a spinning turntable.",
            "Their song, The Code, was a deeply personal account of the struggle to accept their non-binary identity. ",
            "In the lyrics, they sang: \"Somewhere between the zeroes and the ones / That's where I found my kingdom come.\"",
            "The victory represents a big moment for the LGBTQ community which has, for a long time, treated Eurovision as a safe haven.",
            "Last year's winner Loreen, who handed the crystal trophy to Nemo on Saturday, recently told the BBC how important that support had been to her.",
            "\"Eurovision is a community that has an acceptance for diversity [and] different ways of being.",
            "\"It's a very accepting and loving space. And it's us who are creating it, through creativity.\"",
            "Bambie Thug, who is also non-binary, rushed over to Nemo after their victory and handed over a hand-crafted crown, which they wore for their final performance.",
            "The UK improved on its performance last year, when Mae Muller came second-from-last, but was still relegated to the bottom half of the leaderboard.",
            "Singer Olly Alexander, a chart-topping pop star with the band Years and Years, put on a spectacular performance, full of scantily-clad men dancing in a dystopian shower room.",
            "But his live vocals were wobbly, and suffered by comparison to stronger performers from France, Portugal and Greece.",
            "The star laughed off his zero-point score from the public, pretending to embrace television cameras as the results were announced."
        ]
    },
    "https://www.bbc.com/news/health-69002335": {
        "link": "https://www.bbc.com/news/health-69002335",
        "subtitle": "Gill Castle was left with irreparable damages from the traumatic birth of her son.",
        "time": null,
        "title": "I will always carry a legacy from my traumatic birth - Alnwick mum Gill Castle",
        "topics": [],
        "images": [],
        "videos": [],
        "author": "",
        "text": []
    },
    "https://www.bbc.com/news/uk-68975136": {
        "link": "https://www.bbc.com/news/uk-68975136",
        "subtitle": "Pictures on social media showed huge queues and crowds - with airports all confirming they had been affected by the issue with e-gates.",
        "time": null,
        "title": "Crowds build at Heathrow as passport e-gates go down",
        "topics": [],
        "images": [],
        "videos": [],
        "author": "",
        "text": []
    },
    "https://www.bbc.com/news/articles/c4nnq85yxpqo": {
        "link": "https://www.bbc.com/news/articles/c4nnq85yxpqo",
        "subtitle": "Manchester City and Manchester United supporters have been given separate suggested routes to follow.",
        "time": null,
        "title": "FA Cup Final: City and United fans urged to take separate routes",
        "topics": [
            "Manchester"
        ],
        "images": [
            "https://ichef.bbci.co.uk/news/480/cpsprodpb/9a80/live/c5f6aac0-1842-11ef-b29c-db4f2723162a.jpg.webp"
        ],
        "videos": [],
        "author": "Paul Burnell,",
        "text": [
            "Football fans heading to London for the second ever FA Cup final between Manchester City and Manchester United are being urged to take separate roads to Wembley.",
            "National Highways has set out the plan to help avoid traffic hold-ups before and after the match, which kicks off at 15:00 BST on Saturday.",
            "City fans have been advised to use the M62 and M1 while United supporters should use the M6, M42 and M40.",
            "The sell-out final means some 90,000 fans will be heading to England's national stadium.",
            "The clubs were each given an allocation of 30,000 regular tickets, with the rest going to corporate clients, Wembley members and county branches of the Football Association.",
            "Routes are likely to be particularly busy before and after the match, which could potentially involve extra-time and a penalty shoot out.",
            "Hundreds of extra coaches are being laid on to get both sets of fans to and from Wembley while many others are expected to drive or take trains.",
            "Gary Farrell, National Highways\u2019 senior network planner for the North West, said: \u201cOur message to everyone driving down for the final is to plan their journeys carefully, follow our advice on routes and look out for incidents or congestion once they are on the road \u2013 heeding any advice on our electronic signs.\"",
            "This year's kick-off time was moved from 17:30 to 15:00 on police advice.",
            "Listen to the best of BBC Radio Manchester on Sounds and follow BBC Manchester on Facebook, X, and Instagram. You can also send story ideas to northwest.newsonline@bbc.co.uk"
        ]
    },
    "https://www.bbc.com/sport/football/articles/cl5kl7ydjkzo": {
        "link": "https://www.bbc.com/sport/football/articles/cl5kl7ydjkzo",
        "subtitle": "Nottingham Forest owner Evangelos Marinakis says he is \"confident\" the club will stay in the Premier League.",
        "time": null,
        "title": "Evangelos Marinakis confident Nottingham Forest will stay in Premier League - BBC Sport",
        "topics": [],
        "images": [
            "https://ichef.bbci.co.uk/news/1024/cpsprodpb/de0a/live/9dffd4c0-0ea0-11ef-b9d8-4f52aebe147d.jpg"
        ],
        "videos": [
            "//emp.bbc.com/emp/SMPj/2.52.1/iframe.html"
        ],
        "author": "",
        "text": [
            "Nottingham Forest owner Evangelos Marinakis is \"confident\" the club will avoid relegation this season and says he has \"big dreams\" for the future.",
            "Forest are 17th in the Premier League, three points above the relegation zone with two games left to play.",
            "On Tuesday, the club lost their appeal against a four-point punishment for breaching Premier League profit and sustainability rules (PSR).",
            "\"You will see great things with Forest,\" Marinakis told BBC Sport.",
            "Marinakis, who is also the owner of Olympiakos, was speaking after the Greek side beat Aston Villa to reach the Europa Conference League final on Thursday.",
            "Olympiakos' win against Villa meant they became the first Greek side to reach a European final since Panathinaikos in 1971.",
            "Marinakis said: \"It was a very big achievement for our players, our manager and fantastic crowd, they all supported. There\u2019s something magic in this stadium in Piraeus, you have these positive vibes that help you and you feel a winner from the very beginning.\"",
            "\"I am confident we will stay up and I\u2019m confident that you will see in years to come where Forest will be,\" the 56-year-old said.",
            "\"It\u2019s a great team, it inspires us and we want to do more and you will see in the years to come that we have big dreams for Forest.\"",
            "In March, Forest were docked four points after an independent commission found their losses to 2022-23 breached the threshold of \u00a361m by \u00a334.5m.",
            "Premier League clubs can lose \u00a3105m over three seasons - \u00a335m per campaign - but Forest's maximum loss was only permitted to be \u00a361m because they spent two years of the assessment period in the Championship.",
            "\"It is stressful because of what has been happening since the beginning of the year with some decisions and points deduction,\" Marinakis said.",
            "Forest's appeal was rejected just days after the club were charged with misconduct by Football Association over a social media post that questioned the integrity of the video assistant referee (VAR)  following a 2-0 defeat at Everton.",
            "\"It's not fair what has happened so far,\" said Marinakis.",
            "\"Referee decisions have cost us points and this is something that has been repeated and repeated and what we expect for the Premier League and referees is to correct these mistakes.",
            "\"It\u2019s a pity as we have a great appetite for the club and I never give up.\"",
            "Nuno Espirito Santo's side had three penalty claims rejected against Everton and the club claimed they told referees body the Professional Game Match Officials Limited (PGMOL) that the game's VAR Stuart Attwell was allegedly a fan of relegation rivals Luton.",
            "\"It was very frustrating to see three repeated mistakes that took place from the same [Everton] player. Also we had informed the Premier League chairman that... all referees have a preference which team they support,\" Marinakis added.",
            "\"Unfortunately nothing happened and they didn\u2019t make any change and then we saw what we saw.\""
        ]
    },
    "https://www.bbc.com/news/world-us-canada-68924803": {
        "link": "https://www.bbc.com/news/world-us-canada-68924803",
        "subtitle": "Parts of the central US were hit by severe weather on Monday, killing one and leaving many without power.",
        "time": null,
        "title": "Video shows powerful storms tear though Oklahoma and Missouri",
        "topics": [],
        "images": [],
        "videos": [],
        "author": "",
        "text": []
    },
    "https://www.bbc.com/sport/football/articles/cjmk9w188ggo": {
        "link": "https://www.bbc.com/sport/football/articles/cjmk9w188ggo",
        "subtitle": "Arsenal manager Jonas Eidevall says letting club record goalscorer Vivianne Miedema's contract expire is \"what's best for the club\".",
        "time": null,
        "title": "Arsenal Women: Letting Vivianne Miedema leave is 'best for the club' - BBC Sport",
        "topics": [],
        "images": [
            "https://ichef.bbci.co.uk/news/981/cpsprodpb/231f/live/177324b0-143c-11ef-a0eb-63122285d032.jpg"
        ],
        "videos": [],
        "author": "",
        "text": [
            "Arsenal manager Jonas Eidevall says it was a \"unified club decision\" to let striker Vivianne Miedema's contract expire at the end of the season.",
            "The Gunners made the decision not to renew the contract of Miedema, who has scored 125 goals and provided 50 assists in 172 appearances.",
            "Eidevall defended the decision, which has been met with a backlash including former England and Arsenal striker Ellen White branding it \"shocking\".",
            "\"We obviously took a lot of care in that decision and we had to weigh a lot of different factors in that decision and what\u2019s best for the club,\" he said at a news conference.",
            "Eidevall said he \"understands why decisions like this leave lots of raw emotions\".",
            "He added that it was made in the best interests of the club.",
            "\"My message [to the fans] would be that, when we are working, when we are taking decisions like this, it's to build Arsenal as strong as possible for the future.",
            "\"We want nothing more than to be as successful as possible on the pitch and that's the direction we want to go as a club.\"",
            "Miedema could make her final appearance for Arsenal if she plays in their last match of the Women's Super League season at home to Brighton on Saturday.",
            "Eidevall said Miedema has been \"very professional\" since receiving the news and has been \"training very well\" to prepare for the game."
        ]
    },
    "https://www.bbc.com/sport/articles/cv2xq1p84l2o": {
        "link": "https://www.bbc.com/sport/articles/cv2xq1p84l2o",
        "subtitle": "Saudi boxer Ziyad 'Zizo' Almaayouf outlines his boxing ambitions and discusses the Kingdom's increasing involvement in the sport.",
        "time": "2024-05-28T20:19:15.902930",
        "title": "Ziyad 'Zizo' Almaayouf: Saudi Arabia boxer targets world domination - BBC Sport",
        "topics": [],
        "images": [
            "https://ichef.bbci.co.uk/news/999/cpsprodpb/7c5e/live/d0e2ddf0-0d48-11ef-822c-b5c8c190b81c.jpg",
            "https://ichef.bbci.co.uk/news/1024/cpsprodpb/6761/live/77d5d1d0-0d49-11ef-822c-b5c8c190b81c.jpg"
        ],
        "videos": [],
        "author": "",
        "text": [
            "Psychology student Ziyad 'Zizo' Almaayouf closes the door and flicks off the light switch. A YouTube video titled 'stadium crowd shouts and chants' plays on his phone.",
            "It's August 2022 and in a matter of days the Saudi fighter will be making his pro boxing debut on the undercard of Oleksandr Usyk v Anthony Joshua in Jeddah in his home country.",
            "\"I'm one of the first ever Saudi fighters. There's so much hype, all the media have their eyes on me. The Saudi leadership are really believing in me,\" Zizo recalls.",
            "Nerves are really starting to kick in. Zizo shuts his eyelids.",
            "\"I'm looking at the fans. I'm smiling. I'm joking. I've done my ring walk and I'm now talking to the ref and giving him my hand, showing him my mouthguard.\"",
            "Zizo plays out every scenario. He gets knocked down and back up. He wins on points. By stoppage. In Zizo's mind, his debut even ends in a devastating loss.",
            "\"Visualization is so important to me,\" Zizo adds. \"It means I'll stay calm no matter what the outcome and what I'm presented with in the fight.\"",
            "In reality, though, it was the perfect start - a first-round knockout victory against his Mexican opponent.",
            "The 23-year-old has now extended his record to five straight wins. As he continues to fly the flag for Saudi boxing, his aspirations know no bounds.",
            "\"In the Philippines they talk about Manny Pacquiao like he is some kind of prophet, as if he's come from the sky,\" Zizo says.",
            "\"Well, I want to be the Pacquiao of the Arab world.\u201d",
            "Born in America to a Saudi father and Egyptian mother, Zizo's early upbringing saw him move between the two Arab nations.",
            "A budding tennis player, it was during a warm-up on the running track while living in Saudi Arabia that he first laid eyes on the sport he would grow to love.",
            "\"I saw a boxing coach training people on the mitts. He walked up to me and asked me to give it a try,\" Zizo says.",
            "\"But as one of nine siblings, my mum and dad didn't want one of the younger ones to go round punching the others.\"",
            "His father insisted if he really wanted to box, Zizo should give it his all and outlined a regimented sleeping, training and diet plan.",
            "Zizo moved to Los Angeles to study in 2019 but his plans to seriously pursue boxing suffered a setback as Covid lockdown forced the closure of amateur gyms.",
            "He was then taken to the pro gym of former two-weight world champion turned elite coach Buddy McGirt - a fighter Zizo idolised.",
            "Being a fanboy earned him no special treatment, as Zizo was introduced the harsh realities of boxing pretty quickly.",
            "\"I was sparring pros and was getting my behind handed to me on a silver platter ever single session,\" he says.",
            "\"But I learned so much from the experience - like throwing the perfect body shot, which I had no idea of before.\"",
            "Zizo's dedication - and a solid jab - caught the attention of McGirt, who soon became Zizo's head trainer.",
            "When stablemate Callum Smith signed to fight on Anthony Joshua's undercard, the stars aligned for Zizo to go full circle and make his boxing debut back where it all began.",
            "Emulating the great Pacquiao - who won world titles in eight different divisions -  will take some going for the light-welterweight, but he feels he can have a similar impact as the Filipino outside of the ring.",
            "Zizo says - as an English speaking Saudi fighter - he can bridge the gap between Western and Arab cultures.",
            "\"I don't want to just be a boxer but a spokesperson where I could change the perceptions and the conceptions that people have of Saudi Arabia and the Saudi people,\" he adds.",
            "Energy-rich Saudi Arabia has quickly become the hotspot for elite level boxing but it is criticised by those who point to the Kingdom's poor human rights record.",
            "\"That's all they are, accusations. And these accusations are going to be made and many of the people who make these accusations haven't been to Saudi yet,\" Zizo says.",
            "\"And every single country in the world has a lot of stuff that they need to work on.",
            "\"Saudi is not only the centre of sports, it's not only the home of events, it's the centre of peace and unity and that's what I truly believe.\""
        ]
    }
}