{
    "https://www.bbc.com/news/articles/cn0w0wzvnw1o": {
        "link": "https://www.bbc.com/news/articles/cn0w0wzvnw1o",
        "subtitle": "The force says it expects a large number of visitors to descend on Sidmouth this summer.",
        "time": null,
        "title": "Sidmouth police urge people not to 'take risks' this summer",
        "topics": [
            "Sidmouth",
            "Devon"
        ],
        "images": [
            "https://ichef.bbci.co.uk/news/480/cpsprodpb/d945/live/6f244860-138d-11ef-805a-7943b269d208.jpg.webp"
        ],
        "videos": [],
        "author": "George Thorpe,",
        "text": [
            "Police in a Devon seaside town are warning people not to \"take risks\" this summer ahead of a number of big events.",
            "Devon and Cornwall Police said officers in Sidmouth were preparing for a busy few months that included the Sea Fest music event on Saturday and the week-long Folk Festival in August.",
            "The force said it expected a large number of visitors to descend on the town.",
            "PC Tom Driver, Sidmouth neighbourhood beat manager, said \"please don\u2019t take risks at the coast, take advice from our RNLI and HM Coastguard UK colleagues and... please don\u2019t leave animals in hot cars\".",
            "He said: \"We advise people to allow extra time for travelling in case of traffic or parking issues and make sure they have their phone fully charged, keep an eye on young children and arrange a meeting point in case they are separated from friends or family.\"",
            "Follow BBC Devon on X (formerly Twitter), Facebook and Instagram. Send your story ideas to spotlight@bbc.co.uk."
        ]
    },
    "https://www.bbc.com/sport/golf/articles/cw4dy35w4w5o": {
        "link": "https://www.bbc.com/sport/golf/articles/cw4dy35w4w5o",
        "subtitle": "Brendan Lawlor leads Kipp Popert by one shot ahead of the final round of the G4D Open at Woburn.",
        "time": null,
        "title": "G4D Open: Brendan Lawlor leads Kipp Popert ahead of final round - BBC Sport",
        "topics": [],
        "images": [
            "https://ichef.bbci.co.uk/news/1024/cpsprodpb/9716/live/b630b3d0-13b8-11ef-bee9-6125e244a4cd.jpg"
        ],
        "videos": [],
        "author": "",
        "text": [
            "Defending champion Brendan Lawlor and world number one Kipp Popert will again battle it out for the G4D Open in Friday's final round.",
            "Irishman Lawlor hit a second successive 71 to move to two under and swap places with England's Popert, the top-ranked disability golfer.",
            "Popert, who led overnight on four under, carded a 75 on a damp day at Woburn to fall one shot behind Lawlor.",
            "Despite shooting a three-over-par round, the 25-year-old, who has cerebral palsy, said: \"I'm excited because I know I'm playing well.",
            "\"I didn't get frustrated, I trusted myself. I\u2019ll just stick to my gameplan and we'll have a nice battle.\"",
            "Lawlor, who has a rare condition called Ellis-van Creveld syndrome that is characterised by a short stature and short limbs, beat Popert by two shots to win last year's inaugural title.",
            "He said: \"If Kipp goes out and shoots six under there's nothing I can do.",
            "\"But I want to go out and shoot an under-par round and see where it leaves me. It's going to be exciting.\"",
            "Canadian Chris Willis is in third on four over, while 18-year-old Englishman Thomas Blizzard, who sat an A-level exam on Tuesday, is a shot further back.",
            "Dutchwoman Daphne van Houten is the leading women\u2019s player in a share of 24th place.",
            "The championship is held in partnership between the DP World Tour and the R&A and supported by EDGA - formally the European Disabled Golf Association. It features 80 men and women, aged 15-68, playing in nine sport classes across multiple impairment groups.",
            "An overall champion will be crowned, as well as an opposite sex winner, with a gross prize in each of the sport classes which cover various categories in standing, intellectual, visual and sitting."
        ]
    },
    "https://www.bbc.com/sport/football/articles/c0kkqe8jygko": {
        "link": "https://www.bbc.com/sport/football/articles/c0kkqe8jygko",
        "subtitle": "As their 130th year comes to a close, Italy's oldest club Genoa dream of a bright future.",
        "time": "2024-05-29T20:51:20.124884",
        "title": "Genoa: Italy's oldest club and their hopes for a bright future - BBC Sport",
        "topics": [],
        "images": [
            "https://ichef.bbci.co.uk/news/1024/cpsprodpb/6bc4/live/d0e308d0-1b9d-11ef-8c15-3791830f2b23.jpg",
            "https://ichef.bbci.co.uk/news/1024/cpsprodpb/1e10/live/d5762680-1b92-11ef-b23b-e58ad0ae97b5.jpg",
            "https://ichef.bbci.co.uk/news/1024/cpsprodpb/dc2f/live/7613f3a0-1b99-11ef-abc9-b7b8651570be.jpg",
            "https://ichef.bbci.co.uk/news/1024/cpsprodpb/7541/live/dfc8d1f0-1b92-11ef-b23b-e58ad0ae97b5.jpg"
        ],
        "videos": [],
        "author": "",
        "text": [
            "Thousands of fans marched towards the Piazza De Ferrari, torches in hand, a golden griffin on a half red-half navy background illuminating the square, fireworks lighting up the skyline, another birthday well celebrated in the long and complex history of Genoa Cricket and Football Club.",
            "As a player and in his backroom roles that have followed, Marco Ottolini has always been deeply invested in the Italian game, though it is only since joining Genoa as sporting director he has come to fully appreciate the intoxicating passion that surrounds Italy\u2019s oldest club.",
            "\"On 7 September every year, there is a big celebration,\" he tells BBC Sport. \u201cWhen you arrive there you understand what this club means for the people.",
            "\"There are a lot of young supporters, children and teenagers, and then you can see old men kissing each other and crying for the club. It gives you shivers!\"",
            "Genoa, founded by English expats, were one of Italian football\u2019s early dominant forces, winning the inaugural championship and nine in total - their last Scudetto coming a century ago.",
            "Fans have had to endure a troubled recent past, but the club brought their landmark 130th year to a close on Friday with victory over Champions League-bound Bologna that means they will finish 11th in Serie A after bouncing straight back following relegation, recording their best top-flight points tally in nine years. ",
            "Serious questions surround the American investment group who own them and a number of other clubs, 777 Partners, yet those inside Genoa are confident the Italian side's project is proving successful and sustainable.",
            "Chief executive Andres Blazquez is targeting a return to European competition in the next two seasons for the first time since 2010.",
            "Blazquez was brought in when 777 took over in September 2021, inheriting what he says was a \u201cbig mess\u201d from the previous ownership, with the playing squad's wage bill costing almost double what the club were making.",
            "The takeover was welcomed by fans, with Tobia Salvai, of the Genoa UK Supporters' Club, telling BBC Sport in September the club was previously \"badly managed\".",
            "Yet Blazquez admits mistakes were made in a first year that ended in relegation to Serie B, with Andriy Shevchenko appointed manager and only lasting two months in the job, and with a one-point deduction for a missed tax payment.",
            "\"We didn\u2019t manage to stay in Serie A but we acquired players such as Morten Frendrup and Albert Gudmundsson that are now some of the pillars of the current team,\"\u201d adds Blazquez.",
            "\"We started a clean up, putting the right people in place to rebuild the club.\"",
            "One of those was Ottolini, who joined from Juventus in July 2022, though any ambitions of reaching Europe back then seemed far-fetched when he was met with almost 60 players on the books.",
            "\"The team manager was calling me saying 'we only have 30 seats in the dressing room, where do we put the other players?'\" explains Ottolini, who was also having to placate disgruntled agents wondering why their client was not given a seat.",
            "Ottolini set about restructuring the squad - he wanted two key players for every position, extra attacking options and \"Serie B experts\".",
            "Following the dismissal of Alexander Blessin in the December, Ottolini also made the decision to appoint Alberto Gilardino as head coach - a World Cup winner and Serie A legend as a player, but someone who was coaching Genoa\u2019s under-19 side at the time.",
            "\"I met him just to know him personally and had the impression he could have the profile for the first team,\" says Ottolini, who last week extended Gilardino\u2019s deal until the end of next season.",
            "\"Not everyone was convinced, which is normal when a coach arrives from the under-19s in a crucial year, but it paid off.\"",
            "Il Grifone were promoted in second place, lowering their wage bill in the process and maintaining the eighth-best average attendance in Italy despite being in the second tier.",
            "\"It confirmed we did things well on the sporting side and we did things well in the city and social side,\" adds Blazquez, who says the club would often take more fans to away games than the home side.",
            "Promotion and Genoa's subsequent performance in Serie A this season has brought a lot of interest in what is proving to be a well-recruited squad.",
            "Defender Radu Dragusin, who followed Ottolini from Juventus, joined Tottenham in January in a \u00a325m deal, Iceland forward Gudmundsson is on the radar of a number of top clubs and Danish midfielder Frendrup was a reported Liverpool target, while Argentina-born striker Mateo Retegui, who arrived from Tigre last summer, is in Italy\u2019s preliminary Euro 2024 squad.",
            "\"The sporting project is to try to make a good mix of younger talents and more ready players that can give us the spine to the team,\u201d explains Ottolini. \"We play in front of 32,000 people every week and this can create value in the younger players.\"",
            "Ottolini needs targets who will buy into Genoa's footballing project but selling it as a place to live is the easy part, with the port city nestled between the Ligurian Sea and the Apennine mountain range. Locals call it \"La Superba\".",
            "\"When you enter the club you can really smell football, it\u2019s in the walls,\" Ottolini says of Genoa's history and tradition.",
            "\"Then we speak about how nice it is to live in Genoa, by the sea, the town is beautiful. The climate is really great.",
            "\"I don\u2019t say the food because they don\u2019t eat too much, but also the food is nice!\"",
            "Talented midfielder Frendrup, who was drawn in by the atmosphere at Stadio Luigi Ferraris, agrees: \"The club is so historical and I wanted to be a part of this journey, those things made me fall in love and want to come here.",
            "\"It is a crazy football city. You learn to live with it that football means so much to the people here. The city is also just beautiful, so it is easy to get used to!",
            "\"We have good staff and some older players who take care of the younger ones, it is a really good step for a young player like me.\"",
            "The intention this summer is to hold on to key players, something chief executive Blazquez is confident they will do, while wanting a majority of incoming business to be completed by the time pre-season starts in July.",
            "Genoa hope to match any on-field success by making themselves more visible to new audiences off it - there has already been an Amazon Prime documentary while singer Rita Ora modelling the golden 130-year anniversary shirt certainly helped.",
            "There is hope they can continue to grow their profile by tapping into the club's history, their English links and those to Boca Juniors - who were founded by a group of Genoese migrants. ",
            "\"We are doing more and more initiatives,\" says Blazquez. \"Genoa as a city in the world has a very rich history and what it means to be from Genoa is not known to many people.\"",
            "Meanwhile, there are plans to develop the stadium they share with rivals Sampdoria, who are currently in Serie B, to meet Uefa category four criteria so it is eligible to host games during Euro 2032, which will be staged in Italy and Turkey. ",
            "By the time that tournament comes around, the nation's oldest club will be closing in on another landmark celebration.",
            "Fans will gather, fireworks will fly, old men will kiss and cry for the club they love."
        ]
    },
    "https://www.bbc.com/news/uk-england-nottinghamshire-69008624": {
        "link": "https://www.bbc.com/news/uk-england-nottinghamshire-69008624",
        "subtitle": "Valdo Calocane was given a hospital order after stabbing three people to death in Nottingham.",
        "time": null,
        "title": "Watch: Judges deliver Nottingham attacks sentence ruling",
        "topics": [],
        "images": [],
        "videos": [],
        "author": "",
        "text": []
    },
    "https://www.bbc.com/news/articles/cxe91p57rz0o": {
        "link": "https://www.bbc.com/news/articles/cxe91p57rz0o",
        "subtitle": "Two of the largest parties Labour and Peterborough First could form a new administration.",
        "time": null,
        "title": "Peterborough City Council leadership talks under way",
        "topics": [
            "Peterborough",
            "England and Wales elections 2024",
            "Peterborough Council",
            "Local government"
        ],
        "images": [
            "https://ichef.bbci.co.uk/news/480/cpsprodpb/4d37/live/51da1c50-0c6a-11ef-8819-912adb491731.jpg.webp",
            "https://ichef.bbci.co.uk/news/480/cpsprodpb/518b/live/9f4a5450-0c6a-11ef-8819-912adb491731.jpg.webp",
            "https://ichef.bbci.co.uk/news/480/cpsprodpb/5551/live/bdb0cf90-0c6b-11ef-8819-912adb491731.jpg.webp"
        ],
        "videos": [],
        "author": "Joanna Taylor,",
        "text": [
            "A city's political leaders are meeting to determine who will run the council after the local elections.",
            "Two of the largest parties on Peterborough City Council - the Labour group and Peterborough First could come together to form the administration.",
            "The council remains in a position with  no single party in overall control following Thursday\u2019s elections, where 23 of the authority's 60 seats were up for grabs.",
            "A leader will be chosen in the coming days and the structure of any coalition, power sharing deal or supply and confidence agreement between parties hashed out.",
            "Mohammed Farooq of Peterborough First, who has led the council since November following defections from the Conservatives and the ousting of Wayne Fitzgerald as council leader, said the business of deciding who will head the council had begun.",
            "Peterborough First, a group of mostly ex-Conservative councillors led by Chris Harper, is in a strong position going into the negotiations with 14 elected members at the 60-seat council.",
            "It makes it the second largest party behind Labour, which gained five seats and now has 19.",
            "\"My group seems ecstatic; we had an 100% return [of councillors seeking re-election],\" Mr Farooq told the Local Democracy Reporting Service.",
            "Labour's group leader Dennis Jones has previously ruled out leading a multi-party coalition and suggested a partnership with just one other group, such as Peterborough First, was likely to be the most sensible course of action.",
            "On election night, Mr Jones said he would step up to lead the council if called to do so, but has no \"personal lust for glory\".",
            "Meanwhile, the Liberal Democrats increased in size from a group of eight to nine, while the Greens doubled their number of councillors \u2013 from two to four.",
            "The Conservative group, which had led the council for more than 20 years until November, lost half of its seats and is now a group of 11.",
            "Mr Fitzgerald, who remains the party's group leader, said on election night that he was \"happy to take some backseat time\" in opposition.",
            "Follow Peterborough news on Facebook, Instagram and X. Got a story? Email eastofenglandnews@bbc.co.uk or WhatsApp us on 0800 169 1830"
        ]
    },
    "https://www.bbc.com/news/videos/cldd29pqpx9o": {
        "link": "https://www.bbc.com/news/videos/cldd29pqpx9o",
        "subtitle": "While the giant cats are native to California, it is rare for them to make their way into the city of Los Angeles.",
        "time": "2024-05-24T14:52:16.849684",
        "title": "Video captures new mountain lion spotted in Hollywood",
        "topics": [],
        "images": [],
        "videos": [],
        "author": "",
        "text": []
    },
    "https://www.bbc.com/news/entertainment-arts-69057305": {
        "link": "https://www.bbc.com/news/entertainment-arts-69057305",
        "subtitle": "The Australian actor was joined by Avengers co-stars Robert Downey Jr and Anya Taylor-Joy.",
        "time": "2024-05-24T14:52:42.725442",
        "title": "Chris Hemsworth receives star on Hollywood Walk of Fame",
        "topics": [],
        "images": [],
        "videos": [],
        "author": "",
        "text": []
    },
    "https://www.bbc.com/news/uk-69065995": {
        "link": "https://www.bbc.com/news/uk-69065995",
        "subtitle": "The midfielder appeared to get caught out as the vehicle started to move from a stationary position.",
        "time": "2024-05-27T14:53:06.822367",
        "title": "Grealish almost falls off bus at Manchester City parade",
        "topics": [],
        "images": [],
        "videos": [],
        "author": "",
        "text": []
    },
    "https://www.bbc.com/news/world-us-canada-69070166": {
        "link": "https://www.bbc.com/news/world-us-canada-69070166",
        "subtitle": "Severe thunderstorms battered parts of the US state, leaving nearly one million people without power.",
        "time": "2024-05-29T14:53:33.228350",
        "title": "Texas towns hit by golf ball-sized hail",
        "topics": [],
        "images": [],
        "videos": [],
        "author": "",
        "text": []
    }
}