{
    "https://www.bbc.com/sport/basketball/articles/c72252kgny0o": {
        "link": "https://www.bbc.com/sport/basketball/articles/c72252kgny0o",
        "subtitle": "Luka Doncic hits a three-pointer with three seconds left as the Dallas Mavericks take a 2-0 lead over the Minnesota Timberwolves in the Western Conference Finals.",
        "time": "2024-05-25T15:57:11.816011",
        "title": "NBA play-offs: Luka Doncic gives Dallas Mavericks 2-0 lead over Minnesota Timberwolves - BBC Sport",
        "topics": [],
        "images": [
            "https://ichef.bbci.co.uk/news/1024/cpsprodpb/3e3f/live/da9894f0-1a60-11ef-af41-11bd79af3e82.jpg"
        ],
        "videos": [],
        "author": "",
        "text": [
            "Luka Doncic hit a game-winning three-pointer with three seconds left as the Dallas Mavericks edged past the Minnesota Timberwolves to take a 2-0 lead in the Western Conference Finals.",
            "The Slovenian, 25, top-scored with 32 points in a 109-108 victory which gives the Mavericks a commanding lead before games three and four in Texas.",
            "The Mavericks were down by 16 points in the third quarter but Doncic - who also starred in the series opener - helped drag his side back into contention.",
            "The Timberwolves held a two-point lead with 11 seconds remaining when Doncic took possession up against defensive player of the year Rudy Gobert.",
            "Facing up the 7ft 1in Frenchman, Doncic created space off the dribble before slotting a step-back three-pointer.",
            "Asked about the match-up in his side's final attacking play, Doncic said: \"I can't move fast, but I can move faster than him.\"",
            "The Timberwolves had one final chance to win the game when they found Naz Reid in a shooting position but he missed the basket.",
            "Reid top-scored for his side with 23 points but Anthony Edwards and Karl-Anthony Towns struggled again - combining for just 36 points.",
            "Games three and four are at the Mavericks' American Airlines Center on Monday and Wednesday.",
            "Elsewhere, the Boston Celtics are 2-0 up against the Indiana Pacers in the Eastern Conference Finals.",
            "The winners of the two series will meet in the NBA Finals - and game one will be broadcast live on BBC One from 01:30 BST on Wednesday, 7 June."
        ]
    },
    "https://www.bbc.com/news/articles/cm55ely3vj9o": {
        "link": "https://www.bbc.com/news/articles/cm55ely3vj9o",
        "subtitle": "Jon Bon Jovi tells the BBC his son Jake Bongiovi has married Stranger Things star Millie Bobby Brown.",
        "time": "2024-05-29T16:57:25.269480",
        "title": "Millie Bobby Brown marries Jake Bongiovi, Jon Bon Jovi tells BBC",
        "topics": [],
        "images": [
            "https://ichef.bbci.co.uk/news/480/cpsprodpb/4a46/live/70227050-1dc6-11ef-8fd3-6bf908fde702.jpg.webp"
        ],
        "videos": [],
        "author": "Andr\u00e9 Rhoden-Paul,",
        "text": [
            "Rock legend Jon Bon Jovi has confirmed to the BBC his son Jake Bongiovi has married Stranger Things star Millie Bobby Brown.",
            "\"They are great, they are absolutely fantastic,\" Bon Jovi told BBC's The One Show on Tuesday, following speculation the couple had got married. ",
            "\"It was a very small, family wedding and the bride looked gorgeous and Jake is happy as can be. It's true.\"",
            "British actress Brown, 20, rose to fame as Eleven in the Netflix sci-fi series and has appeared in two Godzilla films. ",
            "The couple revealed their engagement in April 2023, when Brown shared a photo on Instagram - in it she could be seen wearing an engagement ring while in the embrace of model and actor Bongiovi, 22. ",
            "Referencing a lyric from Taylor Swift's song Lover, Brown wrote alongside the post: \"I've loved you three summers now, honey, I want 'em all.\"",
            "The couple are yet to confirm the wedding themselves.",
            "Brown has previously revealed she has loved organising her wedding. ",
            "She told Elle UK earlier this year: \"It's been really an unbelievable journey. Every time we have a new wedding meeting, Jake and I take a picture to capture the moment of the planning process. ",
            "\"He's loving every second of it. I haven't been met with a stressful time yet, and I think that's just a reflection on how ready and excited we are to do it.\"",
            "You can watch the One Show on the BBC iplayer."
        ]
    },
    "https://www.bbc.com/news/articles/c977jx8x3d1o": {
        "link": "https://www.bbc.com/news/articles/c977jx8x3d1o",
        "subtitle": "The trio will play on the BBC Introducing stage at Worthy Farm in June.",
        "time": "2024-05-30T05:57:41.092341",
        "title": "Glastonbury Festival: Devon band to play BBC Introducing stage",
        "topics": [
            "Glastonbury",
            "Glastonbury Festival",
            "Live music",
            "Devon",
            "Ed Sheeran",
            "George Ezra"
        ],
        "images": [
            "https://ichef.bbci.co.uk/news/480/cpsprodpb/88e0/live/583993f0-1dd6-11ef-95bd-a16a3f175cc2.jpg.webp",
            "https://ichef.bbci.co.uk/news/480/cpsprodpb/7201/live/27cb3490-1dcb-11ef-b790-e7e89cc6cb7b.jpg.webp",
            "https://ichef.bbci.co.uk/news/480/cpsprodpb/4bbc/live/d31df590-1dca-11ef-a13a-0b8c563da930.jpg.webp"
        ],
        "videos": [],
        "author": "Daniel Pascoe,",
        "text": [
            "Devon band Tors are set to play at Glastonbury, thanks to BBC Introducing in the South West.",
            "It has already been a great year for the trio - brothers Matt and Theo Weedon and Jack Bowden.",
            "The band's music has been played on BBC Radios 1 and 2 and they have signed their first record contract.",
            "Now they will follow in the footsteps of acts like George Ezra, Ed Sheeran and Little Simz on the BBC Introducing stage.",
            "BBC Introducing in the South West presenter Daniel Pascoe recommended Tors for a slot on the BBC Introducing stage at Worthy Farm.",
            "He said: \"They're the perfect representation of the talent that exists in the South West.",
            "\"They had told me in previous interviews that to play Glasto would be their ultimate dream - so to tell them their dream was going to come true was just amazing.  ",
            "\"They will absolutely smash it.\"",
            "Moments after hearing the news, Matt Weedon said: \"I feel sick with nerves and excitement.",
            "\"That's one of the best things that anyone has ever told me.\"",
            "Theo Weedon added:  \"I'm elated, I'm so, so happy, that's insane, thank you.",
            "\"That is literally a dream achieved.\"",
            "Tors have already toured in Europe this year, supporting James Blunt, and are now touring the UK and USA.",
            "Follow BBC Cornwall on X (formerly Twitter), Facebook and Instagram. Send your story ideas to spotlight@bbc.co.uk."
        ]
    },
    "https://www.bbc.com/news/articles/c88zx18121po": {
        "link": "https://www.bbc.com/news/articles/c88zx18121po",
        "subtitle": "A former MP for Kingswood predicts the Conservatives will \"likely go backwards\" in Gloucestershire.",
        "time": null,
        "title": "Gloucestershire Conservatives brace for election losses",
        "topics": [
            "England and Wales Local Elections 2024",
            "Gloucestershire"
        ],
        "images": [
            "https://ichef.bbci.co.uk/news/480/cpsprodpb/6629/live/ff5e3cb0-070d-11ef-bee9-6125e244a4cd.jpg.webp"
        ],
        "videos": [],
        "author": "Paul Barltrop,",
        "text": [
            "The Conservatives are braced for electoral losses across the West.",
            "Voters will be choosing several major councils as well as police and crime commissioners at the polls on Thursday 2 May.",
            "Pollsters say many have turned their back on the Conservatives \u2013 and there is plenty of evidence.",
            "During the campaign I have visited several key electoral battlegrounds.",
            "All bar Bristol have Conservative MPs. Some, like Gloucester, also have Conservative-run councils.",
            "I found many whose views have shifted.",
            "\u201cI\u2019ve been voting Conservative always in the past,\u201d said one woman. \u201cI would definitely look at other parties.\"",
            "Asked about his voting intention a man told me: \u201cIn the past Conservative but this time I think I may change my mind.\u201d",
            "Another said he would reluctantly stick with the Tories.",
            "\u201cNo, it\u2019s not an easy choice, but it\u2019s the lesser of two evils,\u201d he said.",
            "Watching with keen interest is Lord Robert Hayward. He was a former MP for Kingswood and is now a political analyst.",
            "\u201cThe Conservatives in Gloucester are likely to go backwards,\u201d he said.",
            "Additionally, the Tory clean sweep in the West\u2019s 2021 Police and Crime Commissioner elections might not be repeated.",
            "\u201cWhile the Conservatives won them all last time, I wouldn't be at all surprised to see changes,\u201d Lord Hayward said.",
            "In Bristol, the electoral battle has a very different complexion.",
            "The city is abandoning having an elected mayor, so the contest to dominate the council chamber matters much more.",
            "Labour hope to stay in charge \u2013 while the Greens have poured in resources, hoping to come out on top.",
            "What happens in Bristol, as well as Swindon, Stroud, Gloucester and Cheltenham is not just about council control.",
            "It is about who will be in pole position for the General Election coming later this year.",
            "Follow BBC Gloucestershire on Facebook, X and Instagram. Send your story ideas to us on email or via WhatsApp on 0800 313 4630."
        ]
    },
    "https://www.bbc.com/news/articles/cy0lg0vvryxo": {
        "link": "https://www.bbc.com/news/articles/cy0lg0vvryxo",
        "subtitle": "Paul Dennett says being re-elected as Salford's mayor is a \"huge honour\".",
        "time": null,
        "title": "Paul Dennett wins third term as Salford city mayor",
        "topics": [
            "England and Wales elections 2024",
            "Mayor of Salford",
            "Salford"
        ],
        "images": [
            "https://ichef.bbci.co.uk/news/480/cpsprodpb/8588/live/5e23bb50-0a31-11ef-9517-0f5643a5629b.jpg.webp"
        ],
        "videos": [],
        "author": "Lynette Horsburgh,",
        "text": [
            "Labour's Paul Dennett has been re-elected for a third term as Salford's mayor.",
            "Mr Dennett, who was first elected in the post in 2016, received 30,753 votes, almost three times as many as his nearest rival, Conservative Jillian Collinson, who got 10,930.",
            "Mr Dennett said it was a \"huge honour\" to continue in the \"most humbling and rewarding\" job.",
            "He added that the role was one he would \"never take for granted\".",
            "The mayor is Salford's political, strategic and community leader and has overall responsibility for the delivery of all of the city council\u2019s services.",
            "Accepting his victory, Mr Dennett said he believed the \"Westminster and Whitehall model\" of governing was \"clearly broken and detached from ordinary people's lives\" and called for a general election.",
            "\"The Tories have been roundly rejected by the people in this country, losing nearly 500 council seats across 107 councils in these elections,\" he said.",
            "\"Both locally and nationally, it is clear that the Tories have fundamentally lost their way and it is clearly now time for a general election.\"",
            "Following behind Mr Dennett and Ms Collinson, the Green Party's David Jones finished third in the election with 5,623 votes, while Trade Unionist and Socialist Coalition's Sally Griffiths came fourth with 2,681.",
            "The turnout was 25.89% with a total of 49,987 cast.",
            "Mr Dennett's win meant he became the second Labour mayor in Greater Manchester to win a third term in the local elections, after Andy Burnham was confirmed as the regional leader earlier.",
            "Listen to the best of BBC Radio Manchester on Sounds and follow BBC Manchester on Facebook, X and Instagram? You can also send story ideas to northwest.newsonline@bbc.co.uk"
        ]
    },
    "https://www.bbc.com/news/articles/crggwljnz5no": {
        "link": "https://www.bbc.com/news/articles/crggwljnz5no",
        "subtitle": "Operation Sceptre sees officers carry out engagement activities in schools and local communities.",
        "time": "2024-05-28T15:58:23.251184",
        "title": "More than 500 weapons seized in knife crime crackdown in Sussex",
        "topics": [
            "Knife crime",
            "Sussex Police",
            "Hove",
            "Brighton"
        ],
        "images": [
            "https://ichef.bbci.co.uk/news/480/cpsprodpb/046a/live/7c4b0100-1cc5-11ef-94e3-d78ab9e658c9.jpg.webp",
            "https://ichef.bbci.co.uk/news/480/cpsprodpb/f20a/live/77f64ce0-1cc5-11ef-94e3-d78ab9e658c9.jpg.webp"
        ],
        "videos": [],
        "author": "Christian Fuller,",
        "text": [
            "More than 500 weapons have been seized during a week-long crackdown on knife crime.",
            "Police conducted engagement activities in schools, universities and city centres across East and West Sussex as part of Operation Sceptre.",
            "Multiple arrests were made and thousands of members of the public were engaged in conversations about knife crime between 13-19 May.",
            "Ch Insp Jim Loader said: \u201cOne knife on the street is one too many, and one life impacted by knife crime is one too many.\u201d",
            "In all, 307 knives were recovered from amnesty bins, knife sweeps or other activities in West Sussex, while in East Sussex, 200 knives were recovered.",
            "In Brighton and Hove, 1,000 students, 52 retailers and 32 taxi drivers were engaged by officers. ",
            "A total of 47 knives were also seized in the city.",
            "Police said the primary focus of the operation was on patrols in hotspot locations and working to divert young people away from knife crime.",
            "Police and Crime Commissioner for Sussex Katy Bourne said knife surrender bins, public engagement and education were needed to tackle knife crime effectively.",
            "\u201cCarrying a weapon can lead to catastrophic, life-changing consequences, and it isn\u2019t worth it - lose the knife, not a life,\u201d she said.",
            "\u201cThe work with partners, schools and relevant organisations happens not just during this week but throughout the year, and is critical to making Sussex an uncomfortable place for knife carriers.\u201d",
            "Ch Insp Loader said Sussex is a \"safe place,\" where knife crime related incidents are \"substantially below the national average\" by area. ",
            "\"Despite this, there is always room for improvement,\u201d he said.",
            "Follow BBC Sussex on Facebook, on X, and on Instagram. Send your story ideas to southeasttoday@bbc.co.uk  or WhatsApp us on 08081 002250."
        ]
    },
    "https://www.bbc.com/news/uk-68988647": {
        "link": "https://www.bbc.com/news/uk-68988647",
        "subtitle": "The prince made the comments as he visited St Mary\u2019s Community Hospital on the Isles of Scilly.",
        "time": null,
        "title": "Kate is doing well, Prince William says",
        "topics": [],
        "images": [],
        "videos": [],
        "author": "",
        "text": []
    }
}