{
    "https://www.bbc.com/news/world-asia-china-69037516": {
        "link": "https://www.bbc.com/news/world-asia-china-69037516",
        "subtitle": "Police say the female suspect allegedly used a fruit knife in the attack which left 10 others hurt.",
        "time": null,
        "title": "China: Knife attack in Guixi city primary school leaves two dead",
        "topics": [
            "Asia",
            "China"
        ],
        "images": [
            "https://ichef.bbci.co.uk/news/480/cpsprodpb/17FF3/production/_133319289_b3bb95cb-5e27-457e-ada5-92e0ff4286b8-1.png.webp"
        ],
        "videos": [],
        "author": "",
        "text": [
            "Two people have been killed and 10 others injured in a knife attack at a primary school in China's southern Jiangxi province, police said.",
            "It was not immediately clear if children were among the casualties.",
            "The attack took place at about midday (04:00 GMT) at the school in Guixi city.",
            "Police said it was carried out by a 45-year-old woman, who used a fruit knife. She has since been controlled, police added in a statement on social media.",
            "Parents at the school have described their shock and fear at hearing the attack had taken place.",
            "\"I received the news at noon, and I was very shocked,\" one told the BBC, speaking on the condition of anonymity, \"My child is in the fifth grade and very young and has safely arrived home, but the school has not informed us of anything and has kept everything hidden. I am going back to comfort my child and to find out what exactly happened.\"",
            "Another father - who also did not want to be named - said: \"Of course, we are scared. It's not just the children; even we adults are very frightened.",
            "\"The class teachers handled it quite well; they immediately posted photos of the children in the parent group, saying the children were safe and that they had already locked the doors, asking parents to come and pick them up. They mentioned that the details of the case are still under investigation.\"",
            "China has seen a spate of knife attacks in recent months. In May, a man stabbed dead two people and wounded 21 others at a hospital in the southern province of Yunnan.",
            "In August last year, two people were killed and seven others injured after a man with a history of mental illness attacked people with a knife in a residential district in also Yunnan.",
            "In July that year, six people, including three children, were killed in a stabbing at a kindergarten in the south-eastern province of Guangdong."
        ]
    },
    "https://www.bbc.com/news/uk-england-bristol-68937112": {
        "link": "https://www.bbc.com/news/uk-england-bristol-68937112",
        "subtitle": "Heart of BS13 Flowers is a social enterprise based at Hartcliffe City Farm in Bristol.",
        "time": null,
        "title": "The Bristol flower farm helping tackle food poverty",
        "topics": [],
        "images": [],
        "videos": [],
        "author": "",
        "text": []
    },
    "https://www.bbc.com/news/uk-england-humber-68948838": {
        "link": "https://www.bbc.com/news/uk-england-humber-68948838",
        "subtitle": "Conservative MP for Grimsby Lia Nici denies any suggestion that voters wanted a new Prime Minister.",
        "time": null,
        "title": "North East Lincolnshire: Tories lose control of council",
        "topics": [
            "England and Wales elections 2024",
            "Cleethorpes",
            "Grimsby",
            "North East Lincolnshire Council"
        ],
        "images": [
            "https://ichef.bbci.co.uk/news/480/cpsprodpb/4048/production/_133265461_whatsappimage2024-05-03at06.49.01.jpg.webp",
            "https://ichef.bbci.co.uk/news/480/cpsprodpb/8E68/production/_133265463_whatsappimage2024-05-03at06.48.28.jpg.webp",
            "https://ichef.bbci.co.uk/news/480/cpsprodpb/11678/production/_105988217_line976.jpg.webp",
            "https://ichef.bbci.co.uk/news/480/cpsprodpb/2234/production/_133265780_grimsby_count.jpg.webp",
            "https://ichef.bbci.co.uk/news/480/cpsprodpb/11678/production/_105988217_line976.jpg.webp"
        ],
        "videos": [],
        "author": "By Pritti Mistry & Tim Iredale,",
        "text": [
            "The Conservatives have lost control of North East Lincolnshire Council after a five-year reign, with the authority now under no overall control.",
            "A third of the authority's 42 seats were up for election with 22 required for a majority win.",
            "But the Tories lost eight of its 11 seats while Labour won six and Independent candidates gained two.",
            "Conservative MP for Grimsby Lia Nici denied any suggestion that voters wanted a new Prime Minister.",
            "\"I think the main reason is the national picture. I think people are fed up with politicians and politics. ",
            "\"They want to see real change in the country and they want the Conservatives to be able to continue and get on with their manifesto that we promised them in 2019.\"",
            "The results came in overnight and there was no change for the Liberal Democrats, which held onto its three seats. Conservative MP for Cleethorpes Martin Vickers also believed the result was a reflection of the performance of central government rather than the local council.",
            "\"Sadly, in local elections, they tend to mirror the polls at national level.",
            "\"Clearly, it's a statement of the obvious, we're far behind in the polls nationally and people had to follow through at local level despite the fact that we've got a council here [under] Conservative control for the last few years. ",
            "\"[We've] got a number of major projects under way. We've had great success at getting levelling up funding from the government as well as high street funds and others.",
            "\"But I'm afraid local councils, however good they are and I've experienced this in the past, are often punished for the failings of central [government].\"",
            "Melanie Onn, the former MP for Grimsby and Labour's candidate for the seat in the next general election, said she was \"really pleased with the outcome\".",
            "\"We've been working really hard talking to the local voters, really trying to re-establish trust and confidence from the local population.",
            "\"But really people are telling us that they are ready for a change and that is what we've seen in the results.\" ",
            "Before a single vote had been counted, Conservative activists knew they were in trouble at the Grimsby Auditorium count.",
            "Many blamed national events for the swing to Labour and Grimsby is often described as a typical 'red wall' constituency.",
            "Decades of Labour dominance in the town ended in 2019, when Lia Nici won the seat for the Tories. ",
            "Some claim it is only a matter of time before normal service is resumed and Grimsby is represented by a Labour MP once again.",
            "Others point to the small turnout in the local elections and argue that many Tory voters simply stayed at home. ",
            "Follow BBC Lincolnshire onFacebook, X (formerly Twitter), and Instagram. Send your story ideas to\u00a0eastyorkslincs.news@bbc.co.uk"
        ]
    },
    "https://www.bbc.com/news/world-asia-india-68832877": {
        "link": "https://www.bbc.com/news/world-asia-india-68832877",
        "subtitle": "Many companies in Bengaluru city have found innovative ways to encourage people to vote.",
        "time": null,
        "title": "Bengaluru: Free beer and taxi rides to woo voters in Indian city",
        "topics": [
            "Asia",
            "Bangalore",
            "India Election 2024",
            "India"
        ],
        "images": [
            "https://ichef.bbci.co.uk/news/480/cpsprodpb/57B4/production/_133225422_gettyimages-1918198581-594x594.jpg.webp",
            "https://ichef.bbci.co.uk/news/480/cpsprodpb/13E83/production/_103693518_086b2036-0a30-4a6f-a4a0-94c46832b58f.jpg.webp",
            "https://ichef.bbci.co.uk/news/480/cpsprodpb/13E83/production/_103693518_086b2036-0a30-4a6f-a4a0-94c46832b58f.jpg.webp"
        ],
        "videos": [],
        "author": "By Meryl Sebastian,",
        "text": [
            "Many companies in the southern Indian city of Bengaluru are offering a host of incentives - from free food to taxi rides - to people voting in the general election.",
            "Located in Karnataka state, Bengaluru is often in the news for its low voter turnout. ",
            "So hotels, taxi services and other firms have announced initiatives to encourage people to cast their ballot.",
            "These include free beer, discounted cab rides and even free health check-ups.",
            "At some food outlets, customers need to show their finger stained with indelible ink as proof they've voted. ",
            "The city is voting on Friday in round two of India's seven-phase election.",
            "On Wednesday, the state's high court allowed an association of hotels to give food for free or at discounted prices as long as it did not violate election guidelines.",
            "\"Different hotels and restaurants will be providing different things to the voters based on their personal call,\" PC Rao, president of the hotel association, told the Bangalore Mirror newspaper. ",
            "\"While some of these places will provide free coffee, dosas [a pancake made from rice batter and lentils] and fruit juice to overcome the heat, some of the outlets will give discounts on food or have some offers,\" he added.",
            "In the last general election in 2019, the city's Bangalore South constituency had recorded the lowest voting percentage in Karnataka state at 53.7%. ",
            "Turnout was also low in Bangalore Central (54.3%) and Bangalore North (54.7%) compared with the state's total turnout at 68%.",
            "Most companies began to encourage residents to vote last week but announced offers after the court order on Wednesday.",
            "Popular amusement park Wonderla is giving tickets to voters at discounted prices, while Deck of Brews, a pub in the city, is giving away free beer to its first 50 customers who have voted. ",
            "Ridesharing app Blu-Smart, meanwhile, is offering a 50% discount to passengers traveling within 30km (18 miles) of polling stations, while taxi aggregator Rapido is giving free rides to people with disabilities and elderly voters.",
            "\"This is our way of celebrating democracy and the importance of voting,\" Gopi Chand Cherukuri, the co-founder of Mr. Philly's, told The Indian Express newspaper. The restaurant is offering a 30% discount on burgers and milkshakes to the first 100 voters at the diner.",
            " \"We hope that this initiative sparks enthusiasm among citizens of Bengaluru to exercise their right to vote and make a difference.\""
        ]
    },
    "https://www.bbc.com/news/articles/c3g5r4w72gwo": {
        "link": "https://www.bbc.com/news/articles/c3g5r4w72gwo",
        "subtitle": "Olly Brock has set up a webcam after discovering the robin and her brood in his motorbike.",
        "time": null,
        "title": "Robin nesting in motorbike forces Guernsey man to take bus",
        "topics": [],
        "images": [
            "https://ichef.bbci.co.uk/news/480/cpsprodpb/b107/live/d933c490-145c-11ef-905e-116576585a6f.jpg.webp",
            "https://ichef.bbci.co.uk/news/480/cpsprodpb/abfc/live/779d2ce0-1460-11ef-b9db-671b2247cd48.jpg.webp"
        ],
        "videos": [],
        "author": "Jack Silver,",
        "text": [
            "A robin has become a surprise internet star after nesting behind a motorcyclist's headlights in Guernsey.",
            "Architect Olly Brock said he was so excited by the nest he set up his webcam to share the progress of the robin and her eggs.",
            "Mr Brock, from Vale, swapped his Kawasaki Versys for walking to work or taking the bus so as not disturb the tiny bird and her brood.",
            "He said he discovered the nest after going to use his bike one morning and finding the robin staring back at him.",
            "\"It had an impertinent look on its face - it was hilarious,\" he said.",
            "Mr Brock said his wife suggested setting up a webcam after discovering it was illegal to disturb a nest with eggs.",
            "He said the live stream has had visitors from as far afield as the United States and Canada.",
            "Follow BBC Guernsey on X (formerly Twitter) and Facebook. Send your story ideas to channel.islands@bbc.co.uk."
        ]
    },
    "https://www.bbc.com/news/entertainment-arts-69017797": {
        "link": "https://www.bbc.com/news/entertainment-arts-69017797",
        "subtitle": "Lawyers for the illusionist say the allegations are \"false and scurrilous\".",
        "time": null,
        "title": "David Copperfield: Magician accused of sexual misconduct",
        "topics": [
            "Magic"
        ],
        "images": [
            "https://ichef.bbci.co.uk/news/480/cpsprodpb/A7B3/production/_133313924_crgettyimages-1179803177.jpg.webp"
        ],
        "videos": [],
        "author": "By Steven McIntosh,",
        "text": [
            "Magician David Copperfield has been accused of sexual misconduct and inappropriate behaviour by 16 women.",
            "Some of the alleged offences took place when the women were under 18, the Guardian newspaper has reported. ",
            "The allegations date from the late 1980s to 2014.",
            "A representative for Copperfield told BBC News the allegations were \"false and scurrilous\" and \"the exact opposite of who David is\".",
            "According to the Guardian, three of the women claim the magician drugged them before having sex with them. They said they did not feel able to consent.",
            "In four instances, women alleged the magician groped them or made them touch him in a sexual manner during live performances on stage.",
            "One woman said she met Copperfield in 1991 when she was 15 and he kept in contact with her through phone calls. ",
            "When she was 18, she says they had consensual sex, but the woman told the Guardian she believes she was groomed. ",
            "Copperfield's lawyers acknowledged the relationship to the newspaper but denied any grooming took place. ",
            "In a separate statement to the BBC, his lawyers said: \"Everyone that knows David Copperfield will tell you that these recent allegations from one newspaper are the exact opposite of who David is. ",
            "\"In fact, David has a record of risking his career to help protect women from powerful predators. ",
            "\"Most of these historic accusations have been made before, and all of them are as false now as they were then. David requested the 'evidence' upon which these false allegations claim to rely and this has not been provided. ",
            "\"By contrast, whenever US law enforcement has looked into such matters, they have been investigated thoroughly and it has been found that there is simply no case to answer. ",
            "\"The Guardian's characterization is not who David is, and he continues to support anyone who has experienced any form of abuse or discrimination. The movement must succeed, but false accusations must stop for it to flourish. David will be considering the position with his legal team and will take such steps as may be appropriate over these false and scurrilous allegations.\"",
            "Copperfield has previously been accused of inappropriate behaviour and in 2018 he denied historical allegations of sexual misconduct.",
            "\"I've lived with years of news reports about me being accused of fabricated, heinous acts, with few telling the story of the accuser getting arrested, and my innocence,\" he wrote on X/Twitter at the time.",
            "Copperfield is one of America's best-known magicians. He has won 21 Emmy Awards and holds 11 Guinness World Records."
        ]
    },
    "https://www.bbc.com/news/uk-scotland-68944233": {
        "link": "https://www.bbc.com/news/uk-scotland-68944233",
        "subtitle": "Stacey and her son Archie have secured a permanent council flat after a decade of homelessness in Edinburgh.",
        "time": null,
        "title": "Finally our forever home after 10 years on housing list",
        "topics": [],
        "images": [],
        "videos": [],
        "author": "",
        "text": []
    },
    "https://www.bbc.com/news/articles/cgrryqnr8zlo": {
        "link": "https://www.bbc.com/news/articles/cgrryqnr8zlo",
        "subtitle": "Only 2,000 of the cotton-top tamarins are left in the wild, and they are on an endangered red list.",
        "time": "2024-05-25T20:28:40.146801",
        "title": "Rare monkeys: Folly Farm hopes tamarins breed to help save species",
        "topics": [
            "Wales",
            "Conservation",
            "Monkeys",
            "Wildlife"
        ],
        "images": [
            "https://ichef.bbci.co.uk/news/480/cpsprodpb/1341/live/ccc7cd90-1ad4-11ef-9223-a77d66eb1351.png.webp",
            "https://ichef.bbci.co.uk/news/480/cpsprodpb/c247/live/23136fc0-1ad4-11ef-9223-a77d66eb1351.png.webp",
            "https://ichef.bbci.co.uk/news/480/cpsprodpb/b8ae/live/98365af0-1ad5-11ef-bb72-f9040c0b8b53.png.webp"
        ],
        "videos": [],
        "author": "Elen Davies,",
        "text": [
            "They are a breed of rare monkey at serious risk of dying out altogether.",
            "But a Pembrokeshire zoo and adventure park hopes that two cotton-top tamarins now living in its care can help protect the future of the species.",
            "The pair, named Raquel and Raymond, have moved to Folly Farm on the recommendation of experts with the hope that they will mate.",
            "There are only 2,000 adults left in the wild and they are on the critically endangered red list of the International Union for Conservation of Nature.",
            "Folly Farm, near Kilgetty, also hopes to educate visitors about their history and the struggles they face.",
            "The tamarins, who have prominent white hair, are found in only 5% of their original habitat in the tropical forests of north-western Colombia, mainly due to large-scale deforestation.",
            "\"Unfortunately, where they live in the woods in South America, the habitat has disappeared,\" said Lee Sefton-Hearn, who works at the zoo.",
            "\"Also, people take the monkeys out of their natural habitat for things like science investigations and the illegal pet trade as well.\"",
            "Folly Farm belongs to 36 European breeding programmes, and along with protecting endangered species, it believes in educating visitors about the history and challenges of animals.",
            "Mr Sefton-Hearn said while everyone liked to look at the tamarins, it was important to explain problems in the wild.",
            "He said they did a significant job as seed dispersers when they ate fruit.",
            "\"Without them in the wild, we're losing important things for the ecosystem as well,\" he added.",
            "Folly Farm said the pair had already been seen grooming each other, which it called \"a clear sign of trust and affection\".",
            "Keeper Kim Cartwright said: \"They're an adorable addition but more importantly, being such a rare species in the wild, it's an opportunity to educate our guests about these animals and the plights they face.",
            "\"They're settling in really well so far and are so much fun to watch because they\u2019re so active.",
            "\"We hope they become a breeding pair and we can one day welcome the pitter patter of tiny primate infants - which will be excellent news for the critically endangered species, as well as exciting for us and our visitors.\""
        ]
    }
}