{
    "https://www.bbc.com/sport/football/articles/ckkkzw3xnxpo": {
        "link": "https://www.bbc.com/sport/football/articles/ckkkzw3xnxpo",
        "subtitle": "Ipswich Town boss Kieran McKenna is named as the League Managers Association's manager of the year, beating Pep Guardiola and Mikel Arteta.",
        "time": null,
        "title": "Kieran McKenna: Ipswich boss beats Pep Guardiola and Mikel Arteta to LMA award - BBC Sport",
        "topics": [],
        "images": [
            "https://ichef.bbci.co.uk/news/1024/cpsprodpb/2f5d/live/e89fa290-17ff-11ef-b5cc-cb8b8c4cef5a.jpg"
        ],
        "videos": [
            "//emp.bbc.com/emp/SMPj/2.52.1/iframe.html"
        ],
        "author": "",
        "text": [
            "Ipswich Town boss Kieran McKenna has been named the League Managers Association's manager of the year.",
            "The 38-year-old, who led Ipswich back to the Premier League after a 22-year absence, beat Manchester City's Pep Guardiola and Arsenal's Mikel Arteta to win the award.",
            "Everton manager Sean Dyche, Aston Villa's Unai Emery and Portsmouth boss John Mousinho were also on the LMA's shortlist.",
            "Earlier, Guardiola was named the Premier League manager of the season, while Liverpool's Matt Beard won the Women's Super League manager of the season prize.",
            "McKenna, born in London and raised in Northern Ireland, left his role as a first-team coach at Manchester United to take over at Ipswich in December 2021 when the Suffolk club were in League One.",
            "In finishing second in the Championship this season, one point behind winners Leicester City, he has guided the Tractor Boys to back-to-back promotions.",
            "\"This award is one of the most humbling and proudest moments of my life,\" said McKenna, who was presented with the award by former Manchester United manager Sir Alex Ferguson.",
            "\"It's the best thing in the world and I've had good experience as a first-team coach, but to be a manager in the Premier League and go up against great managers is going to be a great challenge and something I can't wait for.\"",
            "Meanwhile, Guardiola, 53, oversaw another historic season as the Spaniard's side became the first English club to win four successive top-flight titles.",
            "Also nominated for the Premier League's award were Arteta, Emery, Liverpool's Jurgen Klopp and Bournemouth's Andoni Iraola .",
            "\"I want to share it, yes, oh yes! Especially with Mikel for the incredible job he has done until the last game, bringing us to our limits,\" said Guardiola.",
            "\"Of course, for Jurgen, for the unforgettable battles for many, many years. And Unai, making something unbelievable again to bring Aston Villa to the Champions League.",
            "\"And Andoni, with Bournemouth, being his first season in the Premier League, doing what he has done, coming back from the tough start of the season.\"",
            "Beard, 46, led Liverpool to fourth place in the WSL, their highest finish since they lifted the title in 2014.",
            "Liverpool won their final four games, including victories over champions Chelsea and Manchester United, as they finished above the latter.",
            "\"I'm very grateful and very humbled,\" Englishman Beard said.",
            "\"It's great to see the work we have done has been recognised as always, we couldn't do it without the staff or the players so this award is not just about me, it's about the collective so from that side it's great recognition for everyone.\"",
            "The Premier League title race went down to the final day of the season but Manchester City, who were two points clear of second-placed Arsenal, beat West Ham 3-1 to claim a sixth title since Guardiola took charge in 2016.",
            "City's Phil Foden was named Premier League player of the season last week.",
            "It is the fifth time Guardiola has won the top flight's award with only Ferguson (11) receiving the accolade on more occasions.",
            "\"We will defend this award as best as possible in the future,\" added Guardiola."
        ]
    },
    "https://www.bbc.com/news/uk-68973593": {
        "link": "https://www.bbc.com/news/uk-68973593",
        "subtitle": "A \"nationwide issue\" which caused huge delays at passport e-gates has been resolved.",
        "time": null,
        "title": "Crowds build at UK airports as passport e-gates go down",
        "topics": [],
        "images": [],
        "videos": [],
        "author": "",
        "text": []
    },
    "https://www.bbc.com/news/articles/ceq33n05wvdo": {
        "link": "https://www.bbc.com/news/articles/ceq33n05wvdo",
        "subtitle": "Tasha has been living in hotels, paid for by the council, since February.",
        "time": null,
        "title": "Homeless mum feels 'out of control' after marriage breakdown",
        "topics": [
            "Berkshire",
            "Homelessness",
            "West Berkshire Council"
        ],
        "images": [
            "https://ichef.bbci.co.uk/news/480/cpsprodpb/a41f/live/69f5f820-1153-11ef-990f-35dbb1d4167a.jpg.webp",
            "https://ichef.bbci.co.uk/news/480/cpsprodpb/f06d/live/4f0e4df0-1153-11ef-b9d8-4f52aebe147d.jpg.webp"
        ],
        "videos": [],
        "author": "Neranjana Elapatha,",
        "text": [
            "A mother of two who has been homeless since her marriage broke down said she was refused accommodation despite being able to afford it.",
            "After viewing a property Tasha was told she needed a salary of \u00a356,000, despite the annual rent being \u00a318,000.",
            "She has been living in hotels, paid for by West Berkshire Council, since February, and said she felt \"degraded\" and like \"everything's out of my control\".",
            "The council's deputy leader Denise Gaines said Tasha's case was \"tragic\" and she would be offered temporary accommodation as soon as space became available.",
            "Tasha, who earns \u00a319,000 working as a special educational needs (SEN) learning support assistant and is on universal credit, moves to a different hotel every Monday.",
            "Once a week she goes to a friend's house to cook and do laundry but the rest of the time she and her children either rely on instant food like noodles, or go out to eat.",
            "One flat she found she was not even able to view because the renters wanted prospective tenants to have an annual salary of \u00a339,000 - despite the yearly rent being less than \u00a316,000.",
            "Tasha said she was \"very careful\" with money and would have been able to afford the rent.",
            "\"I'm now relying on the council to home me and I may or may not get where I want to go,\" she said.",
            "Fraser Gleave, chief executive officer for Citizens Advice Tadley, said the private rented sector was seeing a growing gap in supply and demand, enabling landlords to \"set higher and higher standards\".",
            "Ms Gaines said the cost of living meant more landlords were having to sell, applying even more pressure on the market.",
            "Tasha said her situation was starting to have an impact on her mental health, adding the \"packing days and the unpacking days\" were the hardest.",
            "\"I've got mum guilt that I couldn't keep a marriage together, can't provide a house for my children,\" she said.",
            "\"It is getting me mentally, especially when we pack up and I see what's in the car -because that's all we've got.\"",
            "Follow BBC South on Facebook, X (Twitter), or Instagram. Send your story ideas to south.newsonline@bbc.co.uk or via WhatsApp on 0808 100 2240."
        ]
    },
    "https://www.bbc.com/news/videos/c72pyg0e79jo": {
        "link": "https://www.bbc.com/news/videos/c72pyg0e79jo",
        "subtitle": "Footage is posted online which appears to show individuals cutting down a speed camera.",
        "time": null,
        "title": "Swansea: Police investigate after speed camera cut down",
        "topics": [],
        "images": [],
        "videos": [],
        "author": "",
        "text": []
    },
    "https://www.bbc.com/news/world-68991592": {
        "link": "https://www.bbc.com/news/world-68991592",
        "subtitle": "Neom is part of Saudi Arabia's plans to diversify the kingdom's economy away from oil.",
        "time": null,
        "title": "Saudi forces 'told to kill' to clear land for eco-city",
        "topics": [],
        "images": [],
        "videos": [],
        "author": "",
        "text": []
    },
    "https://www.bbc.com/news/articles/cer3w1ewvjyo": {
        "link": "https://www.bbc.com/news/articles/cer3w1ewvjyo",
        "subtitle": "The firm says it has seen sustained global demand led by its Range Rover and Defender brands.",
        "time": null,
        "title": "Jaguar Land Rover reports highest profit since 2015",
        "topics": [
            "Solihull"
        ],
        "images": [
            "https://ichef.bbci.co.uk/news/480/cpsprodpb/4d37/live/a798cc30-1058-11ef-b4d9-0b6650600067.png.webp",
            "https://ichef.bbci.co.uk/news/480/cpsprodpb/32c2/live/d89d4450-1053-11ef-800a-97ddfedc2ddf.png.webp"
        ],
        "videos": [],
        "author": "Lee Bottomley,",
        "text": [
            "Luxury vehicle manufacturer Jaguar Land Rover (JLR) has reported its highest pre-tax profits since 2015.",
            "Production of Range Rover models at its Solihull factory, as well as sales of the Defender model helped the firm achieve pre-tax profits of \u00a32.2bn.",
            "\"The foundation of this performance was the sustained global demand for our modern luxury vehicles, led by our Range Rover and Defender brands,\" said Adrian Mardell, chief executive officer.",
            "There has also been \"strong interest\" in the electric Range Rover, with a prototype currently undergoing testing in the Arctic Circle, the company said.",
            "The firm's sales success has a wider impact on the West Midlands and beyond, said Prof David Bailey, from Birmingham Business School.",
            "\"JLR is really quite unique in the UK, in sourcing so much of its content from the UK, and the West Midlands in particular,\" he said.",
            "\"The success of JLR means more orders for the supply chain, more money flowing through the supply chain, and hopefully greater security for jobs.\"",
            "In March, JLR announced it was recruiting 250 new engineers to work at its facilities in the West Midlands to help develop pure electric vehicles.",
            "Follow BBC West Midlands on Facebook, X and Instagram. Send your story ideas to: newsonline.westmidlands@bbc.co.uk"
        ]
    },
    "https://www.bbc.com/sport/football/articles/cx7dxp9x3wyo": {
        "link": "https://www.bbc.com/sport/football/articles/cx7dxp9x3wyo",
        "subtitle": "Manager Phil Parkinson says Wrexham will not pay over the odds for new players this summer as they prepare for life in League One.",
        "time": null,
        "title": "Phil Parkinson: Wrexham do not have 'endless pot of money' - BBC Sport",
        "topics": [],
        "images": [],
        "videos": [
            "//emp.bbc.com/emp/SMPj/2.52.1/iframe.html"
        ],
        "author": "",
        "text": [
            "Manager Phil Parkinson says Wrexham won\u2019t pay over the odds for new players this summer as they prepare for life in League One.",
            "Despite the fact that Wrexham are owned by Hollywood stars Ryan Reynolds and Rob McElhenney, Parkinson insists there is not an \u201cendless pot of money\u201d to spend in the transfer window."
        ]
    },
    "https://www.bbc.com/news/articles/c4n1wgpw17zo": {
        "link": "https://www.bbc.com/news/articles/c4n1wgpw17zo",
        "subtitle": "Students explain why they believe many of their peers don't bother voting.",
        "time": null,
        "title": "Young voters: 'Many people don't know elections are happening'",
        "topics": [
            "England and Wales Local Elections 2024",
            "Coventry"
        ],
        "images": [
            "https://ichef.bbci.co.uk/news/480/cpsprodpb/364b/live/a4905780-062e-11ef-9165-0d1fa32fedf5.jpg.webp",
            "https://ichef.bbci.co.uk/news/480/cpsprodpb/d91b/live/08ff8dd0-062f-11ef-9165-0d1fa32fedf5.jpg.webp",
            "https://ichef.bbci.co.uk/news/480/cpsprodpb/ae63/live/1e3ebe40-0630-11ef-9165-0d1fa32fedf5.jpg.webp",
            "/bbcx/grey-placeholder.png"
        ],
        "videos": [],
        "author": "Richard Price,",
        "text": [
            "Lack of awareness and candidates failing to connect - there are many reasons why young people fail to vote in local elections.",
            "With days to go until polls open, BBC Radio CWR asked four students at Coventry University what matters to them.",
            "Turnout was just 32% at local elections across the country last year \u2013 but it was even lower in Coventry, where just 26% of the electorate voted.",
            "The students all said they would be voting in this year's local election and discussed reasons for apathy among their peers.",
            "\u201cI feel like the youth do not vote because there\u2019s less engagement of them, currently, when it comes to the voting process,\u201d says Mary Kiusa, 27.",
            "\u201cI feel like if there was more engagement maybe the turnout - the participation of youth actually voting \u2013 can increase over time.",
            "\u201cI also feel like the use of social media is not used [enough] to create awareness about the voting process.\u201d",
            "Mary says she feels candidates do not talk about issues which matter to young people. The key things for her are sustainability and wellbeing.",
            "She hopes for a \"platform or somewhere that youth can have a voice and be listened to on the issues they actually are facing, and feel like they are actually being listened [to] and being taken into consideration\".",
            "\u201cThose issues, in turn, could be solved at the end of the day,\" she says.",
            "Mary says she will be casting a vote this week.",
            "\u201cAs an international student I am so grateful that we are given a platform to actually participate in the voting process.\"",
            "\u201cI think young people should vote in elections - they must know what happens around them as well as what\u2019s happening around the government,\u201d says Akhil Sha.",
            "\u201cThey must know about things happening like policy changes, what are the law changes affecting the students and young people.\u201d",
            "It will directly affect their livelihood, he adds. \u201cIf they want to change it, they must vote.\u201d",
            "He says he did not vote last year as he wasn\u2019t aware he was able to do so, as an international student.",
            "But, he says, he will \u201cdefinitely\u201d be voting in the coming local elections.",
            "\u201cI think younger people don\u2019t vote in the elections because some people don\u2019t know about the elections going on, and I think that\u2019s down to how they promote them,\u201d says Daniel Sherrington, 23.",
            "\u201cI think the use of social media, even just posting on Instagram, would engage more young people in what\u2019s going on.",
            "\u201cYounger people might not care about what\u2019s being voted on because a lot of the topics are aimed towards the older generation and maybe they\u2019re just not interested in the changes that are going to be made \u2013 depending on who gets in.\u201d",
            "He says he will vote because he wants to have a say on environmental issues where he lives.",
            "\u201cEvery single vote matters,\u201d according to 18-year-old Hyath Aman.",
            "Voting can change the future, affect livelihoods and change lives, he says.",
            "He believes it has an impact on how communities are structured.",
            "This year will be his first time voting.",
            "\u201cI\u2019ve never had a chance to vote, because I just turned 18 this year, but I think you can change people\u2019s lives.",
            "\u201cI can support people \u2013 it\u2019s just one vote but it can change a lot.\u201d",
            "Follow BBC West Midlands on Facebook, X, and Instagram. Send your story ideas to: newsonline.westmidlands@bbc.co.uk"
        ]
    },
    "https://www.bbc.com/news/articles/c8vz7nm1n73o": {
        "link": "https://www.bbc.com/news/articles/c8vz7nm1n73o",
        "subtitle": "This week's election is the first time every council seat in Worcester has been up for grabs.",
        "time": null,
        "title": "Worcester City Council moves to all-out election",
        "topics": [
            "England and Wales elections 2024",
            "Transport",
            "Worcester"
        ],
        "images": [
            "https://ichef.bbci.co.uk/news/480/cpsprodpb/37c8/live/ad218550-0498-11ef-bee9-6125e244a4cd.jpg.webp",
            "https://ichef.bbci.co.uk/news/480/cpsprodpb/dad3/live/f883c4e0-0498-11ef-a201-bb3b2caf3291.png.webp",
            "https://ichef.bbci.co.uk/news/480/cpsprodpb/cc55/live/ef577100-0498-11ef-a201-bb3b2caf3291.png.webp",
            "/bbcx/grey-placeholder.png",
            "/bbcx/grey-placeholder.png"
        ],
        "videos": [],
        "author": "James Pearson,",
        "text": [
            "Worcester City Council's first ever \"all-out\" election offers voters a rare, clean slate to shape the city's politics.",
            "Boundary changes to wards mean all 35 council seats are being contested on Thursday 2 May. Previously a third of council seats were elected each year.",
            "No party currently has control of the city council, which is run on a cross-party committee basis. ",
            "As the two largest parties, Labour and the Greens share leadership. ",
            "Eighteen council seats are needed to secure a majority. The current political balance is:",
            "A full list of candidates has been published on the council's website.",
            "The Conservatives, Labour and the Greens are all fielding 35 candidates each, while the Liberal Democrats have put forward 23. ",
            "The Trade Unionist and Socialist Coalition has also put forward five candidates, Reform UK has put forward two, and UKIP has a single candidate.",
            "Seven candidates are non-aligned or standing as independents.",
            "Last summer, Worcester City Council published its first draft transport strategy for the city centre.",
            "Tory election leaflets have claimed Labour and the Greens will introduce a clean air zone in the city, in order to charge polluting vehicles. ",
            "While the city council has a duty to manage air quality, such a scheme would also require the approval of Worcestershire County Council.",
            "In response, Labour group leader Lynn Denham accused the Tories of a \"pack of lies\", while the Greens said the measure was not in the party's manifesto.",
            "Green deputy leader Karen Lewing said the council should prioritise other options, including better buses and park and ride service.",
            "Liberal Democrat candidate Jessie Jagger said the city needed better public transport and that there was currently no support from residents for a charging zone.",
            "Conservative group leader James Stanley defended the use of the Ulez (ultra-low emission zone) sign on leaflets. He said it was a \"symbol\" of anti-motorist policies his party wanted to avoid, and that it would oppose increases in car park charges. ",
            "This year's election is the first to be held under new ward boundaries, introduced following an independent review of population growth.",
            "While the total number of councillors will remain at 35, the number of wards will increase from 15 to 16.",
            "",
            "The vote of residents in Worcester city centre could be crucial. With the existing three-seat Cathedral ward now split into two, two-seat wards, an extra councillor will be elected from the area.",
            "Yes you will.",
            "To vote in person at a polling station, you either need to show one of the 22 acceptable forms of ID, or a free document known as a Voter Authority Certificate.",
            "There will also be a vote to elect the police and crime commissioner (PCC) for the West Mercia force area, a patch covering Herefordshire, Shropshire, Worcestershire, and Telford and Wrekin.",
            "We should know the results of the elections at Worcester City Council by the evening of Friday, 3 May.",
            "The result of the West Mercia PCC election is also expected to be declared on the same day. ",
            "Follow BBC West Midlands on Facebook, X and Instagram. Send your story ideas to: newsonline.westmidlands@bbc.co.uk"
        ]
    }
}