{
    "https://www.bbc.com/sport/football/articles/cp00l155qm2o": {
        "link": "https://www.bbc.com/sport/football/articles/cp00l155qm2o",
        "subtitle": "Check out the significant signings and departures in the Premier League, Scottish Premiership, EFL and Women's Super League.",
        "time": "2024-05-24T09:40:31.171979",
        "title": "Transfer news: All the done deals in May 2024 - BBC Sport",
        "topics": [],
        "images": [
            "https://ichef.bbci.co.uk/news/1536/cpsprodpb/a14d/live/6a8e4ed0-16a9-11ef-9b12-1ba8f95c4917.png"
        ],
        "videos": [],
        "author": "",
        "text": [
            "The summer transfer window opens on 14 June for Premier League, EFL and Scottish clubs, with the Women's Super League window opening on 24 June.",
            "However, clubs are already starting to reshape their squads for next season.",
            "For the latest rumours check out today's gossip column, for a full list of transfers made in January - including the Women's Super League deadline - visit this page, or take a look at our collation of club released and retained lists.",
            "Follow for all the news from your Premier League or Scottish Premiership club",
            "Premier League",
            "Enes Unal [Getafe - Bournemouth] \u00a313m",
            "",
            "English Football League",
            "Luke Offord [Crewe - MK Dons] Free",
            "Michael Olakigbe [Brentford - Wigan] Loan",
            "Joe Powell [Burton Albion - Rotherham United] Free",
            "English Football League",
            "Myles Hippolyte [Stockport - AFC Wimbledon] Free",
            "Tyrell Warren [Barrow - Grimsby] Free",
            "English Football League",
            "Luke Ayling",
            "Jordan Gibson [Carlisle - Bradford] Free",
            "Scottish Premiership",
            "Jefte [Fluminense - Rangers] Undisclosed",
            "English Football League",
            "Louis Appere [Northampton - Stevenage] Free",
            "Dillon De Silva [Wealdstone - Sutton] Free",
            "Connor Lemonheigh-Evans [Stockport - MK Dons] Free",
            "Sean Long [Cheltenham - Forest Green] Free",
            "Jay Mingi [Colchester - Stockport] Undisclosed",
            "Elliott Nevitt [Crewe - Gillingham] Free",
            "Matty Platt [Bradford - Notts County] Free",
            "Sean Raggett [Portsmouth - Rotherham] Free",
            "Raphael [Macarthur - Coventry] Undisclosed",
            "Liam Sercombe [Cheltenham - Forest Green] Free",
            "English Football League",
            "Michael Kelly [MK Dons - Accrington] Undisclosed ",
            "Wyll Stanway [Chester - Barrow] Undisclosed",
            "Tyler Walton [Southport \u2013 Accrington] Free",
            "English Football League",
            "Keanu Baccus [St Mirren - Mansfield] Free",
            "Ronan Curtis [AFC Wimbledon - Port Vale] Free",
            "Reece James [Sheffield Wednesday - Rotherham] Free",
            "English Football League",
            "Abraham Odoh [Harrogate - Peterborough] Undisclosed",
            "English Football League",
            "Neil Byrne [Stockport - Bradford] Free",
            "Aaron Hayden [Wrexham - Carlisle] Free",
            "Shaun McWilliams [Northampton - Rotherham] Free",
            "Joe Rafferty [Portsmouth - Rotherham] Free",
            "Joe Sbarra [Solihull - Doncaster] Free",
            "Matty Stevens [Forest Green - AFC Wimbledon] Free",
            "English Football League",
            "Viktor Johansson [Rotherham - Stoke] Undisclosed",
            "English Football League",
            "Kelsey Mooney [Boston - Accrington] Free",
            "Antoni Sarcevic [Stockport - Bradford] Free",
            "English Football League",
            "Jonson Clarke-Harris [Peterborough - Rotherham] Free",
            "Robbie Cleary, external [Unattached - Salford]",
            "Lee Gregory [Sheffield Wednesday - Mansfield] Free",
            "More news this month: Get updates from every team and competition - managerial changes - collated National League news",
            "2024: January - February to April*",
            "2023: January* - February to April - May - June - July - August - September* - October to December",
            "2022: January - February to April* - May - June - July - August - September* - October to December",
            "2021: January - February to April* - May - June - July - August - September* - October to December",
            "2020: January* - February to July - August - September - October to December*",
            "2019: January* - February to April - May - June - July - August - September* - October to December",
            "2018: January* - February to May - June - July - August* - September to December",
            "This page covers signings by Premier League, English Football League, Scottish Premiership and Women's Super League clubs, along with selected deals from overseas."
        ]
    },
    "https://www.bbc.com/sport/cricket/articles/crgyyp0jk5vo": {
        "link": "https://www.bbc.com/sport/cricket/articles/crgyyp0jk5vo",
        "subtitle": "Fixtures for Australia's limited-overs tour of England, featuring five ODIs and three Twenty20 internationals.",
        "time": null,
        "title": "Australia in England 2024 - fixtures, results & scorecards - BBC Sport",
        "topics": [],
        "images": [
            "https://ichef.bbci.co.uk/news/2048/cpsprodpb/cebb/live/b25cd1c0-11f2-11ef-8f05-f99dbd7284e4.jpg"
        ],
        "videos": [],
        "author": "",
        "text": [
            "September",
            "11 1st Twenty20 international, Utilita Bowl, Southampton (d/n) (18:30 BST)",
            "13 2nd Twenty20 international, Cardiff (d/n) (18:30 BST)",
            "15 3rd Twenty20 international, Emirates Old Trafford (14:30 BST)",
            "19 1st ODI, Trent Bridge (d/n) (12:30 BST)",
            "21 2nd ODI, Headingley (11:00 BST)",
            "24 3rd ODI, Seat Unique Riverside, Chester-le-Street (d/n) (12:30 BST)",
            "27 4th ODI, Lord's (d/n) (12:30 BST)",
            "29 5th ODI, Seat Unique Stadium, Bristol (11:00 BST)",
            "NB Fixtures and start times are subject to change. The BBC is not responsible for any changes that may be made"
        ]
    },
    "https://www.bbc.com/sport/articles/c84470lmkn8o": {
        "link": "https://www.bbc.com/sport/articles/c84470lmkn8o",
        "subtitle": "BBC Sport profiles the 10 teams and 20 drivers contesting the 2024 Formula 1 season.",
        "time": "2024-05-23T09:40:58.057825",
        "title": "Formula 1 2024: All you need to know about the teams and drivers  - BBC Sport",
        "topics": [],
        "images": [
            "https://ichef.bbci.co.uk/news/999/cpsprodpb/c0c1/live/29b68f60-16b0-11ef-a50f-8dde4e8806c8.png",
            "https://ichef.bbci.co.uk/news/994/cpsprodpb/73ad/live/408dba60-16b0-11ef-a373-8f11a98927b3.png",
            "https://ichef.bbci.co.uk/news/939/cpsprodpb/6479/live/5e5a0df0-16b0-11ef-a373-8f11a98927b3.png",
            "https://ichef.bbci.co.uk/news/856/cpsprodpb/0466/live/74fbf820-16b0-11ef-a373-8f11a98927b3.png",
            "https://ichef.bbci.co.uk/news/942/cpsprodpb/cefa/live/8b2cd100-16b0-11ef-a373-8f11a98927b3.png",
            "https://ichef.bbci.co.uk/news/808/cpsprodpb/1b92/live/a2b68320-16b0-11ef-a373-8f11a98927b3.png",
            "https://ichef.bbci.co.uk/news/809/cpsprodpb/c47e/live/b708b0f0-16b0-11ef-a373-8f11a98927b3.png",
            "https://ichef.bbci.co.uk/news/950/cpsprodpb/cbb5/live/ccae60d0-16b0-11ef-a373-8f11a98927b3.png",
            "https://ichef.bbci.co.uk/news/920/cpsprodpb/8f1f/live/e2e13580-16b0-11ef-a373-8f11a98927b3.png",
            "https://ichef.bbci.co.uk/news/993/cpsprodpb/501d/live/fccbe210-16b0-11ef-a373-8f11a98927b3.png"
        ],
        "videos": [],
        "author": "",
        "text": [
            "All you need to know about the teams and drivers in 2024 (all facts correct as of 22 February).",
            "The all-French pairing of Esteban Ocon and Pierre Gasly begin their second season together at Alpine.",
            "Gasly, 28, finished 11th in the standings at the end of the 2023 season - one place higher than 27-year-old team-mate Ocon.",
            "The two drivers, who were childhood friends growing up in Normandy before falling out during their karting days, collided with each other at the third race of the 2023 season in Australia, an incident Gasly later called the \"worst scenario possible\" for the new team-mates.",
            "Two-time world champion Fernando Alonso, who will turn 43 this year, finished fourth in the drivers' championship in 2023 and secured eight podiums in his maiden campaign with Aston Martin.",
            "The Spaniard, winner of 32 races during his long career, first stepped into an F1 car at the Australian Grand Prix in 2001 for Minardi - one month before McLaren driver Oscar Piastri was born.",
            "Lance Stroll, meanwhile, missed pre-season testing last year following a cycling accident but recovered in time to take part in the opener in Bahrain where he finished sixth.",
            "The 25-year-old ended the year 10th in the championship, 132 points behind team-mate Alonso.",
            "This will be the final season that Charles Leclerc and Carlos Sainz both line up at Ferrari, after the shock announcement Lewis Hamilton will join the Italian team in 2025.",
            "Sainz, 29, was the only non-Red Bull driver to win a grand prix in 2023, sealing his second career victory at the Marina Bay Circuit in Singapore. The Spaniard also put his car on pole position twice and finished on the podium three times in total.",
            "Leclerc was fifth in the standings last year, level on 206 points with Fernando Alonso. But despite securing pole for five grands prix, the 26-year-old Monegasque driver failed to convert any of his front-row spots into a race victory.",
            "In January, Leclerc extended his contract with the team for \"several more seasons to come\".",
            "Haas, like every other team on the grid for 2024, are sticking with an unchanged line-up, following a difficult 2023 campaign where the US-based team finished bottom of the constructors' championship.",
            "German Nico Hulkenberg, who replaced Mick Schumacher for 2023, scored points in the main race in Melbourne and sprint event at the Austrian Grand Prix.",
            "Magnussen, 31, collected three points across 21 races last year, leaving the Dane 19th in the championship and six points adrift of his 36-year-old team-mate.",
            "McLaren made a sluggish start to the 2023 season but the team bounced back to beat Aston Martin to fourth place in the constructors' title race.",
            "Briton Lando Norris is another driver who signed a new deal during the winter break, committing his long-term future with McLaren \"until at least the end of 2026\".",
            "The 24-year-old landed on the podium seven times in 2023- six of those in second place - and finished one point behind Charles Leclerc and Fernando Alonso in the standings.",
            "Oscar Piastri, the youngest driver on the grid at aged 22, is starting his second stint with McLaren following a successful rookie campaign. The Australian won a chaotic Qatar sprint race, then finished second behind Max Verstappen in the main grand prix after starting sixth on the grid.",
            "Seven-time world champion Lewis Hamilton is waving goodbye to Mercedes at the end of the 2024 season after 11 years with the Silver Arrows.",
            "Hamilton agreed a multi-year deal with the Scuderia in February in one of the biggest moves in Formula 1 history, but will the switch result in a return to winning ways?",
            "The 39-year-old has not been on the top step of the podium since the Saudi Arabian Grand Prix in 2021. He did, however, secure his 104th pole position at the Hungaroring in July.",
            "Now in his third season with Mercedes, 26-year-old George Russell will be hoping for a more successful campaign this time around after ending 2023 a disappointing eighth in the championship, with just two third-place finishes from 22 races.",
            "Red Bull celebrated their sixth constructors' crown, and second in a row, in 2023 thanks to Max Verstappen's continued domination over the rest of the field.",
            "The Dutchman, 26, lifted his third consecutive drivers' title in October - clocking up 19 victories in 22 races, setting a new F1 record for the most wins in a row with 10 and finishing 290 points clear of second-placed Sergio Perez in the standings.",
            "Verstappen's team-mate Perez opened last season with two wins in four grands prix but the Mexican could not keep up his early form and soon found his seat at the team under intense pressure.",
            "The 34-year-old suffered two collisions and two five-second time penalties at Suzuka in Japan, then crashed out on the opening lap in front of his home fans in Mexico.",
            "Red Bull's sister team has been given a makeover for the new season - out goes Alpha Tauri and in comes RB - but the driver line-up remains the same.",
            "Daniel Ricciardo, 34, was sitting on the sidelines this time last year after parting ways with McLaren, but the Australian was drafted in to take the place of Dutchman Nyck de Vries halfway through the 2023 season.",
            "His comeback stalled, however, when he broke a bone in his left hand in practice for the Dutch Grand Prix in August, resulting in New Zealander Liam Lawson stepping into the car for five races until Ricciardo had recovered.",
            "Japanese driver Yuki Tsunoda, 23, struggled to consistently finish in the top 10 last season and his best race position was eighth at both the United States and Abu Dhabi Grands Prix.",
            "Alfa Romeo becomes Sauber for the 2024 season but the team has decided to stick with the same driver pairing of Valtteri Bottas and Zhou Guanyu.",
            "Zhou, 24, starts his third year in Formula 1 and will get to experience his home race this year when the Chinese Grand Prix returns to the calendar after a four-year absence.",
            "Bottas, who made his debut on the grid with Williams in 2013 and scored 10 race victories during his time with Mercedes, finished 15th in the championship last year.",
            "A positive season for Alex Albon in 2023 lifted Williams from last place in the constructors' standings in 2022 to seventh last year.",
            "The 27-year-old Thai-British driver scored 27 of the team's 28 points with top-10 finishes at the likes of Silverstone, Monza and the Canadian Grands Prix.",
            "American Logan Sargeant, 23, celebrated scoring his first F1 point at the United States Grand Prix thanks to the disqualifications of Lewis Hamilton and Charles Leclerc."
        ]
    },
    "https://www.bbc.com/sport/gymnastics/articles/czddp0p9dyqo": {
        "link": "https://www.bbc.com/sport/gymnastics/articles/czddp0p9dyqo",
        "subtitle": "Everything you need to know about trampoline at the Paris 2024 Olympics.",
        "time": null,
        "title": "Olympic trampoline: scoring, venues and schedule at Paris 2024 - BBC Sport",
        "topics": [],
        "images": [
            "https://ichef.bbci.co.uk/news/1024/cpsprodpb/8fdc/live/808d17c0-1744-11ef-a5f9-c9e97f2e93cf.jpg"
        ],
        "videos": [],
        "author": "",
        "text": [
            "Trampoline made its first Olympic appearance at the 2000 Games in Sydney.",
            "Here is all you need to know about the sport at Paris 2024.",
            "The trampoline competition will take place at the Bercy Arena in Paris on 2 August.",
            "The women's qualification and final is from 11:00 to 13:30 BST.",
            "The men's qualification and final is from 17:00 to 19:30 BST.",
            "",
            "",
            "Athletes perform a series of somersaults, bounces and twists on a rectangular trampoline, reaching heights of up to 10 metres.",
            "The Olympic competition starts with a qualifying round for both men and women, with the top eight from both qualifying for the finals.",
            "In qualifying, athletes can perform two routines, with the score for the best one counting.",
            "In the final, athletes perform one routine. Scores from the qualifying round are not carried through to the final.",
            "Each routine consists of 10 skills and scoring consists of marks for difficulty, execution and time of flight (time spent in the air) and takes around 20 seconds.",
            "",
            "",
            "China have won 14 of the 36 medals awarded, including four golds.",
            "Great Britain have won two trampoline medals, with Bryony Page taking silver at Rio 2016 and bronze at Tokyo 2020."
        ]
    },
    "https://www.bbc.com/sport/cricket/articles/cge88pnr528o": {
        "link": "https://www.bbc.com/sport/cricket/articles/cge88pnr528o",
        "subtitle": "Fixtures for India's brief tour of Zimbabwe, featuring five Twenty20 internationals.",
        "time": null,
        "title": "India in Zimbabwe 2024 - fixtures, results & scorecards - BBC Sport",
        "topics": [],
        "images": [
            "https://ichef.bbci.co.uk/news/2048/cpsprodpb/7a3d/live/29b67da0-11f5-11ef-8f05-f99dbd7284e4.jpg"
        ],
        "videos": [],
        "author": "",
        "text": [
            "All matches played at Harare Sports Club.",
            "July",
            "6 1st Twenty20 international (12:00 BST)",
            "7 2nd Twenty20 international (12:00 BST)",
            "10 3rd Twenty20 international (12:00 BST)",
            "13 4th Twenty20 international (12:00 BST)",
            "14 5th Twenty20 international (12:00 BST)",
            "NB Fixtures and start times are subject to change. The BBC is not responsible for any changes that may be made"
        ]
    },
    "https://www.bbc.com/sport/cricket/articles/c4n1l6wx98go": {
        "link": "https://www.bbc.com/sport/cricket/articles/c4n1l6wx98go",
        "subtitle": "Fixture details for Ireland's one-off Test against Zimbabwe.",
        "time": null,
        "title": "Zimbabwe in Ireland 2024 - fixtures, results & scorecards - BBC Sport",
        "topics": [],
        "images": [
            "https://ichef.bbci.co.uk/news/2048/cpsprodpb/4c5b/live/5dbc81a0-105e-11ef-b79d-05a1a4636510.jpg"
        ],
        "videos": [],
        "author": "",
        "text": [
            "July",
            "25-29 Only Test, Stormont (11:00 BST)",
            "NB Fixtures and start times are subject to change. The BBC is not responsible for any changes that may be made"
        ]
    },
    "https://www.bbc.com/sport/football/articles/crgg298849mo": {
        "link": "https://www.bbc.com/sport/football/articles/crgg298849mo",
        "subtitle": "Throughout Euro 2024 BBC Sport will update this page with your channel guide for each game.",
        "time": null,
        "title": "Euro 2024 TV schedule for BBC and ITV - BBC Sport",
        "topics": [],
        "images": [
            "https://ichef.bbci.co.uk/news/2048/cpsprodpb/2d66/live/b51cd9e0-1789-11ef-b5cc-cb8b8c4cef5a.jpg"
        ],
        "videos": [],
        "author": "",
        "text": [
            "Throughout Euro 2024 we will update this page with your channel guide for each game. ",
            "The BBC will show England's first two group games and ITV will broadcast the opening match between Germany and Scotland.",
            "Scotland's other Group A matches - against Switzerland and Hungary - will be shown on the BBC.",
            "The BBC will have first choice for the quarter-finals, while ITV will have the first pick of the last-16 ties and semi-finals. Both broadcasters will show the final.",
            "All BBC games will also be broadcast live on iPlayer and the BBC Sport website and app.",
            "All times BST:",
            "14 June: Germany v Scotland (20:00) - ITV",
            "15 June: Hungary v Switzerland (14:00) - ITV",
            "15 June: Spain v Croatia (17:00) - ITV",
            "15 June: Italy v Albania (20:00) - BBC",
            "16 June: Poland v Netherlands (14:00) - BBC",
            "16 June: Slovenia v Denmark (17:00) - ITV",
            "16 June: Serbia v England (20:00) - BBC",
            "17 June: Romania v Ukraine (14:00) - BBC",
            "17 June: Belgium v Slovakia (17:00) - ITV",
            "17 June: Austria v France (20:00) - ITV",
            "18 June: Turkey v Georgia (17:00) - BBC",
            "18 June: Portugal v Czech Republic (20:00) - BBC",
            "19 June: Croatia v Albania (14:00) - ITV",
            "19 June: Germany v Hungary (17:00) - BBC",
            "19 June: Scotland v Switzerland (20:00) - BBC",
            "20 June: Slovenia v Serbia (14:00) - ITV",
            "20 June: Denmark v England (17:00) - BBC",
            "20 June: Spain v Italy (20:00) - ITV",
            "21 June: Slovakia v Ukraine (14:00) - BBC",
            "21 June: Poland v Austria (17:00) - ITV",
            "21 June: Netherlands v France (20:00) - BBC",
            "22 June: Georgia v Czech Republic (14:00) - BBC",
            "22 June: Turkey v Portugal (17:00) - ITV",
            "22 June: Belgium v Romania (20:00) - ITV",
            "23 June: Switzerland v Germany (20:00) - BBC",
            "23 June: Scotland v Hungary (20:00) - BBC",
            "24 June: Albania v Spain (20:00) - BBC",
            "24 June: Croatia v Italy (20:00) - BBC",
            "25 June: Netherlands v Austria (17:00) - BBC",
            "25 June: France v Poland (17:00) - BBC",
            "25 June: England v Slovenia (20:00) - ITV",
            "25 June: Denmark v Serbia (20:00) - ITV",
            "26 June: Slovakia v Romania (17:00) - BBC",
            "26 June: Ukraine v Belgium (17:00) - BBC",
            "26 June: Georgia v Portugal (20:00) - ITV",
            "26 June: Czech Republic v Turkey (20:00) - ITV"
        ]
    },
    "https://www.bbc.com/sport/taekwondo/articles/c3ggkw3z5pko": {
        "link": "https://www.bbc.com/sport/taekwondo/articles/c3ggkw3z5pko",
        "subtitle": "Guide to taekwondo at the Paris 2024 Olympics.",
        "time": null,
        "title": "Olympic taekwondo: rules, scoring, venues & schedule at Paris 2024 - BBC Sport",
        "topics": [],
        "images": [
            "https://ichef.bbci.co.uk/news/1024/cpsprodpb/3e4a/live/656cde60-16b5-11ef-a5f9-c9e97f2e93cf.jpg"
        ],
        "videos": [],
        "author": "",
        "text": [
            "Taekwondo has been on the full Olympic programme since 2000.",
            "Here\u2019s all you need to know about the sport at Paris 2024.",
            "Taekwondo is taking place at the Grand Palais in Paris from 7 to 10 August.",
            "Medal matches:",
            "7 August: women\u2019s -49kg, men\u2019s -58kg",
            "8 August: women\u2019s -57kg, men\u2019s -68kg",
            "9 August: women\u2019s -67kg, men\u2019s -80kg",
            "10 August: women\u2019s +67kg, men\u2019s +80kg",
            "Taekwondo is a martial art with roots originating in ancient Korea more than 2,000 years ago.",
            "The idea is simple: kick and punch your opponent as often as possible. (Taekwondo translates as \u201cthe art of kicking and punching\u201d in Korean.)",
            "In Paris, matches will be decided in best-of-three-rounds format, with the score resetting at the start of each two-minute round. To win the match, athletes must win two of the three rounds.",
            "Matches take place on an octagonal mat, with points awarded according to the difficulty of the technique.",
            "There are two legal scoring areas \u2013 the body (blue or red area of the trunk protector worn by the athletes) and the head. Hits below the waist are not allowed. ",
            "There are electronic sensors in the body and head protectors and the socks to pick up kicks. Punches are scored manually by judges, who also decide whether a scoring kick involved a turning motion and is therefore worthy of two additional points.",
            "Strikes can only be delivered using certain parts of the body, for example a kick must be delivered with part of the foot below the ankle.",
            "Points are scored as follows: punch to trunk (one), kick to trunk (two), kick to head (three), turning kick to trunk (four), turning kick to head (five), gam-jeom (penalty - one point to opponent).",
            "If a round is tied, there is a list of criteria to work through to separate athletes, including technical scores and high-value technique points. If they still cannot be separated, the referee and judges will decide the winner.",
            "Athletes can also win a match by knockout (with a 10-second count from the referee) but this is rare.",
            "South Korea are the most successful country with 22 medals, including 12 gold.",
            "Great Britain have won nine Olympic medals, including two golds (Jade Jones in 2012 and 2016)."
        ]
    }
}