{
    "https://www.bbc.com/news/world-asia-69001116": {
        "link": "https://www.bbc.com/news/world-asia-69001116",
        "subtitle": "At least 37 people have been killed after torrential rain swept volcanic ash and rock down Mount Marapi.",
        "time": null,
        "title": "Watch: 'Cold lava' flows, flooding hit Indonesia",
        "topics": [],
        "images": [],
        "videos": [],
        "author": "",
        "text": []
    },
    "https://www.bbc.com/news/uk-england-derbyshire-69045819": {
        "link": "https://www.bbc.com/news/uk-england-derbyshire-69045819",
        "subtitle": "The Distinguished Gentleman's Ride has raised millions internationally for charity over the past decade.",
        "time": null,
        "title": "Hundreds of Derbyshire motorcyclists ride in style for charity",
        "topics": [
            "Belper",
            "Mental health"
        ],
        "images": [
            "https://ichef.bbci.co.uk/news/480/cpsprodpb/16263/production/_133332709_20240519-p5194725.jpg.webp",
            "https://ichef.bbci.co.uk/news/480/cpsprodpb/5413/production/_133332512_20240519-p5194660.jpg.webp",
            "https://ichef.bbci.co.uk/news/480/cpsprodpb/11443/production/_133332707_20240519-p5194695.jpg.webp",
            "https://ichef.bbci.co.uk/news/480/cpsprodpb/A233/production/_133332514_20240519-p5194681.jpg.webp",
            "https://ichef.bbci.co.uk/news/480/cpsprodpb/11FFB/production/_133332737_3eca1b10-4b05-4445-886a-a31e1c768d25.jpg.webp",
            "https://ichef.bbci.co.uk/news/480/cpsprodpb/5CA5/production/_98171732_line976.jpg.webp"
        ],
        "videos": [],
        "author": "By Jude Winter,",
        "text": [
            "Hundreds of motorcyclists have raised more than \u00a325,000 as part of a worldwide campaign to promote awareness of men's mental health.",
            "Derbyshire's Distinguished Gentleman's Ride set off on Sunday with a squad of more than 300 riders.",
            "They started their journey in Higham before ending up in Nether Heage.",
            "More than 500,000 people participate internationally by wearing dapper clothing while riding classic and vintage motorcycles.",
            "The Distinguished Gentleman's Ride (DGR) was started in Sydney, in 2012 by Mark Hawwa, but in 2015, Steve Williamson, 38, decided to create a dedicated riders group in Derbyshire. ",
            "Mr Williamson said about 30 bikes joined his first DGR in 2015, which has now risen to over 300 bikes joining in on the fun. ",
            "Mr Williamson, now the DGR organiser for Derbyshire, said the ride raised \u00a326,257 on behalf of Movember for this year's ride. ",
            "\"You don't often see that many retro bikes ride all at once in this country\", said Mr Williamson. ",
            "\"Because we are wearing tuxedos and suits, it's completely different to the stereotype that the public sometimes has towards bikers. It's a great experience with serious causes behind it.\"",
            "\"I always try to switch up the route each year for the riders, as we are so blessed to have such beautiful scenery here in Derbyshire. It's a nice easy ride with a 25 mile range so riders can enjoy the experience.\"",
            "Mr Williamson said recent rides have become \"more personal\" after losing his dad to cancer in 2021.",
            "\"I know how devastating it is to lose somebody to cancer, so if we can help stop one more family losing a loved one, it makes the ride more worthwhile. ",
            "\"With more people coming to our rides, people are talking more about their mental health, so we hope we can help save lives, which is the upshot of the whole event.\"",
            "Follow BBC Derby on Facebook, on X, or on Instagram. Send your story ideas to eastmidsnews@bbc.co.uk or via WhatsApp on 0808 100 2210."
        ]
    },
    "https://www.bbc.com/news/world-us-canada-68973268": {
        "link": "https://www.bbc.com/news/world-us-canada-68973268",
        "subtitle": "In an address at a Holocaust remembrance event, the US president said commitment to Israel is \"ironclad\".",
        "time": null,
        "title": "Biden speaks on antisemitism amid campus protests",
        "topics": [],
        "images": [],
        "videos": [],
        "author": "",
        "text": []
    },
    "https://www.bbc.com/sport/golf/articles/cj7mvn710zro": {
        "link": "https://www.bbc.com/sport/golf/articles/cj7mvn710zro",
        "subtitle": "Nelly Korda's hopes of a record-breaking sixth consecutive LPGA title fade at the Founders Cup.",
        "time": null,
        "title": "Nelly Korda's hopes of record-breaking sixth straight LPGA title fade away at Founders Cup - BBC Sport",
        "topics": [],
        "images": [
            "https://ichef.bbci.co.uk/news/1024/cpsprodpb/412e/live/f30adbf0-0fe4-11ef-b022-af6191ed2272.jpg"
        ],
        "videos": [],
        "author": "",
        "text": [
            "Cognizant Founders Cup third-round leaderboard:",
            "-19 Sagstrom (Swe) -18 Zhang (US); -8 Korda (US) Kim (SK) Ruffels (Aus)",
            "Selected others: -1 Shadoff (Eng) -2 Reid (Eng) -3 Maguire (Ire)",
            "Full leaderboard",
            "Nelly Korda's hopes of becoming the first player to win six consecutive LPGA Tour titles appear slim after a disappointing third round at the Cognizant Founders Cup.",
            "The 25-year-old American was four shots back after round two at the Upper Montclair County Club, and well positioned to continue her brilliant run of victories.",
            "But Korda could only manage a one-over-par 73 during her third round in New Jersey.",
            "While far from an awful score, leader Madelene Sagstrom hit a brilliant 66 to move to 19 under - 11 strokes ahead of Korda.",
            "Rose Zhang, starting the day as joint leader, dropped a shot back from Sweden's Sagstrom by carding a 67. ",
            "World number one Korda won her fifth tour title in a row at last month's Chevron Championship, matching the record held by Nancy Lopez and Annika Sorenstam.",
            "Korda was aiming to take the record outright in Charlotte but she will need something spectacular in her final round to win a sixth straight tour title. ",
            "The American is tied with Australia's Gabriela Ruffels and South Korea's Kim Sei-young, who both shot third round 67s. ",
            "England's Mel Reid is tied 31st after a three-over 75, while Ireland's Leona Maguire is tied 22nd after a one-under 71. "
        ]
    },
    "https://www.bbc.com/news/articles/cjewrl5dq28o": {
        "link": "https://www.bbc.com/news/articles/cjewrl5dq28o",
        "subtitle": "The funding has been used to buy equipment to measure sea surface temperature, pH and salinity.",
        "time": null,
        "title": "Alderney wildlife charity launches seawater survey",
        "topics": [
            "Marine biology",
            "Alderney"
        ],
        "images": [
            "https://ichef.bbci.co.uk/news/480/cpsprodpb/d678/live/51d8a400-1431-11ef-92c0-f9afab0df063.jpg.webp"
        ],
        "videos": [],
        "author": "Jack Silver,",
        "text": [
            "An Alderney wildlife charity is launching a survey to monitor the long-term health of seawater around the island.",
            "The Alderney Wildlife Trust's (AWT) citizen science project has been created with a grant from Sea-Changers, a UK based marine charity.",
            "The \u00a31,800 funding has been used to buy equipment which members of the community could use to measure things like sea surface temperature, water pH and salinity.",
            "The charity said seawater chemistry played an important role in the health and distribution of sea creatures and habitats.",
            "Long-term monitoring could help identify natural trends and the influence of climate change.",
            "AWT said involving the community helped promote marine life and assisted the public in understanding the issues facing marine environments.",
            "The first public survey will record the seawater at Corblets, Arch and Saye bays from June.",
            "Follow BBC Guernsey on X (formerly Twitter) and Facebook. Send your story ideas to channel.islands@bbc.co.uk."
        ]
    },
    "https://www.bbc.com/news/articles/c89z22d3v5lo": {
        "link": "https://www.bbc.com/news/articles/c89z22d3v5lo",
        "subtitle": "Russia's leader marks Victory Day by making clear the country's military is always on combat alert.",
        "time": null,
        "title": "Putin hails Russia's army in Ukraine and warns off West in WW2 victory parade",
        "topics": [
            "Europe",
            "War in Ukraine",
            "Russia",
            "Vladimir Putin",
            "World War Two"
        ],
        "images": [
            "https://ichef.bbci.co.uk/news/480/cpsprodpb/c24b/live/b1c71e60-0df5-11ef-82e8-cd354766a224.jpg.webp",
            "https://ichef.bbci.co.uk/news/480/cpsprodpb/d2f5/live/11f1a620-0df6-11ef-82e8-cd354766a224.jpg.webp",
            "https://ichef.bbci.co.uk/news/480/cpsprodpb/0e74/live/5f52ea00-0df6-11ef-a035-0bcf81e01083.jpg.webp"
        ],
        "videos": [],
        "author": "Steve Rosenberg,",
        "text": [
            "The annual Red Square military parade felt different this time round.",
            "And not just because of the spring snowstorm.",
            "There were 9,000 people marching across the square. Sounds a lot. But in previous years \u2013 before Russia\u2019s invasion of Ukraine \u2013 the numbers were often higher.",
            "There was less military hardware on display, too, today. The only tank was one T-34.",
            "What there were plenty of were references to Russia\u2019s war in Ukraine. Among the participants of the parade were soldiers who\u2019d been fighting there.",
            "\u201cWe mark Victory Day at a time when we are carrying out the Special Military Operation,\u201d President Vladimir Putin said in his Red Square address. \u201cThose taking part on the frontline are our heroes.\u201d",
            "In recent days Russia has accused Western nations, including the UK and France, of threatening Russia. President Emmanuel Macron has not ruled out sending ground troops to Ukraine.",
            "Today Vladimir Putin issued a warning to the West. Accompanied by more nuclear sabre-rattling.",
            "\u201cRussia will do everything to avoid a global confrontation,\u201d the Kremlin leader said. \u201cBut at the same time, we will not allow anyone to threaten us. Our strategic forces are always on combat alert.\u201d",
            "Under Vladimir Putin, Victory Day has become Russia\u2019s most important secular holiday. ",
            "A day for remembering, not only the Soviet defeat of Nazi Germany, but also the enormous human cost of that victory - the more than 27 million Soviet citizens killed in what\u2019s known here as the Great Patriotic War.",
            "But in many ways Victory Day isn\u2019t just about the past. It\u2019s about Russia now. ",
            "If this country today has any kind of national idea, it is the idea of victory. Russians are constantly being told that throughout history their country has come under attack from enemies abroad \u2013 like Napoleon and Hitler \u2013 and has emerged victorious.",
            "In Russia today the authorities are not just remembering the past. They are weaponising it, to try to justify the present.",
            "They want the Russian public to view the war in Ukraine as a continuation of World War Two, so that Russians believe that once again external forces are fighting to destroy Russia. Today\u2019s enemies - Ukraine and the West.",
            "In reality, it was Russia that annexed the Crimean peninsula from Ukraine in 2014 and intervened militarily in the Donbas. And in 2022 it was President Putin who ordered the full-scale invasion of Ukraine.",
            "As a consequence of the Ukraine war, something quite extraordinary \u2013 and unsettling \u2013 is happening in Russia.",
            "After the horrors of World War Two, for decades Russians used to say: \"We can put up with all kinds of privations. Just so long as there\u2019s no more war.\"",
            "That phrase: \"No more war.\" You would hear it in towns and villages across this giant country. Wherever you\u2019d go. ",
            "I remember former Soviet leader Mikhail Gorbachev telling me with tears in his eyes that \"No more war\" was precisely what Russians told him when he travelled the country as Soviet leader.",
            "The message has changed.",
            "In a small town outside Moscow on Thursday I witnessed the unveiling of a war memorial. It is dedicated to Russian soldiers who died in the Soviet war in Afghanistan, the war in Chechnya and Russia\u2019s war in Ukraine.",
            "A local official made a speech. And what did he tell the adults and children who were gathered there?",
            "\u201cThere were always wars. And there will always be wars. It\u2019s human nature.\u201d",
            "What\u2019s happening in Russia is the normalisation of war in a country that has suffered so much from wars in its past.",
            ""
        ]
    },
    "https://www.bbc.com/news/articles/cj55qqpgdnqo": {
        "link": "https://www.bbc.com/news/articles/cj55qqpgdnqo",
        "subtitle": "Madge Elliot fought against the closure of the rail line in the Borders and to see its return.",
        "time": "2024-05-27T17:42:52.219349",
        "title": "Borders Railway campaigner Madge Elliot dies aged 95",
        "topics": [
            "Hawick"
        ],
        "images": [
            "https://ichef.bbci.co.uk/news/480/cpsprodpb/9b0c/live/204f76d0-1c1e-11ef-8c0c-89a6297e44ae.jpg.webp",
            "https://ichef.bbci.co.uk/news/480/cpsprodpb/7ed9/live/b7fe3970-1c1f-11ef-8c0c-89a6297e44ae.jpg.webp"
        ],
        "videos": [],
        "author": "",
        "text": [
            "One of the most prominent figures in the campaign to reopen the railway in the Scottish Borders has died at the age of 95.",
            "Madge Elliot, from Hawick, fought the closure of the old Waverley Line - which ran between Edinburgh, Hawick and Carlisle - before it shut in the 1960s.",
            "She joined the campaign for its return before the new Borders Railway opened in 2015 and a train was named in her honour.",
            "Her son, Sean, confirmed that his \"inspirational\" mother had died on Saturday.",
            "\"Truly a life well-lived, she gave so much time to the community,\" he said.",
            "He added that her efforts went beyond her well-known railway campaigning into contributing to tennis in the area and a long list of volunteer work.",
            "She was also involved in successful efforts to reopen a day care service in Hawick which was closed by Scottish Borders Council.",
            "\"We\u2019re very glad she was able to attend the reopening of Teviot Day Service a few weeks ago, the last campaign she was involved in,\" said her son.",
            "\"We will certainly miss her.\"",
            "Madge was honoured with a train being named after her ahead of the opening of the Borders Railway.",
            "During a campaign to keep a railway line in the Borders in the 1960s, she collected a petition of 11,768 signatures.",
            "With her 11-year-old son Kim, and Liberal MP David Steel, she delivered it to Prime Minister Harold Wilson at 10 Downing Street on 18 December 1968.",
            "After its closure, she actively campaigned for the reopening of the line as a member of the Campaign for Borders Rail.",
            "That route opened in September 2015.",
            "In addition to her efforts to bring the railway back to the region, she was given an MBE for her services to lawn tennis in the Borders in 1999."
        ]
    }
}