{
    "https://www.bbc.com/news/articles/c51n1xr1d1lo": {
        "link": "https://www.bbc.com/news/articles/c51n1xr1d1lo",
        "subtitle": "Surrey coroner calls for better path maintenance on the A217 in Tadworth where a cyclist, 80, died.",
        "time": null,
        "title": "Tadworth: Coroner says action needed to prevent future deaths",
        "topics": [
            "Cycling",
            "Tadworth"
        ],
        "images": [
            "https://ichef.bbci.co.uk/news/480/cpsprodpb/4265/live/65000ec0-12c3-11ef-84af-4b1a4936bd68.jpg.webp"
        ],
        "videos": [],
        "author": "Stuart Maisner,",
        "text": [
            "Urgent action is needed to protect the lives of cyclists using a pavement alongside a main road in Surrey, according to a coroner's report.",
            "The warning came after octogenarian John Bass died after falling from his bike following an incident involving a van on the A217 at Tadworth in December 2022.",
            "Krestina Hayes, the assistant coroner for Surrey, has issued a prevention of future deaths report which said the footpath was less than half the width it should have been due to mud, grass and twigs.",
            "A spokesperson for Surrey County Council (SCC), which is responsible for maintenance of the highway, said they will \"respond to the coroner\u2019s report following careful consideration of the concerns raised\u201d.",
            "Mr Bass, 80, who died of head and chest injuries at the scene, was described by the coroner as a \"fit and active cyclist\". ",
            "No arrests were made.",
            "Ms Hayes cited a police investigation which identified the footpath from which Mr Bass fell as measuring 1.4m (4.6ft) in width. ",
            "However the pavement space where he was able to cycle was only 0.6m wide.",
            "The Highways Authority confirmed in witness evidence that the highway is subject to a yearly inspection.",
            "Mr Bass' family told the inquest that the footpath is used regularly by cyclists to avoid vehicles on the busy road, where the speed limit is up to 40mph. ",
            "A scheduled highway inspection took place by foot on 22 November 2022, just prior to the accident.",
            "The inspection did not identify any safety defects meeting the intervention level set out in SCC\u2019s policy. ",
            "Ms Hayes said: \"In my opinion there is a risk that future deaths could occur unless action is taken. ",
            "\"There is a risk to future pavement users if clear guidance is not provided to inspectors to identify safety concerns regarding vegetation growth on footpaths. ",
            "\"I am concerned that the frequency of the inspections need to be reviewed.\"",
            "Surrey County Council has been given until 3 July to respond to the report.",
            "A spokesperson said their \"deepest sympathies remain with John\u2019s family and friends\".",
            "Follow BBC Surrey on Facebook, on X. Send your story ideas to southeasttoday@bbc.co.uk  or WhatsApp us on 08081 002250."
        ]
    },
    "https://www.bbc.com/news/world-us-canada-68964597": {
        "link": "https://www.bbc.com/news/world-us-canada-68964597",
        "subtitle": "There were dozens of workers still inside when the extreme weather event struck - but all survived.",
        "time": null,
        "title": "Dashcam shows tornado obliterate Nebraska building",
        "topics": [],
        "images": [],
        "videos": [],
        "author": "",
        "text": []
    },
    "https://www.bbc.com/news/uk-scotland-68985256": {
        "link": "https://www.bbc.com/news/uk-scotland-68985256",
        "subtitle": "The first minister defended his record and promised to deliver during his First Minister\u2019s Questions debut.",
        "time": null,
        "title": "'Fresh leadership has just arrived' says Swinney",
        "topics": [],
        "images": [],
        "videos": [],
        "author": "",
        "text": []
    },
    "https://www.bbc.com/news/articles/cmm3315rr6yo": {
        "link": "https://www.bbc.com/news/articles/cmm3315rr6yo",
        "subtitle": "Spelthorne Borough Council says high-risk sites are scheduled for development further in the future.",
        "time": null,
        "title": "Council told it cannot rely on Thames flood scheme in homes plan",
        "topics": [
            "Spelthorne Borough Council",
            "Environment Agency",
            "Staines-upon-Thames"
        ],
        "images": [
            "https://ichef.bbci.co.uk/news/480/cpsprodpb/be44/live/1cfad8d0-1142-11ef-a001-7b6f70565f5c.jpg.webp"
        ],
        "videos": [],
        "author": "Emily Coady-Stemp,",
        "text": [
            "A Surrey council\u2019s development plan for 9,000 new homes should not rely on a proposed scheme aiming to reduce flooding, the Environment Agency (EA) has said.",
            "The agency told Spelthorne Borough Council there were \u201csignificant concerns\u201d some sites may not meet national guidelines on developments being safe without increasing flood risk elsewhere.",
            "Judith Montford, the agency's planning specialist, told the council in a letter that issues could be overcome and the EA would continue to work with the authority.",
            "The council responded that it \u201cclearly\u201d wanted all residents to be safe.",
            "The council\u2019s local plan sets out where and when new homes will be built up to 2037.",
            "The River Thames Scheme, a partnership between Surrey County Council, the Environment Agency and borough councils, aims to reduce flooding risk for 11,000 homes and 1,600 businesses between Egham and Teddington.",
            "The plans, which were subject of a public consultation, do not yet have permission, and will only reduce flood risk when \u201cconstructed and operational\u201d, Miss Montford said.",
            "She said a council strategic flood risk assessment (SFRA) would not be endorsed by the EA if it was reliant on the River Thames Scheme being carried out.",
            "Malcolm Beecher, chair of Spelthorne Borough Council\u2019s environment and sustainability committee, said the EA\u2019s promise to continue to collaborate was positive.",
            "He said high-risk sites were now scheduled for later in the plan timeline, and that the council believed including some sites which were dependent on the scheme \u201cwould be reasonable\u201d.",
            "The council was \u201cstruggling to understand\u201d why the plan could not rely on the scheme being place, he added, considering those sites would only be redeveloped once the flooding risk had been reduced.",
            "The Riverside Residents (Staines) Coalition, which represents six residents\u2019 associations, said the EA letter added \u201cmore weight\u201d to residents\u2019 concerns about new homes being built in Staines.",
            "\u201cIt also comes at a time when residents are all too aware of flood-risk in the town and the potential for big new developments to increase the risk,\u201d a coalition spokesperson said.",
            "Follow BBC Surrey on Facebook, and on X. Send your story ideas to southeasttoday@bbc.co.uk or WhatsApp us on 08081 002250."
        ]
    },
    "https://www.bbc.com/sport/football/articles/c977l96vvg6o": {
        "link": "https://www.bbc.com/sport/football/articles/c977l96vvg6o",
        "subtitle": "Jordan Henderson's move to Ajax was not enough for him to make the England squad, so what next for the midfielder in Amsterdam?",
        "time": "2024-05-24T19:11:59.636326",
        "title": "Jordan Henderson: No England call, but has Ajax move worked out? - BBC Sport",
        "topics": [],
        "images": [
            "https://ichef.bbci.co.uk/news/902/cpsprodpb/1e3f/live/2a1ca570-1877-11ef-abbd-8dabb36280e8.jpg",
            "https://ichef.bbci.co.uk/news/1024/cpsprodpb/1e83/live/a0e991f0-188a-11ef-b5cc-cb8b8c4cef5a.jpg",
            "https://ichef.bbci.co.uk/news/1024/cpsprodpb/6e83/live/c59ae170-188a-11ef-b5cc-cb8b8c4cef5a.jpg"
        ],
        "videos": [],
        "author": "",
        "text": [
            "First it was disbelief, but that feeling gradually gave way to a genuine hope among Ajax fans when they heard their club were attempting to sign Jordan Henderson.",
            "It was reminiscent of summer 2014, when the Amsterdam side were linked to Samuel Eto'o.",
            "But where the Cameroon striker signed for Everton, this time the rumours became reality when Ajax announced ex-Liverpool midfielder Henderson's arrival on a two-and-a-half-year contract in January.",
            "The 33-year-old was available after leaving Al-Ettifaq, bringing a premature end to his much-debated stay in Saudi Arabia.",
            "In a transfer window where there was little excitement otherwise, this was one of the big stories - both in the Netherlands and abroad.",
            "Ajax really needed some experience - many older players left the club in recent years with mostly youngsters replacing them - and Henderson needed to be playing competitive football to stand a chance of making England's Euro 2024 squad.",
            "A difficult start to the season remarkably saw Ajax bottom of the table for a short while. Perhaps even worse was their elimination from the Dutch Cup by amateur side Hercules.",
            "At that point a managerial change had already taken place, with Maurice Steijn leaving the club after only four months in charge.",
            "Behind the scenes, director of football Sven Mislintat was sacked. ",
            "The former Arsenal head of recruitment encountered much resistance with his policy of signing young players who were thrown in at the deep end, with experience clearly lacking.",
            "John van 't Schip took over as interim manager, and with the former player in charge things started to look brighter.",
            "Henderson was keen to buy into the project as well.",
            "\"I'll eat, breathe and sleep Ajax and dedicate myself every single day, every single session to try to be better and help this team and this club be better,\" he said during his unveiling.",
            "His commitment to the cause could be seen in those early weeks, travelling on his own to an away game at Heracles in which he was not involved to support his new team-mates.",
            "A week later, Henderson made his much-anticipated debut for the club in a 1-1 draw against league leaders - and eventual champions - PSV. ",
            "He got praise for his calmness and coaching of the team, while also creating a few opportunities.",
            "In the weeks that followed, with usual captain Steven Bergwijn injured, the England international was handed the armband.",
            "\"Henderson's eagerness is extraordinary,\" said team-mate Sivert Manssverk. \"He came here to build Ajax and it quickly became clear to me that he is a great addition to our squad.\"",
            "Manager Van \u2018t Schip also spoke highly of him: \"He is a real professional, he is a leader, I think you can see it on the pitch. And the boys around him, they feel that and accept that as well. ",
            "\"He communicates with the players on and off the field. He tries to help players recover better and also takes them into the gym.\"",
            "But on the pitch, Ajax and Henderson could not follow up on that PSV game.",
            "The level dropped with those injury problems for Bergwijn and also Steven Berghuis.",
            "Henderson could not make his mark, unable to stabilise the inexperienced side.",
            "The low point was a 4-0 defeat at Aston Villa in the Europa Conference League, in which the midfielder could not raise the level of a team low on confidence.",
            "Before then there were also fitness concerns, something which became worse when he sustained a muscle injury in March which kept him sidelined for more than a month.",
            "He discovered the severity of the issue while on England duty and, in consultation with Ajax, remained in his home country to be treated by specialists.",
            "He missed five games, including a 6-0 thrashing at rivals Feyenoord - the heaviest defeat in Ajax's Eredivisie history - before returning for the final three matches of the campaign, meaning he only played nine of the available 16 league games.",
            "Partly because of injuries, the transfer has not worked out in the way some hoped.",
            "\"I'm pretty disappointed with what Henderson has brought so far,\" said Ajax supporter Jan Ruijtenberg, who has been following the club for almost 30 years.",
            "\"At that moment he arrived, Ajax was more or less level in points with AZ and we believed that maybe even Champions League qualification was a possibility.",
            "\"The reality is that AZ was in the race until the last day of the campaign, unlike Ajax, who eventually finished nine points behind them. ",
            "\"And those points were given away for a large part in the games between Henderson\u2019s debut and the moment he got injured, winning one out of six.",
            "\"What we hoped was that Henderson would solve the inconsistency, that he would stabilise the team, but that\u2019s not the case.\"",
            "Ruijtenberg does not lay the blame entirely at Henderson's door, and says you can see the \"maturity\" he has brought to the team.",
            "\"But overall, he hasn\u2019t provided us with the turnaround we were all hoping for,\" he added.",
            "\"I think Van 't Schip made Henderson too important and he himself felt that responsibility perhaps, meaning he was a bit too much present on the pitch.",
            "\"He was claiming all set-pieces and corners, but I haven't really seen him giving any good deliveries from those situations. Ajax adjusted their system around him, with more bodies in midfield around Henderson in a kind of 5-4-1 formation.",
            "\"Since the moment they got rid of that system, things have gone better with Ajax attacking more, including the last few games in which Henderson played and he did all right.\"",
            "Despite that, Ruijtenberg still wants Henderson to stay at Ajax under a new coach, and believes he is a player the club can rely on.",
            "The big question now is whether that will happen, with Ajax having to draw up the balance sheet with his high wages a consideration point.",
            "Henderson, having ultimately missed out on the England squad, will be contemplating his future, too.",
            "Dutch weekly Voetbal International said the midfielder was startled by the level during training and matches and felt a lack of a high-performance culture at Ajax.",
            "Henderson still wants to compete for trophies and perhaps has not found the environment he was used to at Liverpool.",
            "It has to be said that Ajax have fallen off a cliff in recent years and are trying to rebuild rapidly, hence why they signed Henderson to help in that process.",
            "Incoming manager Francesco Farioli, appointed on Thursday after the club did not reach an agreement with Graham Potter, will need to be asked about Henderson as well.",
            "But if it is down to the players there seem to be no question marks.",
            "After the last game of the season on Sunday at Vitesse, Devyne Rensch was another full of praise for the veteran.",
            "\"He is a real leader with a lot of experience,\" said the young defender. ",
            "\"You also see it during training, even when you are talking to him, not necessarily about football, just about life, then you just hear and see that he is really a good guy, a good leader, a good player for the team.",
            "\"In terms of the game, and also the experience, he has certainly helped us.\""
        ]
    },
    "https://www.bbc.com/news/articles/cqqq60e060eo": {
        "link": "https://www.bbc.com/news/articles/cqqq60e060eo",
        "subtitle": "The display team will soon start its 60th anniversary season after returning from training abroad.",
        "time": "2024-05-29T19:12:13.415045",
        "title": "Red Arrows pay tribute to Spitfire crash pilot",
        "topics": [
            "Royal Air Force",
            "Red Arrows",
            "Coningsby"
        ],
        "images": [
            "https://ichef.bbci.co.uk/news/480/cpsprodpb/b3eb/live/30e5adf0-1da6-11ef-bc6b-0dd4c3aa5602.jpg.webp",
            "https://ichef.bbci.co.uk/news/480/cpsprodpb/f5ca/live/0423b090-1da2-11ef-baa7-25d483663b8e.jpg.webp",
            "https://ichef.bbci.co.uk/news/480/cpsprodpb/2053/live/4f5c4b40-1da6-11ef-bc6b-0dd4c3aa5602.jpg.webp"
        ],
        "videos": [],
        "author": "Eleanor Maslin,",
        "text": [
            "The Red Arrows have shared their \"heartfelt condolences\" after the death of a pilot when his Spitfire crashed into a Lincolnshire field.",
            "Emergency crews were called shortly before 13:20 BST on 25 May to the site near RAF Coningsby where Sqn Ldr Mark Long crashed.",
            "Red Arrows team leader Sqn Ldr Jon Bond said he and fellow pilots were supporting Sqn Ldr Long's family \"as much as we can\".",
            "The display team is getting ready to start its 60th anniversary season after returning from winter training in Greece on Saturday.",
            "The RAF said a \"comprehensive investigation\" was now under way to determine the cause of the Spitfire crash.",
            "Speaking to BBC Radio Lincolnshire, Sqn Ldr Bond said: \"Awful news to come back to on Saturday. ",
            "\"Our absolute heartfelt condolences go to Mark's family, all at the BBMF (Battle of Britain Memorial Flight) and all at RAF Coningsby.",
            "\"It's hit us very hard. Most of us were either instructed by Mark or saw him on the display circuit over the years.",
            "\"All we can do is support Mark's family and the team as much as we can.\"",
            "He added: \"It's always in the back of our minds whenever we go flying that things can change so quickly.\"",
            "The first show of the team's diamond display season will take place on Friday at the Midlands Air Festival in Warwickshire.",
            "The aerobatic team will continue to appear at shows throughout the UK until their final 2024 show on 5 October in Cambridgeshire.",
            "Sqn Ldr Bond said the public will see special manoeuvres including a 60 shape made in the air to mark the anniversary.",
            "He said: \"We can't wait to get started and are hoping people will enjoy what they see.\"",
            "",
            "Follow BBC Lincolnshire on Facebook, X (formerly Twitter), and Instagram. Send your story ideas to eastyorkslincs.news@bbc.co.uk"
        ]
    },
    "https://www.bbc.com/news/articles/cjqq3q3qy5do": {
        "link": "https://www.bbc.com/news/articles/cjqq3q3qy5do",
        "subtitle": "Victorian social reformer Octavia Hill helped to set up the National Trust in 1895.",
        "time": "2024-05-22T19:12:28.285884",
        "title": "Chelsea Flower show garden celebrates National Trust founder",
        "topics": [
            "Hampshire & Isle of Wight",
            "Chelsea Flower Show"
        ],
        "images": [
            "https://ichef.bbci.co.uk/news/480/cpsprodpb/b757/live/d5df0850-179e-11ef-a6ff-054b138ba762.jpg.webp",
            "https://ichef.bbci.co.uk/news/480/cpsprodpb/2f07/live/59e05e10-179f-11ef-a6ff-054b138ba762.jpg.webp",
            "https://ichef.bbci.co.uk/news/480/cpsprodpb/a3b0/live/a07ad1d0-179e-11ef-a6ff-054b138ba762.jpg.webp",
            "https://ichef.bbci.co.uk/news/480/cpsprodpb/4f8d/live/6809f790-179e-11ef-a6ff-054b138ba762.jpg.webp"
        ],
        "videos": [],
        "author": "Briony Leyland,",
        "text": [
            "The life and ideas of a woman who co-founded the National Trust have provided the inspiration for a garden at the Chelsea Flower Show.",
            "Victorian social reformer Octavia Hill, who helped to set up the charity in 1895, worked to improve urban housing and protect green space.",
            "Hampshire-based garden designer Ann-Marie Powell said her ideas remained relevant today.",
            "Ms Powell said: \u201cI just thought why is this woman not as famous as Florence Nightingale? Without her our landscape would be very different.\"",
            "The Octavia Hill Garden is edged by corrugated iron hoarding to give the feel of an urban site.",
            "The plant-filled wildlife garden is designed to stimulate physical, mental, and social wellbeing.",
            "The garden features handmade wooden benches created by West Sussex-based woodcarver Kate Hanrahan, who used fallen oak from National Trust woodland.",
            "Ms Powell said she feels passionately about access to green spaces for all.",
            "Ms Powell said when she designed the garden Ms Hill was never far from her mind.",
            "\u201cI thought what would she be doing now if she had the opportunity and I definitely think she would be advocating for urban wildlife gardens for communities so that\u2019s why I designed it,\" she said.",
            "\u201cI channelled my inner Octavia and she has been my guiding light.\u201d",
            "\u201cThe garden offers a little slice of nature and all that can do for us so that people feel part of it, and when they feel part of it hopefully they will cherish it and fight for it,\" she added.",
            "Follow BBC South on Facebook, X (Twitter), or Instagram. Send your story ideas to south.newsonline@bbc.co.uk or via WhatsApp on 0808 100 2240."
        ]
    },
    "https://www.bbc.com/news/articles/cmllmlye20lo": {
        "link": "https://www.bbc.com/news/articles/cmllmlye20lo",
        "subtitle": "Trained coaches will be on hand to teach new members the rules and etiquette of the sport.",
        "time": "2024-05-23T19:12:42.893284",
        "title": "Malvern bowls club prepares for weekend of recruitment",
        "topics": [
            "Malvern"
        ],
        "images": [
            "https://ichef.bbci.co.uk/news/480/cpsprodpb/01e3/live/35706790-1903-11ef-876b-c77a1c45f857.jpg.webp"
        ],
        "videos": [],
        "author": "Trevor Owen,",
        "text": [
            "Bowls clubs across Herefordshire and Worcestershire are preparing for a major recruitment drive ahead of the sport's Big Bowls Weekend.",
            "Big Bowls Weekend, organised by England Bowls, is a nationwide recruitment initiative and one of the clubs involved is Manor Park Bowls Club in Malvern.",
            "The club is holding an open day on Saturday and will be hoping to convert more people like committee member Andy Hinds. ",
            "Mr Hinds only started playing four years ago but said: \"I quickly fell in love with it and I was not sure I was going to like it but it is a super game.\"",
            "Speaking to BBC Hereford & Worcester he said: \"It is very friendly, lots of fun but it can be very frustrating.",
            "\"One day you can have a great day and you will think you have done everything but you will come in the next day and it all goes to pot.",
            "\"But I would certainly recommend it to anyone.\"",
            "Mr Hinds said there will be trained coaches on hand to teach new members the rules and etiquette. ",
            "Those attending Manor Park Bowls Club open day will be given a three game loyalty card which means new players can get a taster before officially joining the club.",
            "Follow BBC West Midlands on Facebook, X, and Instagram. Send your story ideas to: newsonline.westmidlands@bbc.co.uk"
        ]
    }
}