{
    "https://www.bbc.com/sport/cricket/articles/c80zn0ng74eo": {
        "link": "https://www.bbc.com/sport/cricket/articles/c80zn0ng74eo",
        "subtitle": "Fixtures for Pakistan's limited-overs tour of Australia, featuring three ODIs and three Twenty20 internationals.",
        "time": null,
        "title": "Pakistan in Australia 2024 - fixtures, results and scorecards - BBC Sport",
        "topics": [],
        "images": [
            "https://ichef.bbci.co.uk/news/2048/cpsprodpb/6df6/live/d5e68990-1023-11ef-92db-29cb1d4691e3.jpg"
        ],
        "videos": [],
        "author": "",
        "text": [
            "November",
            "4 1st ODI, Melbourne (d/n) (03:30 GMT)",
            "8 2nd ODI, Adelaide (d/n) (03:30 GMT)",
            "10 3rd ODI, Perth (d/n) (03:30 GMT)",
            "14 1st Twenty20 international, Brisbane (d/n) (08:00 GMT)",
            "16 2nd Twenty20 international, Sydney (d/n) (08:00 GMT)",
            "18 3rd Twenty20 international, Hobart (d/n) (08:00 GMT)",
            "NB Fixtures and start times are subject to change. The BBC is not responsible for any changes that may be made"
        ]
    },
    "https://www.bbc.com/sport/sailing/articles/cp00l18dp10o": {
        "link": "https://www.bbc.com/sport/sailing/articles/cp00l18dp10o",
        "subtitle": "Everything you need to know about sailing at Paris 2024.",
        "time": "2024-05-24T09:43:02.507295",
        "title": "Olympic sailing: schedule, rules and events at Paris 2024 - BBC Sport",
        "topics": [],
        "images": [
            "https://ichef.bbci.co.uk/news/2048/cpsprodpb/061e/live/bea4c070-1777-11ef-952e-d3a3375d552f.jpg"
        ],
        "videos": [],
        "author": "",
        "text": [
            "Here's all you need to know about sailing at Paris 2024.",
            "Sailing will take place more than 400 miles south of Paris in the city of Marseille. The revamped Roucas-Blanc Marina, renamed Marseille Marina for the Games, offers ideal conditions, with relatively constant and suitable winds, along with good spectating positions for up to 14,000 fans.",
            "The events will run from 28 July to 8 August.",
            "There are 10 medal events \u2013 skiff (men and women), windsurfing (men\u2019s and women), dinghy (men, women and mixed), multihull (mixed) and kite (men and women).",
            "Medal race schedule:",
            "1 August \u2013 men\u2019s skiff (49er) and women\u2019s skiff (49erFX)",
            "2 August \u2013 men\u2019s and women\u2019s windsurfing (iQFOiL)",
            "6 August \u2013 men\u2019s dinghy (ILCA 7) and women\u2019s dinghy (ILCA 6)",
            "7 August \u2013 mixed multihull (Nacra 17)",
            "7 August \u2013 mixed dinghy (470)",
            "8 August \u2013 men\u2019s and women\u2019s kite (Formula Kite Class).",
            "Sailing has ushered in winds of change, with boat classes overhauled to ensure gender balance and to make the sport more spectacular. Competitors sail in an opening series of races, accruing points equivalent to where they finish each time (eg. one point for first); points for their worst race are discarded at various intervals. The top 10 boats then compete in a medal race, or medal series, with double points awarded and added to their total.",
            "Since the Tokyo Games, some changes have been made. The Finn, won by a Brit at the last six Olympics, has gone, the two 470 classes have been merged into a mixed event and there are two high-speed newcomers: kiteboarding and also windsurfing board iQFOil, which incorporates new sprint slalom and marathon race formats.",
            "The 10 events feature six types of boat that require either one or two-person crews. Each nation is restricted to one boat per event, although an athlete can compete in more than one boat class. Events comprise an opening series and a medal race (medal series for windsurfing and kiteboarding).",
            "Races are conducted around a course of marker buoys and take place over one to four laps. The number of laps is decided by the race committee shortly before each race and depends on wind and weather conditions. ",
            "There are up to four race areas laid out at the same time and two events can be held simultaneously on the same course. The shape of the area varies for each event; some events race on an upwind/downwind course, while others sail around four marks laid out in a trapezoid-shaped course \u2013 meaning they contend with wind from all directions. The boats must pass the marker buoys a certain amount of times and in a predetermined order.",
            "Multiple races per event can be scheduled on each day. If weather is unsuitable, extra races per day may be sailed.",
            "Great Britain are the most successful nation in the sport at the Olympics, winning 64 medals (31 gold). The United States are second with 61 medals (19 gold).",
            "Great Britain topped the sailing medal table at the Tokyo Olympics, with three gold, one silver and one bronze.",
            "Host nation France, Germany and Great Britain are the only countries to have qualified a boat in all 10 events at the Paris Games."
        ]
    },
    "https://www.bbc.com/news/articles/crggxgxyx35o": {
        "link": "https://www.bbc.com/news/articles/crggxgxyx35o",
        "subtitle": "The Manifesto for Bugs sets out what the smallest creatures need from any future government.",
        "time": "2024-05-28T09:43:16.141898",
        "title": "Peterborough charity issues general election manifesto for bugs",
        "topics": [
            "Peterborough",
            "Conservation",
            "Pollution",
            "Nature",
            "Insects",
            "Environment",
            "General election 2024 "
        ],
        "images": [
            "https://ichef.bbci.co.uk/news/480/cpsprodpb/d1e1/live/49a27300-1d10-11ef-a282-67873d6b8eca.jpg.webp"
        ],
        "videos": [],
        "author": "Harriet Heywood,",
        "text": [
            "\"The next government must recognise the rapid decline in insects and restore sustainable populations of all invertebrates.\"",
            "Peterborough-based insect conservation charity Buglife has released a general election manifesto for insects.",
            "It has outlined the commitments the next UK government must make to restore and ensure sustainable invertebrate populations.",
            "Within the manifesto, the charity called for action because \"without healthy populations it is impossible to halt nature's decline\". ",
            "Buglife published its Manifesto for Bugs to set out what the world's smallest and most numerous creatures needed from any future government.",
            "The charity said: \"The next government must recognise the rapid decline in insect abundance, demonstrated by the Bugs Matter monitoring scheme revealing a 64% reduction in UK flying insect numbers in just 18 years.\"",
            "It added that fully resourced delivery plans should be set to meet targets to rapidly address climate change, end sewage pollution and protect 30% of the UK for nature. ",
            "Buglife also wants political parties to fulfil their promises to end peat use, increase access to nature and restore the health of rivers.",
            "As well as achieving existing targets and pledges, it set out requirements and commitments for halting nature loss and reversing invertebrate declines:",
            "Follow Peterborough news on Facebook, Instagram and X. Got a story? Email eastofenglandnews@bbc.co.uk or WhatsApp us on 0800 169 1830"
        ]
    },
    "https://www.bbc.com/sport/articles/c6py1xj1n8lo": {
        "link": "https://www.bbc.com/sport/articles/c6py1xj1n8lo",
        "subtitle": "Everything you need to know about archery at Paris 2024.",
        "time": "2024-05-22T09:43:30.497990",
        "title": "Olympic archery: schedule, rules and events at Paris 2024 - BBC Sport",
        "topics": [],
        "images": [
            "https://ichef.bbci.co.uk/news/2048/cpsprodpb/3664/live/2a6cca80-1775-11ef-a62a-0b5a43c99392.jpg"
        ],
        "videos": [],
        "author": "",
        "text": [
            "South Korea topped the archery medal table with four golds at the Tokyo 2020 Olympics.",
            "",
            "Here's all you need to know about the sport at Paris 2024.",
            "The archery events are due to take place from 25 July to 4 August at Les Invalides, which was built in the 1670s as a military hospital and retirement home for war veterans. ",
            "It is now a museum housing the tomb of Napoleon. It provides a spectacular backdrop for the archery, which will take place in the tree-flanked gardens with a capacity of 8,000 spectators.",
            "There are three medal events - men's and women's individual and mixed team.",
            "The medal matches for the mixed team event will take place on 2 August; medal matches for the women\u2019s event will be on 3 August and medal matches for the men\u2019s event on 4 August.",
            "Archers shoot 70m \u2013 the length of three tennis courts \u2013 at a 122cm round target divided into 10 coloured scoring rings; the highest-scoring central ring is the size of a DVD. ",
            "If an arrow lands on the line dividing two rings, it scores the higher value. ",
            "Within the 10 ring is a smaller circle called the X, which only comes into play in the event of a tiebreak in the ranking round.",
            "An arrow travels up to 140mph, meaning it takes just over one second from release to hitting the target. ",
            "There are individual and team events for each gender and a mixed team event, all of which start with a ranking round to determine seedings for the knockout stage.",
            "South Korea is the most successful nation in the sport at the Olympics, winning 43 medals (27 gold). USA are second, winning 33 medals (14 gold).",
            "Great Britain have won nine Olympic archery medals (two gold)."
        ]
    },
    "https://www.bbc.com/sport/volleyball/articles/cq55r0dp581o": {
        "link": "https://www.bbc.com/sport/volleyball/articles/cq55r0dp581o",
        "subtitle": "Everything you need to know about volleyball at the Paris Games.",
        "time": null,
        "title": "Olympic volleyball: schedule, rules and events at Paris 2024 - BBC Sport",
        "topics": [],
        "images": [
            "https://ichef.bbci.co.uk/news/2048/cpsprodpb/e6f7/live/5e2baab0-174f-11ef-b507-edbcd7518f5c.jpg"
        ],
        "videos": [],
        "author": "",
        "text": [
            "Here's all you need to know about volleyball at Paris 2024.",
            "The volleyball matches run from 27 July to 11 August. The competition will take place at the South Paris Arena.",
            "South Paris Arena \u2013 or Paris Expo Porte de Versailles as it\u2019s known outside of the Olympics \u2013 is one of France\u2019s biggest exhibition centres and was built 101 years ago to host the annual Paris Fair. Volleyball takes place in Hall 1, with a capacity for 12,000 spectators.",
            "The medal matches for both the men\u2019s and women\u2019s events are from 9 to 11 August.",
            "Blisteringly fast and full throttle, volleyball will be one of the most popular sports in Paris as France\u2019s men are defending champions. ",
            "Each team of six players can touch the ball (with any part of their body) up to three times before returning it over the net. Matches are best-of-five sets, with 25 points needed to win a set \u2013 or 15 in a deciding fifth set. ",
            "The top two in each pool, plus the two best third-placed teams, advance to the last eight.",
            "The round-robin phase is now three pools of four instead of two pools of six, with fewer matches designed to keep the players fresh. ",
            "A new ranking system to determine the quarter-final seedings has been introduced. A non-competing 13th player can be used for medical/injury reasons.",
            "France and USA won gold in the men's and women's events at the Tokyo Games. ",
            "Brazil, the Soviet Union and Italy have won the most medals in men's Olympic volleyball (six each), with Brazil topping the table with three golds and three silvers.",
            "In women's Olympic volleyball, six countries have won gold with the Soviet Union leading the overall medals table with six (four golds and two silvers).",
            "Great Britain have never won an Olympic volleyball medal."
        ]
    },
    "https://www.bbc.com/sport/football/articles/cg33d9lydnlo": {
        "link": "https://www.bbc.com/sport/football/articles/cg33d9lydnlo",
        "subtitle": "Aaron Hickey will miss Scotland's Euro 2024 campaign after failing to recover from a hamstring injury.",
        "time": null,
        "title": "Aaron Hickey: Scotland full-back to miss Euro 2024 finals - BBC Sport",
        "topics": [],
        "images": [
            "https://ichef.bbci.co.uk/news/2048/cpsprodpb/b449/live/0215fe90-1544-11ef-9374-79ed0315cfd8.jpg"
        ],
        "videos": [],
        "author": "",
        "text": [
            "Aaron Hickey will miss Scotland's Euro 2024 campaign after failing to recover from a hamstring injury.",
            "The Brentford full-back, 21, has not played for club or country since October.",
            "Fellow right-back Nathan Patterson, of Everton, will also not make Steve Clarke's Scotland squad.",
            "\"Aaron Hickey is out, Nathan Patterson's out and we know [Lewis Ferguson] is out as well,\" Scotland assistant coach John Carver told BBC Radio Scotland. ",
            "\"Three young guys who obviously are going to be disappointed. They have got Euros and World Cups ahead of them so hopefully we can continue to qualify and they will get their opportunity down the line.\"",
            "Celtic's Anthony Ralston has also featured at right-back for Clarke, who will name a 28-man squad on Wednesday, before finalising his 26-man squad for the finals on 7 June.",
            "Scotland will play Gibraltar (3 June) and Finland (7 June) before opening Euro 2024 against hosts Germany on 14 June."
        ]
    },
    "https://www.bbc.com/sport/football/articles/c033wpgxz5xo": {
        "link": "https://www.bbc.com/sport/football/articles/c033wpgxz5xo",
        "subtitle": "BBC Sport tracks all the manager ins and outs in the Premier League, Scottish Premiership, Women's Super League, English Football League and National League.",
        "time": null,
        "title": "New manager hirings: Jurgen Klopp out at Liverpool, Michael Duff in at Huddersfield - BBC Sport",
        "topics": [],
        "images": [
            "https://ichef.bbci.co.uk/news/2048/cpsprodpb/bfa9/live/7ec78b50-1686-11ef-8cd9-814489a90b40.jpg"
        ],
        "videos": [],
        "author": "",
        "text": [
            "BBC Sport tracks all the manager ins and outs in the Premier League, Scottish Premiership, Women's Super League, English Football League and National League.",
            "All of the managerial movements for May will appear below.",
            "To read the list for April, visit the ins and outs page.",
            "7 May: Mark Bonner - Gillingham",
            "9 May: Alex Revell - Stevenage",
            "11 May: Matt Taylor - Wealdstone, external",
            "13 May: Michael Duff - Huddersfield Town",
            "20 May: Arne Slot - Liverpool",
            "23 May: Darrell Clarke - Barnsley",
            "25 May: Wayne Rooney - Plymouth",
            "7 May: Liam Rosenior - Hull City",
            "10 May: Andre Breitenreiter - Huddersfield Town",
            "14 May: Nick Montgomery - Hibernian",
            "17 May: David Wagner - Norwich City",
            "18 May: Emma Hayes - Chelsea*",
            "18 May: Carla Ward - Aston Villa*",
            "19 May: Roberto de Zerbi - Brighton*",
            "19 May: Jurgen Klopp - Liverpool*",
            "19 May: David Moyes - West Ham*",
            "21 May: Tony Mowbray - Birmingham City",
            "21 May: Mauricio Pochettino - Chelsea",
            "23 May: Darrell Clarke - Cheltenham",
            "24 May: Pete Wild - Barrow",
            "* Departure announced in advance"
        ]
    },
    "https://www.bbc.com/sport/cricket/articles/c2x332rv1klo": {
        "link": "https://www.bbc.com/sport/cricket/articles/c2x332rv1klo",
        "subtitle": "Fixtures for Scotland's World Cup League 2 fixtures with Namibia and Oman.",
        "time": null,
        "title": "Namibia & Oman in Scotland 2024 - fixtures, results & scorecards - BBC Sport",
        "topics": [],
        "images": [
            "https://ichef.bbci.co.uk/news/2048/cpsprodpb/51e3/live/51649cf0-11f6-11ef-8f05-f99dbd7284e4.jpg"
        ],
        "videos": [],
        "author": "",
        "text": [
            "This series was originally due to take place between 2-12 May, but was rescheduled because of weather concerns",
            "All matches played at Forthill, Forfarshire",
            "Cricket World Cup League 2",
            "July",
            "16 Scotland v Oman (11:00 BST)",
            "18 Namibia v Oman (11:00 BST)",
            "20 Scotland v Namibia (11:00 BST)",
            "22 Scotland v Oman (11:00 BST)",
            "24 Namibia v Oman (11:00 BST)",
            "26 Scotland v Namibia (11:00 BST)",
            "An additional Twenty20 international between Scotland and Oman, scheduled for 14 May, has been cancelled and will not be rescheduled",
            "NB Fixtures and start times are subject to change. The BBC is not responsible for any changes that may be made"
        ]
    },
    "https://www.bbc.com/sport/cricket/articles/c043302ld88o": {
        "link": "https://www.bbc.com/sport/cricket/articles/c043302ld88o",
        "subtitle": "Fixtures for Sri Lanka's three-Test tour of England.",
        "time": null,
        "title": "Sri Lanka in England 2024 - fixtures, results & scorecards - BBC Sport",
        "topics": [],
        "images": [
            "https://ichef.bbci.co.uk/news/2048/cpsprodpb/a1e1/live/d0f17b30-11ee-11ef-8f05-f99dbd7284e4.jpg"
        ],
        "videos": [],
        "author": "",
        "text": [
            "August",
            "21-25 1st Test, Emirates Old Trafford (11:00 BST)",
            "29-2 Sep 2nd Test, Lord's (11:00 BST)",
            "September",
            "6-10 3rd Test, The Kia Oval (11:00 BST)",
            "NB Fixtures and start times are subject to change. The BBC is not responsible for any changes that may be made"
        ]
    }
}