{
    "https://www.bbc.com/news/world-asia-india-68988192": {
        "link": "https://www.bbc.com/news/world-asia-india-68988192",
        "subtitle": "The BBC got to see just how easy it is to create a fake phone call between two people.",
        "time": null,
        "title": "India election: BBC journalist gets a call from AI-generated Trump",
        "topics": [],
        "images": [],
        "videos": [],
        "author": "",
        "text": []
    },
    "https://www.bbc.com/news/world-asia-india-68918330": {
        "link": "https://www.bbc.com/news/world-asia-india-68918330",
        "subtitle": "As deepfakes and AI-manipulated content circulate in India, experts worry about their implications.",
        "time": null,
        "title": "AI and deepfakes blur reality in India elections",
        "topics": [
            "Asia",
            "Artificial intelligence",
            "India Election 2024",
            "India"
        ],
        "images": [
            "https://ichef.bbci.co.uk/news/480/cpsprodpb/3646/production/_133249831_untitleddesign-1.jpg.webp",
            "https://ichef.bbci.co.uk/news/480/cpsprodpb/DC83/production/_133315465_fake_images_india_election.jpg.webp",
            "https://ichef.bbci.co.uk/news/480/cpsprodpb/17BD2/production/_133243279_untitleddesign.jpg.webp",
            "/bbcx/grey-placeholder.png",
            "/bbcx/grey-placeholder.png"
        ],
        "videos": [
            ""
        ],
        "author": "By Meryl Sebastian,",
        "text": [
            "In November last year, Muralikrishnan Chinnadurai was watching a livestream of a Tamil-language event in the UK when he noticed something odd.",
            "A woman introduced as Duwaraka, daughter of \u200b\u200bVelupillai Prabhakaran, the Tamil Tiger militant chief, was giving a speech.",
            "The problem was that Duwaraka had died more than a decade earlier, in an airstrike in 2009 during the closing days of the Sri Lankan civil war.  The then-23-year-old's body was never found. ",
            "And now, here she was - seemingly a middle-aged woman - exhorting Tamilians across the world to take forward the political struggle for their freedom. ",
            "Mr Chinnadurai, a fact-checker in the southern Indian state of Tamil Nadu, watched the video closely, noticed glitches in the video and soon pinned it down to being a figure generated by artificial intelligence (AI).",
            "The potential problems were immediately clear to Mr Chinnadurai: \"This is an emotive issue in the state [Tamil Nadu] and with elections around the corner, the misinformation could quickly spread.\"",
            "As India goes to the polls, it is impossible to avoid the wealth of AI-generated content being created - from campaign videos, to personalised audio messages in a range of Indian languages, and even automated calls made to voters in a candidate's voice. ",
            "Content creators like Shahid Sheikh have even had fun using AI tools to show Indian politicians in avatars we haven't seen them in before: wearing athleisure, playing music and dancing.",
            "But as the tools get more sophisticated, experts worry about its implications when it comes to making fake news appear real.",
            "\"Rumours have always been a part of electioneering. [But] in the age of social media, it can spread like wildfire,\" says SY Qureshi, the country's former chief election commissioner. ",
            "\"It can actually set the country on fire.\" ",
            "India's political parties are not the first in the world to take advantage of recent developments in AI. Just over the border in Pakistan, it allowed jailed politician Imran Khan to address a rally.",
            "And in India itself, Prime Minister Narendra Modi has also already made the best of the emerging technology to campaign effectively - addressing an audience in Hindi which, by using the government-created AI tool Bhashini, was then translated into Tamil in real time.",
            "But it can also be used to manipulate words and messages.",
            "Last month, two viral videos showed Bollywood stars Ranveer Singh and Aamir Khan campaigning for the opposition Congress party. Both filed police complaints saying these were deepfakes, made without their consent.",
            "Then, on 29 April, Prime Minister Modi raised concerns about AI being used to distort speeches by senior leaders of the ruling party, including him.",
            "The next day, police arrested two people, one each from the opposition Aam Aadmi Party (AAP) and the Congress party, in connection with a doctored video of Home Minister Amit Shah.",
            "Mr Modi's Bharatiya Janata Party (BJP) has also faced similar accusations from opposition leaders in the country.",
            "The problem is - despite the arrests - there is no comprehensive regulation in place, according to experts.",
            "Which means \"if you're caught doing something wrong, then there might be a slap on your wrist at best\", according to Srinivas Kodali, a data and security researcher.  ",
            "In the absence of regulation, creators told the BBC they have to rely on personal ethics to decide the kind of work they choose to do or not do. ",
            "The BBC learned that, among the requests from politicians, were pornographic imagery and morphing of videos and audios of their rivals to damage their reputation.",
            "\"I was once asked to make an original look like a deepfake because the original video, if shared widely, would make the politician look bad,\" reveals Divyendra Singh Jadoun.",
            "\"So his team wanted me to create a deepfake that they could pass off as the original.\"",
            "Mr Jadoun, founder of The Indian Deepfaker (TID), which created tools to help people use open source AI software to create campaign material for Indian politicians, insists on putting disclaimers on anything he makes so it is clear it is not real.",
            "But it is still hard to control.",
            "Mr Sheikh, who works with a marketing agency in the eastern state of West Bengal, has seen his work shared without permission or credit by politicians or political pages on social media.",
            "\"One politician used an image I created of Mr Modi without context and without mentioning it was created using AI,\" he says.",
            "And it is now so easy to create a deepfake that anyone can do it.",
            "\"What used to take us seven or eight days to create can now be done in three minutes,\" Mr Jadoun explains. \"You just need to have a computer.\"",
            "Indeed, the BBC got a first-hand look at just how easy it is to create a fake phone call between two people - in this case, me and former US president Donald Trump.",
            "Despite the risks, India had initially said it wasn't considering a law for AI. This March, however, it sprung into action after a furore over Google's Gemini chatbot response to a query asking: \"Is Modi a fascist?\"",
            "Rajeev Chandrasekhar, the country's junior information technology minister, said it had violated the country's IT laws.",
            "Since then, the Indian government has asked tech companies to get its explicit permission before publicly launching \"unreliable\" or \"under-tested\" generative AI models or tools. It has also warned against responses by these tools that \"threaten the integrity of the electoral process\".",
            "But it isn't enough: fact-checkers say keeping up with debunking such content is an uphill task, particularly during the elections when misinformation hits a peak.  ",
            "\"Information travels at the speed of 100km per hour,\" says Mr Chinnadurai, who runs a media watchdog in Tamil Nadu. \"The debunked information we disseminate will go at 20km per hour.\" ",
            "And these fakes are even making their way into the mainstream media, says Mr Kodali. Despite this, the \"election commission is publicly silent on AI\".",
            "\"There are no rules at large,\" Mr Kodali says. \"They're letting the tech industry self-regulate instead of coming up with actual regulations.\"",
            "There isn't a foolproof solution in sight, experts say. ",
            "\"But [for now] if action is taken against people forwarding fakes, it might scare others against sharing unverified information,\" says Mr Qureshi.",
            "Video by Antariksh Jain"
        ]
    },
    "https://www.bbc.com/news/articles/c1030v3p1r8o": {
        "link": "https://www.bbc.com/news/articles/c1030v3p1r8o",
        "subtitle": "President Ramaphosa approves a law that seeks to provide universal health care for all - but not everyone is happy.",
        "time": null,
        "title": "South Africa's National Health Insurance (NHI) Bill: Why it is controversial",
        "topics": [
            "South Africa elections 2024",
            "South Africa",
            "Africa"
        ],
        "images": [
            "https://ichef.bbci.co.uk/news/480/cpsprodpb/5fb1/live/17d080e0-12d1-11ef-bfa2-c3e660e98f61.jpg.webp",
            "/bbcx/grey-placeholder.png",
            "/bbcx/grey-placeholder.png"
        ],
        "videos": [],
        "author": "Farouk Chothia,",
        "text": [
            "South Africa's President Cyril Ramaphosa has approved a controversial new law that will lead to the biggest shake-up in the health sector since the end of the racist system of apartheid 30 years ago. ",
            "It promises universal health care for all, but has faced fierce resistance from the main opposition Democratic Alliance (DA), which has accused the president of signing the \"death warrant\" of health care in South Africa. ",
            "It warns that the scheme could be hugely expensive, and fuel corruption.",
            "The National Health Insurance (NHI) scheme advocates the creation of a state fund to cover the medical costs of all South Africans - most of whom are not currently covered.",
            "It goes further to bar people from taking out private health insurance for treatment paid for by the fund, which is proving very controversial.",
            "\"Once the NHI fund covers a benefit, the medical schemes will not cover the same benefits,\" the government says. ",
            "This is unlike countries such as the UK, which has the state-funded National Health Service (NHS), but where people are free to take out medical insurance to receive any treatment they want from private doctors and hospitals.",
            "\"South Africans will no longer be required to contribute directly to a medical health scheme to get quality health care,\" an explainer on the parliamentary website says.",
            "Once the NHI scheme is fully implemented \"the role of medical schemes will change as they will provide cover for services not reimbursable by the NHI Fund\", it says.",
            "South Africa's private health insurer Discovery says the scheme is \"globally unprecedented as in virtually every other country with some form of health insurance, citizens are free to purchase additional private health insurance cover, including cover that overlaps with services covered by the national system\".",
            "In a post on X, formerly Twitter, the government says that everyone will be able to \"access NHI-contracted GPs, clinics or hospitals closest to them, whether in the public or private sectors\". ",
            "\"This means that when you feel unwell, you can go to your nearest GP or clinic that has a contract with NHI and not worry about the cost of care,\" it adds. ",
            "The government has not specified the treatments that NHI-accredited private hospitals and GPs will have to provide, but says it will include emergency services, mental heath services, palliative care and rehabilitation services.  ",
            "",
            "Mr Ramaphosa says the NHI is an \"important instrument to tackle poverty\". ",
            "\"The rising cost of health care makes families poorer. By contrast, health care provided through the NHI frees up resources in poor families for other essential needs. The NHI will make health care in the country as a whole more affordable,\u201d he adds, in comments posted on X after he signed the bill into law. ",
            "The scheme is seen as an attempt to boost the chances of the governing African National Congress (ANC) in the 29 May election at a time when opinion polls suggest the party could lose its outright majority for the first time in 30 years. ",
            "On the campaign trail, Mr Ramaphosa has made the NHI one of his major pledges to  voters. ",
            "\u201cWe are going to end the apartheid that remains in health care, where you have the best healthcare for the rich and poor healthcare for the poor,\u201d he said at a rally last month. ",
            "The centre-right DA has come out strongly against the NHI in a bid to rally its voters.",
            "In a statement on Tuesday, DA leader John Steenhuisen said the scheme would lead to \"enormous tax increases\" with the money \"deposited into a central fund controlled by one almighty ANC cadre\".",
            "\"The looting that will take place is easy to imagine, yet too ghastly to contemplate. Just like ANC cadres looted [power utility] Eskom to the point of collapsing our electricity supply,\" he said.",
            "The parliamentary website identifies three main sources of funding: ",
            "The government has not spelt out how much people will have to contribute or how much will be required to fund NHI. ",
            "Nevertheless, the explainer on the parliamentary website says the \"cost of our health-care system, which is currently the most expensive in the world, will be reduced\".",
            "\"When people visit health-care facilities, there will be no fees charged because the NHI fund will cover the costs of people\u2019s medical care in the same way that medical aids do for their members,\" it states.",
            "The DA takes a different view,  accusing the government of wanting to \"tax to death\" South Africans. ",
            "It says the scheme will cost \"well in excess of 200 billion rand [$10bn; \u00a38.6bn] per year - with some estimates as high as one trillion rand\".",
            "The DA says it will institute legal action in a bid to stop the scheme being implemented. ",
            "It says it stands for universal health care, but the NHI will \"destroy South Africa's private health-care system and thereby sabotage any chance of fixing our public health system\".",
            "\"Just this week, nine healthcare associations, representing 25,000 health-care professionals, pronounced NHI unworkable,\" Mr Steenhuisen wrote in an article published on the News24 website.",
            "The Daily Maverick reported that the government was likely to face an \"avalanche\" of litigation, including from the South African Medical Association.",
            "One of the main arguments against the legislation is that it will curtail the right of people to take out private health insurance to cover their medical bills. ",
            "Critics say this is unconstitutional - a view that the government rejects by arguing that it is in fact fulfilling its constitutional obligation to provide equal health services to all - rich and poor. ",
            "The opposing sides are likely to battle it out in South Africa's highest court, which will have the final say on whether or not the legislation can be implemented. ",
            "Even if the Constitutional Court gives the green light, the scheme is likely to be introduced gradually over many years - not least because the government will first have to come up with the money to finance it.",
            "This will be a difficult task as South Africa is in deep financial crisis, and the government is battling to provide existing public services - including electricity and water, not only to businesses and homes, but even to some state hospitals.",
            "The government says that about 14% of the population have private medical care, but their costs are rising without \"much improvement on health outcomes\". ",
            "The remaining 86% of the population cannot afford to pay for medical aid, and rely on state clinics and hospitals which, the government acknowledges, are \"overburdened\".",
            "So it has come with a scheme that will see the rich and poor getting health care without a GP or private hospital first demanding payment - something that currently happens even if a patient requires emergency treatment for a life-threatening condition. ",
            "The concern of private hospitals is that the government's scheme will lead to them being overwhelmed with patients, with no guarantee that they will receive payment from what could be a badly managed NHI fund. ",
            "Go to BBCAfrica.com for more news from the African continent.",
            "",
            "Follow us on Twitter @BBCAfrica, on Facebook at BBC Africa or on Instagram at bbcafrica"
        ]
    },
    "https://www.bbc.com/sport/rugby-union/articles/c888j117964o": {
        "link": "https://www.bbc.com/sport/rugby-union/articles/c888j117964o",
        "subtitle": "Judgement Day will move back to Principality Stadium in April 2025 after the 2024 event will be staged at Cardiff City stadium.",
        "time": "2024-05-30T10:20:41.739512",
        "title": "Judgement Day returns to Principality Stadium in 2025 - BBC Sport",
        "topics": [],
        "images": [
            "https://ichef.bbci.co.uk/news/2048/cpsprodpb/1f68/live/3070ad50-1e5c-11ef-a133-cf78601b4a93.jpg"
        ],
        "videos": [],
        "author": "",
        "text": [
            "Welsh Rugby's Judgement Day will move back to Principality Stadium in April 2025.",
            "This year's event is at Cardiff City Stadium on Saturday, 1 June.",
            "Cardiff's Principality Stadium has normally hosted the Welsh double-header, but the lateness of this season's fixture meant it clashed with the concert season at the venue with Bruce Springsteen, Pink, Taylor Swift and Foo Fighters all playing at the venue in May and June.",
            "The Judgement Day event has traditionally been held around Easter, but this season was moved to later due to the 2023 World Cup delaying the United Rugby Championship (URC) campaign.",
            "The games will return to their traditional slot of Easter Saturday on 19 April, 2025 with Ospreys playing Cardiff first with Scarlets and Dragons following.",
            "Cardiff City Stadium has a capacity of 33,280, compared to 74,500 at the Principality Stadium.",
            "Last season's Judgement Day event, in April 2023, attracted a crowd of 41,139 for the two matches, with Cardiff beating Ospreys and Dragons overcoming Scarlets.",
            "The announcement came as the URC 2024-25 season fixtures, external have been revealed 114 days before the new season will start and while the current campaign continues.",
            "The season will begin on Friday, 20 September with Cardiff hosting Zebre and Scarlets travelling to play Benetton the following day.",
            "There will also be a Welsh derby at Rodney Parade between Dragons and Ospreys on 21 September, with Dai Flanagan's side having four of their first five games at home.",
            "Scarlets and Cardiff will again face each other twice in the opening four games.",
            "The traditional Christmas and New Year's Welsh derbies will continue over the festive period on 26 December and 1 January.",
            "The final round of league matches will take place on Saturday, 17 May with the four Welsh sides in South Africa for the final two rounds of the regular programme. This means the final home games will be played in Wales at the end of April.",
            "The quarter-final and semi-final play-offs will be in late May and early June before the final on 14 June.",
            "The Ospreys' home destination of matches have not yet been officially confirmed on the list with the region waiting to see the fixtures of Swansea City football club which are released on 26 June.",
            "Ospreys are still planning to host the majority of their games at Swansea.com Stadium next season before leaving for a new ground for the start of the 2025-26 campaign.",
            "No URC league matches will take place on an international weekend during the 2024 autumn programme or the 2025 Six Nations.",
            "\u201cGiven the complexity of our scheduling we are thrilled to have our fixtures published earlier than ever before,\" said URC chief executive Martin Anayi.",
            "\"Our fixture list is at the core of our entire league with fans, teams, broadcasters and media all setting their schedules to it and now we have set a new standard by delivering it while the current season is still in play.",
            "\u201cOur whole team is focused on making the United Rugby Championship the best league in the world and setting fan-friendly goals is key to that.\""
        ]
    },
    "https://www.bbc.com/sport/athletics/videos/czvvr0kjej5o": {
        "link": "https://www.bbc.com/sport/athletics/videos/czvvr0kjej5o",
        "subtitle": "British 800m Olympic silver medallist Keely Hodgkinson speaks to BBC Sport's Jo Currie about her hopes for the 2024 Games in Paris.",
        "time": "2024-05-22T11:20:55.054000",
        "title": "Keely Hodgkinson: British 800m runner aiming for Olympic gold - BBC Sport",
        "topics": [],
        "images": [],
        "videos": [],
        "author": "",
        "text": []
    },
    "https://www.bbc.com/sport/football/articles/cne94j410yvo": {
        "link": "https://www.bbc.com/sport/football/articles/cne94j410yvo",
        "subtitle": "BBC Sport Wales assesses which members of Robert Page's Wales squad may be on the move in the 2024 summer transfer window.",
        "time": null,
        "title": "Which Wales players could move in the summer transfer window?  - BBC Sport",
        "topics": [],
        "images": [
            "https://ichef.bbci.co.uk/news/913/cpsprodpb/c19a/live/7b45a930-1465-11ef-b9db-671b2247cd48.jpg",
            "https://ichef.bbci.co.uk/news/998/cpsprodpb/ed0a/live/c52b3700-1469-11ef-b9db-671b2247cd48.jpg",
            "https://ichef.bbci.co.uk/news/948/cpsprodpb/2c0c/live/23a883f0-146a-11ef-b9db-671b2247cd48.jpg",
            "https://ichef.bbci.co.uk/news/983/cpsprodpb/3dc8/live/7eb61070-1468-11ef-8857-2dd5f51aca39.jpg",
            "https://ichef.bbci.co.uk/news/948/cpsprodpb/d807/live/6d049340-146a-11ef-b9db-671b2247cd48.jpg"
        ],
        "videos": [],
        "author": "",
        "text": [
            "The climax of English football\u2019s domestic season means mounting speculation about transfer plans.",
            "At this time of year, every club in the land will spend much of their time assessing what work should be done during the summer months.",
            "The transfer window opens officially  on 14 June, although work has already begun on numerous potential deals.",
            "How many of those deals might involve members of Wales\u2019 national squad?",
            "BBC Sport Wales assesses which of Rob Page\u2019s players may soon be on the move.",
            "As every Wales fan knows, the nation\u2019s leading goalkeepers have not been getting much football in recent times.",
            "There was a suggestion that Danny Ward might leave Leicester City following their Premier League relegation last summer, but he ended up spending 2023-24 as a squad player at the King Power Stadium.",
            "Ward has another year to run on his Leicester deal. Will he be happy to stick around as Enzo Maresca\u2019s team prepare for life back in the top flight?",
            "Like Ward, Wayne Hennessey did not play a minute of senior club football in 2023-24, so perhaps it is not surprising that the 37-year-old is now looking for new employers.",
            "With his Nottingham Forest contract up this summer, Hennessey was one of three senior players released by the City Ground club after they secured Premier League status for next season. ",
            "Adam Davies is another Wales keeper with an uncertain future having made just one appearance for Sheffield United in this campaign.",
            "Wolves\u2019 Tom King, therefore, looks like the only keeper in Wales\u2019 squad who is guaranteed to remain at his club this summer after he signed a new long-term deal in February.",
            "There has been some speculation that Ben Davies could be allowed to move on by Tottenham Hotspur this summer.",
            "Davies has played more than 300 times for the Premier League club, though he has not been a fixture in the side this season.",
            "The 31-year-old has only a year left on his contract and Spurs are not known for letting players run their deals down.",
            "Joe Rodon is another player who has a year to run on his Spurs contract. Could the centre-back join Leeds United permanently after a successful loan spell at Elland Road? That may depend on whether the Whites win promotion from the Championship.",
            "Fellow Leeds loan player Connor Roberts is due to return to Burnley this summer as they return to the second tier. The right-back has another year on his Turf Moor deal.",
            "Wales centre-back Chris Mepham has only a year to run on his contract at Bournemouth, where he has been involved this season without holding down a regular spot.",
            "Swansea City\u2019s Ben Cabango is another man heading into the final year of his deal \u2013 though there has been no suggestion that he is likely to move on \u2013 as is Queens Park Rangers\u2019 Morgan Fox.",
            "Joe Low joined Wycombe Wanderers from Bristol City last summer, but was touted as a target for Blackpool in the January transfer window.",
            "Jordan James was reportedly the subject of serious interest from Serie A in January, with Atalanta and Fiorentina linked with Wales\u2019 rising midfield star.",
            "Since then, the likes of Crystal Palace and Leicester have also been touted as potential suitors for the 19-year-old, who has another year \u2013 plus an option for a further 12 months \u2013 on his Birmingham City contract.",
            "Could the Blues\u2019 relegation to League One mean a summer exit for James is more likely? Certainly, he looks like a player to watch in the next couple of months.",
            "Ethan Ampadu may be another player whose name is prominent in the gossip columns, particularly if Leeds lose out in the Championship play-offs.",
            "Wales fans have thought for a long time that Ampadu is a Premier League player and he has looked too good for the second tier in 2023-24.",
            "Joe Morrell could be a man on the move after Portsmouth\u2019s promotion from League One.",
            "",
            "There have been suggestions Pompey would like to keep Morrell, but as things stand he is set to become a free agent at the end of June.",
            "Cardiff City boss Erol Bulut suggested towards the end of the season that Rubin Colwill may attract interest from rival clubs this summer, but there appears to be no prospect of Aaron Ramsey \u2013 who has a year left on his contract \u2013 moving on, with the Bluebirds hoping Wales\u2019 captain can have a bigger impact next season.",
            "David Brooks is due to head back to Bournemouth \u2013 where he still has two years on his contract \u2013 this summer after a loan spell at Southampton.",
            "Given that the Cherries let Brooks go in January, it would not be a huge shock should he be linked with a move once more during the summer window.",
            "Kieffer Moore has just enjoyed a successful loan spell at Ipswich Town, helping the Suffolk club claim promotion to the Premier League.",
            "But the Wales targetman\u2019s club situation is likely to be on the agenda once more as he returns to Bournemouth, where he has another year on his contract.",
            "Aside from Moore, it could be a fairly quiet summer in terms of transfer talk surrounding Page\u2019s forward players, with the likes of Brennan Johnson, Daniel James and Nathan Broadhead going along nicely at their clubs and all under contract for at least two more years.",
            "Swansea striker Liam Cullen and Millwall\u2019s Tom Bradshaw, meanwhile, have both seen their contracts extended until next summer in recent weeks."
        ]
    },
    "https://www.bbc.com/news/world-asia-india-68968593": {
        "link": "https://www.bbc.com/news/world-asia-india-68968593",
        "subtitle": "This is the first general election since India ended the special status of Kashmir in 2019.",
        "time": null,
        "title": "Kashmir: Why Modi's BJP is not fighting elections in the Himalayan region",
        "topics": [
            "Asia",
            "India Election 2024",
            "India",
            "Kashmir"
        ],
        "images": [
            "https://ichef.bbci.co.uk/news/480/cpsprodpb/18445/production/_133279399_gettyimages-2055304193.jpg.webp",
            "https://ichef.bbci.co.uk/news/480/cpsprodpb/E2F2/production/_133289085_gettyimages-1160458530-594x594.jpg.webp",
            "/bbcx/grey-placeholder.png",
            "/bbcx/grey-placeholder.png"
        ],
        "videos": [],
        "author": "By Auqib Javeed,",
        "text": [
            "More than four years after the governing Bharatiya Janata Party (BJP) ended the special status of Indian-administered Kashmir, the party has decided not to contest this year's general election there. ",
            "Political analysts and opposition leaders say the decision hints at anger in the region over the move - and the party's acknowledgement of it. ",
            "Relations between Kashmir and Delhi have been tense for decades. An insurgency against Indian rule and military action against it have claimed thousands of lives in the Himalayan region over the past three decades.",
            "The situation worsened in 2019, when Prime Minister Narendra Modi's government revoked nearly all of Article 370 - a part of the Indian constitution which had given significant autonomy to the region - and divided it into two federally-administered territories of Ladakh, and Jammu and Kashmir. ",
            "The government also imposed a strict communication blockade and jailed hundreds of political leaders, including three former chief ministers, for months. ",
            "Since then, Mr Modi and his ministers have repeatedly championed the 2019 decision, claiming that it has brought peace to the region. ",
            "In the last few years, local BJP leaders have also worked extensively to expand its support base in Kashmir by launching door-to-door campaigns.",
            "So the party's decision not to field any candidates in the ongoing general election - the first in the region since the abrogation of Article 370 - has come as a surprise to many. (The BJP has candidates in two seats in Hindu-majority Jammu, but none in the three seats of the Muslim-majority Kashmir valley.)",
            "The BJP's chief spokesperson in Jammu and Kashmir claims that elections are not a priority and their main objective is to win the \"hearts of the people\". ",
            "\"It took us 75 years to fully integrate Kashmir with the rest of the country and we don't want [to create] an impression that we have done this exercise just to win seats,\" Sunil Seth said. ",
            "But critics say this is because the party leadership realises that securing victory in the region would not have been easy.",
            "While the \"achievement\" may sell in other states, removing the special status of the Himalayan region hasn't gone down well with the people here, says Noor Ahmad Baba, a political analyst. ",
            "Opposition leaders also allege that Mr Modi's party wanted to avoid the election from turning into a referendum on its 2019 decision. ",
            "\"If people were happy with the abrogation of Article 370, the BJP wouldn't have hesitated to fight,\" says Omar Abdullah, a former chief minister of the region and a member of the National Conference (NC) party. ",
            "\"But they don't want to expose themselves, and to save their face, they have decided not to contest.\"",
            "Voting in Jammu and Kashmir is being held in five phases. Apart from Mr Abdullah's NC, those in the fray include the People's Democratic Party (PDP), the Peoples Conference (PC) and Jammu and Kashmir Apni Party. India's main opposition party Congress is also contesting.",
            "Leaders from the NC and PDP have repeatedly claimed that the BJP is supporting the PC and Apni Party in the elections and have called them their \"proxies\". ",
            "The BJP hasn't made any formal announcements about an alliance. But sources in the BJP told the BBC that it would extend its support to some parties that have strongholds in northern and central Kashmir. Last month, the party's regional chief Ravinder Raina said they would rally behind \"like-minded parties\".",
            "The party's decision to cede ground has caught off-guard many of its local members, who say they had been preparing for the polls since 2019. ",
            "\"We had been going door-to-door, meeting people and telling them about the work done by the government,\" said Shabir Ahmad Zargar, a BJP worker from north Kashmir's Kupwara district.",
            "\"We are disappointed, but we have to accept the decision of the party,\" adds Fida Hussain, another party worker from north Kashmir's Baramulla district. ",
            "The move is also surprising because this is the first time the BJP has not contested a general election in the region since 1996. ",
            "The party traditionally does not enjoy much support here, but experts say its cadre base has increased in recent years.",
            "Its best performance was in the state elections of 2014, when it emerged as the second-largest party and formed the government with the PDP. The party won 25 of the total 87 seats - all in Jammu. ",
            "This marked the final assembly elections held in the former state. The coalition collapsed in 2018, and Mr Modi's government imposed direct rule in the region.",
            "The party received a boost in 2020, after it won the local elections, including three seats in Kashmir.",
            "Two years later, the government redrew the boundaries of assembly seats in a way that Jammu received six additional seats, while Kashmir was given one extra seat, taking the tally to 90. (Until 2019, Jammu had 37 seats and Kashmir had 46).",
            "The exercise was widely seen as a move to increase the influence of Hindus in the region's electoral politics. ",
            "But despite some electoral success, experts say the BJP has failed to create impact on the ground.",
            "\"The region has been under the direct control of Delhi. But people prefer a democratically-elected government where they are connected with the leadership,\" says Mr Baba, the analyst.",
            "Locals and opposition leaders say that several other factors have also increased the sense of alienation among people. This includes high unemployment rates, the absence of local representation in politics, and alleged human rights abuses by security forces. ",
            "\"Even if they win all the seats in the rest of the country, losing from Kashmir would have been a major defeat,\" says Mohit Bhan, the PDP spokesperson. ",
            "\"To avoid that they opted not to field any candidate,\" he claims."
        ]
    },
    "https://www.bbc.com/sport/football/articles/cd1810p1rg7o": {
        "link": "https://www.bbc.com/sport/football/articles/cd1810p1rg7o",
        "subtitle": "Toni Kroos and Manuel Neuer will attend their fourth European Championships having been named in host nation Germany's Euro 2024 squad.",
        "time": null,
        "title": "Euro 2024: Manuel Neuer & Toni Kroos named in Germany provisional squad - BBC Sport",
        "topics": [],
        "images": [
            "https://ichef.bbci.co.uk/news/1536/cpsprodpb/e10a/live/daff9080-1383-11ef-bee9-6125e244a4cd.png"
        ],
        "videos": [],
        "author": "",
        "text": [
            "Manuel Neuer and Toni Kroos could each attend their fourth European Championships after being named in host nation Germany's provisional Euro 2024 squad.",
            "Midfielder Kroos, 34, announced his international retirement in July 2021 but reversed the decision in March following talks with head coach Julian Nagelsmann.",
            "Goalkeeper Neuer, 38, has not played for his country since 2022, after breaking his leg following the Qatar World Cup.",
            "Bayern Munich duo Leon Goretzka and injured Serge Gnabry, external miss out while Tottenham striker Timo Werner is absent with a hamstring injury.",
            "Mats Hummels and Julian Brandt have been key figures in Borussia Dortmund's run to the Champions League final but are omitted from the 27-man squad, which will be reduced to 26 after Germany's friendly matches against Ukraine and Greece in June.",
            "Former Manchester City midfielder Ilkay Gundogan, Arsenal forward Kai Havertz and Brighton midfielder Pascal Gross are among those included.",
            "Germany were eliminated at the group stage of the past two World Cups and in the last 16 at Euro 2020, but go into this summer's tournament as one of the favourites.",
            "The 2014 World Cup winners begin their campaign on 14 June against Scotland in Munich.",
            "Goalkeepers: Oliver Baumann (Hoffenheim), Alex Nubel (Stuttgart), Manuel Neuer (Bayern Munich), Marc-Andre ter Stegen (Barcelona)",
            "Defenders: Waldemar Anton (Stuttgart), Benjamin Henrichs (RB Leipzig), Joshua Kimmich (Bayern Munich), Robin Koch (Eintracht Frankfurt), Maximilian Mittelstadt (Stuttgart), David Raum (RB Leipzig), Antonio Rudiger (Real Madrid), Nico Schlotterbeck (Borussia Dortmund), Jonathan Tah (Bayer Leverkusen)",
            "Midfielders: Robert Andrich (Bayer Leverkusen), Chris Fuhrich (Stuttgart), Pascal Gross (Brighton and Hove Albion), Ilkay Gundogan (Barcelona), Toni Kroos (Real Madrid), Jamal Musiala (Bayern Munich), Aleksandar Pavlovic (Bayern Munich), Leroy Sane (Bayern Munich), Florian Wirtz (Bayer Leverkusen)",
            "Forwards: Maximilian Beier (Hoffenheim), Niclas Fullkrug (Borussia Dortmund), Kai Havertz (Arsenal), Thomas Muller (Bayern Munich), Deniz Undav (Stuttgart)"
        ]
    }
}