{
    "https://www.bbc.com/news/articles/c103y3ejry8o": {
        "link": "https://www.bbc.com/news/articles/c103y3ejry8o",
        "subtitle": "Parking for most cars is moved from Noble's Park to St George's car park near police headquarters.",
        "time": null,
        "title": "Overhaul of TT grandstand parking arrangements for 2024",
        "topics": [
            "Douglas",
            "Parking"
        ],
        "images": [
            "https://ichef.bbci.co.uk/news/480/cpsprodpb/25f7/live/f10ace80-0e29-11ef-9196-398e814527b9.jpg.webp",
            "https://ichef.bbci.co.uk/news/480/cpsprodpb/1605/live/a69b21c0-0e28-11ef-9196-398e814527b9.jpg.webp"
        ],
        "videos": [],
        "author": "Catherine Nicoll,",
        "text": [
            "Public parking arrangements in the area of the grandstand during the Isle of Man TT races have been overhauled.",
            "Under the changes, only motorcycles, blue badge and hospitality ticket holders and those with designated passes will be allowed to park in Noble\u2019s Park.",
            "Parking for all other cars will be at St George\u2019s Car Park, adjacent to police headquarters.",
            "The changes are a result of Douglas Council, which owns Noble\u2019s Park, reducing the amount of space that can be used as a car park during the event.",
            "The new arrangements, just off Dukes Avenue, will only be accessible via the Victoria Road route, as access from Glencrutchery Road will be shut off to all but police vehicles.",
            "As in previous years, a one-way down St Ninian\u2019s Road will be in operation to help traffic flow around the area.",
            "TT organisers have urged those planning to attend the grandstand to use public transport to get there when possible.",
            "A taxi drop off and pick-up point has also been introduced in Noble\u2019s Park for the period.",
            "The Isle of Man TT races are scheduled to take place between 27 May and 8 June.",
            "Why not follow BBC Isle of Man on Facebook, and X? You can also send story ideas to IsleofMan@bbc.co.uk"
        ]
    },
    "https://www.bbc.com/news/articles/cv20gjdr9vgo": {
        "link": "https://www.bbc.com/news/articles/cv20gjdr9vgo",
        "subtitle": "The number of migrants crossing the Channel since January 1 is 9,803, according to Home Office data.",
        "time": null,
        "title": "Small boats: Record number of migrants cross Channel in 2024",
        "topics": [
            "Home Office",
            "English Channel",
            "Migration"
        ],
        "images": [
            "https://ichef.bbci.co.uk/news/480/cpsprodpb/e088/live/96e333e0-147b-11ef-87f2-97663bbe6622.jpg.webp"
        ],
        "videos": [],
        "author": "Amy Walker,",
        "text": [
            "The Home Office says it is \u201cunacceptable\u201d that almost 10,000 people have arrived in the UK after crossing the English Channel in small boats this year.",
            "A total of 103 people made the crossing in two boats on Saturday bringing the total so far this year to over 9,800. This does not include numbers from two boats arriving on Sunday. ",
            "That is higher than the total for the first five months of any year since current figures began in 2018.",
            "A Home Office spokesperson said the figures show \"exactly why we must get flights to Rwanda off the ground as soon as possible\".",
            "The previous record for the period January 1 to May 31 was 9,607, which was set in 2022.",
            "The Labour Party says that its analysis of the Home Office figures shows that the number of people is up 36% on the same point last year and 13% higher than 2022.",
            "Shadow immigration minister Stephen Kinnock said: \u201cThousands of people have crossed the Channel since the government\u2019s Rwanda bill passed, with crossings up a third on last year already.\"",
            "A Home Office spokesperson said it was working \"closely\" with French police to \"prevent these dangerous, illegal and unnecessary journeys\".",
            "\"We remain committed to building on the successes that saw arrivals drop by more than a third last year, including tougher legislation and agreements with international partners, in order to save lives and stop the boats,\" they added.",
            "There were 29,437 arrivals across the whole of 2023, down 36% on a record 45,774 arrivals in 2022.",
            "Follow BBC Kent on Facebook, on X, and on Instagram. Send your story ideas to southeasttoday@bbc.co.uk or WhatsApp us on 08081 002250."
        ]
    },
    "https://www.bbc.com/sport/football/articles/c0depngwxxyo": {
        "link": "https://www.bbc.com/sport/football/articles/c0depngwxxyo",
        "subtitle": "Find out who is available on a free transfer as clubs in England and Scotland announce their retained lists.",
        "time": null,
        "title": "Released players: Clubs announce summer 2024 retained lists - BBC Sport",
        "topics": [],
        "images": [],
        "videos": [],
        "author": "",
        "text": [
            "The 2023-24 season is coming to an end, with many players set to be available on free transfers at the end of their contracts.",
            "Find out who has been let go with our collation of club released/retained lists.",
            "Confirmed signings can be found on our transfers page.",
            "You can also catch up with what the papers are saying in today's gossip column.",
            "Birmingham",
            "Bristol City",
            "Coventry",
            "Huddersfield",
            "Hull",
            "Middlesbrough",
            "Millwall",
            "Norwich",
            "Plymouth",
            "Preston",
            "Rotherham",
            "Sheffield Wednesday",
            "Stoke",
            "Sunderland",
            "Swansea",
            "Watford",
            "West Brom",
            "Barnsley",
            "Blackpool",
            "Bolton",
            "Bristol Rovers",
            "Burton",
            "Cambridge",
            "Carlisle",
            "Charlton",
            "Cheltenham",
            "Derby",
            "Exeter",
            "Fleetwood, external",
            "Leyton Orient",
            "Lincoln",
            "Northampton",
            "Oxford United",
            "Peterborough",
            "Portsmouth",
            "Port Vale",
            "Reading",
            "Shrewsbury",
            "Stevenage",
            "Wigan",
            "Wycombe",
            "Accrington",
            "AFC Wimbledon, external",
            "Barrow",
            "Bradford",
            "Colchester",
            "Crewe",
            "Doncaster",
            "Forest Green",
            "Gillingham",
            "Grimsby",
            "Harrogate",
            "Mansfield",
            "MK Dons",
            "Morecambe",
            "Newport",
            "Notts County",
            "Salford",
            "Stockport",
            "Sutton, external",
            "Swindon",
            "Tranmere, external",
            "Walsall",
            "Wrexham",
            "Collated news",
            "2023 - 2022 - 2021"
        ]
    },
    "https://www.bbc.com/news/articles/c72plr8pxxlo": {
        "link": "https://www.bbc.com/news/articles/c72plr8pxxlo",
        "subtitle": "Jasmine Jobson is among the winners at the Bafta TV Awards at the Royal Festival Hall in London.",
        "time": null,
        "title": "Bafta TV Awards: The winners and nominees",
        "topics": [
            "Television",
            "Bafta Awards"
        ],
        "images": [
            "https://ichef.bbci.co.uk/news/480/cpsprodpb/7946/live/678563d0-1083-11ef-b9d8-4f52aebe147d.jpg.webp",
            "/bbcx/grey-placeholder.png"
        ],
        "videos": [],
        "author": "Steven McIntosh,",
        "text": [
            "Happy Valley, Top Boy and The Sixth Commandment were among the big winners at the Bafta TV Awards on Sunday. ",
            "Succession, Such Brave Girls, Juice and Black Ops also scooped prizes at the event at London's Royal Festival Hall.",
            "Here is the full list of winners and nominees:",
            "Leading actress",
            "",
            "Leading actor",
            "",
            "Supporting actress",
            "",
            "Supporting actor",
            "",
            "Female performance in a comedy",
            "",
            "Male performance in a comedy",
            "",
            "Drama series",
            "",
            "Limited drama",
            "",
            "Scripted comedy",
            "",
            "Soap",
            "",
            "Entertainment programme",
            "Entertainment performance",
            "",
            "Comedy entertainment programme",
            "",
            "Factual entertainment",
            "",
            "Reality",
            "",
            "Daytime",
            "",
            "International",
            "",
            "Live event coverage",
            "",
            "Current affairs",
            "",
            "Single documentary",
            "",
            "Factual series",
            "",
            "Specialist factual",
            "",
            "News coverage",
            "",
            "Sports coverage",
            "",
            "Memorable moment",
            "",
            "Short form"
        ]
    },
    "https://www.bbc.com/news/articles/c97z2yd98p9o": {
        "link": "https://www.bbc.com/news/articles/c97z2yd98p9o",
        "subtitle": "The 155th Balmoral Show will take place from Wednesday 15 May to Saturday 18 May 2024 in Lisburn.",
        "time": null,
        "title": "Balmoral Show 2024: What you need to know",
        "topics": [
            "NI agriculture",
            "Agriculture",
            "Northern Ireland"
        ],
        "images": [
            "https://ichef.bbci.co.uk/news/480/cpsprodpb/e696/live/126d8340-0eae-11ef-8380-ed08c6be674e.jpg.webp",
            "https://ichef.bbci.co.uk/news/480/cpsprodpb/6c50/live/20bcb0b0-0eae-11ef-8380-ed08c6be674e.jpg.webp",
            "https://ichef.bbci.co.uk/news/480/cpsprodpb/4842/live/abd51550-0df2-11ef-8856-81fec34dc4e7.jpg.webp",
            "https://ichef.bbci.co.uk/news/480/cpsprodpb/874f/live/2cfea900-0eae-11ef-a74a-7d16df1ac31c.jpg.webp",
            "/bbcx/grey-placeholder.png",
            "/bbcx/grey-placeholder.png"
        ],
        "videos": [],
        "author": "Lucy Carlin,",
        "text": [
            "Sheep shearing, show jumping and stock judging. ",
            "It is that time of year again.",
            "Balmoral Show, Northern Ireland's biggest agricultural event, kicks off on Wednesday.",
            "Thousands of people are expected to make their way to the Eikon Centre in Lisburn for the four-day annual event.",
            "So what can visitors expect? We have some of your questions answered.",
            "This year, the show runs from 15 to 18 May.",
            "It is being held at the Eikon Exhibition Centre near Lisburn.",
            "Gates open at 09:30 BST and there is a packed programme of events for each day.",
            "The highlights on day one include the young stock championship and parade, as well as show jumping in the main arena.",
            "It will also be a busy day in the cattle rings where Aberdeen Angus and Hereford will be among the breeds on display.",
            "A floral art competition will take place in the shearing pavilion later in the afternoon.",
            "The many activities on Thursday include interbreed stock judging in the cattle rings, while the Bolddog Lings Motorcycle Display Team will take to the main arena at noon. ",
            "Later, there is the horse parade in the main arena with a dressage display in the P&O Ferries arena in late afternoon.",
            "On Friday, the senior sheep shearing heats will be happening and there will also be a heavy horse parade.",
            "Saturday will see the young farmer games and a Six Nations wool handling competition.",
            "Organisers of the Balmoral Show ask that you buy tickets online in advance of travelling to the show. But they can also be bought at the gate, if necessary.",
            "Tickets can be bought online on any of the show days.",
            "They are day specific and are non-transferable and non-refundable.",
            "The Balmoral Showgrounds are located just outside Lisburn. ",
            "Those travelling to the event are encouraged to make use of public transport.",
            "If you are travelling by train, the nearest station is Lisburn Train Station which is less than 15 minutes away from the event.",
            "A complimentary shuttle service will run from the station to the showgrounds, operating regularly throughout the day.",
            "The last shuttle bus will leave 30 minutes after the show closes each day.",
            "By car:",
            "Car parking is available on the showgrounds at a daily rate of \u00a310 per car. ",
            "It can be paid by cash only on the day of your visit.",
            "Organisers advise to buy show tickets in advance and to arrive early so that site entry can be quick and easy. ",
            "Yes for the family, but no for the dog - unless it is an assistance dog.",
            "There are plenty of activities for all ages, including children.",
            "There is a funfair, sensory bus, educational displays and the \"kidz farm\".",
            "There is a strict no dogs policy at Balmoral Show with the exception of those taking part in displays or assistance dogs. ",
            "Visitors with dogs will not be able to enter and they are not allowed to remain in cars in the car parks.",
            "The Balmoral Show website gives full details on the accessibility measures in place including:",
            "There is also a new accessibility map which highlights important support across the showgrounds.",
            "There will be a change in the weather for the week ahead with more unsettled conditions likely and a return to cooler temperatures - the mid or high teens, more typical of this time of year than what we have seen over the past few days.",
            "The current forecast suggests a sunshine and showers weather pattern which would allow for some dry spells too, and winds are not forecast to be strong."
        ]
    },
    "https://www.bbc.com/news/uk-england-leicestershire-69008677": {
        "link": "https://www.bbc.com/news/uk-england-leicestershire-69008677",
        "subtitle": "Conservationists say the young bird was born \"amid the spectacular aurora displays over the skies\".",
        "time": null,
        "title": "First osprey chick of 2024 hatches at Rutland Water",
        "topics": [
            "Ospreys"
        ],
        "images": [
            "https://ichef.bbci.co.uk/news/480/cpsprodpb/35C0/production/_133306731_05f02a9e-ef8b-4909-b57b-970d4856f2b5.jpg.webp",
            "https://ichef.bbci.co.uk/news/480/cpsprodpb/177D3/production/_133311269_0510d3ea-c99b-45b1-ae4f-92cdb50a5992.jpg.webp",
            "https://ichef.bbci.co.uk/news/480/cpsprodpb/5CA5/production/_98171732_line976.jpg.webp"
        ],
        "videos": [],
        "author": "By Liam Barnes,",
        "text": [
            "The first osprey chick of the year has hatched at Rutland Water Nature Reserve.",
            "Leicestershire and Rutland Wildlife Trust previously confirmed an egg was laid by a bird called Maya on 1 April.",
            "The trust said the chick hatched \"amid the spectacular aurora displays over the skies\" over the weekend.",
            "The reserve was the first place in England where ospreys bred in 150 years when Scottish chicks were introduced in 1996 and in 2001.",
            "The trust said Maya was a prolific breeder who would likely reach her 40th chick this year.",
            "It is hoped a second egg of her eggs will hatch soon and both chicks will fledge by the end of the summer. ",
            "Matt Scase, from Leicestershire and Rutland Wildlife Trust, said the hatching made it \"a fantastic day for all of us here\".",
            "\"It has been great to see so many excited people come down to the Lyndon Visitor Centre to see the adorable chick on the nest,\" he said.",
            "Follow BBC Leicester on Facebook, on X, or on Instagram. Send your story ideas to eastmidsnews@bbc.co.uk or via WhatsApp on 0808 100 2210."
        ]
    },
    "https://www.bbc.com/sport/rugby-union/articles/cz9lq7g1g3no": {
        "link": "https://www.bbc.com/sport/rugby-union/articles/cz9lq7g1g3no",
        "subtitle": "Which players are joining or leaving the Welsh regions for the 2024-25 season?",
        "time": "2024-05-28T10:04:57.142020",
        "title": "Welsh rugby: Who is signed or leaving regions for 2024-25 season - BBC Sport",
        "topics": [],
        "images": [
            "https://ichef.bbci.co.uk/news/683/cpsprodpb/660f/live/5384a2b0-0d54-11ef-807a-1de894448130.jpg",
            "https://ichef.bbci.co.uk/news/2048/cpsprodpb/a46b/live/3a1f1690-0d52-11ef-aa68-bd13233843cd.jpg",
            "https://ichef.bbci.co.uk/news/2048/cpsprodpb/161c/live/79e40220-0eda-11ef-baf7-37076970db34.jpg",
            "https://ichef.bbci.co.uk/news/2048/cpsprodpb/34a9/live/7dca0730-0ee0-11ef-afb0-c7213411e7ad.jpg",
            "https://ichef.bbci.co.uk/news/2048/cpsprodpb/8657/live/a1bc2250-0d54-11ef-aa68-bd13233843cd.jpg"
        ],
        "videos": [],
        "author": "",
        "text": [
            "Welsh rugby is facing another tumultuous summer as the regions weigh up the latest round of budget cuts.",
            "Cardiff, Dragons, Ospreys and Scarlets will see the salary cap fall further, from \u00a35.2m to \u00a34.5m for next season.",
            "The reduction is part of the six-year funding framework agreed with the Welsh Rugby Union (WRU) last year.",
            "But it means the regions will see more comings and goings as they scramble to piece together squads capable of improving their positions in the United Rugby Championship (URC). ",
            "BBC Sport Wales brings you a round-up of all the news and gossip surrounding players' futures.",
            "In: Cardiff-born Wales fly-half Callum Sheedy is returning to Wales following a decade at Bristol - where he became their top Premiership points scorer - to offer some respite for Tinus de Beer, who has played in every game this season.",
            "Ireland prop Ed Byrne will join from Leinster, where he won five league titles and the European Champions Cup, and is joined by another loose-head prop, Danny Southworth from Exeter Chiefs.",
            "Cardiff have also signed two new wings with ex-England Under-20s wing Gabriel Hamer-Webb making a permanent return, after spending three months at the Arms Park in the middle of the season, while Wales-qualified Iwan Stephens is another recruit, from Newcastle Falcons.",
            "Former Italy lock Corniel van Zyl takes the roll of forwards coach with a move from Ealing Trailfinders, where he took a short-term deal after the collapse of London Irish.",
            "Re-signed: Mason Grady, Corey Domachowski, Liam Belcher, Keiron Assiratti, Cameron Winnett, Alex Mann, Mackenzie Martin, Evan Lloyd, Harri Millard, James Botham, Jacob Beetham, Alun Lawrence, Gethin Jenkins (defence coach).",
            "Out: Tomos Williams (Gloucester), Rhys Carre (Saracens), Elis Jenkins (retiring), Shane Lewis-Hughes (Dragons), Owen Lane (Valance Romans), Josh Turnbull (retiring), Richie Rees (assistant coach - Monmouth School), Ciaran Parker (retiring), Aled Summerhill.",
            "Uncertain: Ex-Wales centre Willis Halaholo's future is uncertain after signing to the end of the season.",
            "In: Wales back-row Shane Lewis-Hughes moves from Cardiff while Australian Steve Cummings links up with Dai Flanagan once again. ",
            "The 32-year-old joins from French club Pau, having had previous stints in South Africa, Australia and with Flanagan at Scarlets between 2017 and 2020.",
            "Fellow Australian, centre Harry Wilson, is also heading to Rodney Parade from NSW Waratahs and will be joined by another Super Rugby player in Solomone Funaki. Former Wales Under-20s hooker Oli Burrows has also joined from Exeter Chiefs.",
            "The Tonga back row plays as Manu Pasifika under new Dragons defence coach Filo Tiatia.",
            "Re-signed: Rio Dyer, Aaron Wainwright, Taine Basham, Matthew Screech, Angus O'Brien, Will Reed, Ewan Rosser, Ryan Woodman, Harri Ackerman, Joe Westwood, Che Hope, Morgan Lloyd, Sam Scarfe, Oli Andrew.",
            "Out: Gonzalo Bertranou, Lewis Jones, Aki Seiuli, Sean Lonsdale, Sio Tomkinson, Max Clark, Corey Baldwin, Nathan Evans, Ellis Shipp, Jack Dixon (retiring), Mefin Davies (assistant coach), Luke Narraway (assistant coach).",
            "Uncertain: There has been no signal yet of the future of British & Irish Lions flanker Dan Lydiate or Wales front-rowers Bradley Roberts and Leon Brown, who has been linked with a move to Bristol.",
            "Chris Hollis and Dimitri Arhip joined on short-term deals with no word yet on whether they will remain.",
            "In: Wales scrum-half Keiran Hardy is joining from Scarlets and is followed by prop Steff Thomas who will compete for a starting place with his cousin and fellow loose-head Gareth Thomas.",
            "Ex-England Under-20s wing Phil Cokanasiga, younger brother of England wing Joe, joins from Leicester Tigers.",
            "Wales-qualified lock Will Greatbanks has signed from French second-tier club Soyaux Angouleme.",
            "Re-signed: James Fender, Jack Walsh, Ethan Lewis, Lewis Lloyd, Garyn Phillips, Luke Scully, Huw Sutton, Harri Deaves, Dan Edwards, Max Nagy, Keelan Giles, Tom Botha, Tom Florence, Cam Jones.",
            "Out: George North (Provence), Nicky Smith (Leicester), Alex Cuthbert, Toby Fricker, Mat Protheroe, Will Hickey, Cameron Jones.",
            "In: Scotland prop Alec Hepburn joins from Exeter Chiefs where he won the European Champions Cup in 2020 and reached six English Premiership finals in succession.",
            "South African hooker Marnus van der Merwe, who was included in Rassie Erasmus' initial 43-man Springboks squad for the Rugby Championship, joins from Cheetahs where was part of the 2023 Currie Cup winning side.",
            "He follows fellow South African Jarrod Taylor who joined from Stormers in February.",
            "Welsh-qualified full-back Ellis Mee has joined from Nottingham where the 20-year-old has been combining his rugby career with studies at Nottingham Trent University.",
            "Australian lock Max Douglas will arrive from Japanese side Yokohama Canon Eagles.",
            "Re-signed: Sam Lousi, Tom Rogers, Harri O'Connor, Ben Williams, Dan Davis.",
            "Out: Wyn Jones, Scott Williams, Jonathan Davies, Johnny McNicholl (Crusaders), Kieran Hardy (Ospreys), Steff Thomas (Ospreys), Dan Jones, Ryan Conbeer, Ken Owens (retiring), Samson Lee (retiring), Iwan Shenton, Eduan Swart, Joe Jones.",
            "Uncertain: Negotiations are ongoing with out of contract Wales centre Johnny Williams and Tonga forward Vaea Fifita, who has a year left on his current deal, while Scarlets will be hoping Scotland lock Alex Craig will stay.",
            "Wales prop Henry Thomas has also been tipped for a move to Llanelli from Castres."
        ]
    },
    "https://www.bbc.com/sport/american-football/articles/cglxx4g1p5no": {
        "link": "https://www.bbc.com/sport/american-football/articles/cglxx4g1p5no",
        "subtitle": "Aaron Rodgers, the NFL's four-time Most Valuable Player, is set to return to London for the 2024 season's international series.",
        "time": null,
        "title": "NFL London: Aaron Rodgers set for Tottenham return in 2024 - BBC Sport",
        "topics": [],
        "images": [
            "https://ichef.bbci.co.uk/news/890/cpsprodpb/dc69/live/77c22150-12b0-11ef-9ff1-31672546ac9e.jpg"
        ],
        "videos": [],
        "author": "",
        "text": [
            "Aaron Rodgers, the NFL's four-time Most Valuable Player, is set to return to play in London as part of the 2024 season's international series.",
            "Rodgers, 40, made his first international appearance with the Green Bay Packers in 2022.",
            "The veteran quarterback could be back at Tottenham Hotspur Stadium on 6 October when his New York Jets team face the Minnesota Vikings.",
            "For the second year running, the Jacksonville Jaguars will play two international games and the New England Patriots will return to London for the first time since 2012.",
            "The Jaguars will face the Chicago Bears at Tottenham on 13 October before 'hosting' the Patriots at Wembley on 20 October.",
            "The Jaguars have played in each London series since 2013 and last year became the first NFL team to play two regular-season games outside the USA in the same season, beating the Atlanta Falcons and the Buffalo Bills on consecutive Sundays.",
            "Rodgers is one of three active players to be named MVP, along with Patrick Mahomes and Lamar Jackson. The only player to win the award more times than Rodgers is Peyton Manning with five.",
            "Rodgers spent 18 seasons with Green Bay before joining the Jets last April, although the 2011 Super Bowl winner sustained a season-ending injury in his first game.",
            "The Packers became the 32nd and last NFL team to play in London since the international series began in 2007, although Rodgers was unable to stop them losing 27-22 to the New York Giants in 2022.",
            "\"Three years ago fans here might have feared they would never see Aaron Rodgers play in the UK, so to have him back is such an exciting prospect,\" NFL UK's general manager Henry Hodgson told BBC Sport.",
            "The Giants are heading overseas again this season having been confirmed as the opponents for the Carolina Panthers in Munich.",
            "There will be five international games played this season, with the NFL staging a regular-season game in Brazil for the first time on the opening weekend.",
            "The second London game will feature the number one draft picks from 2021 and this year go head-to-head.",
            "\"We've got teams coming over that have great support across the UK and Ireland, and the rest of Europe, and some superstars coming with them,\" Hodgson added.",
            "\"We've seen Trevor Lawrence a few times now in the UK - he's such an exciting player - and Caleb Williams might be the most exciting quarterback to come out of the draft since Trevor Lawrence, so that should be a great match-up.\"",
            "If an NFL franchise were to relocate to the UK, the Jaguars were seen as the most likely option.",
            "The Florida-based team have now agreed a 30-year lease on a new stadium worth $1.4bn, which includes a non-relocation clause but also a commitment to continue playing one home game a year in London.",
            "Friday, 6 September - Green Bay Packers v Philadelphia Eagles (Sao Paulo)",
            "Sunday, 6 October - New York Jets v Minnesota Vikings (Tottenham, London) ",
            "Sunday, 13 October - Jacksonville Jaguars v Chicago Bears (Tottenham, London)",
            "Sunday, 20 October - New England Patriots v Jacksonville Jaguars (Wembley, London)",
            "Sunday, 10 November - New York Giants v Carolina Panthers (Munich)"
        ]
    }
}