{
    "https://www.bbc.com/news/uk-england-leicestershire-69043287": {
        "link": "https://www.bbc.com/news/uk-england-leicestershire-69043287",
        "subtitle": "Trading Standards officials say they have received more than 200 complaints over the past 12 months.",
        "time": null,
        "title": "Rogue trader warning as scams cost Leicestershire victims \u00a32.9m",
        "topics": [
            "Leicestershire County Council",
            "Trading Standards"
        ],
        "images": [
            "https://ichef.bbci.co.uk/news/480/cpsprodpb/E624/production/_131661985_392bbcf0-bef0-4ba7-8b04-fd2e4de83df4.jpg.webp",
            "https://ichef.bbci.co.uk/news/480/cpsprodpb/5CA5/production/_98171732_line976.jpg.webp"
        ],
        "videos": [],
        "author": "Dan Martin,",
        "text": [
            "Trading Standards officials have issued a warning after victims of rogue traders in Leicestershire reported losing nearly \u00a33m over the past 12 months.",
            "Leicestershire County Council said it had received more than 200 complaints about cold call repair scams since May 2023.",
            "On average, each victim lost \u00a313,319, the council said.",
            "It has urged people not to ask unexpected visiting traders to do work.",
            "The council said doorstep offers for roofing, chimney work or driveway repairs were the most commonly-reported scams.",
            "It said in many cases scammers claimed to have noticed non-existent damage then pressurised householders into paying for unnecessary repairs.",
            "Deborah Taylor, the council's cabinet member for regulatory services, said: \"Our trading standards team will act on complaints where there appears to be a pattern of unfair trading and fraud. ",
            "\"Officers will undertake investigations where there is substantial loss to consumers. ",
            "\"Let this be a warning to all cold callers offering home improvements who target vulnerable consumers.\"",
            "Follow BBC Leicester on Facebook, on X, or on Instagram. Send your story ideas to eastmidsnews@bbc.co.uk or via WhatsApp on 0808 100 2210."
        ]
    },
    "https://www.bbc.com/news/articles/cd131l3k9jno": {
        "link": "https://www.bbc.com/news/articles/cd131l3k9jno",
        "subtitle": "Royal Mail's owner IDS said it had received a revised proposal of 370p a share from a Czech billionaire.",
        "time": null,
        "title": "Royal Mail owner poised to accept \u00a33.5bn takeover bid",
        "topics": [
            "Companies",
            "Royal Mail"
        ],
        "images": [
            "https://ichef.bbci.co.uk/news/480/cpsprodpb/0911/live/d62f2750-12c0-11ef-9ff1-31672546ac9e.jpg.webp"
        ],
        "videos": [],
        "author": "Lora Jones,",
        "text": [
            "The owner of Royal Mail is poised to accept an improved takeover bid worth about \u00a33.5bn from shareholder and Czech billionaire Daniel Kretinsky.",
            "International Distribution Services (IDS) said it had received a revised proposal of 370p a share from Mr Kretinsky's EP Group.",
            "It marks an improvement on the initial 320p-a-share cash bid made in April for the shares in IDS that it does not already own.",
            "In an update to investors, Royal Mail's parent company said it would be \"minded to recommend\" the new proposal on the updated terms and price, should a firm bid be made.",
            "IDS said Mr Kretinsky, whose investment vehicle currently owns a 27.6% stake in the firm, had agreed to offer a set of \"contractual undertakings\" to protect key public interest factors due to Royal Mail's major role in UK national infrastructure.",
            "This would include commitments to Royal Mail's plans to keep six-day-a-week first class letter deliveries under the universal service, protect workers' rights as well as the Royal Mail brand, and keep its headquarters in the UK.",
            "The deal still faces a number of hurdles, but IDS said that both sides would carry on speaking about the proposal in more detail.",
            "Royal Mail, which was split from the Post Office and privatised a decade ago, is legally obliged to deliver a one-price-goes-anywhere universal service, which means it has to deliver letters six days per week, Monday to Saturday, and parcels Monday to Friday.",
            "But the company's performance in recent years has deteriorated, leading to heavy financial losses, with customers regularly not receiving letters, including important medical appointments and legal documents, on time.",
            "The volume of letters being posted has plummeted, with half the number being sent compared to 2011 levels. Meanwhile, parcel deliveries have become more popular - and more profitable.",
            "In the update to investors on Wednesday, Keith Williams, chairman of IDS, described the initial offer as \"fair\" and said it reflected how the business was having to adapt.",
            "\"It is, however, regrettable that despite four years of asking, the government has not seen fit to engage in reform of the universal service and thus improve our financial position,\" he added.",
            "Last month, Royal Mail set out a series of reforms it wanted to the universal service, one of which included cutting second-class letter deliveries to every other weekday, in a bid to cut costs.",
            "In its submission to Ofcom's consultation on the future of the postal service, Royal Mail said that new ideas were needed to give the organisation a \"fighting chance\".",
            "In response to the takeover bid, the Communication Workers Union (CWU), represents postal workers, warned that the \"future of postal services in the UK is again under threat\".",
            "CWU general secretary Dave Ward said EP Group \"must immediately demonstrate an up-front and open commitment to working with the union to completely change the culture in workplaces across the UK, rule out any break-up of the company or raid of the pension surplus\".",
            "\"It cannot be right that a key part of national infrastructure is allowed to be owned by individuals or companies who have no vision for the future and no clear plan to put the workforce at the heart of turning Royal Mail around,\" he added.",
            "Mr Kretinsky now faces a deadline of 17:00 on 29 May to make a firm offer.",
            "While his previous bid was rejected, ministers cleared the EP Group to increase its stake above 22% in 2022, after a review on national security grounds. ",
            "The Czech entrepreneur also owns stakes in supermarket giant Sainsbury's and West Ham United Football Club. ",
            "Labour shadow business secretary Jonathan Reynolds wrote to Mr Kretinsky on Wednesday calling for safeguards to be put in place to protect the Royal Mail brand and ensure it was not operated overseas.",
            "In the letter, Mr Reynolds said: \"Royal Mail is as British as it gets, and Labour will take the necessary steps to safeguard its undeniable identity and place in public life.\"",
            "Any firm takeover bid is likely to face intense questioning by politicians and regulators due to the volume - and vulnerability in some cases - of people who rely on its services.",
            "A spokesperson for the Department for Business and Trade said it was \"monitoring these developments very closely\".",
            "He added: \"Our priority is to ensure that Royal Mail customers get the service they deserve, including six days-a-week deliveries and a guaranteed standardised price for post throughout the UK, as enshrined by the universal service obligations, regardless of the owner.",
            "\u201cWe will engage with the bidder at an appropriate time to explain our expectations for the future of Royal Mail.\u201d"
        ]
    },
    "https://www.bbc.com/sport/videos/c97zmp68g01o": {
        "link": "https://www.bbc.com/sport/videos/c97zmp68g01o",
        "subtitle": "Falkirk manager John McGlynn leads the celebrations as the League 1 champions complete their unbeaten season.",
        "time": null,
        "title": "Watch: Falkirk players celebrate League 1 title - BBC Sport",
        "topics": [],
        "images": [],
        "videos": [],
        "author": "",
        "text": []
    },
    "https://www.bbc.com/sport/football/articles/cp33mx2xk61o": {
        "link": "https://www.bbc.com/sport/football/articles/cp33mx2xk61o",
        "subtitle": "West Ham are set to appoint Julen Lopetegui as their new manager later this week and the Spaniard will succeed David Moyes.",
        "time": null,
        "title": "West Ham set to appoint Julen Lopetegui as new manager  - BBC Sport",
        "topics": [],
        "images": [
            "https://ichef.bbci.co.uk/news/2048/cpsprodpb/b6d8/live/4dc9f530-1684-11ef-862e-b1715029deec.jpg"
        ],
        "videos": [],
        "author": "",
        "text": [
            "West Ham are set to appoint Julen Lopetegui as their new manager later this week.",
            "The former Spain and Real Madrid coach was identified as the Hammers\u2019 first choice to replace outgoing boss David Moyes and, earlier this month, agreed to take up the role.",
            "Now the Premier League season is over, Lopetegui\u2019s contract will be signed, allowing him to take over for the start of pre-season, which includes a two-week trip to the United States for matches against Crystal Palace and Wolves.",
            "Ironically, Lopetegui spent the second half of the 2022-23 season with Wolves, guiding the club to safety. However, he left on the eve of the new campaign after issues over transfer funding failed to be resolved.",
            "Moyes revealed after Sunday's 3-1 defeat at Manchester City that he has already received job offers but is likely to spend some time with his family after getting only three weeks off last summer.",
            "The Scot has agreed media commitments with BBC Sport and Talksport at this summer\u2019s European Championships.",
            "Former Spain and Real Madrid coach Lopetegui won the Europa League with Sevilla in 2020 before moving to Wolves two years later."
        ]
    },
    "https://www.bbc.com/sport/football/articles/cyrl37rdnl6o": {
        "link": "https://www.bbc.com/sport/football/articles/cyrl37rdnl6o",
        "subtitle": "Aston Villa captain John McGinn believes their loss to Olympiakos in the Europa Conference League is a \"learning curve\".",
        "time": null,
        "title": "John McGinn says Aston Villa's Conference League exit a 'learning curve' - BBC Sport",
        "topics": [],
        "images": [
            "https://ichef.bbci.co.uk/news/1024/cpsprodpb/dfbe/live/657c99b0-0e4d-11ef-a10e-175832b7a9ed.jpg"
        ],
        "videos": [
            "//emp.bbc.com/emp/SMPj/2.52.1/iframe.html"
        ],
        "author": "",
        "text": [
            "John McGinn believes Aston Villa's Europa Conference League campaign has been a  \"learning curve\" despite suffering a semi-final exit to Olympiakos.",
            "Unai Emery's side missed out on a place in the final after going down 6-2 on aggregate against the Greek side.",
            "Villa travelled to the Karaiskakis Stadium needing a memorable turnaround, having lost the first leg 4-2 on home soil, but were unable to overturn the deficit.",
            "\"I think it has been a big learning curve for us,\" McGinn told TNT Sports. \"It's not been a smooth journey.",
            "\"We got to the semi-final and were down to the bare bones a wee bit. However, those of us that were out there across the two legs lost to the better team, and the scoreline shows that.\"",
            "Despite falling in the Conference League, Villa will secure Champions League football next season if Tottenham lose to Burnley on Saturday or if Emery's side beat Liverpool on Monday.",
            "\"For us going into more European competition next season, we need to learn how to manage moments a lot better,\" added Villa captain McGinn.",
            "\"Of course we wanted to do better this year and get to a European final, but we will do everything we can to get ourselves back into this position and get to a final.\"",
            "Emery says Villa are having an \"amazing season\" after playing in Europe for the first time since 2010.",
            "\"My message is clear,\" Emery told TNT Sports. \"Move on and we have to try and finish the season. ",
            "\"[We are] doing an amazing season, particularly if we manage to achieve the last objective. Even without it [Champions League] we are in Europe, in the Europa League.",
            "\"This is an experience for us at Aston Villa after a long time [of not being in Europe] and again we are going to compete in Europe next year. Of course we are a little bit disappointed, a little bit frustrated, but we have to move on quick.\""
        ]
    },
    "https://www.bbc.com/news/articles/c2qvy05g1gqo": {
        "link": "https://www.bbc.com/news/articles/c2qvy05g1gqo",
        "subtitle": "The couple shared a video debuting Hailey's bump in a white, lace dress.",
        "time": null,
        "title": "Hailey and Justin Bieber announce pregnancy",
        "topics": [
            "Justin Bieber"
        ],
        "images": [
            "https://ichef.bbci.co.uk/news/480/cpsprodpb/0ffc/live/fcb02b20-0e49-11ef-b3b4-5746bf611902.jpg.webp"
        ],
        "videos": [],
        "author": "Lucy Clarke-Billings,",
        "text": [
            "Hailey and Justin Bieber have announced they are expecting their first child.",
            "The couple shared a video and images of Hailey, 27, debuting her bump in a white lace dress. ",
            "Famous faces including US reality star Kim Kardashian and model Gigi Hadid posted their congratulations under the announcement on Instagram. ",
            "Hailey and Justin, 30, got married in a secret ceremony in New York in 2018.",
            "The couple announced the news on their respective Instagram pages with corresponding posts.",
            "Both begin with a short, romantic video clip of the couple kissing. Other shots zoom in on Hailey's stomach, which are accentuated in her form-fitting gown.",
            "Neither of the couple's respective Instagram posts feature any text other than each other's Instagram usernames.",
            "A representative for Hailey confirmed to The Associated Press on Thursday that the model is just over six months pregnant.",
            "In a press release, fashion house Yves Saint Laurent said the video and photoshoot were from the Biebers' vow renewal ceremony on Thursday in Hawaii.",
            "Hailey is the daughter of actor Stephen Baldwin, while Justin was discovered as a singer aged 13 and went on to become a pop sensation with hits including Baby, Love Me and Yummy.",
            "In addition to modelling, Hailey is the founder of a skincare line, Rhode.",
            "Last year, Justin was forced to cancel the remaining dates of his Justice world tour amid his ongoing recovery from Ramsay Hunt syndrome, a condition that can cause facial paralysis.",
            "The Canadian singer unexpectedly stepped on stage at Coachella last month to perform 2020 hit single Essence, alongside Wizkid, during a set by Nigerian star Tems."
        ]
    },
    "https://www.bbc.com/news/uk-northern-ireland-68972341": {
        "link": "https://www.bbc.com/news/uk-northern-ireland-68972341",
        "subtitle": "A man in his 20s was taken to hospital after he was found with a nail through each hand at a fence.",
        "time": null,
        "title": "Bushmills: Tour guide describes nail attack as 'dark incident'",
        "topics": [],
        "images": [],
        "videos": [],
        "author": "",
        "text": []
    },
    "https://www.bbc.com/news/uk-england-beds-bucks-herts-68944810": {
        "link": "https://www.bbc.com/news/uk-england-beds-bucks-herts-68944810",
        "subtitle": "Work on the site is expected to finish later this year.",
        "time": null,
        "title": "Luton and Dunstable hospital building 'takes shape' in timelapse video",
        "topics": [],
        "images": [],
        "videos": [],
        "author": "",
        "text": []
    },
    "https://www.bbc.com/travel/article/20240528-a-chicken-recipe-so-good-its-origin-is-being-fought-in-court": {
        "link": "https://www.bbc.com/travel/article/20240528-a-chicken-recipe-so-good-its-origin-is-being-fought-in-court",
        "subtitle": "A dish beloved around the world, butter chicken is now at the heart of a legal battle being waged by two of India's oldest restaurants.",
        "time": "2024-05-28T20:02:56.814548",
        "title": "A chicken recipe so good its origin is being fought in court",
        "topics": [
            "Features",
            "Food",
            "Food & Drink"
        ],
        "images": [
            "https://ichef.bbci.co.uk/images/ic/480xn/p0j0090y.jpg.webp",
            "https://ichef.bbci.co.uk/images/ic/480xn/p0j009h2.jpg.webp",
            "/bbcx/grey-placeholder.png",
            "/bbcx/grey-placeholder.png"
        ],
        "videos": [],
        "author": "By Tamara Hinson",
        "text": [
            "A dish beloved around the world, butter chicken is now at the heart of a legal battle being waged by two of India's oldest restaurants.",
            "It was a hot, sticky day in Delhi, and at Gulati, an Indian restaurant just around the corner from the beautiful Agrasen ki Baoli\u00a0stepwell, waiters were struggling to cope with a sudden influx of customers, most of whom were here for one thing: the restaurant's legendary butter chicken.",
            "Shortly after I arrived, a trio of off-duty chefs, still in their chefs' whites, grabbed a table and ordered plates of butter chicken, the same dish being enjoyed by a nearby gaggle of office workers and some German tourists who had immediately requested Gulati's most famous dish without even glancing at the menu.",
            "Ironically, for a delicacy most commonly served in restaurants and at celebrations (it's one of the most popular menu items at Indian weddings), butter chicken has strong ties to an event that tore India apart \u2013 and it's now at the heart of a legal battle being waged by two of India's oldest restaurants.",
            "A quick history lesson. Prior to India's brutal partition in 1947, a man named Mokha Singh ran a restaurant in the city of Peshawar (now in Pakistan) called Moti Mahal. After partition, Singh moved to Delhi, founding a restaurant with three employees he'd worked with in Peshawar: Kundan Lal Gujral, Kundan Lal Gujral's cousin Kundan Lal Jaggi and Thakur Das Mago. It was here, in a restaurant in the Delhi suburb of Daryaganj, that they started serving a dish first thrown together at their restaurant in Peshawar \u2013 one created by adding a tomato-based gravy, dollops of butter and spices common in Pakistan to leftover tandoori chicken.",
            "Butter chicken was an instant hit in Delhi. Government ministers and heads of state (including India's first prime minister, Jawaharlal Nehru) flocked to the restaurant to sample the dish, which was regularly served at state banquets. But after Gujral died, financial difficulties prompted the sale of Moti Mahal. However, his descendants, keen to capitalise on their belief that it was their grandfather \u2013 and their grandfather alone \u2013 who invented butter chicken, later opened another restaurant, Moti Mahal Delux, franchises of which can now be found throughout Delhi.\u00a0",
            "But Gujral's descendants weren't the only ones who wanted to capitalise on the dish that put their ancestors' restaurant on the map. In 2019, Jaggi's grandson founded a rival chain of restaurants called Daryaganj. To add insult to injury, its tagline included the words \"by the inventors of Butter Chicken\". In early 2024, Moti Mahal Delux and Gujral's grandson, Monish, filed a lawsuit against Daryaganj, asserting that this claim was incorrect and requesting damages on account of the view that Monish's late grandfather was the dish's sole creator. The case will be heard in Delhi on 29 May 2024.",
            "Amit Bagga is CEO of Daryaganj, which he runs with Raghav\u00a0Jaggi, the grandson of Kundan Lal Jaggi. Bagga firmly believes their restaurant has a right to the tagline, proof of which, he says, is the registered trademark certificate granted in 2018 that allows them to use the full tagline \"Daryaganj: by the Inventors of Butter Chicken and Dal Makhani\". Additionally, he says, deeds prove that Gujral and Jaggi co-owned the restaurant where it was invented.",
            "Whose grandfather prepared that first portion of butter chicken is almost certainly impossible to prove, although Bagga believes it was probably a collaboration. \"They had all this tandoori chicken and they didn't know what to do with it,\" he said. \"So they said, let's make a meal out of it. And they took fresh tomatoes, added butter and spices, mixed it with the chicken and started serving this new dish. I met Kundan Lal Jaggi just before he passed away and I asked him how it was invented, and he said it was an accident \u2013 it was created by chance.\"",
            "And it's certainly a dish that has evolved dramatically since it started tingling the tastebuds of post-partition India. What Jaggi and Gujral would make of the recent furore surrounding the dish is anyone's guess, although I suspect they'd be amused by some of its reincarnations.",
            "Last year, mixologists at the Mumbai-based Woodside Inn made headlines when they came up with a Butter Chicken Cocktail: a spicy vodka-based tipple made with a splash of clarified gravy similar to the one used for butter chicken.",
            "In Delhi, I've lost count of the number of restaurants serving butter chicken pizzas; while at the Shangri-La Eros' lobby cafe, I discover what might just be my favourite ode to butter chicken: a wonderfully flaky butter chicken samosa packed with the flavours that define this much-loved dish. \"The tomato flavour is really important,\" said the hotel's executive chef Gagandeep Singh Sawhney, who believes new takes on this Delhi delicacy shouldn't be written off (although he draws the line at butter chicken cocktails). \"Chefs don't want to spoil it, but if you maintain the authentic taste there's no harm in it.\"",
            "My next stop that day was Daryaganj's Aerocity restaurant where artfully-exposed brickwork and vast expanses of wood and brass offered a nod to Indian Art Deco. Framed photos of popstars and politicians who've graced the restaurant with their presence hung from the walls, and I was curious about the dish that lured them here. The first thing I noticed about Daryaganj's butter chicken was the coarseness of the gravy, which had a satisfying grittiness. \"In 1947 there weren't any blenders, and our butter chicken's tomato gravy is just like the original,\" said Bagga. \"It's much more gravy-like than the sauces most butter chicken dishes are served with today.\"\u00a0",
            "Later, I made it to a branch of Moti Mahal Delux. The butter chicken I ordered was delicious and packed with flavour, from a rich hit of vine-fresh tomatoes to an unexpected hit of chilli heat, although the sauce was smoother than the one served at Daryaganj. I wanted to know more about the recipe, but Moti Mahal Delux's owners, after initially agreeing to chat, had gone to ground. A spokesperson eventually told me that it's been decided there won't be any communication about any aspect of the company due to the court case. I couldn't help but suspect Moti Mahal Delux's owners are beginning to regret filing a lawsuit that might be impossible to win.\u00a0",
            "More like this:",
            "And I'm not alone. The University of Sheffield's Dr Neha Vermani, a cultural historian specialising in South Asia and the history of food, finds the notion that any individual can claim ownership of a dish hard to stomach. She's also got little time for those who tie its creation too closely to partition (butter chicken is often described as testament to the resilience of Hindu Punjabi refugees who left Peshawar and fled, often penniless, to Delhi post-partition).",
            "\"I'm amused by the belief that the dollops of butter in butter chicken were reflective of post-partition frugality,\" said Vermani, who also believes that suggesting that a dish such as butter chicken was the deliberate invention of one person erases the contributions of others.",
            "\"Nobody can claim to have invented a dish,\" she added. \"If food history teaches us anything, it's that cuisines and dishes are part of an ever-evolving chain of inventions and interventions, built over centuries of not just intellectual labour but the manual labour of unnamed protagonists. Additionally, butter chicken wouldn't exist if it wasn't for the early trade networks that brought tomatoes from the transatlantic world to South Asia, and the ingenuity of people who grew what was then a new crop.\"",
            "In the meantime, Bagga at Daryaganj is looking on the bright side. \"Their case is about someone saying their grandfather invented butter chicken, but who knows which partner invented it?\" And he says there's an upside to the class action that has generated headlines worldwide. \"It's a great thing for butter chicken \u2013 our sales have rocketed! And our regular customers don't care. Sure, some people might come because of the story, but they won't return if the butter chicken isn't good.\"",
            "Proof, it seems, that all publicity is good publicity. And who knows \u2013 perhaps Daryaganj's menu might soon include a butter chicken cocktail. Although I suspect not.",
            "BBC.com's World's Table \"smashes the kitchen ceiling\" by changing the way the world thinks about food, through the past, present and future.",
            "--",
            "If you liked this story, sign up for The Essential List newsletter \u2013 a handpicked selection of features, videos and can't-miss news, delivered to your inbox twice a week.\u00a0",
            "For more Travel stories from the BBC, follow us on\u00a0Facebook,\u00a0X and\u00a0Instagram."
        ]
    }
}