{
    "https://www.bbc.com/sport/rugby-union/articles/cedx3j753l0o": {
        "link": "https://www.bbc.com/sport/rugby-union/articles/cedx3j753l0o",
        "subtitle": "England full-back Ellie Kildunne is named the Women's Six Nations Player of the Championship.",
        "time": null,
        "title": "Ellie Kildunne wins Women's Six Nations Player of Championship - BBC Sport",
        "topics": [],
        "images": [
            "https://ichef.bbci.co.uk/news/1024/cpsprodpb/b343/live/5297b3a0-1444-11ef-bfec-4ba8a2993b62.jpg"
        ],
        "videos": [],
        "author": "",
        "text": [
            "England full-back Ellie Kildunne has been named the Women's Six Nations Player of the Championship.",
            "Kildunne was the top try-scorer in the tournament with nine tries in five matches and she also secured three player of the match awards.",
            "England won the Grand Slam for the third successive year and the title for the sixth time in a row.",
            "Kildunne, who also topped the metres carried and line breaks statistics, said: \"I am honoured to be named Player of the Championship, but the credit needs to be shared with my team-mates. ",
            "\"The award is particularly special given it has been decided by the fans. There is a genuine sense that the sky is the limit for the growth of women\u2019s rugby.\"",
            "Kildunne won 38% of 32,240 votes submitted by fans.",
            "Ireland's Aoife Wafer, France's Romane Menager and Italy's Alyssa d'Inca were also nominated.",
            "Elsewhere, Italy wing D'Inca won Try of the Championship for her score against France.",
            "The Team of the Championship contains nine players from the Red Roses, two Italians, two Frenchwomen and two Irish players.",
            "2024 Team of the Championship: Ellie Kildunne (Eng); Alyssa D'Inca (Ita), Megan Jones (Eng), Beatrice Rigoni (Ita), Abby Dow (Eng): Holly Aitchison (Eng), Natasha Hunt (Eng); Hannah Botterman (Eng), Neve Jones (Ire), Maud Muir (Eng), Manae Feleu (Fra), Zoe Aldcroft (Eng), Aoife Wafer (Ire), Sadia Kabeya (Eng), Romane Menager (Fra)."
        ]
    },
    "https://www.bbc.com/news/uk-northern-ireland-69023689": {
        "link": "https://www.bbc.com/news/uk-northern-ireland-69023689",
        "subtitle": "Chan Hai Zhang was jailed after murdering his girlfriend, Qu Mei Na, in Belfast in June 2004.",
        "time": null,
        "title": "Man who murdered girlfriend refused request to return to China",
        "topics": [
            "Belfast",
            "China",
            "Northern Ireland"
        ],
        "images": [
            "https://ichef.bbci.co.uk/news/480/cpsprodpb/4E67/production/_133317002_chan-hai-zhang.jpg.webp",
            "https://ichef.bbci.co.uk/news/480/cpsprodpb/F731/production/_133318236_c7f34926-9808-4ecd-b628-ff41f87bc3fa.jpg.webp",
            "https://ichef.bbci.co.uk/news/480/cpsprodpb/0033/production/_133315000_untitleddesign-20.png.webp",
            "https://ichef.bbci.co.uk/news/480/cpsprodpb/11E41/production/_133318237_d6bd0fec-1478-4fde-82c9-3327fd269ca8.jpg.webp"
        ],
        "videos": [],
        "author": "",
        "text": [
            "A prisoner who has served the minimum term of a life sentence for murdering his girlfriend is not legally entitled to be transferred back to his native China, the Court of Appeal has ruled.",
            "Chang Hai Zhang murdered 22-year-old Qu Mei Na in Belfast in June 2004.",
            "The body of Ms Qu was uncovered in the boot of a car and Chang admitted killing her.",
            "He wanted to be deported after completing the 17-year minimum tariff of his life sentence.",
            "Parole Commissioners have determined that the public would not be safe if Chang was released, and he remains imprisoned at HMP Maghaberry.",
            "Chang, 44, launched a legal challenge following confirmation there was no formal agreement between the United Kingdom and China for the repatriation of prisoners.",
            "Chang, an illegal immigrant from China, murdered his girlfriend, Qu Mei Na, in his Skegoniell Avenue flat in north Belfast in June 2004.",
            "The semi-naked body of Ms Qu was found in the boot of a car at a garage on the Antrim Road, close to Chang's home.",
            "He was arrested at the scene and admitted killing her the previous evening in the bedroom of the flat he shared with his cousin.",
            "He told police he was provoked into strangling Ms Qu - claiming he found out she had been working as a prostitute in Dublin - and was planning to find a remote spot where he could burn her body.",
            "Chang denied intending to kill her and entered a manslaughter plea at trial, based on a temporary loss of control.",
            "Ms Qu was identified by dental records. At one stage, detectives travelled to China to establish her identify.",
            "They visited the city of Dalian in Liaoning province, north-eastern China, and were able to establish that she was the only child of elderly parents.",
            "Inmates in England and Wales can request the home secretary uses a discretionary power to transfer them to their country of origin after serving their minimum term.",
            "But Chang is excluded from the statutory removal scheme operated in Northern Ireland because it does not extend to life prisoners.",
            "His lawyers claimed a breach of human rights.",
            "Counsel for the Ministry of Justice responded that any difference between England and Wales and Northern Ireland was justified due to the legitimate aim of respecting the devolved nature of law-making within the UK.",
            "The Court of Appeal rejected allegations that not extending the provisions to Northern Ireland was incompatible with the European Convention on Human Rights.",
            "Lord Justice McCloskey added that the authorities being challenged were not law-making bodies.",
            "Chang is now expected to remain in prison until commissioners next review his continued detention."
        ]
    },
    "https://www.bbc.com/news/articles/c1994g22ve9o": {
        "link": "https://www.bbc.com/news/articles/c1994g22ve9o",
        "subtitle": "An Egyptian source denies that tunnels used by Hamas still exist on the country's border with Gaza.",
        "time": "2024-05-30T11:54:27.091976",
        "title": "Israel extends control of Gaza's entire land border",
        "topics": [
            "Israel-Gaza war",
            "Israel",
            "Egypt"
        ],
        "images": [
            "https://ichef.bbci.co.uk/news/480/cpsprodpb/e5c8/live/2eafe320-1e5f-11ef-a13a-0b8c563da930.png.webp",
            "https://ichef.bbci.co.uk/news/480/cpsprodpb/7f5c/live/bc8eb920-1e03-11ef-b96a-1bcfc06460e3.jpg.webp"
        ],
        "videos": [
            ""
        ],
        "author": "Kathryn Armstrong,",
        "text": [
            "Israel's military has said it has taken control of the strategically important buffer zone along the Gaza-Egypt border known as the Philadelphi Corridor, meaning it now controls Gaza's entire land border. ",
            "A spokesman for the Israel Defense Forces (IDF) said about 20 tunnels used by Hamas to smuggle weapons into Gaza had been found within the zone. ",
            "Egyptian TV quoted sources denying this, and said Israel was trying to justify its military operation in the southern Gaza city of Rafah.",
            "The IDF has continued its offensive in Rafah and elsewhere in Gaza, saying air strikes hit over 50 \"terror targets\" over the past day.",
            "Three Israeli soldiers were killed and three others seriously injured on Wednesday in a booby-trapped building in Rafah, the IDF said. Two other soldiers were killed in a car-ramming attack near the city of Nablus in the occupied West Bank, it said. Security forces are searching for the driver.",
            "IDF spokesman Rear Admiral Daniel Hagari said on Wednesday that forces had \"established operational control\" of the Philadelphi Corridor. ",
            "He described the area as a \"lifeline\" for Hamas, through which the group \"regularly smuggled weapons into the Gaza Strip\". ",
            "He said troops were \"investigating.. and neutralising\" tunnels found in the area.",
            "Mr Hagari later said in a briefing with reporters that he could not be sure that all of the tunnels crossed into Egypt, the New York Times reported. ",
            "The Philadelphi Corridor is a buffer zone, only about 100m (330ft) wide in parts, which runs along the Gaza side of the 13km (8-mile) border with Egypt. Gaza's only other land border is with Israel itself. ",
            "Egypt has previously said it had destroyed cross-border tunnels, making any weapons smuggling impossible. ",
            "And a \"high-level\" Egyptian source, quoted by Al-Qahera News, accused Israel of \"using these allegations to justify continuing the operation on the Palestinian city of Rafah and prolonging the war for political purposes\". ",
            "Israel has insisted that it must take Rafah to achieve victory in the war triggered by Hamas\u2019s unprecedented attack on the country on 7 October, during which about 1,200 people were killed and 252 others were taken hostage.",
            "At least 36,170 people have been killed across Gaza since the start of the conflict, according to the Hamas-run health ministry.",
            "Tensions between Egypt and Israel have heightened since Israeli forces took control of the Gazan side of the Rafah crossing point three weeks ago as part of their offensive against Hamas.",
            "Earlier this week, an Egyptian soldier was killed in an incident involving Egyptian and Israeli troops in the border area near Rafah.",
            "Egypt is a strong supporter of the Palestinians and has condemned Israel's military campaign in Gaza and the killing of thousands of civilians by Israel in the war.",
            "Like Israel, Egypt has maintained a blockade on its border with Gaza since Hamas came to power in 2006. Hamas is an off-shoot of the Islamist Muslim Brotherhood organisation, which is banned as a terrorist group in Egypt.",
            "Egypt has, however, kept channels open with Hamas and has been acting as a mediator in on-off indirect talks between Israel and the group to try to reach a ceasefire deal and release of Israeli hostages held by Hamas in Gaza."
        ]
    },
    "https://www.bbc.com/news/uk-69013423": {
        "link": "https://www.bbc.com/news/uk-69013423",
        "subtitle": "The BBC asked members of the public what they thought of the newly unveiled official portrait.",
        "time": null,
        "title": "King Charles: 'That is quite red indeed\u2019 - reaction to new portrait",
        "topics": [],
        "images": [],
        "videos": [],
        "author": "",
        "text": []
    },
    "https://www.bbc.com/news/articles/cd13gnq3dvwo": {
        "link": "https://www.bbc.com/news/articles/cd13gnq3dvwo",
        "subtitle": "Manx ferry passenger numbers rise by 12,000 on the previous year in the first three months of 2024.",
        "time": null,
        "title": "Rise in passengers carried in early 2024, ferry operator says",
        "topics": [
            "Ferries"
        ],
        "images": [
            "https://ichef.bbci.co.uk/news/480/cpsprodpb/34f7/live/b31ad7a0-094c-11ef-82e8-cd354766a224.jpg.webp"
        ],
        "videos": [],
        "author": "Ashlea Tracey,",
        "text": [
            "About 12,000 extra passengers travelled with the island's ferry firm in the first three months of 2024 compared to the same period the previous year, the operator has said.",
            "The Isle of Man Steam Packet Company confirmed there had also been a 7% increase in freight transportation between January and early April.",
            "Extra capacity on the new Manxman vessel was driving increases, the company said.",
            "The statistics were released following a Tynwald committee session which heard Enterprise Minister Tim Johnston suggest unsold seats and freight space could be targeted to boost the Manx economy.",
            "Giving evidence to a panel set up to review the ferry firm's service contract, Mr Johnston said schedules were relatively \"under-utilised\" with an average yield of 40% across a year.",
            "In response, a Steam Packet spokesman said the company already offered more summer sailings to Liverpool, transported more freight, and offered more discounts on passenger and freight fares than outlined in the Sea Services Agreement (SSA).",
            "The new Liverpool ferry terminal, which will allow for winter crossings once complete, would allow the company to \"contribute even more\", he said.",
            "He said the firm was talking to the Department for Enterprise about the issues raised and took its responsibility to provide a \"vital lifeline\" ferry service with the capacity to boost tourism seriously.",
            "The government-owned firm said it carried 68,971 passengers between January and March compared to 56,835 the previous year and saw a rise in freight. ",
            "The company said the rise was \"partially helped by Easter falling earlier in the year\" but was also driven by greater use of the Heysham route and more capacity on the Manxman, which can carry about 300 more passengers than the Ben-my-Chree.",
            "Previously released data also showed the Steam Packet carried more than 623,000 passengers and 196,000 vehicles in 2023, the highest numbers for 16 years.",
            "Why not follow BBC Isle of Man on Facebook and X? You can also send story ideas to IsleofMan@bbc.co.uk"
        ]
    },
    "https://www.bbc.com/sport/football/articles/cx033v8zjgko": {
        "link": "https://www.bbc.com/sport/football/articles/cx033v8zjgko",
        "subtitle": "Crystal Palace's Jean-Philippe Mateta is in early talks about a new contract and is hoping his Premier League form catches the eye of France coach Didier Deschamps for Euro 2024.",
        "time": null,
        "title": "Crystal Palace's Jean-Philippe Mateta on future, celebration and tucked-in shirt - BBC Sport",
        "topics": [],
        "images": [
            "https://ichef.bbci.co.uk/news/729/cpsprodpb/0df7/live/f170c7b0-1218-11ef-9e2a-a3437ceb507f.jpg"
        ],
        "videos": [],
        "author": "",
        "text": [
            "Crystal Palace's Jean-Philippe Mateta is one of the most in-form players in the Premier League and has gone from club cult hero to a recognised lethal finisher.",
            "The Palace striker has scored 10 goals in his last 12 games with only Chelsea\u2019s Cole Palmer, who is nominated for Premier League player of the season, scoring more in the same period.",
            "The 26-year-old has been rejuvenated under new manager Oliver Glasner and with his impressive goalscoring statistics is starting to grab the attention of the wider footballing world.",
            "Mateta made 29 Premier League appearances last season but started just six times,  scoring two goals.",
            "This season, he has 13 goals in 24 starts and the best goals to shots ratio (36%) of any of the Premier League's top 20 strikers. His shot accuracy (72%) is second only to Phil Foden (75%) in that same list.",
            "And the ex-France Under-21s forward - who picked up both of the club\u2019s player of the season awards - believes he just needed a chance to show what he could do.",
            "\u201cI [had to] just keep playing hard and just be ready and now they give me my chance,\u201d Mateta told BBC Sport.",
            "\u201cWhen you are on the bench you can show nothing. You know in the Premier League you can come on for two minutes, five minutes - it\u2019s hard.\u201d",
            "Mateta said he has always been a forward that needed fewer chances to score.",
            "\u201cThis is one of my qualities,\" he added. \"I'm happy that everyone starts to see now. I\u2019m tired that only the players in training can see this.\"",
            "Mateta has formed an excellent attacking partnership with Michael Olise and Eberechi Eze and the Eagles are unbeaten when the trio have been named in the starting line-up by Glasner.",
            "The striker has two years remaining on his contract and the club hold an option to extend for a further year, while early talks have started over a new deal.",
            "He is a popular figure in the Palace dressing room and said the old-fashioned trend of tucking his shirt into his shorts during games is just about amusing team-mates and not superstitious, as some fans have speculated.",
            "\u201cIt\u2019s more fun for me when people start talking about this,\" he adds.",
            "\u201cI'm a guy that doesn\u2019t take everything seriously. I started football like this [with his shirt tucked in]. I said \u2018let me do it again\u2019.\u201d",
            "Mateta \"loves\" his goal celebration - where he kicks the corner flag as Palace fans shout 'boom' - and says it is inspired by Zlatan Ibrahimovic.",
            "\u201cI\u2019m always happy when they sing about me. I\u2019m a striker, I need the fans behind me. I\u2019m a guy who likes to be funny and speak with the fans.\"",
            "Despite all the attention on Olise, Eze and January signing Adam Wharton, it could be argued that no player has improved more than Mateta this season.",
            "Asked what Glasner has done to help his game, Mateta puts it down to the coach's \"winner\" mentality.",
            "\u201cWhen the training is not like he wants to he says \u2018Come on lads, we need to do better. We are not where we need to be. I need more from you'.",
            "\u201cHe doesn't care about big teams. Liverpool he said 'we go there for the win', even Manchester City when we lost he said \u2018guys, we\u2019re here to win'.\"",
            "Mateta\u2019s late-season form has got him \"dreaming\" about a call-up to France\u2019s Euro 2024 squad.",
            "\u201cIt\u2019s in my head,\" he adds. \"When I'm training, when I'm waking up. It\u2019s just about performing with Palace and one day [France head coach] Didier Deschamps, if he can think about me, I can help him to do whatever.\u201d",
            "Even if Mateta does not receive the call, he\u2019s got supporters excited about what could happen next season."
        ]
    },
    "https://www.bbc.com/sport/articles/cekll5km5p9o": {
        "link": "https://www.bbc.com/sport/articles/cekll5km5p9o",
        "subtitle": "The UFC announces it will return to the Accor Arena in Paris, France for the third time on 28 September.",
        "time": null,
        "title": "UFC Paris: MMA promotion returning to France for third time in September - BBC Sport",
        "topics": [],
        "images": [
            "https://ichef.bbci.co.uk/news/1024/cpsprodpb/b899/live/7f473cd0-120b-11ef-89c8-d7eb8e3a6edb.jpg"
        ],
        "videos": [],
        "author": "",
        "text": [
            "The UFC will return to the Accor Arena in Paris for the third time on 28 September.",
            "Mixed martial arts (MMA) was only legalised in France in 2020, with the UFC first visiting in 2022.",
            "It will be the promotion's second European show in 2024 following UFC 304 at Co-op Live in Manchester on 27 July.",
            "No fights have been announced yet.",
            "\u201cWe are returning to Paris for the third straight year,\u201d said UFC president and CEO Dana White. ",
            "\"This is another one of those destinations that I would have to tell fans if you\u2019ve never been to a fight in Paris, you should probably order your tickets now. See you there in September!\u201d",
            "French heavyweight Ciryl Gane headlined when the UFC last held an event in Paris, stopping Serghei Spivac in the second round.",
            ""
        ]
    },
    "https://www.bbc.com/sport/football/articles/cp9923repk7o": {
        "link": "https://www.bbc.com/sport/football/articles/cp9923repk7o",
        "subtitle": "Israel's visit to Hampden Park to face Scotland in Euro 2025 qualifying on 31 May will be played behind closed doors because of security concerns.",
        "time": null,
        "title": "Euro 2025: Scotland v Israel to be played behind closed doors - BBC Sport",
        "topics": [],
        "images": [
            "https://ichef.bbci.co.uk/news/2048/cpsprodpb/d98b/live/a97de5e0-1769-11ef-baa7-25d483663b8e.jpg"
        ],
        "videos": [],
        "author": "",
        "text": [
            "Israel's visit to Hampden Park to face Scotland in Euro 2025 qualifying on 31 May will be played behind closed doors because of security concerns.",
            "The Scottish FA says the decision was made after its \"stadium operations team were alerted to the potential for planned disruptions\" at the Group B2 game.",
            "The return women's international, which is scheduled to be played in Hungary on 4 June, is also to be played without fans in the stadium.",
            "Decisions to play those games without supporters come amid public protests over Israel's continued military operation in Gaza.  ",
            "The SFA says it had \"no option\" but to play the Hampden match behind closed doors because of the updated intelligence and \"following extensive security consultations with all key parties\".",
            "\"Measures are in place to provide an automatic and full refund to those supporters who have already purchased tickets for this match,\" it added.",
            "\"We apologise for any inconvenience caused by the decision, but the safety of supporters, players, team staff and officials is of paramount importance.\"",
            "Scotland are level on points with Serbia at the top of their group after one win and a draw, with Israel bottom after two defeats."
        ]
    },
    "https://www.bbc.com/news/world-us-canada-69041447": {
        "link": "https://www.bbc.com/news/world-us-canada-69041447",
        "subtitle": "Footage recorded over weeks depicts the massive clearing effort and the moment cargo ship Dali was moved.",
        "time": null,
        "title": "Timelapse videos capture Baltimore bridge wreckage removal",
        "topics": [],
        "images": [],
        "videos": [],
        "author": "",
        "text": []
    }
}