{
    "https://www.bbc.com/news/articles/c3gglgwe49zo": {
        "link": "https://www.bbc.com/news/articles/c3gglgwe49zo",
        "subtitle": "Prosecutors allege a \u201cscramble\" to ensure boxes containing sensitive material were moved \u201coff-camera\" at Mar-a-Lago.",
        "time": "2024-05-22T12:43:49.841667",
        "title": "Classified files found in Trump bedroom at Mar-a-Lago",
        "topics": [
            "Indictments of Donald Trump",
            "US election 2024",
            "US politics",
            "United States"
        ],
        "images": [
            "https://ichef.bbci.co.uk/news/480/cpsprodpb/46c8/live/5c4afbd0-17a7-11ef-80f2-dd78954a08f5.jpg.webp",
            "https://ichef.bbci.co.uk/news/480/cpsprodpb/2c2c/live/0cd64630-1834-11ef-baa7-25d483663b8e.jpg.webp",
            "https://ichef.bbci.co.uk/news/480/cpsprodpb/0a74/live/32c8ef50-1834-11ef-baa7-25d483663b8e.jpg.webp"
        ],
        "videos": [],
        "author": "Bernd Debusmann Jr,",
        "text": [
            "A judge has questioned how Donald Trump could have overlooked sensitive documents that turned up in his bedroom after the FBI searched the former US president\u2019s Florida home.",
            "The files were found in his private quarters months after federal agents discovered over 100 classified records as they executed a search warrant at Mar-a-Lago in Palm Beach in the summer of 2022.",
            "The judge also noted the prosecution\u2019s belief that Mr Trump was \u201clikely instructing his agents to avoid the surveillance cameras\u201d at the golf club.",
            "He denies 40 federal charges of unlawful retention of national defence information.",
            "His co-defendants, aide Walt Nauta and former employee Carlos de Oliveira, have also pleaded not guilty.",
            "The trial is unlikely to begin before November's US election, in which Mr Trump is the presumptive Republican nominee.",
            "Joe Biden was also found to have willfully retained classified files, but he was not accused of obstructing that inquiry and a justice department investigator decided not to charge him, concluding that a jury would view the US president as \u201ca well-meaning, elderly man with a poor memory\u201d.",
            "In the Trump case, a newly unsealed filing said the former president\u2019s lawyers had turned over four additional documents with classification markings that were found in December 2022, four months after the FBI raid at the property.",
            "US District Judge Beryl Howell, an Obama appointee, wrote in the March 2023 opinion: \u201cNotably, no excuse is provided as to how the former president could miss the classified-marked documents found in his own bedroom at Mar-a-Lago.\u201d",
            "In June 2022, federal investigators won a court order to gain access to the security camera footage at the estate.",
            "After Mr Trump learned of this subpoena, prosecutors allege there was a \u201cscramble\" by Mr Nauta to change his travel plans and fly from New Jersey to Mar-a-Lago in 2022 to ensure boxes were moved \u201coff-camera\", according to the opinion unsealed on Tuesday.",
            "The judge notes \u201cthe curious absence of any video footage\u201d capturing the return of certain boxes to a storage room.",
            "On Wednesday, Judge Aileen Cannon, the Trump appointee currently presiding over the case, was scheduled to hear arguments on the latest request by the former president to dismiss the indictment.",
            "He argues it fails to clearly articulate a crime and instead amounts to \u201ca personal and political attack\u201d against him.",
            "His co-accused, Mr Nauta, will also seek to have his case thrown out.",
            "He argues it amounts to selective prosecution because he opted not to co-operate in the probe.",
            "Mr Trump is facing dozens of other charges in three other criminal cases.",
            "He is currently in trial in New York over an alleged cover-up of hush-money payments to an adult-film star in 2016."
        ]
    },
    "https://www.bbc.com/sport/articles/cekll5km5p9o": {
        "link": "https://www.bbc.com/sport/articles/cekll5km5p9o",
        "subtitle": "The UFC announces it will return to the Accor Arena in Paris, France for the third time on 28 September.",
        "time": null,
        "title": "UFC Paris: MMA promotion returning to France for third time in September - BBC Sport",
        "topics": [],
        "images": [
            "https://ichef.bbci.co.uk/news/1024/cpsprodpb/b899/live/7f473cd0-120b-11ef-89c8-d7eb8e3a6edb.jpg"
        ],
        "videos": [],
        "author": "",
        "text": [
            "The UFC will return to the Accor Arena in Paris for the third time on 28 September.",
            "Mixed martial arts (MMA) was only legalised in France in 2020, with the UFC first visiting in 2022.",
            "It will be the promotion's second European show in 2024 following UFC 304 at Co-op Live in Manchester on 27 July.",
            "No fights have been announced yet.",
            "\u201cWe are returning to Paris for the third straight year,\u201d said UFC president and CEO Dana White. ",
            "\"This is another one of those destinations that I would have to tell fans if you\u2019ve never been to a fight in Paris, you should probably order your tickets now. See you there in September!\u201d",
            "French heavyweight Ciryl Gane headlined when the UFC last held an event in Paris, stopping Serghei Spivac in the second round.",
            ""
        ]
    },
    "https://www.bbc.com/sport/football/articles/cp9923repk7o": {
        "link": "https://www.bbc.com/sport/football/articles/cp9923repk7o",
        "subtitle": "Israel's visit to Hampden Park to face Scotland in Euro 2025 qualifying on 31 May will be played behind closed doors because of security concerns.",
        "time": null,
        "title": "Euro 2025: Scotland v Israel to be played behind closed doors - BBC Sport",
        "topics": [],
        "images": [
            "https://ichef.bbci.co.uk/news/2048/cpsprodpb/d98b/live/a97de5e0-1769-11ef-baa7-25d483663b8e.jpg"
        ],
        "videos": [],
        "author": "",
        "text": [
            "Israel's visit to Hampden Park to face Scotland in Euro 2025 qualifying on 31 May will be played behind closed doors because of security concerns.",
            "The Scottish FA says the decision was made after its \"stadium operations team were alerted to the potential for planned disruptions\" at the Group B2 game.",
            "The return women's international, which is scheduled to be played in Hungary on 4 June, is also to be played without fans in the stadium.",
            "Decisions to play those games without supporters come amid public protests over Israel's continued military operation in Gaza.  ",
            "The SFA says it had \"no option\" but to play the Hampden match behind closed doors because of the updated intelligence and \"following extensive security consultations with all key parties\".",
            "\"Measures are in place to provide an automatic and full refund to those supporters who have already purchased tickets for this match,\" it added.",
            "\"We apologise for any inconvenience caused by the decision, but the safety of supporters, players, team staff and officials is of paramount importance.\"",
            "Scotland are level on points with Serbia at the top of their group after one win and a draw, with Israel bottom after two defeats."
        ]
    },
    "https://www.bbc.com/news/uk-politics-68965356": {
        "link": "https://www.bbc.com/news/uk-politics-68965356",
        "subtitle": "PM says the general election result is \"not a foregone conclusion\", despite \"disappointing\" local elections.",
        "time": null,
        "title": "Rishi Sunak vows to fight on \u2013 but Tory MPs feel gloomy",
        "topics": [
            "England and Wales elections 2024",
            "Rishi Sunak"
        ],
        "images": [
            "https://ichef.bbci.co.uk/news/480/cpsprodpb/31D5/production/_133275721_gettyimages-2151173863.jpg.webp",
            "https://ichef.bbci.co.uk/news/480/cpsprodpb/1447A/production/_133266038_le_2024_cps_strap_top-nc.png.webp",
            "https://ichef.bbci.co.uk/news/480/cpsprodpb/16B8A/production/_133266039_le_2024_cps_strap_bottom-nc.png.webp"
        ],
        "videos": [],
        "author": "By Becky Morton & Nick Eardley   ,",
        "text": [
            "Rishi Sunak has said the general election result is \"not a foregone conclusion\", despite \"a disappointing\" set of local elections for the Tories.",
            "Speaking to broadcasters for the first time since the extent of Tory losses were clear, the PM said he was \"determined to fight\" on.",
            "The party lost 470 council seats, as well as all but one mayoral contests. ",
            "The BBC has spoken to a number of Tory MPs who reflected an increasing pessimism in the party. ",
            "One senior figure in the party described the next months as \"managed decline\", and talked of the Conservatives waiting for their fate.",
            "But there appears to be no prospect of a move against Rishi Sunak in the coming days.",
            "Challenged over his suggestion there could be a hung Parliament, Mr Sunak said: \"The independent analysis shows that whilst of course this was a disappointing weekend for us, that the result of the next general election isn't a foregone conclusion and indeed actually is closer than, or the situation is closer than, many people are saying - or indeed some of the opinion polls are predicting.",
            "\"And that's why I'm absolutely determined to fight incredibly hard for what I believe and for the future country that I want to build, and that's what I'm going to do.\"",
            "One MP argued talk of hung Parliament was \"delusional\" and said the Tories would be lucky to win more than 200 seats out of 650 at the general election. ",
            "Jeremy Corbyn won 202 seats in Labour's drubbing in 2019. ",
            "Others are more pessimistic and think the number of Tory MPs could be similar to 1997, when John Major returned just 165. ",
            "Even among those who think a hung parliament is possible, few are arguing the Conservatives have much chance of being the biggest party.",
            "One former cabinet minister, themselves facing a challenge to keep their seat, said the case to voters would be they should vote Conservative to stop a Labour landslide. ",
            "The prime minister's job in the next few days will be to try and rally his party and persuade them all is not lost.",
            "But as has been the case for some time now, there is still an active debate about what the party should do next.",
            "Former prime minister Liz Truss is among those arguing privately that changing the leader would be mad but that the Conservatives need to offer \"fundamental reform\" - policy, not personnel.",
            "There are figures on the right of the party agitating, and calls for the Conservatives to back leaving the European Convention on Human Rights. ",
            "Some want a radical reshuffle or more moves to cut taxes.",
            "Some have suggested finding more wedge issues to highlight differences with Labour on cultural issues. ",
            "Former home secretary Suella Braverman is among those urging the prime minister to change course and adopt more right-wing policies, although she argued it would be \"impossible\" to change leaders so close to a general election. ",
            "But those in the centrist One Nation group agree with Andy Street, who lost the West Midlands mayoral contest by just 1,508 votes, that the party should focus on \"moderate, inclusive, tolerant Conservatism\". ",
            "Talk of tacking to the right is \"barmy\", said one MP. ",
            "\"They are in a minority.\""
        ]
    },
    "https://www.bbc.com/sport/articles/cyeeplj30zxo": {
        "link": "https://www.bbc.com/sport/articles/cyeeplj30zxo",
        "subtitle": "Former Wales boss Chris Coleman has been appointed AEL Limassol head coach.",
        "time": "2024-05-25T12:44:46.018989",
        "title": "Ex-Wales manager Chris Coleman appointed AEL Limassol boss - BBC Sport",
        "topics": [],
        "images": [
            "https://ichef.bbci.co.uk/news/1024/cpsprodpb/6c63/live/04be17e0-1a99-11ef-a13a-0b8c563da930.jpg"
        ],
        "videos": [],
        "author": "",
        "text": [
            "Former Wales boss Chris Coleman has been appointed as head coach of Cypriot side AEL Limassol.",
            "Coleman - who led his country to the semi-finals of Euro 2016 - has been without a job since leaving Greek club Atromitos in October.",
            "He held talks with Republic of Ireland in February, but has now been appointed as AEL Limassol's new boss.",
            "The club finished ninth in the Cypriot First Division last season and parted company with former Cyprus international Alexandros Garpozis as boss last week.",
            "Welshman Coleman started his managerial career with Fulham and also had spells with Real Sociedad, Coventry City, Larissa, Sunderland and Hebei China Fortune.",
            "The 53-year-old recently took charge of a Wales side against England in Swansea in aid of Joseph's Smile and The Bradley Lowery Foundation."
        ]
    },
    "https://www.bbc.com/news/articles/c51134895v8o": {
        "link": "https://www.bbc.com/news/articles/c51134895v8o",
        "subtitle": "Ex-President Jacob holds a rally in the historic township of Soweto as he returns to the political front line.",
        "time": null,
        "title": "Jacob Zuma's MK takes fight to ANC stronghold of Soweto in South Africa election",
        "topics": [
            "African National Congress",
            "South Africa elections 2024",
            "South Africa",
            "Africa",
            "Jacob Zuma"
        ],
        "images": [
            "https://ichef.bbci.co.uk/news/480/cpsprodpb/94df/live/6393f700-15b5-11ef-8a81-23b3c99c42c6.jpg.webp",
            "https://ichef.bbci.co.uk/news/480/cpsprodpb/af54/live/2ffcb2f0-15a2-11ef-a5f9-c9e97f2e93cf.jpg.webp",
            "https://ichef.bbci.co.uk/news/480/cpsprodpb/a495/live/235ca700-15a0-11ef-976f-87c9f89e656e.jpg.webp",
            "/bbcx/grey-placeholder.png",
            "/bbcx/grey-placeholder.png",
            "/bbcx/grey-placeholder.png"
        ],
        "videos": [],
        "author": "Farouk Chothia,",
        "text": [
            "South Africa's former President Jacob Zuma put on a show of strength in the historic township of Soweto as he campaigned for votes in the build-up to the 29 May general election. ",
            "Zulu warriors marched around Orlando Stadium with their spears and shields, men in camouflage sang and danced to revolutionary songs, while some of South Africa's famous singers - including rapper Big Zulu - provided entertainment to the near capacity crowd at Saturday's rally.",
            "For Mr Zuma's supporters a major coup was the presence of the man known as a  disco king, Papa Penny. ",
            "Having announced his resignation from the governing African National Congress (ANC) last week, he has now joined the former president's new party, uMkhonto weSizwe, which translates as Spear of the Nation. ",
            " \"Unite Africa. Unite South Africa,\"  he said in a short address to the crowd, adding: \"Phansi [Down with] tribalism.\"",
            "Mr Zuma's supporters saw Papa Penny's presence - he hails from the small Tsonga community - as significant as it challenged perceptions that the former president's support only comes from his Zulu ethnic group, the biggest in South Africa. ",
            "But the star attraction at the rally was none other than the 82-year-old former president. ",
            "The crowd burst into chants of \"Zuma, Zuma\" as he walked into the stadium, while his increasingly influential daughter, Duduzile Zuma-Sambudla, knelt in front of him and hugged him before he took his seat on the stage. ",
            "She serves on what is called the \"national core\" of the party, recently telling The Shady PHodcast: \"My father is obviously the head, and I'm the neck.\"",
            "Mr Zuma's decision to hold his biggest campaign rally in Soweto was significant because it is a stronghold of the ANC in South Africa's economic heartland of Gauteng.",
            "Soweto also has deep political symbolism as it was at the forefront of the struggle against the racist system of apartheid, which ended with the ANC's rise to power in 1994.",
            "But now, 30 years later, the ANC risks losing its outright majority as it faces a threat from Zuma's breakaway party, as well as other opposition parties. ",
            "With this in mind, ANC leader and President Cyril Ramaphosa has been hard on the campaign trail in Mr Zuma's home province of KwaZulu-Natal.",
            "Addressing voters on Saturday in Mandeni town, about 100km (62 miles) from the coastal city of Durban, Mr Ramaphosa said creating jobs was his priority, warning \"small parties\" like MK - the acronym by which Mr Zuma's party is known - that they were looking down on the ANC at their peril. ",
            "\"These small parties, the MK-what-what don't really know us. They only know about us from the media. They will know us on 29 May,\" he was quoted as saying by the News24 website. ",
            "Mr Ramaphosa ousted Mr Zuma as president in 2018 after a vicious power-struggle, culminating with the former president ditching the ANC last December and making a fresh bid for power under the banner of MK. ",
            "South Africa's highest court is yet to rule on whether Mr Zuma can serve as a lawmaker in the next parliament. The electoral commission argues that the constitution bars anyone who was sentenced to more than 12 months in prison from doing so. ",
            "Mr Zuma was sentenced to 15 months in 2021 after being convicted of contempt of court for defying an order to appear before an inquiry investigating corruption during his presidency. ",
            "But his lawyers say he is entitled to become an MP as his sentence was reduced to three months after Mr Ramaphosa released him from prison in what widely seen as an attempt to placate the former president's angry supporters.",
            "Senior MK official Visvin Reddy told the BBC that he expected the court to give its ruling this coming week. Even if it went against their leader, MK would still contest the election, with Mr Zuma's face remaining on the ballot paper, he said. ",
            "\"We'll go to parliament, change the constitution, and bring him in,\" Mr Reddy added. ",
            "MK has set itself the target of winning a two-thirds majority in the election, though this appears to be an overly ambitious target. An Ipsos opinion poll released last month put the party's support at only 8%. ",
            "And in a worrying sign for Mr Zuma, a large section of the crowd left before he finished his lengthy speech, which dwelt on political history.",
            "While the Ipsos poll put the ANC's support at 40% (down from the 57% it got in the 2019 election) the Social Research Foundation (SRF), which has been tracking polls on a daily basis, says the governing party has seen a surge in support in recent weeks as it steps up its campaign, the local City Press newspaper reports.",
            "SRF head Frans Cronje said that if elections were held now, there was a likelihood that ANC could pass the 50% mark.",
            "\u201cAccording to our computer projection in the past four weeks, the ANC has been squeezing the life out of the opposition parties,\u201d he is quoted as saying.",
            "On the campaign trail in KwaZulu-Natal, Mr Ramaphosa urged his party's supporters to come out in large numbers to vote.",
            "\"If we win in KwaZulu-Natal and Gauteng, then we've won because those provinces have the most people,\" he was quoted as saying at the rally.",
            "Not surprisingly, there was deep hostility towards the ANC leader at Mr Zuma's rally, with the crowd chanting \"Down with Ramaphosa\".",
            "\"Power must come back to the people,\" Mr Zuma said, in a speech delivered in the Zulu language. ",
            "Hitting out at white colonialists, he added: \u201cPeople who came in ships and boats took over our country. They left us poor. We must take back the land our forefathers fought for.\"",
            "A few of his supporters wore T-shirts emblazoned with images of Mr Zuma and Russia's President Vladimir Putin, pointing out that the two were among the founding leaders of Brics - an alliance of major developing countries that seeks to rival the power of Western nations. ",
            "\"Putin is our friend, a friend of Zuma,\" MK supporter Dennis Zwide told the BBC, as he accused the West of exploiting Africa's mineral resources. ",
            "\"Africa is a rich continent, but its people are suffering because of the exploitation,\" he added.",
            "In its manifesto, MK has pledged to nationalise South Africa's mines and banks if it takes power, despite the fact that these policies were widely discredited after the collapse of the Soviet Union in 1991. ",
            "\"We want our children to study for free, especially those from poor households because the poverty we have was not created by us. It was created by settlers who took everything, including our land. We\u2019ll take all those things back, make money and educate our children,\" Mr Zuma said.",
            "He also vowed to expel undocumented migrants, in a further sign of the populist stance he has adopted in an attempt to win votes.",
            "To what extent he is succeeding will become clear in 10 days' time when South Africans vote in one of the most pivotal elections in the post-apartheid era.",
            "Go to BBCAfrica.com for more news from the African continent.",
            "",
            "Follow us on Twitter @BBCAfrica, on Facebook at BBC Africa or on Instagram at bbcafrica"
        ]
    },
    "https://www.bbc.com/news/world-australia-69006714": {
        "link": "https://www.bbc.com/news/world-australia-69006714",
        "subtitle": "David McBride pleaded guilty to stealing military secrets, but said he felt a moral duty to speak up.",
        "time": null,
        "title": "David McBride: Australian army whistleblower jailed for leaking documents",
        "topics": [
            "War in Afghanistan (2001-2021)",
            "Australia"
        ],
        "images": [
            "https://ichef.bbci.co.uk/news/480/cpsprodpb/CCEC/production/_133306425_mcbride.jpg.webp",
            "/bbcx/grey-placeholder.png"
        ],
        "videos": [],
        "author": "By Tiffanie Turnbull,",
        "text": [
            "A whistleblower who helped expose allegations of Australian war crimes in Afghanistan has been sentenced to five years and eight months in jail.",
            "David McBride pleaded guilty to stealing and sharing military secrets on the eve of his trial last year, after legal rulings sank his defence.",
            "An ex-military lawyer, McBride said he felt a moral duty to speak up.",
            "A landmark inquiry later found evidence that Australian forces had unlawfully killed 39 Afghans during the war.",
            "McBride's case has sparked uproar in Australia, putting a spotlight on what some say are flimsy whistleblower protections and slow progress towards prosecuting soldiers alleged to have killed with impunity under its flag. ",
            "McBride, 60, admits he gave troves of document to the Australian Broadcasting Corporation (ABC), saying he was concerned about the attitudes of commanders and what he then thought was the \"over-investigation\" of troops, the court heard.",
            "But instead the information he provided underpinned a series of reports in 2017 called The Afghan Files, which gave unprecedented insight into the operations of Australia's elite special forces in Afghanistan, and contained allegations of war crimes.",
            "Prosecutors argued McBride was motivated by \"personal vindication\", and that the way he gathered, stored and then leaked the documents endangered Australia's national security and foreign policy.",
            "But McBride's lawyers asked for leniency, saying he shared the information with \"honourable\" intentions and out of a sense of personal duty.",
            "During sentencing in the nation's capital on Tuesday, Justice David Mossop agreed McBride was of \"good character\" but said that he seemed to have become obsessed with the correctness of his own opinions. Sharing military secrets was \"a gross breach of trust\" for which he has shown \"no contrition\", he added.",
            "McBride will be eligible for release on parole after 27 months.",
            "After the sentence was read out, some in the public gallery shouted \"shame on you\" towards the judge as he left the bench.",
            "His support dog nearby, McBride hugged his friends and family before being led off into custody.",
            "He has maintained that his leak was justified as it had ultimately exposed wrongdoing.",
            "\"I did not break my oath to the people of Australia and the soldiers that keep us safe,\" he said on Tuesday ahead of his sentencing, addressing a crowd of supporters which included relatives of Wikileaks founder Julian Assange and fellow whistleblower Jeff Morris.",
            "Even before he became one of Australia's most high-profile whistleblowers, McBride led a colourful life.",
            "After graduating from Oxford University with a law degree, he started his career with a stint in the British army. Leaving after reaching the rank of captain, he then tried his hand at everything from private security to reality TV and politics, before coming full circle and joining the Australian Defence Force (ADF). ",
            "As a legal officer, he did two tours of Afghanistan in 2011 and 2013, the latter with the special forces. It was then that he began to form the impression that \"a line had been crossed\" by commanders.",
            "Over the next few years, while suffering from undiagnosed post-traumatic stress disorder (PTSD) and abusing drugs and alcohol, McBride said he became more and more convinced he needed to speak up.",
            "Working late into the night at an army base near Canberra, he started covertly copying hundreds of sensitive documents, smuggling them home in a backpack over 18 months.",
            "He tried an internal complaint first. When that failed, he went to the police and the defence minister, before turning to the press.",
            "He believed the dossier he compiled would show the ADF's chain of command was so concerned about the perception of unlawful killings that they were scapegoating soldiers and undermining special forces' confidence to do their work.",
            "Instead, ABC journalist Dan Oakes found they contained evidence that Australian forces had committed war crimes and lied to conceal them.",
            "\"The more I looked into it, I couldn't conceive how anyone would think these guys were being too tightly monitored. It was precisely the opposite,\" he recently told the Four Corners programme.",
            "\"What happened out in the field stayed in the field.\"",
            "The Afghan Files included revelations military leaders themselves had concerns about a \"warrior culture\" within the force, and details of how soldiers were allegedly covering up the unlawful killings of unarmed men and children - including a six-year-old boy who was allegedly shot in his sleep in 2013.",
            "Until that point, there had been very little reported about allegations of war crimes.",
            "McBride was quickly fingered as the man behind the leak and he fled to Spain shortly before the Australian Federal Police (AFP) descended on his apartment. There officers found four plastic tubs filled with classified documents stashed in a cupboard.",
            "After a year in hiding, McBride returned to Australia and was charged with stealing Commonwealth property, breaching the Defence Act and disclosing confidential information.",
            "Police also started building a case against Mr Oakes and his producer Sam Clarke. In 2019, they dramatically raided the ABC's Sydney headquarters and seized documents.",
            "It was an unprecedented moment in Australia which made headlines around the globe. Under public pressure, prosecutors ultimately decided against charging the journalists, arguing doing so would not be in the public interest.",
            "Within a month, the findings of a landmark inquiry known as the Brereton report found credible evidence of unlawful killings of civilians and prisoners in Afghanistan from 2007 to 2013.",
            "The government also set up the Office of the Special Investigator to begin criminal investigations into the allegations. Only one person has been charged so far.",
            "But despite mounting pressure, the government refused to order prosecutors to drop the case against McBride.",
            "Australia has some safeguards for whistleblowers enshrined in law. But advocates have long complained that they're weak and also demand whistleblowers meet a raft of onerous requirements before they disclose information - some of which ironically make it easier for authorities to catch them.",
            "McBride had initially planned to rely on those protections, but his legal team say they were forced to withdraw that defence after much of their evidence was struck out on national security grounds.",
            "After failed attempts to convince Attorney General Mark Dreyfus to intervene and drop the prosecution - as Mr Dreyfus did in the case of fellow whistleblower Bernard Collaery in 2022 - McBride then tried to argue that he had a duty to leak the documents, because doing so was in the public interest.",
            "But that defence too was scuppered by the judge, who ruled it had no legal basis and could not be put to a jury - a decision McBride's lawyer says they will appeal.",
            "Advocates say McBride's case shows that whistleblower protections do not work, and will dissuade others from speaking up about wrongdoing.",
            "\"It is a stain on Australia's reputation that some of its soldiers have been accused of war crimes in Afghanistan, and yet the first person convicted in relation to these crimes is a whistleblower not the abusers,\" said Daniela Gavshon, Australia director at Human Rights Watch.",
            "Among the critics were a raft of parliamentarians who called it a \"perverse\" outcome.",
            "\"The prison sentence handed to David McBride sends a chilling message to whistleblowers across Australia... We need better whistleblower protections urgently,\" said independent MP Allegra Spender."
        ]
    },
    "https://www.bbc.com/news/world-us-canada-69039617": {
        "link": "https://www.bbc.com/news/world-us-canada-69039617",
        "subtitle": "Crews used tugboats to clear the cargo ship Dali nearly two months after it hit the Francis Scott Key Bridge.",
        "time": null,
        "title": "Moment ship moved from Baltimore bridge crash site",
        "topics": [],
        "images": [],
        "videos": [],
        "author": "",
        "text": []
    }
}