{
    "https://www.bbc.com/news/videos/c99z909wnvqo": {
        "link": "https://www.bbc.com/news/videos/c99z909wnvqo",
        "subtitle": "Speaking to BBC Radio 4, Gillian Keegan said there was a difference between trans people who had undergone gender reassignment and those who had not.",
        "time": null,
        "title": "Education Secretary Gillian Keegan pressed on transgender views",
        "topics": [],
        "images": [],
        "videos": [],
        "author": "",
        "text": []
    },
    "https://www.bbc.com/news/articles/crggwljnz5no": {
        "link": "https://www.bbc.com/news/articles/crggwljnz5no",
        "subtitle": "Operation Sceptre sees officers carry out engagement activities in schools and local communities.",
        "time": "2024-05-28T16:05:14.361628",
        "title": "More than 500 weapons seized in knife crime crackdown in Sussex",
        "topics": [
            "Knife crime",
            "Sussex Police",
            "Hove",
            "Brighton"
        ],
        "images": [
            "https://ichef.bbci.co.uk/news/480/cpsprodpb/046a/live/7c4b0100-1cc5-11ef-94e3-d78ab9e658c9.jpg.webp",
            "https://ichef.bbci.co.uk/news/480/cpsprodpb/f20a/live/77f64ce0-1cc5-11ef-94e3-d78ab9e658c9.jpg.webp"
        ],
        "videos": [],
        "author": "Christian Fuller,",
        "text": [
            "More than 500 weapons have been seized during a week-long crackdown on knife crime.",
            "Police conducted engagement activities in schools, universities and city centres across East and West Sussex as part of Operation Sceptre.",
            "Multiple arrests were made and thousands of members of the public were engaged in conversations about knife crime between 13-19 May.",
            "Ch Insp Jim Loader said: \u201cOne knife on the street is one too many, and one life impacted by knife crime is one too many.\u201d",
            "In all, 307 knives were recovered from amnesty bins, knife sweeps or other activities in West Sussex, while in East Sussex, 200 knives were recovered.",
            "In Brighton and Hove, 1,000 students, 52 retailers and 32 taxi drivers were engaged by officers. ",
            "A total of 47 knives were also seized in the city.",
            "Police said the primary focus of the operation was on patrols in hotspot locations and working to divert young people away from knife crime.",
            "Police and Crime Commissioner for Sussex Katy Bourne said knife surrender bins, public engagement and education were needed to tackle knife crime effectively.",
            "\u201cCarrying a weapon can lead to catastrophic, life-changing consequences, and it isn\u2019t worth it - lose the knife, not a life,\u201d she said.",
            "\u201cThe work with partners, schools and relevant organisations happens not just during this week but throughout the year, and is critical to making Sussex an uncomfortable place for knife carriers.\u201d",
            "Ch Insp Loader said Sussex is a \"safe place,\" where knife crime related incidents are \"substantially below the national average\" by area. ",
            "\"Despite this, there is always room for improvement,\u201d he said.",
            "Follow BBC Sussex on Facebook, on X, and on Instagram. Send your story ideas to southeasttoday@bbc.co.uk  or WhatsApp us on 08081 002250."
        ]
    },
    "https://www.bbc.com/news/articles/cl5k55n7z9lo": {
        "link": "https://www.bbc.com/news/articles/cl5k55n7z9lo",
        "subtitle": "Craig Brown, 30, took deposits from 13 people for work on their homes that he did not complete.",
        "time": null,
        "title": "Tradesman who took \u00a328k for work he did not complete jailed",
        "topics": [],
        "images": [
            "https://ichef.bbci.co.uk/news/480/cpsprodpb/72f3/live/eaeffef0-1390-11ef-b9d8-4f52aebe147d.jpg.webp"
        ],
        "videos": [],
        "author": "",
        "text": [
            "A tradesman who took money for work he did not complete has been jailed for two years.",
            "Craig Brown, 30, accepted deposits totalling \u00a328,600 from 13 separate victims for work he failed to carry out between September 2021 and September 2022.",
            "Douglas Courthouse heard in some cases he left work unfinished and in others had not started it at all, often messaging clients giving reasons for delays before stopping contact with them altogether.",
            "Jailing Brown, Deemster Graeme Cook said there were \"no good reasons\" to suspend the sentence.  ",
            "A self-employed tradesman, Brown ran the firm Nexus Joinery and Property Maintenance between September 2021 and September 2022. ",
            "During the period he gave quotes and took deposits individuals and families, telling them the money was to buy materials to carry out the work. ",
            "The court heard the amounts handed over to him ranged from \u00a3365 to \u00a313,000.",
            "Brown left the island in September 2022 but was spoken to by Derbyshire police in March 2023 and was arrested after returning to the island on 10 May the same year.",
            "Bank account records showed during the period he was running the firm a total of \u00a3136,500 was deposited into his bank account.",
            "Of the payments made from the account, \u00a331,900 was believed to have been paid to suppliers, with a \u00a355,900 attributed to  Brown's lifestyle, which included gambling and spending in pubs, and a further \u00a315,000 taken out in cash withdrawals, the court was told.",
            "He later pleaded guilty to 13 counts of fraud by false representation.",
            "The court heard Brown had not intended to take money without doing the work but issues in his family life had put strain on him and he admitted he had \"squandered\" the money. ",
            "His defence advocate said the 30-year-old had finished other jobs and had good reviews, but was a gambling addict who had \"got in way over his head\". ",
            "In a statement read to the court, one of his victims said the experience had \"destroyed\" their confidence in tradesman, while another said losing their money had left them with \"stress and anxiety\".",
            "Why not follow BBC Isle of Man on Facebook, and X? You can also send story ideas to IsleofMan@bbc.co.uk"
        ]
    },
    "https://www.bbc.com/news/articles/czq5qvqz7v5o": {
        "link": "https://www.bbc.com/news/articles/czq5qvqz7v5o",
        "subtitle": "Police say DNA tests will be carried out to see if the remains are those of the 30-year-old employee.",
        "time": null,
        "title": "Japan: Bone fragments found after missing Oita steel worker search",
        "topics": [
            "Japan"
        ],
        "images": [
            "https://ichef.bbci.co.uk/news/480/cpsprodpb/dc51/live/df244e40-1373-11ef-bee9-6125e244a4cd.jpg.webp"
        ],
        "videos": [],
        "author": "Zahra Fatima,",
        "text": [
            "Suspected human bone fragments have been found inside a vessel which heats metal to more than 1,000C at a steel plant in Japan, police have said.",
            "The discovery came hours after an employee at the Nippon Steel facility in Oita, western Japan, was reported missing.",
            "Police said it was not known if the fragments belonged to the 30-year-old worker, the AFP news agency reported.",
            "DNA tests have been ordered to identify the remains, police spokesman Eijiro Kawano told AFP.",
            "The employee had reportedly begun his shift at 19:00 local time (10:00 GMT) on Monday.",
            "However, he was not reported missing until the following morning.",
            "Police say they searched the factory and within four hours found what they believed to be human remains.",
            "\"After searching together with plant workers, we spotted what appears to be fragments of human bone inside a vessel,\" Mr Kawano said.",
            "\"We don't know if these really are human bones or if they belong to the worker who went missing,\" he said.",
            "\"But if these are the man's bones, maybe the worker fell into the pot,\" he said.",
            "He added that they were investigating whether any workers had witnessed what had happened.",
            "The employee had been working 5m (16ft) above a melting pot which he was overseeing.",
            "The pot, which has a diameter of 5m and depth of around 4m, contained molten metals which are heated to more than 1,000C (1,832F).",
            "Oita's Nippon Steel factory manufactures material for ships, industrial machinery, construction materials and bridges. It mainly exports its products to China, Southeast Asia and the Middle East.",
            "Nippon Steel, which is Japan's largest steelmaker, say they are co-operating fully with investigators.",
            "The incident comes as the company is pressing on with its $14bn (\u00a312bn) takeover of US Steel. ",
            "This has become a contentious topic ahead of US elections after President Joe Biden said in March that he was opposed to any potential deal and wanted to keep US Steel domestically owned and operated."
        ]
    },
    "https://www.bbc.com/news/articles/c1366mlgr4zo": {
        "link": "https://www.bbc.com/news/articles/c1366mlgr4zo",
        "subtitle": "An electricity failure near Ashford is also causing disruption.",
        "time": null,
        "title": "Ashford: Broken down train disrupts Southeastern services in Kent",
        "topics": [
            "St Pancras railway station",
            "Maidstone",
            "Tonbridge",
            "Ashford",
            "Southeastern"
        ],
        "images": [
            "https://ichef.bbci.co.uk/news/480/cpsprodpb/9635/live/c1faa570-11d5-11ef-af63-cbaccf90b635.jpg.webp"
        ],
        "videos": [],
        "author": "Christian Fuller,",
        "text": [
            "Rail services in Kent have been disrupted by a broken down train and an electricity supply failure.",
            "Southeastern said trains in the Ashford International area were delayed until about 11:45 BST.",
            "Engineers were deployed at 07:10 to investigate the failure and to resolve the issue, the company said.",
            "Services were also unable to run towards St Pancras from Ashford International due to a broken down train between Ashford and Ebbsfleet.",
            "A limited highspeed service was running on that route, but trains were delayed as services in both directions are using the same piece of track to bypass the broken down train.",
            "Another train was used to attach to the broken down train and pull it clear of the line, a Southeastern spokesman said.",
            "At 11:37, the spokesman said: \u201cThe second set of coaches from the broken down train has now arrived at Ashford, and the line towards St Pancras is now clear.\u201d",
            "Alternative routes were available on trains via Tonbridge or Maidstone East.",
            "Follow BBC Kent on Facebook, on X, and on Instagram. Send your story ideas to southeasttoday@bbc.co.uk  or WhatsApp us on 08081 002250."
        ]
    },
    "https://www.bbc.com/sport/cricket/articles/c4n1nndwveno": {
        "link": "https://www.bbc.com/sport/cricket/articles/c4n1nndwveno",
        "subtitle": "England fast bowler Lauren Bell says the team are committed to their positive approach despite a top-order collapse in the first T20.",
        "time": null,
        "title": "England v Pakistan: Lauren Bell reinforces positive approach - BBC Sport",
        "topics": [],
        "images": [
            "https://ichef.bbci.co.uk/news/1024/cpsprodpb/ac67/live/cc1419e0-13c1-11ef-8101-4b4eafd2e4f6.jpg"
        ],
        "videos": [],
        "author": "",
        "text": [
            "England are committed to their aggressive approach in the ongoing T20 series against Pakistan, despite a top-order collapse in the series opener.",
            "Heather Knight's side slumped to 11-4 in a chaotic opening burst, before recovering to post 163-6.",
            "But fast bowler Lauren Bell, 23, says the team will not be changing their style with bat or ball when the series continues at Northampton on Friday.",
            "\"Our approach will never change and neither will the messaging,\" said Bell.",
            "\"We discussed the way we go about our game and sticking to the attitude and the approach we have.",
            "\"We wanted to take the game forward and take the game on. That's always Jon's [head coach Jon Lewis] message and I don't think he'll move away from that.\"",
            "Bell has taken on the responsibility of leading England's seam attack over the past 12 months, and started her summer positively by taking 3-22 in England's comprehensive 53-run win at Edgbaston last week.",
            "She is expected to be joined by Nat Sciver-Brunt for the rest of the series after the all-rounder missed the opener to recover from a medical procedure.",
            "A win in Northampton will see England take an unassailable lead in the three-match T20 series.",
            "Since Lewis' appointment in November 2022, England have prioritised an attacking brand of cricket and are prepared to accept the failures that may sometimes come with its territory.",
            "Bell emphasised that positivity, saying the team were encouraged by their recovery from losing four early wickets rather than dwelling on the collapse itself.",
            "\"We didn't start either innings the way we wanted to but still ended up winning by a large amount in T20 cricket and that just shows the character and the depth of this team,\" she added.",
            "Despite the eventual margin of victory, Pakistan dominated both powerplays, aided by England's reckless batting before they reached 57-2 at the end of their first six overs.",
            "But assistant coach Gareth Breese reinforced Bell and Lewis' attitude, saying that they were a little \"rusty\" in their first international outing of the summer but that the team will learn from their mistakes.",
            "\"It's not about changing things too much, we just didn't execute what we wanted to do,\" said Breese.",
            "\"There\u2019s a particular way that we are trying to play about really trying to put the pressure on the opposition and it didn\u2019t come off in that instance.",
            "\"One blip won\u2019t see us making a U-turn on our approach, they have our full support in that.\""
        ]
    },
    "https://www.bbc.com/news/entertainment-arts-69063470": {
        "link": "https://www.bbc.com/news/entertainment-arts-69063470",
        "subtitle": "The American rapper was forced to cancel her gig in Manchester following her arrest at Amsterdam's Schiphol Airport.",
        "time": "2024-05-26T16:06:25.000242",
        "title": "Airport employee informs Nicki Minaj of bag search",
        "topics": [],
        "images": [],
        "videos": [],
        "author": "",
        "text": []
    },
    "https://www.bbc.com/news/uk-politics-69050668": {
        "link": "https://www.bbc.com/news/uk-politics-69050668",
        "subtitle": "Craig Mackinlay says he was met by \"a storm\" of noise when he returned to the House of Commons",
        "time": "2024-05-23T16:06:51.845333",
        "title": "Watch: Limb loss MP on his return to Parliament",
        "topics": [],
        "images": [],
        "videos": [],
        "author": "",
        "text": []
    }
}