{
    "https://www.bbc.com/news/uk-politics-68956828": {
        "link": "https://www.bbc.com/news/uk-politics-68956828",
        "subtitle": "Tory MPs are in no mood to oust Rishi Sunak despite local results pointing to general election defeat.",
        "time": null,
        "title": "Laura Kuenssberg: Are Tories resigned to electoral fate under Rishi Sunak?",
        "topics": [
            "England and Wales elections 2024",
            "Rishi Sunak"
        ],
        "images": [
            "https://ichef.bbci.co.uk/news/480/cpsprodpb/11753/production/_133270517_smlk_index_sunak_getty.jpg.webp",
            "https://ichef.bbci.co.uk/news/480/cpsprodpb/284A/production/_132541301_1280_lk_nl_cps-nc.png.webp",
            "https://ichef.bbci.co.uk/news/480/cpsprodpb/4F5A/production/_132541302_cps_strap_bottom_lk-1.png.webp",
            "/bbcx/grey-placeholder.png",
            "/bbcx/grey-placeholder.png",
            "/bbcx/grey-placeholder.png",
            "/bbcx/grey-placeholder.png",
            "/bbcx/grey-placeholder.png"
        ],
        "videos": [],
        "author": "By Laura Kuenssberg,",
        "text": [
            "\"This is the moment,\" a senior Tory excitedly told me just before these local elections began. ",
            "The moment when Rishi Sunak's leadership was in jeopardy - they hoped at least. ",
            "If the results were as dreadful as months of shocking national opinion polls suggest, there was a chance that Conservative MPs would find the desire and the gumption to push for change at the top.",
            "On Saturday night, West Midlands Mayor Andy Street lost his berth after a nail-biting count. ",
            "That will be a huge disappointment to the Conservatives who had hoped to hang on there.",
            "Especially with a razor thin margin, and after counting some votes again and again.",
            "Like Ben Houchen on Teesside, Andy Street had campaigned as his own man, not a party apparatchik.",
            "Recounts, and bundles of votes being checked, tell you how close that outcome really was. ",
            "The Street result is a huge last minute disappointment, and the council election results are dire. One minister told me there are \"lots of places where panic could come from\". ",
            "But even with the Street defeat, it seems \"the moment\" is more likely to be the one where Rishi Sunak's position as leader has been confirmed. So far.",
            "Why? ",
            "Well, Tory HQ can't mention the mayor in Tees Valley, Ben Houchen's victory, often enough. ",
            "Before the elections, the party was urging its own MPs and the public to concentrate on where there were prominent local politicians. ",
            "It was a not very subtle pre-poll expectation management exercise. Lord Houchen, a local big character, did indeed buck the national trend. ",
            "And that showed that in areas where Conservatives had a good, well-known candidate and chucked the kitchen sinks at their campaign, they can win. ",
            "Although \"there's an irony that a Boris guy, Ben, has saved Sunak\", one Tory jokes.  ",
            "But the result there does give the party at least one reason for cheer. ",
            "Sign up for the Off Air with Laura K newsletter to get Laura Kuenssberg's expert insight and insider stories every week, emailed directly to you.",
            "Second, the pundits' calculators suggested that if the whole country had voted on Thursday, the gap between the Conservatives and Labour comes out at 9%: not, theoretically, an insurmountable gap to close when the general election campaign is miles away and could bend the curves. ",
            "One cabinet minister said that after months of \"frothing at the mouth about apocalypse actually, maybe we could have a hung parliament. This will encourage people to believe there is a fight worth having.\"",
            "Remember too, Labour fell so far behind in 2019 that it needs to shift millions of votes, not a few here and there, to win outright when it comes to the national question. ",
            "And even if the numbers look scary in lots of parts of the country, with the Tories losing hundreds of campaign foot soldiers, changing the leader to an as-yet-undecided alternative candidate might just cause more disruption, more bellyaching, more turmoil. ",
            "If chaos in the Westminster party has been part of the problem, why on earth would it be the solution? ",
            "A former minister says: \"There just isn't the impetus to roll the dice one more time.\" ",
            "There is no one guiding idea or philosophy that binds the malcontents together either, beyond 'it looks grim, surely we need to do something or else we're out of a job?' ",
            "And there is no agreed candidate. ",
            "Indeed, one of those who might be tempted to run, former cabinet minister Suella Braverman, has written in the Sunday Telegraph that while she believes the party must change course, changing the leader is not the answer. ",
            "Rewind to the Theresa May days. The rebels weren't just well organised, they agreed they needed a more dramatic departure from the EU and they had a candidate waiting in the wings - Boris Johnson. ",
            "They were pushing for a different policy platform and they had a big personality, bristling with ambition, eager to plot. That's just not the case now. ",
            "And yet, one Tory describes it as \"Alice in Wonderland\" to suggest the victories of a mayor with strong personal backing like Ben Houchen means things are going to be OK for the national party.  ",
            "And look at some of the other mayoral contests, the West Midlands, the East Midlands, or the embarrassment for Rishi Sunak of losing the mayoral contest in his own North Yorkshire neighbourhood. ",
            "Look at the map, not the mayors. Those councils the Conservatives have lost - Nuneaton, Redditch, Milton Keynes, Rushmoor, Basildon and so many others.  ",
            "It's like a roll call of towns and areas where the Labour party hopes to win MPs at the general election. Add in the Lib Dems taking Dorset council, Tunbridge Wells and kicked the Tories out of control in Gloucester, and, in fact, winning more councillors than the Conservatives for the first time since 1996.",
            "One former Tory minister told me, it has \"been an appalling night and no amount of spin from the national party can hide the fact that we are in very, very big trouble\". ",
            "Many of them are areas that were captured by the Tories as David Cameron made his way to Number 10 that now Keir Starmer is taking back as he attempts the same journey. ",
            "You will hear senior Conservatives claiming it's a normal thing to happen in the mid-term of a government. ",
            "But this is not mid-term. We are on the runway to the general election and the string of results culminating in the Tories losing shy of 500 councillors is about as bad as they feared it might be. ",
            "The results aren't that different since this time last year. So, hey, maybe no new emergency. ",
            "But hey, that means Rishi Sunak just isn't turning things round.",
            "This time last year his allies argued: give us time, we're only just getting to grips with the chaos that Liz Truss and her lettuce created.",
            "They hope there will be better economic news soon. But 12 months since the last set of council elections when the Tories got a kicking, all Rishi Sunak's resets, refreshes and attempts to regroup have had little effect so far. ",
            "As a tribe, Rishi Sunak's MPs don't believe they can hang on to Number 10 right now. ",
            "But they seem stuck. ",
            "Isn't it weird for Tory MPs, often portrayed as the most Machiavellian and competitive people in the country, to hang on to a leader when they are pretty sure they are going to lose the election? ",
            "As we've talked about, there are fears another leadership rumpus could do more harm than good after all the travails they've already had. ",
            "Some still believe that Sunak is the best option they have. These results are grim. But it's also true that they don't mean Labour is guaranteed to get a majority. ",
            "And there's another more calculating factor. Some MPs want Rishi Sunak and his cabinet to soak up the blame, when the defeat they expect comes.",
            "One former cabinet minister says: \"Sunak isn't being challenged only because no-one wants to own the failure.\" ",
            "Politics, eh. ",
            "So, for now, the Conservative Party seems to have made its choice.   ",
            "To hold on to power for a few more very difficult months with the hope of improving a dire situation, rather than taking a chance to change things that could spiral into an unknown chaos. ",
            "If the Conservatives ultimately crash to a big defeat, this weekend might come to represent the moment it accepted its fate. ",
            "One senior MP told me: \"If it doesn't happen now then the party has made its choice and will suffer the consequences,\" with so many councillors gone, \"there is nobody else left to sacrifice before it's us MPs.\" ",
            "The loss of the West Midlands mayoralty could give the would be rebels another flash of desire to act. But the consensus in the party as this weekend of results draws to a close seems already to have settled against any concerted move. ",
            "Would-be rebels have been avoiding, rather than rushing towards the microphones. ",
            "One Tory in their loose camp told me \"the momentum was taken out of it on Friday. It had to all start very bad and continue like that. Houchen early saved him\".",
            "Will the symbolic loss of Andy Street's perch in the West Midlands change that? When MPs gather together again in Westminster, the mood could darken further, plotters could regroup and stiffen their resolve.",
            "But as the final tallies of winners and losers are finalised, after millions of votes that suggested how unpopular the Tories are right now, Rishi Sunak's backers believe he is safe from his party.  ",
            "But are the Conservatives safe from the country's verdict?  ",
            "Certainly not. ",
            "What questions would you like to ask Mark Harper, Pat McFadden or Yolande Makolo this Sunday?",
            "In some cases your question will be published, displaying your name, age and location as you provide it, unless you state otherwise. Your contact details will never be published. Please ensure you have read our terms & conditions and privacy policy.",
            "Use this form to ask your question: ",
            "If you are reading this page and can't see the form you will need to visit the mobile version of the BBC website to submit your question or send them via email to YourQuestions@bbc.co.uk. Please include your name, age and location with any question you send in. "
        ]
    },
    "https://www.bbc.com/sport/football/articles/cv22xgvw30jo": {
        "link": "https://www.bbc.com/sport/football/articles/cv22xgvw30jo",
        "subtitle": "How well do you remember FA Cup finals from the 21st century? Take our quiz to find out.",
        "time": "2024-05-24T13:39:29.766818",
        "title": "How well do you know FA Cup finals? - BBC Sport",
        "topics": [],
        "images": [
            "https://ichef.bbci.co.uk/news/1024/cpsprodpb/7b63/live/cbe1d9e0-19a1-11ef-baa7-25d483663b8e.jpg"
        ],
        "videos": [],
        "author": "",
        "text": [
            "Manchester rivals City and United meet in the FA Cup final at Wembley on Saturday.",
            "But how well do you remember what has happened in previous finals this century?",
            "Take our quiz below to find out."
        ]
    },
    "https://www.bbc.com/sport/football/articles/cw44xx1w1d8o": {
        "link": "https://www.bbc.com/sport/football/articles/cw44xx1w1d8o",
        "subtitle": "Wayne Rooney is expected to be confirmed as the head coach of Championship side Plymouth on Saturday after holding talks about the vacancy.",
        "time": "2024-05-24T13:40:03.013580",
        "title": "Wayne Rooney: Plymouth Argyle expected to appoint former England striker as head coach - BBC Sport",
        "topics": [],
        "images": [
            "https://ichef.bbci.co.uk/news/1024/cpsprodpb/46a1/live/d00fb140-1942-11ef-965b-f782a3c6e70b.jpg"
        ],
        "videos": [],
        "author": "",
        "text": [
            "Wayne Rooney is  expected to be confirmed as the head coach of Championship side Plymouth Argyle on Saturday after holding talks about the vacancy.",
            "Rooney, 38, is keen to re-establish his reputation after a disastrous spell at Birmingham last season, when he lost nine games out of 15.",
            "Argyle are looking for a new boss after the dismissal of Ian Foster towards the end of last season.",
            "Director of football Neil Dewsnip and coach Kevin Nancekivell took over for the remainder of the campaign and guided Plymouth to safety, ironically at Birmingham\u2019s expense.",
            "Dewsnip knows Rooney from his time as a coach at Everton\u2019s academy.",
            "Rooney made 763 appearances as a player during spells with Everton, Manchester United, MLS club DC United and Derby.",
            "He moved into a player-coach role with the Rams in November 2020 and announced his retirement two months later, after being named permanent manager.",
            "The former England striker oversaw 85 games at Derby before moving back to America to become manager of former club DC United.",
            "Rooney was then appointed Birmingham manager in October 2023, but he was sacked less than three months later."
        ]
    },
    "https://www.bbc.com/news/videos/cw00j40djv8o": {
        "link": "https://www.bbc.com/news/videos/cw00j40djv8o",
        "subtitle": "The prime minister was meeting constituents when one remarked on the weather when he announced the election.",
        "time": "2024-05-25T13:40:16.238382",
        "title": "Rishi Sunak sees the funny side of Downing Street soaking",
        "topics": [],
        "images": [],
        "videos": [],
        "author": "",
        "text": []
    },
    "https://www.bbc.com/news/videos/c2550jxw87po": {
        "link": "https://www.bbc.com/news/videos/c2550jxw87po",
        "subtitle": "At least 22 people, including children, have died in a fire at a games arcade in India, local officials say.",
        "time": "2024-05-25T13:40:40.619401",
        "title": "Watch: Smoke and flames at deadly India arcade fire",
        "topics": [],
        "images": [],
        "videos": [],
        "author": "",
        "text": []
    },
    "https://www.bbc.com/sport/baseball/articles/cd11243kpmdo": {
        "link": "https://www.bbc.com/sport/baseball/articles/cd11243kpmdo",
        "subtitle": "Major League Baseball adds the achievements of black players from its racially segregated past to the record books.",
        "time": "2024-05-29T17:41:03.583994",
        "title": "Major League Baseball: Black player scores from segregated leagues added to record books - BBC Sport",
        "topics": [],
        "images": [
            "https://ichef.bbci.co.uk/news/1024/cpsprodpb/e44a/live/cc8f0180-1dcd-11ef-8fd3-6bf908fde702.jpg"
        ],
        "videos": [],
        "author": "",
        "text": [
            "Major League Baseball says it is \"righting a historic wrong\" after recognising the achievements of black players from when it was racially segregated in the 20th Century.",
            "Black players created their own leagues after being kept out of MLB from 1920 to 1948 by segregation laws.",
            "MLB announced in 2020 it would officially recognise seven of those leagues. More than 2,300 black players played in segregated leagues during that period.",
            "Now MLB has finished the task of updating its records to feature those players' statistics.",
            "It means several records have changed - all-time greats such as Babe Ruth and Ty Cobb have been replaced at the top of some categories.",
            "\"To deny the best black players of the era their rightful place among all-time leaders would be a double penalty,\" MLB official historian John Thorn said.",
            "\"We are proud that the official historical record now includes the players of the Negro Leagues,\" MLB commissioner Rob Manfred said. ",
            "In 1947, Jackie Robinson became the first black player to play in MLB when making his debut for the Brooklyn Dodgers, with barriers to black players being fully broken from the 1949 season onwards.",
            "\"This initiative is focused on ensuring that future generations of fans have access to the statistics and milestones of all those who made the Negro Leagues possible,\" added Manfred.",
            "\"Their accomplishments on the field will be a gateway to broader learning about this triumph in American history and the path that led to Jackie Robinson\u2019s 1947 Dodger debut.\""
        ]
    },
    "https://www.bbc.com/sport/football/articles/cgee09q8g0po": {
        "link": "https://www.bbc.com/sport/football/articles/cgee09q8g0po",
        "subtitle": "England's first T20 against Pakistan at Headingley is abandoned without a ball being bowled because of rain.",
        "time": "2024-05-22T13:41:16.834787",
        "title": "England v Pakistan: First T20 at Headingley abandoned because of rain - BBC Sport",
        "topics": [],
        "images": [
            "https://ichef.bbci.co.uk/news/1024/cpsprodpb/5da9/live/f7355170-1858-11ef-baf9-2dfab45ba024.jpg"
        ],
        "videos": [],
        "author": "",
        "text": [
            "First T20, Headingley",
            "England: Did not bat",
            "Pakistan: Did not bat",
            "No result - match abandoned",
            "England's first T20 against Pakistan at Headingley was abandoned without a ball being bowled because of rain.",
            "Persistent, heavy rain led to the match, due to start at 18:30 BST, being called off at 17:30.",
            "It leaves England with just three matches before their defence of the T20 World Cup begins on 4 June.",
            "The second T20 is on Saturday at Edgbaston, followed by T20s in Cardiff on Tuesday and at The Oval on Thursday.",
            "England fly to Barbados on Friday, 31 May and do not play any official warm-ups in the Caribbean before their opener against Scotland.",
            "The washout comes after England's players arrived back in the UK last week, having left the Indian Premier League early to prepare during this series.",
            "Jos Buttler's side have not played a T20 series since a 3-2 defeat by West Indies in December.",
            "They drew a four-match series against New Zealand prior to their dismal defence of the 50-over World Cup last year and lost 3-0 in Bangladesh last March - their only T20s since winning the World Cup in Australia in 2022."
        ]
    },
    "https://www.bbc.com/sport/articles/c9eep4zlljpo": {
        "link": "https://www.bbc.com/sport/articles/c9eep4zlljpo",
        "subtitle": "Oleksandr Usyk and Tyson Fury are scheduled to meet in a rematch on 21 December, the chairman of Saudi Arabia's general entertainment authority says.",
        "time": "2024-05-29T18:41:30.064635",
        "title": "Tyson Fury vs Oleksandr Usyk rematch on 21 December says Saudi official - BBC Sport",
        "topics": [],
        "images": [
            "https://ichef.bbci.co.uk/news/1024/cpsprodpb/c671/live/942af850-1da8-11ef-acc8-81cdbe1fe7bd.jpg"
        ],
        "videos": [],
        "author": "",
        "text": [
            "Undisputed heavyweight champion Oleksandr Usyk and Tyson Fury are set to meet in a rematch on 21 December, according to the chairman of Saudi Arabia's general entertainment authority.",
            "Usyk beat Fury by split decision to become the first undisputed champion of the four-belt era on 18 May.",
            "A rematch was said to be in the works for October but Turki Alalshikh says the date has been pushed back to December.",
            "\"The world will watch another historical fight again,\" Alashikh added on X.",
            "\"Our commitment to boxing fans continues. We hope you enjoy it.\"",
            "Usyk, the first undisputed heavyweight champion since Lennox Lewis in 1999, added Fury's WBC belt to his WBA, WBO and IBF collection when they fought in Riyadh, Saudi Arabia earlier this month.",
            "The 37-year-old Ukrainian has won all 22 of his professional fights.",
            "Alashikh did not name a venue or destination for the rematch but stated it would take place \"during Riyadh Season\".",
            "Riyadh Season is an entertainment festival held every winter since its launch in 2019 which has hosted a number of high profile boxing events.",
            "The contest would give Briton Fury, 35, the opportunity to gain revenge after tasting defeat for the first time in his 16-year professional career against Usyk.",
            "It is unlikely that all four belts will be on the line in the rematch with the IBF planning to strip Usyk as he will not be facing its mandatory challenger next.",
            "However Usyk has requested an \"exception\" to keep hold of the belt for the rematch.",
            "The IBF will told BBC Sport their \"board of directors\" would meet to discuss the request.",
            "Analysis by BBC Sport journalist Kal Sajad",
            "Usyk and Fury had agreed a two-fight deal but there were still some doubts as to whether the rematch would happen. But if Alalshikh says it's happening, then it usually is - so you can start preparing yourself for a Christmas cracker in Saudi.",
            "The first contest lived up to the pre-fight hype. Pundits predicted a dull, technical battle but instead we got a dramatic back-and-forth encounter.",
            "Usyk is one of the smartest fighters in the history of the sport. His ability to read a fight and adapt accordingly is staggering. Having already shared 12 rounds with Fury, he will be looking for a more dominant win.",
            "Fury appeared to be in control during the first half of the bout and will feel that with the right adjustments he can become a three-time world champion.",
            "If Usyk is forced to vacate the IBF title, promoter Eddie Hearn has suggested the winner of Filip Hrgovic and Daniel Dubois, who fight in Riyadh on Saturday, could face Anthony Joshua for the vacant belt in September at Wembley Stadium.",
            "If Fury beats Usyk and Joshua wins the IBF belt, could we see Fury-AJ for all of the titles in 2025?"
        ]
    },
    "https://www.bbc.com/news/world-us-canada-69004633": {
        "link": "https://www.bbc.com/news/world-us-canada-69004633",
        "subtitle": "The fiery exchange began when Republican Marjorie Taylor Greene criticised Democrat Jasmine Crockett.",
        "time": null,
        "title": "Lawmakers hurl insults after 'fake eyelashes' comment",
        "topics": [],
        "images": [],
        "videos": [],
        "author": "",
        "text": []
    }
}