{
    "https://www.bbc.com/news/entertainment-arts-68989672": {
        "link": "https://www.bbc.com/news/entertainment-arts-68989672",
        "subtitle": "The UK's entry for Eurovision 2024 reflects on what bookmakers are saying about his chances of winning the contest.",
        "time": null,
        "title": "Olly Alexander on his Eurovision odds",
        "topics": [],
        "images": [],
        "videos": [],
        "author": "",
        "text": []
    },
    "https://www.bbc.com/news/articles/cv2xq5ne4llo": {
        "link": "https://www.bbc.com/news/articles/cv2xq5ne4llo",
        "subtitle": "Most of the King Charles III England Coast Path is expected to open by the end of 2024.",
        "time": null,
        "title": "Erosion causes King Charles III England Coast Path to be remapped",
        "topics": [
            "Coasts",
            "Coastal erosion",
            "Immingham",
            "Walking",
            "Bridlington",
            "Hiking",
            "Hornsea"
        ],
        "images": [
            "https://ichef.bbci.co.uk/news/480/cpsprodpb/0534/live/39284630-0d20-11ef-b142-c542e48b3b7b.jpg.webp",
            "https://ichef.bbci.co.uk/news/480/cpsprodpb/6fa1/live/a594c010-0d3d-11ef-bf8f-d76401cd7aab.jpg.webp",
            "https://ichef.bbci.co.uk/news/480/cpsprodpb/25b4/live/304a3960-0d20-11ef-b866-cfda8dde1362.jpg.webp"
        ],
        "videos": [],
        "author": "Amanda White,",
        "text": [
            "Part of a national walking trail is having to be remapped due to rapid erosion on the East Yorkshire coast.",
            "Natural England said most of the King Charles III England Coast Path would be open by the end of 2024.",
            "However, spokesman Bruce Cutts said sections between Hornsea and Bridlington would need to be redrawn due to crumbling cliffs, adding talks were needed with landowners.",
            "As a result, that section of the path is not expected to open until 2025, said Mr Cutts. ",
            "The King Charles III England Coast Path, once completed, will be a 2,700-mile (4,345km) National Trail around the whole of the English coast. ",
            "Mr Cutts said legislation allowed for the route to respond to coastal changes.",
            "He said: \"Cliffs erode and the path will have to respond to that movement and that change.\"",
            "Mr Cutts said the section from the Humber Bridge to Hornsea was expected to open in the autumn.",
            "Meanwhile, much of the path along the Lincolnshire coast is also expected to be completed this year, he said, although he added the route around the port of Immingham would need modifying to allow for large infrastructure developments.",
            "Some parts of the coastal trail will be accessible to people with restricted mobility. ",
            "Mr Cutts added: \"I'm excited about the coast and I'm excited about people's ability to come and visit the coast and walk along the coast for as long as they want and as far as they want and appreciate this spectacular view and this spectacular coastline that we've got.\"",
            "Ramblers have welcomed the path.",
            "Stuart Kemp, from the Hornsea District Rambling Group, said it was \"a wonderful area to walk\".",
            "He said it would \"encourage more and more people\" to walk along the East Yorkshire coast.",
            "Mr Kemp said some areas had become too dangerous to walk along due to coastal erosion.",
            "\"Paths three or four years ago were 10 to 15 yards wide,\" he said. \"They're now only possibly a yard wide because of the coastal erosion.\""
        ]
    },
    "https://www.bbc.com/news/articles/cn00r2mjyj5o": {
        "link": "https://www.bbc.com/news/articles/cn00r2mjyj5o",
        "subtitle": "Sir John Redwood has been the MP for Wokingham since 1987 but says he has other things to do",
        "time": "2024-05-24T11:39:35.171099",
        "title": "Conservative MP John Redwood to stand down",
        "topics": [
            "Berkshire",
            "Conservative Party",
            "Wokingham",
            "General election 2024 ",
            "John Redwood"
        ],
        "images": [
            "https://ichef.bbci.co.uk/news/480/cpsprodpb/c8d5/live/99575040-19a1-11ef-8810-7ddce6503835.jpg.webp"
        ],
        "videos": [],
        "author": "Curtis Lancaster,",
        "text": [
            "Veteran Conservative MP Sir John Redwood has said he will stand down at the upcoming general election.",
            "He has represented Wokingham in Parliament since 1987 and was twice an unsuccessful candidate for the leadership of the Conservative Party in the 1990s.",
            "The 72-year-old said: \"I have decided not to put my name forward in the forthcoming election. I have other things I wish to do.\"",
            "On Wednesday, Prime Minister Rishi Sunak announced there would be a general election on 4 July.",
            "Writing in an online blog, Sir Redwood said: \"It has been a privilege to represent Wokingham in nine Parliaments. ",
            "\"I have drawn many of my campaigns from the views I have heard on doorsteps and read in my email box. ",
            "\"We have achieved good things together for our local community and the wider nation.\"",
            "He also referenced the work he had done to support the Conservative council at the local elections.",
            "The long serving politician added that he would continue to contribute to the debates about public policy.",
            "Sir John was Secretary of State for Wales in John Major's government.",
            "Follow BBC South on Facebook, X (Twitter), or Instagram. Send your story ideas to south.newsonline@bbc.co.uk or via WhatsApp on 0808 100 2240."
        ]
    },
    "https://www.bbc.com/news/articles/ceqq8v2qq5no": {
        "link": "https://www.bbc.com/news/articles/ceqq8v2qq5no",
        "subtitle": "Rishi Sunak visited Belfast following his announcement of a general election earlier this week.",
        "time": "2024-05-24T11:39:51.644970",
        "title": "Government to make significant Casement contribution - PM",
        "topics": [
            "Belfast",
            "Northern Ireland",
            "Rishi Sunak",
            "General election 2024 "
        ],
        "images": [
            "https://ichef.bbci.co.uk/news/480/cpsprodpb/f51a/live/b86e7480-19bb-11ef-a841-ab8ed6d4cee2.jpg.webp",
            "https://ichef.bbci.co.uk/news/480/cpsprodpb/9533/live/075b3960-19c7-11ef-a3f4-f1cabba3030d.png.webp",
            "https://ichef.bbci.co.uk/news/480/cpsprodpb/a18d/live/3a161410-19c2-11ef-b314-e3f83b344f01.png.webp",
            "/bbcx/grey-placeholder.png"
        ],
        "videos": [],
        "author": "Jayne McCormack,",
        "text": [
            "The prime minister has insisted the government will make a \u201csignificant contribution\u201d to the redevelopment of Casement Park.",
            "Rishi Sunak refused to say how much more money the government would be willing to put up or if it would happen in time for Euro 2028.",
            "He was asked about the issue by BBC News NI during a visit to Belfast on Friday.",
            "The PM also said ongoing discussions meant he would not say when exactly the government will make further details public.",
            "However, he added he would ensure there would be a \u201cgreat legacy for Northern Ireland\u201d in the Euros.",
            "Northern Ireland is due to host five games in the football championships at Casement Park in west Belfast.",
            "But the stadium site remains derelict and redevelopment work has yet to begin.",
            "At the weekend, the Irish FA and the GAA sent a joint letter to the prime minister urging him to clarify the funding for the project.",
            "But the cost of the redevelopment could be more than \u00a3300m and the PM would not say whether funding will be confirmed before July's general election.",
            "Ulster GAA said they welcome the commitment given by the PM and look forward to \"the government providing more details on the funding package\".",
            "The Chief Executive of the Irish Football Association (IFA), Patrick Nelson, said Mr Sunak needs to make the contribution \"fast\".",
            "\"There's been too much dithering on this. There's been too much of the government waiting around to see what's happening and we need them to move,\" he said. ",
            "During his visit to Belfast Mr Sunak also defended his party\u2019s record in government and said the Conservatives had a track record in delivering for Northern Ireland.",
            "He denied his visit was just a tick-box exercise, even though the party does not stand many candidates in Northern Ireland and said he cared \u201cdeeply\u201d about the union.",
            "The PM visited an advanced maritime manufacturing facility in Belfast's Titanic Quarter, where he spoke to apprentices and rode on a small zero-emission electric boat.",
            "The boat has been manufactured by Artemis Technologies, a company that has received government funding to support its work.",
            "Mr Sunak was accompanied by Northern Ireland Secretary Chris Heaton-Harris, as he spoke to staff and participated in some of the manufacturing processes.",
            "Prime Minister Rishi Sunak\u2019s visit to Northern Ireland will be fleeting, not least because Tory electoral prospects across the Irish Sea are few and far between.",
            "While the Conservatives do stand some candidates in Northern Ireland, they have little electoral success.",
            "In the last general election the party ran four candidates in Northern Ireland and secured less than 1% of the vote.",
            "The Labour Party has had a longstanding policy of not contesting elections in Northern Ireland, and the Liberal Democrats do not field candidates either.",
            "Reform UK announced in March a partnership with local party Traditional Unionist Voice (TUV), which was expected to involve fielding joint candidates.",
            "But blaming delays in processing paperwork, Reform UK confirmed on Thursday it will not have candidates in Northern Ireland and will instead endorse the TUV."
        ]
    },
    "https://www.bbc.com/news/articles/ck558ky6273o": {
        "link": "https://www.bbc.com/news/articles/ck558ky6273o",
        "subtitle": "Darren Rodwell had publicly apologised after saying he had the \u201cworst tan possible for a black man\u201d.",
        "time": "2024-05-28T11:40:07.359969",
        "title": "Labour candidate blames smear campaign after 'worst tan' comment",
        "topics": [
            "Barking and Dagenham London Borough Council",
            "General election 2024 "
        ],
        "images": [
            "https://ichef.bbci.co.uk/news/480/cpsprodpb/8bfc/live/eaf92a80-1d03-11ef-9ba6-65156d31ee3d.jpg.webp"
        ],
        "videos": [],
        "author": "Joe Pike,",
        "text": [
            "A white Labour candidate who publicly apologised after saying he had the \u201cworst tan possible for a black man\u201d at a Black History Month event privately dismissed criticism as being \u201cpart of a smear campaign\u201d against him.",
            "Despite apologising for what he called \u201cextremely stupid and embarrassing\u201d comments in 2022, a leaked email appears to show Barking candidate Darren Rodwell playing down the remarks when confronted by a constituent.",
            "\u201cWhat I can tell you [is] it was part of a smear campaign against me\u201d, he wrote.",
            "A Labour spokesperson said the party had \"dealt with this matter at the time in line with its rules and procedures\".",
            "\u201cDarren Rodwell offered an unreserved apology for these remarks when the video was first circulated in 2022,\" the spokesperson added.",
            "Mr Rodwell is the leader of Barking and Dagenham Council and is standing to succeed Labour veteran Margaret Hodge as MP for Barking.",
            "At an event marking Black History Month, he told the audience: \u201cYou might have noticed that I\u2019ve got the worst tan possible for a black man.\u201d",
            "Wearing a kufi, a hat traditional in parts of Africa, he added: \u201cBut I have the passion and the rhythm of the African and the Caribbean. I used to do swing dance, because I used to love jiggling about.\u201d",
            "Labour investigated Mr Rodwell, and cleared him after an interview by the party\u2019s National Executive Committee (NEC).",
            "A Labour party spokesperson said after the investigation: \u201cThe Labour Party takes all complaints extremely seriously and they are fully investigated in line with our rules and procedures, and any appropriate disciplinary action is taken.\u201d ",
            "Seen by some as a rising Labour star, Darren Rodwell is credited with playing a central role in campaigning against Nick Griffin, the leader of the far-right British National Party, in Barking at the 2010 election.",
            "He was subject to death threats and recounted \u201csomeone putting a Stanley knife to my throat when I was going to the toilet\u201d at the election count.",
            "More recently, he attracted criticism for hanging a \"Darren Rodwell for Barking\" banner on some gravestones.",
            "He said at the time that he \"wasn't being disrespectful\u201d and the banner was there temporarily while his team were fetching more straps.",
            "The council leader also made headlines after threatening to evict housing tenants who did not report knife crime. He later said his comments had been \u201csensationalised to make me sound like I was some sort of Mussolini\u201d.",
            "In the past five and a half years, Mr Rodwell has received more than \u00a320,000 in gifts and hospitality. ",
            "This includes \u00a312,448 in West Ham tickets and hospitality from a single construction firm after they secured permission to build film studios in the area.",
            "Mr Rodwell strongly denied any suggestion he had pushed through the deals in expectation that he would be treated by the studio companies. ",
            "\u201cAll the major deals were done before they got the box and planning is different to what I can do, I am the executive,\u201d he told The Guardian.",
            "Other candidates in the Barking constituency include Simon Anthony of the Green Party, Liberal Democrat Charley Hasted, Reform UK's Clive Peacock and Hamid Shah for the Workers Party.",
            "A full list of candidates will be available on the BBC News website after nominations close."
        ]
    },
    "https://www.bbc.com/news/articles/cy66901gz3po": {
        "link": "https://www.bbc.com/news/articles/cy66901gz3po",
        "subtitle": "Lib Dem leader Sir Ed Davey is calling for patients to have the right to see a GP within seven days.",
        "time": "2024-05-23T11:40:21.849403",
        "title": "Liberal Democrats vow to hire 8,000 GPs after general election",
        "topics": [
            "Conservative Party",
            "General election 2024 ",
            "Liberal Democrats",
            "Ed Davey"
        ],
        "images": [
            "https://ichef.bbci.co.uk/news/480/cpsprodpb/0e7a/live/b81102c0-192d-11ef-8b52-2b41a6663d25.jpg.webp"
        ],
        "videos": [],
        "author": "Sam Francis,",
        "text": [
            "The Liberal Democrats have pledged to recruit 8,000 more GPs if elected, putting the policy at \"the heart\" of their general election campaign offer.",
            "Sir Ed Davey, the party's leader, said the investment would create an extra 65 million appointments a year by the end of the next parliament.",
            "The Lib Dems have unveiled a five-year plan aimed at fulfilling their longstanding ambition to ensure patients can see a medical practitioner within seven days.",
            "Ramping up the party's general election campaign, Sir Ed said \"patients are bearing the brunt\" of Conservative mismanagement of the NHS.",
            "He claimed the party had \"brought the NHS to its knees\" and \"decimated local health services\" during its time in government.",
            "The Lib Dem leader continued: \"It is an unacceptable situation and one that is only getting worse after years of Conservative chaos and neglect.",
            "\"The Liberal Democrats would give people a legal right to see a GP in a week or 24 hours if in urgent need, so people aren't ever left struggling to get an appointment.",
            "\"This is at the heart of our offer to voters at this election and our plan to fix the health and care crisis.\u201d",
            "Half of the 8,000 extra GPs would come from boosting recruitment, while the rest would be secured by retaining more experienced GPs, the Lib Dems said.",
            "The party estimates that its plans would cost \u00a34bn over five years. It says it has several revenue-raising proposals including reversing cuts to taxes on banks. ",
            "The policy only applies to England, as health is devolved in Scotland, Wales and Northern Ireland.",
            "During the 2019 election, the Conservatives promised to deliver 6,000 more GPs by 2024.",
            "According to data from NHS England published on Thursday, there are now 37,237 full-time equivalent GPs across England, an increase of 2,500 since 2019.",
            "Under Rishi Sunak, the party promised to ease pressure on GP appointments by expanding pharmacy roles, aiming to free up 15 million appointments in two years for quicker patient access.",
            "Labour has promised to train more GPs and reduce pressure on current staff by accelerating independent prescribing for pharmacists, allowing them to manage more conditions and support practices better.",
            "The Lib Dems are targeting 80 marginal Conservative seats in the party's southern \"blue wall\" during this election campaign. ",
            "On Thursday, Sir Ed began the campaign with a visit to ultra-marginal constituency Cheltenham. It is represented by Justice Secretary Alex Chalk, who held it with a majority of just 981 in 2019.",
            "During the visit the Lib Dem leader argued for the need to \"transform our politics\" in order to \"repair our health and care system, restore the economy, end the sewage scandal and secure a fair deal for people\".",
            "The Lib Dems have ruled out a post-election deal with the Conservatives similar to the 2010 Cameron-Clegg coalition. ",
            "Its deputy leader Daisy Cooper claimed many lifelong Tory voters could not \"stomach\" the party anymore."
        ]
    },
    "https://www.bbc.com/news/uk-politics-69052507": {
        "link": "https://www.bbc.com/news/uk-politics-69052507",
        "subtitle": "The prime minister had been expected to get a first flight off before polling day on 4 July.",
        "time": "2024-05-23T11:40:37.874673",
        "title": "No Rwanda flights before election, says Rishi Sunak",
        "topics": [
            "UK immigration",
            "Rishi Sunak",
            "General election 2024 ",
            "Rwanda"
        ],
        "images": [
            "https://ichef.bbci.co.uk/news/480/cpsprodpb/1360D/production/_133337397_sunak-top.jpg.webp",
            "https://ichef.bbci.co.uk/news/480/cpsprodpb/BBC9/production/_133337084_rwandaplanereuters.jpg.webp"
        ],
        "videos": [],
        "author": "By Paul Seddon & Dominic Casciani,",
        "text": [
            "Rishi Sunak has said that no asylum seekers will be sent to Rwanda before the election under the government's deportation scheme.",
            "It had been thought ministers would try to get the first flight off before polling day, to showcase their flagship policy on countering illegal migration.",
            "But the PM has now said they will go \"if I'm re-elected\" on 4 July.",
            "Labour has pledged to scrap the plan if it wins power, raising questions over whether anyone will ever be sent.",
            "The scheme, which has already cost around \u00a3310m, will be a key dividing line between the two main parties over the six-week election campaign.",
            "Labour said Mr Sunak's comments showed the Rwanda scheme was a \"con from start to finish\".",
            "Shadow home secretary Yvette Cooper added: \"He doesn't believe this plan will work, and that's why he called the election now in the desperate hope that he won't be found out.\"",
            "The programme, which has been delayed by legal challenges, was announced over two years ago by then-prime minister Boris Johnson.",
            "But Mr Sunak has made delivering it a key priority of his premiership, arguing it will deter people from crossing the English Channel in small boats.",
            "In a sign he now wants to make delivering the plan a key offer to voters, he said flights will go \"in July\" and \"that's the choice at this election\".",
            "Asked on BBC Radio 4 whether this meant after the election, he replied \"Yes,\" before adding \"the choice here is clear\".",
            "\"If you think stopping the boats is important, and you think like I do that you need a deterrent to do that [...] then I'm the only one that's going to deliver that,\" he added.",
            "The Liberal Democrats called the comments an \"utter humiliation and admission of defeat\" from the prime minister.",
            "\"The Rwanda scheme has been an immoral and expensive disaster from day one,\" added home affairs spokesperson Alistair Carmichael.",
            "The government has already paid Rwanda \u00a3290m to deliver the scheme, and spent around \u00a320m on training, operations and legal fees.",
            "The full costs over five years could be around \u00a3541m over five years, including a \u00a3120m for Rwanda after 300 people are sent.",
            "Mr Sunak has previously pledged that the first flights would take place by mid-July, before then continuing over the summer.",
            "However, behind the scenes ministers have been battling on a number of legal fronts to get the policy going.",
            "The FDA, a union representing senior civil servants, is challenging the plan on the grounds it would force officials to breach international law.",
            "Another challenge, from charity Asylum Aid, has already forced the Home Office to rewrite guidance over who is chosen for the first flight.",
            "The Home Office had already started detaining people earmarked for removal, but at least 60 of them have lawyers fighting their case - and each case could end up going all the way to the Supreme Court. ",
            "It comes as campaigning gets underway for the UK's first July election since 1945, after Mr Sunak's surprise announcement in a rain-soaked Downing Street that he was going to the polls.",
            "Speaking to BBC Breakfast, he said recent announcements on the economy showed now was \"the right moment\" to call the vote, which does legally have to take place until January 2025.",
            "The prime minister will be on the campaign trail later, whilst the Labour and Liberal Democrat leaders will also be holding events.",
            "Meanwhile, Nigel Farage has confirmed he will not be standing as a candidate for Reform UK, the party he co-founded in 2018 as the Brexit Party, ahead of a press conference the party is holding later."
        ]
    },
    "https://www.bbc.com/sport/football/articles/c0xx8qw8zx7o": {
        "link": "https://www.bbc.com/sport/football/articles/c0xx8qw8zx7o",
        "subtitle": "",
        "time": "2024-05-22T11:40:52.637555",
        "title": "Casement Park funding queries 'still to be addressed' - BBC Sport",
        "topics": [],
        "images": [
            "https://ichef.bbci.co.uk/news/1536/cpsprodpb/a79f/live/c1beb450-186c-11ef-b1ce-2fa28be2f75b.png"
        ],
        "videos": [],
        "author": "",
        "text": [
            "Communities Minister Gordon Lyons says that Northern Ireland may have to \"look at alternatives\" for their involvement in Euro 2028 if Casement Park is not redeveloped. ",
            "The stadium in west Belfast has been earmarked as Northern Ireland's sole venue for the tournament which is taking place across 10 stadiums in the UK and Ireland. ",
            "The original cost of rebuilding the stadium a decade ago was estimated to be \u00a377.5m.",
            "However in March, the Northern Ireland Secretary, Chris Heaton-Harris, suggested  the final cost for the redevelopment of Casement Park, to transform it into a modern 34,000 capacity stadium, could exceed \u00a3300m.",
            "Uefa's deadline for completion of the project is June 2027, but Mr Lyons admits that queries over funding have yet to be addressed.",
            "\"When it comes to Casement, I\u2019m dependent on others to see it progress and a lot of that is outside of my hands,\" he told BBC Sport NI. ",
            "\"We are waiting for confirmation from the UK government about their funding commitment but if we get to the stage where that is not available, I think we should be looking at other alternatives. ",
            "\"We need to see how we might be able to still play a role here in Belfast and in Northern Ireland when the games come.\"",
            "Mr Lyons was speaking at the announcement of The Northern Ireland Football Fund, previously known as the sub-regional stadia programme for soccer, where he allocated \u00a336.2m to help upgrade football stadiums in Northern Ireland. ",
            "He also pledged cash for grassroots football and a national training centre, and said he believes the development of the latter could help Northern Ireland remain involved in Euro 2028 even if they do not host any games. ",
            "\"I would love to see the Euros come to Northern Ireland in 2028 and I think it would create a huge legacy and inspire a lot of people to get involved.\"",
            "He added that at the minute there is \"no confirmation or clarity [on UK government funding] but we want to be involved\".",
            "\"That\u2019s why I\u2019m saying if we don\u2019t get the funding required for Uefa compliant stadium at Casement that we do find other ways to still be involved, as it would be fantastic,\" he explained."
        ]
    }
}