{
    "https://www.bbc.com/news/world-us-canada-68974210": {
        "link": "https://www.bbc.com/news/world-us-canada-68974210",
        "subtitle": "Jennifer Wexton was diagnosed with progressive supranuclear palsy, which makes it difficult for her to speak.",
        "time": null,
        "title": "US lawmaker uses voice assist app to address Congress",
        "topics": [],
        "images": [],
        "videos": [],
        "author": "",
        "text": []
    },
    "https://www.bbc.com/news/articles/cn44j1njggjo": {
        "link": "https://www.bbc.com/news/articles/cn44j1njggjo",
        "subtitle": "Declarations by Ireland, Spain and Norway will put pressure on other countries in Europe.",
        "time": "2024-05-28T17:50:34.606089",
        "title": "The impact of recognising a Palestinian state",
        "topics": [
            "Middle East",
            "Israel-Gaza war",
            "Israel"
        ],
        "images": [
            "https://ichef.bbci.co.uk/news/480/cpsprodpb/8e8e/live/fca49490-1cfe-11ef-80aa-699d54c46324.jpg.webp"
        ],
        "videos": [],
        "author": "James Landale,",
        "text": [
            "As fighting and suffering continues in Gaza, and violence grows in the West Bank, prospects of the Palestinian people gaining their own state might seem further away than ever.",
            "Several European countries are pressing ahead with formally recognising the existence of a Palestinian state, but they will not overcome the reality that such ambition still faces huge obstacles.",
            "However, Tuesday's actions by Ireland, Spain and Norway, announced last week, will put pressure on other countries in Europe - including the UK, France and Germany - to follow them in supporting Palestinian self-determination.",
            "\u201cThis is extremely significant,\u201d one Arab diplomat said. ",
            "\u201cIt reflects European frustration with the Israeli government\u2019s refusal to listen. ",
            "\"And it puts pressure on the EU to follow suit.\u201d",
            "But Israeli ministers insist this will encourage Hamas and reward terrorism, further reducing the chances of a negotiated settlement.",
            "Most countries - about 139 in all - formally recognise a Palestinian state. ",
            "On 10 May, 143 out of 193 members of the United Nations\u2019 general assembly voted in favour of a Palestinian bid for full UN membership, something that is only open to states.  ",
            "Palestine currently has a kind of enhanced observer status at the UN, which gives them a seat but not a vote in the assembly. ",
            "It is also recognised by various international organisations including the Arab League and the Organisation of Islamic Cooperation.",
            "A minority of European countries already recognise a Palestinian state. They comprise Hungary, Poland, Romania, the Czech Republic, Slovakia, and Bulgaria which adopted the position 1988; and others including Sweden and Cyprus.",
            "But many European nations - and the United States - say they will recognise a Palestinian state only as part of a long-term political solution to the conflict in the Middle East. ",
            "This is often referred to as the \"two-state solution\" where both Israelis and Palestinians agree to have their own states with their own borders.",
            "European countries and the US differ over when they should recognise a Palestinian state. ",
            "Ireland, Spain and Norway say they are doing so now to kick-start a political process. They argue there will be a sustained solution to the current crisis only if both sides can aim at some kind of political horizon. ",
            "These countries are also responding to domestic political pressures to show more support for Palestinians.",
            "In the past, the position of many Western countries was that Palestinian statehood should be a prize for a final peace agreement. ",
            "But Lord Cameron, the UK Foreign Secretary, and some other European countries have in recent months shifted their positions, saying the recognition of Palestinian statehood could come earlier, to help drive momentum towards a political settlement.",
            "In February, French President Emmanuel Macron said: \u201cThe recognition of a Palestinian state is not a taboo for France.\u201d ",
            "And earlier this month, France supported Palestinian membership of the UN in the general assembly vote.",
            "The US has privately discussed this issue with European allies, but is more cautious and wants a clearer sense of what the policy would mean in practice. ",
            "So the key debate behind the scenes is about when these holdout countries should recognise a Palestinian state: when formal peace talks begin between Israelis and Palestinians, when Israel and Saudi Arabia normalise diplomatic relations, when Israel fails to undertake certain actions, or when the Palestinians take certain actions. ",
            "In other words, they want recognition of the state of Palestine to be a big moment designed to achieve a diplomatic outcome. ",
            "\u201cIt is a big card that Western countries have to play,\u201d one Western official said. \u201cWe don\u2019t want to throw it away.\u201d",
            "The problem is that recognising a Palestinian state is largely a symbolic gesture if it does not also address the vital concomitant questions. ",
            "What should the borders be? Where should the capital be located? What should both sides do first to make it happen? ",
            "These are difficult questions that have not been agreed - or even answered - satisfactorily for decades.",
            "As of last week, a few more countries in Europe now believe there should be a Palestinian state.",
            "Supporters will cheer the move, opponents will decry it. ",
            "The grim reality for Palestinians on the ground is unlikely to change."
        ]
    },
    "https://www.bbc.com/news/articles/c80zy40lqnyo": {
        "link": "https://www.bbc.com/news/articles/c80zy40lqnyo",
        "subtitle": "The Conservatives also describe as \"vile\" the comment made in the West Midlands mayoralty race.",
        "time": null,
        "title": "'Racist' remark condemned by Labour Party ahead of mayoral count",
        "topics": [
            "England and Wales elections 2024",
            "Labour Party",
            "Andy Street"
        ],
        "images": [
            "https://ichef.bbci.co.uk/news/480/cpsprodpb/1a02/live/c9b7e400-0945-11ef-b75f-0d3be73511c6.jpg.webp"
        ],
        "videos": [],
        "author": "Josh Sandiford,",
        "text": [
            "The Labour Party has strongly condemned what it describes as a \"racist\" comment provided by a party source. ",
            "The source told the BBC they believed its candidate Richard Parker was on course for defeat in the West Midlands mayoral race. ",
            "They cited support for independent candidate Akhmed Yakoob, who stood on a pro-Gaza ticket as a major factor. ",
            "However, an official Labour spokesperson disowned the remarks, saying they had not come from anyone speaking on behalf of the party. ",
            "The source had said: \"It\u2019s the Middle East, not West Midlands, that will have won [Conservative candidate] Andy Street the mayoralty. Once again Hamas are the real villains.\"",
            "The quote immediately drew fierce criticism both inside and outside the Labour Party.",
            "A Conservative source described it as \"vile\" and insisted the contest was \"extremely close\".",
            "A Labour spokesperson said: \"The Labour Party has strongly condemned this racist quote, which has not come from anyone who is speaking on behalf of the party or who\u2019s values are welcome in the party.\" ",
            "Birmingham Yardley MP Jess Phillips called for the individual responsible for the comments to be \"thrown out of the Labour Party.\"",
            "She added: \"I am glad that the Labour party have quickly condemned it.\"",
            "And Tahir Ali, MP for Birmingham Hall Green, described the comment as \"vile racism\". ",
            "\"I unequivocally condemn it and am glad that the Labour Party has done the same,\" he said.",
            "\"Such anti-Muslim bigotry will only serve to alienate a community that has long supported Labour in its efforts to transform this country for the better.",
            "\"Treating voters with such a lack of respect is deplorable and should not be tolerated.\"",
            "The result in the contest for mayor of the West Midlands is not expected until Saturday afternoon.",
            "Visit the BBC's local election results live page for all the latest from across England and Wales.",
            "Follow BBC West Midlands on Facebook, X, and Instagram, Send your story ideas to: newsonline.westmidlands@bbc.co.uk"
        ]
    },
    "https://www.bbc.com/news/uk-england-leeds-69008817": {
        "link": "https://www.bbc.com/news/uk-england-leeds-69008817",
        "subtitle": "Up to 1,000 people have been using the swimming pool in Wakefield each month, its owner says.",
        "time": null,
        "title": "Ossett public pool owner to appeal against plan rejection",
        "topics": [
            "Wakefield"
        ],
        "images": [
            "https://ichef.bbci.co.uk/news/480/cpsprodpb/1723C/production/_133308749_photo-2024-05-14-11-22-54.jpg.webp",
            "https://ichef.bbci.co.uk/news/480/cpsprodpb/11678/production/_105988217_line976.jpg.webp"
        ],
        "videos": [],
        "author": "By Steve Jones & Tony Gardner,",
        "text": [
            "An entrepreneur has vowed to challenge a council's decision to refuse retrospective plans to run a public swimming pool at his home.",
            "Wakefield Council rejected an application from Ossett Leisure over noise and traffic safety concerns raised by neighbours.",
            "Business owner Jon Gardiner, who opened the facility in December, said he would fight the council's \"unruly\" decision.",
            "The council said the application was refused on \"on a number of grounds\".",
            "Mr Gardiner said he had seen huge interest amid a shortage of similar facilities locally. ",
            "The pool, on Station Road in Ossett, had been welcoming up to 1,000 swimmers a month, including schools, kids parties and disability groups, he added.",
            "Describing the council's decision to reject his application as \"appalling\", Mr Gardiner continued: \"They have not done their due diligence, they have categorically made an unruly decision.",
            "\"They are taking resources away and if anyone tries to replace them privately they reject it.\"",
            "Wakefield Council's service director for planning, transportation and strategic highways, Joe Jenkinson, said the application was refused due to \"insufficient information from the applicant about noise nuisance, concerns about vehicle parking and road safety and about the impact of the development on the conservation area in Ossett\".",
            "According to the Local Democracy Reporting Service, the application was supported by more than 170 people, with 60 opposing the plan.",
            "An environmental health officer raised concerns about the facility being offered as an \"upbeat, energetic party-themed venue\" with disco lights and a sound system.",
            "A report said: \"The officer stated that it seems inevitable that the breakout of amplified music from this facility could cause a disturbance.",
            "\"Concerns were also raised regarding rowdy and excited behaviour from patrons, which could have an adverse impact on neighbouring residents.\"",
            "The business lies within a conservation area and is close to two retirement homes.",
            "Recommending refusal, the officer's report said: \"No significant public benefits have been provided to outweigh the identified harm to the heritage asset.\"",
            "Follow BBC Yorkshire on Facebook, X (formerly Twitter) and Instagram. Send your story ideas to yorkslincs.news@bbc.co.uk."
        ]
    },
    "https://www.bbc.com/news/uk-68980477": {
        "link": "https://www.bbc.com/news/uk-68980477",
        "subtitle": "The duke was greeted by attendees, including actor Damien Lewis, before reading a Bible passage in St Paul's Cathedral.",
        "time": null,
        "title": "Prince Harry meets guests and gives reading at Invictus service",
        "topics": [],
        "images": [],
        "videos": [],
        "author": "",
        "text": []
    },
    "https://www.bbc.com/sport/articles/c51nyk34wldo": {
        "link": "https://www.bbc.com/sport/articles/c51nyk34wldo",
        "subtitle": "Eve Muirhead has been named Team GB's chef de mission for the 2026 Winter Olympics.",
        "time": null,
        "title": "Eve Muirhead named Team GB chef de mission for 2026 Winter Games - BBC Sport",
        "topics": [],
        "images": [
            "https://ichef.bbci.co.uk/news/2048/cpsprodpb/a1fb/live/5844bd10-144a-11ef-bfec-4ba8a2993b62.jpg"
        ],
        "videos": [],
        "author": "",
        "text": [
            "Eve Muirhead has been named Team GB's chef de mission for the 2026 Winter Olympics.",
            "The Scottish Olympic champion curler will lead the British team at Milano Cortina in Italy and will be the first Scot to take on the role since Mike Hay in 2018.",
            "Muirhead, 34, appeared at four Games, taking bronze at Sochi 2014 and gold eight years later in Beijing.",
            "\"I am truly honoured and delighted to have been asked to be chef de mission for Team GB and I cannot wait to get to work on this project,\" said Muirhead.",
            "\"I\u2019ve seen first hand how talented our winter sports athletes are and our aim should be to unlock that potential when it comes to the Milano Cortina Olympic Games.\u201d",
            "British Olympic Association chair Sir Hugh Robertson described Muirhead as \"an outstanding young leader\" and added: \"We had no hesitation in unanimously agreeing her appointment.\"",
            "Three-time European champion Muirhead, who was world champion in 2013, retired from competing following her Olympic success in 2022."
        ]
    },
    "https://www.bbc.com/news/videos/c6pyp9kgz88o": {
        "link": "https://www.bbc.com/news/videos/c6pyp9kgz88o",
        "subtitle": "Sophie, 11, and Jim, 95, are part of a 'band' of bell ringers at a church in Weston-super-Mare.",
        "time": null,
        "title": "Are these the country's youngest and oldest bell ringers?",
        "topics": [],
        "images": [],
        "videos": [],
        "author": "",
        "text": []
    },
    "https://www.bbc.com/news/articles/c9xzzkxkej2o": {
        "link": "https://www.bbc.com/news/articles/c9xzzkxkej2o",
        "subtitle": "The extension brought a further 11 stations to the Jubilee line to herald the new millennium.",
        "time": null,
        "title": "Tube: Jubilee line extension celebrates 25 years",
        "topics": [
            "Transport for London",
            "London Underground",
            "Rail travel",
            "London",
            "London transport"
        ],
        "images": [
            "https://ichef.bbci.co.uk/news/480/cpsprodpb/45f6/live/e04b88f0-11ee-11ef-8f05-f99dbd7284e4.jpg.webp",
            "https://ichef.bbci.co.uk/news/480/cpsprodpb/b3fa/live/cb3ca230-11eb-11ef-8f05-f99dbd7284e4.jpg.webp",
            "https://ichef.bbci.co.uk/news/480/cpsprodpb/c9d2/live/9de1ea70-11eb-11ef-8f05-f99dbd7284e4.jpg.webp",
            "https://ichef.bbci.co.uk/news/480/cpsprodpb/9e5b/live/9be67650-11f0-11ef-8f05-f99dbd7284e4.jpg.webp",
            "https://ichef.bbci.co.uk/news/480/cpsprodpb/56f9/live/8eb75120-11eb-11ef-82e8-cd354766a224.jpg.webp",
            "https://ichef.bbci.co.uk/news/480/cpsprodpb/e646/live/ef02a750-11eb-11ef-b9d8-4f52aebe147d.jpg.webp",
            "https://ichef.bbci.co.uk/news/480/cpsprodpb/de94/live/8bdfd4e0-11f0-11ef-8f05-f99dbd7284e4.jpg.webp"
        ],
        "videos": [],
        "author": "",
        "text": [
            "Part of the Tube line that connected central and south-east London 25 years ago is being celebrated by Transport for London (TfL).",
            "The Jubilee line extension connects Green Park with the Docklands.",
            "All 11 stations along the route were designed by architect Roland Paoletti to herald the new millennium.",
            "To mark the occasion, TfL has created 25th anniversary posters that will feature along the Jubilee line over the coming weeks.",
            "The Jubilee line runs between Stanmore in north-west London and Stratford in east London, via the Docklands, South Bank and West End.",
            "The first section of the line, which connected Wembley Park and Stanmore, was built in 1932, and  was part of the Metropolitan line.  ",
            "As a Tube expansion east and west of the centre was considered immediately before and after World War II, the Jubilee prototype was named the Fleet line, after London's subterranean Fleet River.",
            "It was renamed the Jubilee line in 1977 as part of the celebrations to mark Queen Elizabeth II's silver Jubilee. ",
            "The line was officially opened by the Prince of Wales on 30 April 1979, with passenger services operating from 1 May 1979.",
            "The choice of battleship grey for the line's colour was based on the naval meaning of the word fleet.",
            "It then became a lighter grey to represent the silver colour of the Jubilee itself.",
            "In May 1999, it was then expanded further adding Stratford, the line\u2019s current eastern terminus and where Stratford International and Westfield Shopping Centre would later open, and North Greenwich, close to the Millennium Dome, now the O2. ",
            "It extended further west in the September to Bermondsey via the Canary Wharf  financial district, which is now the most-used station for a single line and the busiest station outside central London, serving 40 million people each year.",
            "The stations were built all step-free, with lifts, ramps and level surfaces for people with accessibility requirements.",
            "With the new millennium on the horizon, Jubilee's final phase connected Bermondsey with Green Park, creating the line as we know it today.",
            "Listen to the best of BBC Radio London on Sounds and follow BBC London on Facebook, X and Instagram. Send your story ideas to hello.bbclondon@bbc.co.uk"
        ]
    },
    "https://www.bbc.com/sport/boxing/articles/cd18pz2e78yo": {
        "link": "https://www.bbc.com/sport/boxing/articles/cd18pz2e78yo",
        "subtitle": "Former WBO featherweight champion Heather Hardy says her boxing career could be over after suffering \"too much brain damage\".",
        "time": null,
        "title": "Heather Hardy: Former boxing champion says career could be over - BBC Sport",
        "topics": [],
        "images": [
            "https://ichef.bbci.co.uk/news/1024/cpsprodpb/a791/live/30d5a3d0-0c4c-11ef-88c9-b971c42a2660.jpg"
        ],
        "videos": [],
        "author": "",
        "text": [
            "Former WBO featherweight champion Heather Hardy says her boxing career could be over after suffering \"too much brain damage\".",
            "Hardy is a veteran of combat sports, primarily competing in boxing prior to stepping into the world of mixed martial arts.",
            "The 42-year-old has not fought since a unanimous points loss against undisputed featherweight champion Amanda Serrano in August.",
            "\"I've had too many concussions,\" Hardy wrote on Instagram., external",
            "\"When you have a concussion, a piece of your brain dies and you never get it back. Imagine that?",
            "\"In ten years I've had too much brain damage. I can't get any more or else I won't be able to see. No running, no jogging, no jumping rope, and no getting hit in the head.\"",
            "Hardy has not officially announced her retirement but confirmed she will not be making her Bare Knuckle FC (BKFC) debut on Saturday, 11 May.",
            "She was due to be fighting BKFC flyweight champion Christine Ferea at Mohegan Sun in Uncasville, Connecticut.",
            "The American made her professional boxing debut in 2012 and held the WBO featherweight world title in 2018 before losing to Serrano the following year in their first bout.",
            "She made her professional MMA debut at Bellator 180 against Alice Yauger in June 2017.",
            "\"I had to choose between my brain and my fight,\" Hardy added in her post on social media. \"So I'm blessed to be alive but gutted.",
            "\"I hadn't told anyone how bad it was, not my boyfriend not my coaches.",
            "\"I thought I could make it through the ten-minute fight, but after a very light sparring session I couldn't see for two days.",
            "\"I didn't eat or sleep Friday to Monday, and I knew I was too weak to do this. After finally seeing a doctor, he said I've had too many concussions.\""
        ]
    }
}