{
    "https://www.bbc.com/sport/football/articles/cnl4qgjxe70o": {
        "link": "https://www.bbc.com/sport/football/articles/cnl4qgjxe70o",
        "subtitle": "League One club Stevenage reappoint Alex Revell as their head coach following Steve Evans' departure to Rotherham United.",
        "time": null,
        "title": "Stevenage reappoint Alex Revell as manager - BBC Sport",
        "topics": [],
        "images": [
            "https://ichef.bbci.co.uk/news/1024/cpsprodpb/57e4/live/48e36a30-0de5-11ef-b6b8-e3a5dc2a8aa2.jpg"
        ],
        "videos": [],
        "author": "",
        "text": [
            "Stevenage have reappointed Alex Revell as their manager.",
            "The 40-year-old former striker, who made 57 appearances for the club as a player, had been in interim charge since 17 April.",
            "Revell previously took charge of the club in February 2020, before parting company with Boro in November the following year.",
            "He replaces Steve Evans as permanent boss, after the Scot left Lamex Stadium to return to former club Rotherham United.",
            "Evans guided Stevenage to promotion from League Two in 2022-23 and they finished ninth in League One this season, five points off the play-off places.",
            "Revell's first spell in charge initially saw the club relegated from the fourth tier in the pandemic-hit 2019-20 season, but they were reprieved following a points deduction for Macclesfield Town.",
            "Chairman Phil Wallace told the club website:, external \u201cWe believe the dynamics of our squad dictated that Alex was the natural successor to Steve.",
            "\"Alex knows the players, he\u2019s been part of the original recruitment metric and, importantly, he\u2019s held in high esteem by the dressing room.\"",
            "Former Arsenal first-team coach Neil Banfield, 62, will be Revell's assistant manager."
        ]
    },
    "https://www.bbc.com/sport/articles/czkv5dr12xlo": {
        "link": "https://www.bbc.com/sport/articles/czkv5dr12xlo",
        "subtitle": "Cedric Doumbe speaks to BBC Sport about his stardom in France, meeting Kylian Mbappe and being the \"main event\" before his fight against Jaleel Willis at the Bellator Champions Series in Paris on Friday.",
        "time": null,
        "title": "Cedric Doumbe: Friends with Kylian Mbappe and selling out arenas - meet France's MMA superstar - BBC Sport",
        "topics": [],
        "images": [
            "https://ichef.bbci.co.uk/news/819/cpsprodpb/8399/live/30c0fcc0-0fa1-11ef-8dec-6128c30786c9.jpg",
            "https://ichef.bbci.co.uk/news/1024/cpsprodpb/5a59/live/ae0d7e70-0ec9-11ef-82e8-cd354766a224.jpg"
        ],
        "videos": [],
        "author": "",
        "text": [
            "When Cedric Doumbe knocked out Jordan Zebo inside nine seconds on his PFL debut in September, it confirmed what his fans in France already suspected - he is a star.",
            "Frenchman Doumbe, 31, who is former two-time kickboxing champion, has built up an excitable following in his home country, but this was his exposure to the world.",
            "With Zebo lying flat on his back following a crushing left hook from Doumbe, the television cameras cut to fan reaction inside the arena.",
            "Standing open-mouthed in shock was French footballing superstar Kylian Mbappe,, external flanked by a number of his PSG team-mates. ",
            "PSG had played 425km away at Clermont Foot in a 0-0 draw that day and following the match, Mbappe and his team-mates caught a flight back to Paris especially to watch Doumbe fight.",
            "\"Kylian was amazed by the competition and the night. He told me that he\u2019s enjoying everything I do,\" said Doumbe. ",
            "\"We said that we have to go eat something together, and he said he will watch all my fights. He said even if it's in the US he will wake up at 5am to watch the fight, so that was very, very cool. He's a good guy.\"",
            "Doumbe has won five of the first six fights of his MMA career after transitioning from kickboxing, with the only blemish on his record coming in March when his fight was controversially stopped after he complained about a shard of glass in his foot.",
            "On Friday he returns to the scene of that defeat in Paris, competing at the Accor Arena in front of 16,000 fans for the second time inside three months, when he faces American Jaleel Willis at the Bellator Champions Series.",
            "All of Doumbe's wins in MMA have come by stoppage, but it's not just his exciting fighting style which has caught the eyes of French fans, it is his charisma and playful personality.",
            "During his walkout to face Zebo, Doumbe carried a mattress to the cage with Bonne Nuit [goodnight] Jordan written on it, and before his defeat by Baysangur Chamsoudinov in March he posted a video on social media with an ambulance graphic.",
            "\"I think people like me because of the way I like to sell a fight before, the way I behave during the entrance, the way I knock people out, the way I back my words up,\" said Doumbe.",
            "\"Then also they like my personality. I'm not a bad guy, I'm good guy.",
            "\u201cEven if some people are disappointed the way the last fight ended they know after the next fight they will get back on the train. Even if they don't say it, they are following thinking: \u2018What is Cedric Doumbe gonna do next?\u2019\u201d",
            "Doumbe says it wasn't until MMA was legalised in France in 2020 that his popularity took off in the country.",
            "He adds that this is why the fans appear so passionate too, because the sport still represents a new experience for them.",
            "In March, tickets for his fight against Chamsoudinov sold out in fewer than 20 minutes, according to the PFL., external",
            "Doumbe chooses to use his platform to spread positive messages to his fans.",
            "\"When I started combat sports I was looking to become a superstar but when you grow up and you get some maturity, you understand that is nothing,\" said Doumbe.",
            "\"But yes, I'm enjoying it, because with the fame you can reach so many people. I send good messages like peace. I'm a Muslim, so I like to spread the peace of my religion and family notion. ",
            "\"The most important is young people because the big part of my followers are the youth. That's why I like to spread that good energy.\"",
            "The main event on Friday sees American Patchy Mix defend his bantamweight title against Russia's Magomed Magomedov, but Doumbe believes his fight will feel like the main event.",
            "\"Because we are in Paris and because people really, really, really like me. Not because [Mix and Magomedov] aren't good fighters - they are,\" said Doumbe. ",
            "\"So for me, I'm the main event and everybody who comes is to watch me fight.\""
        ]
    },
    "https://www.bbc.com/news/articles/c80zy40lqnyo": {
        "link": "https://www.bbc.com/news/articles/c80zy40lqnyo",
        "subtitle": "The Conservatives also describe as \"vile\" the comment made in the West Midlands mayoralty race.",
        "time": null,
        "title": "'Racist' remark condemned by Labour Party ahead of mayoral count",
        "topics": [
            "England and Wales elections 2024",
            "Labour Party",
            "Andy Street"
        ],
        "images": [
            "https://ichef.bbci.co.uk/news/480/cpsprodpb/1a02/live/c9b7e400-0945-11ef-b75f-0d3be73511c6.jpg.webp"
        ],
        "videos": [],
        "author": "Josh Sandiford,",
        "text": [
            "The Labour Party has strongly condemned what it describes as a \"racist\" comment provided by a party source. ",
            "The source told the BBC they believed its candidate Richard Parker was on course for defeat in the West Midlands mayoral race. ",
            "They cited support for independent candidate Akhmed Yakoob, who stood on a pro-Gaza ticket as a major factor. ",
            "However, an official Labour spokesperson disowned the remarks, saying they had not come from anyone speaking on behalf of the party. ",
            "The source had said: \"It\u2019s the Middle East, not West Midlands, that will have won [Conservative candidate] Andy Street the mayoralty. Once again Hamas are the real villains.\"",
            "The quote immediately drew fierce criticism both inside and outside the Labour Party.",
            "A Conservative source described it as \"vile\" and insisted the contest was \"extremely close\".",
            "A Labour spokesperson said: \"The Labour Party has strongly condemned this racist quote, which has not come from anyone who is speaking on behalf of the party or who\u2019s values are welcome in the party.\" ",
            "Birmingham Yardley MP Jess Phillips called for the individual responsible for the comments to be \"thrown out of the Labour Party.\"",
            "She added: \"I am glad that the Labour party have quickly condemned it.\"",
            "And Tahir Ali, MP for Birmingham Hall Green, described the comment as \"vile racism\". ",
            "\"I unequivocally condemn it and am glad that the Labour Party has done the same,\" he said.",
            "\"Such anti-Muslim bigotry will only serve to alienate a community that has long supported Labour in its efforts to transform this country for the better.",
            "\"Treating voters with such a lack of respect is deplorable and should not be tolerated.\"",
            "The result in the contest for mayor of the West Midlands is not expected until Saturday afternoon.",
            "Visit the BBC's local election results live page for all the latest from across England and Wales.",
            "Follow BBC West Midlands on Facebook, X, and Instagram, Send your story ideas to: newsonline.westmidlands@bbc.co.uk"
        ]
    },
    "https://www.bbc.com/sport/football/articles/c4nnpne0vpjo": {
        "link": "https://www.bbc.com/sport/football/articles/c4nnpne0vpjo",
        "subtitle": "Phil Foden tells BBC Sport it will be \"really sad\" when Manchester City boss Pep Guardiola leaves the club, and praises him for improving his game.",
        "time": "2024-05-23T17:09:56.625076",
        "title": "Phil Foden: Pep Guardiola leaving Manchester City will be \"really sad\", says midfielder - BBC Sport",
        "topics": [],
        "images": [],
        "videos": [
            "//emp.bbc.com/emp/SMPj/2.52.1/iframe.html",
            "//emp.bbc.com/emp/SMPj/2.52.1/iframe.html",
            "//emp.bbc.com/emp/SMPj/2.52.1/iframe.html"
        ],
        "author": "",
        "text": [
            "Manchester City star Phil Foden says it \u201cwould be really sad\u201d if manager Pep Guardiola were to leave the club next year.",
            "Having steered his side to a record fourth successive title, Guardiola raised the prospect that he will depart when his contract expires at the end of next season, saying \u201cthe reality is I am closer to leaving than staying\u201d.",
            "\u201cI\u2019ve not known any other thing apart from him, so it\u2019ll be strange when he does go,\u201d Foden - the newly crowned Premier League Player of the Year - told BBC sports editor Dan Roan.",
            "\u201cI don't want to think too much about it. I want to enjoy the things we're doing now with him.\u201d",
            "Foden praised the Spaniard for helping improve his game, saying he \u201csimplifies football\u201d.",
            "The 23-year-old has enjoyed his best season yet at the Etihad, scoring 19 Premier League goals and providing eight assists as City won a sixth title in seven seasons.",
            "City's triumph represented manager Guardiola's 17th trophy since joining the club in 2016.",
            "\"I feel like there's other managers out there who complicate it a little bit,\" Foden said.",
            "\"The best advice he gave me this season was just \u2018don't try and be Phil Foden in every action\u2019, and I feel like that advice really went a long way.",
            "\u201cI've been here for a long time now working with the manager. And I think now is the time for me to step up and try and be the man who\u2019s going to score the goals. I knew what I was capable of doing this season, it\u2019s so good to say that I've had a good season and I want to continue to play well.\"",
            "England's Foden, who scored twice as City beat West Ham to secure the title on the final day of the season, has excelled in a more central role for the club this season, deputising for Kevin de Bruyne - who missed large periods of the campaign through injury.",
            "Foden's form has led to England fans urging manager Gareth Southgate to utilise him down the middle at Euro 2024 next month, but Foden says he is happy to play in a number of positions.",
            "\"I've always said that I like midfield. It's my best position,\" he added.",
            "\"But I think I've shown this year as well that I can play in any position that the manager puts me. I\u2019ve played off the wide left and wide right and still done a good job.\"",
            "Foden made a personal-best 35 Premier League appearances for City this season and, despite featuring less regularly in previous campaigns, he was happy to wait for his opportunity.",
            "\"I never, ever had an intention of leaving. I think I believed in what the manager was saying,\" said Foden.",
            "\"I believed in the process. When I wasn't playing, I knew there was better players in front of me. And I knew the more I grew up and the longer time that went, there'd be opportunity for me.\"",
            "City are widely expected to beat Manchester United in the FA Cup final for the second successive year this weekend, after their rivals endured their worst ever Premier League season.",
            "But Foden - who grew up supporting City and joined the club\u2019s academy aged eight, rejected suggestions that victory will be straightforward.",
            "\u201cYou don't know how much work goes in on the training pitch and how much the manager puts in,\u201d he said.",
            "\u201cViewing the opponent's games and coming up with tactics. I feel that when people say that, they don't really understand how hard is to do what we've done this season.",
            "\u201cIt\u2019s going to be a tough final. We\u2019ve seen last year United didn't make it easy for us. When it\u2019s a derby, on your day anyone can win so, it's something we have to look forward to and be at our best if we're going to win.\u201d"
        ]
    },
    "https://www.bbc.com/news/uk-scotland-68995948": {
        "link": "https://www.bbc.com/news/uk-scotland-68995948",
        "subtitle": "A wildfire spread quickly across Glenuig in Lochaber last weekend.",
        "time": null,
        "title": "Watch dramatic time lapse of Highland wildfire",
        "topics": [],
        "images": [],
        "videos": [],
        "author": "",
        "text": []
    },
    "https://www.bbc.com/sport/football/articles/c51n1zyx410o": {
        "link": "https://www.bbc.com/sport/football/articles/c51n1zyx410o",
        "subtitle": "Aston Villa boss Carla Ward will have \"one last dance\" when she leads her side out for the final time against Manchester City.",
        "time": null,
        "title": "Carla Ward: Aston Villa boss on 'one last dance' on WSL final day - BBC Sport",
        "topics": [],
        "images": [
            "https://ichef.bbci.co.uk/news/1024/cpsprodpb/8976/live/a8296f00-136f-11ef-83f9-51268683e1ae.jpg",
            "https://ichef.bbci.co.uk/news/1024/cpsprodpb/a5c1/live/dd649250-1372-11ef-83f9-51268683e1ae.jpg"
        ],
        "videos": [],
        "author": "",
        "text": [
            "Aston Villa manager Carla Ward will have \"one last dance\" when she leads her side out for the final time against Manchester City at Villa Park, as the Women's Super League season comes to an end on Saturday.",
            "It will cap off a successful three years at the club, in which Ward led Villa to their highest ever WSL finish - fifth in 2022-23 - and two domestic cup semi-finals. ",
            "Ward, mother to four-year-old Hartley, departs a year before her contract was due to expire \"to prioritise other important things - such as family life\". ",
            "\"If you had told me that after three years I would have the full support of the club, players and the fans, I would have laughed,\" said Ward. ",
            "\"We have been through a lot and are so tight-knit. I have never felt support quite like it and that\u2019s why I love the club, and will forever love the club. Who knows what the future will hold now.\"",
            "Ward says there are \"ongoing discussions\" about her potentially staying at Villa in a role off the pitch, but does not know what that will look like yet. ",
            "But what she does know is that she leaves Villa having developed as a coach and with \"immense pride\" at the job she has done.",
            "\"When I came into this club there was one cabin outside that had a changing room, gym and a staff office. Now we\u2019ve got a big building here, a couple of others outside, our own gym, player areas and have maximised on and off the pitch massively,\" added Ward.",
            "\"We have attracted some of the best players in the women\u2019s game and we\u2019ve put Aston Villa on the map. I\u2019m proud of what I\u2019ve achieved here.",
            "\"We\u2019ve had some great times. It\u2019s one last dance at the weekend.\"",
            "The ending of Ward's latest chapter could not have been written any better.",
            "Villa host a Manchester City side who go into Saturday's game level on points with Chelsea - both knowing they could win the title on goal difference on the final day. ",
            "It is a blockbuster fixture, to be shown live on BBC Two at 15:00 BST and played in front of a strong crowd at Villa Park. ",
            "So what would the perfect send-off be for Ward?",
            "\"Three points. We like playing against Manchester City. The last few years we\u2019ve had some good games against them,\" said Ward.",
            "\"They are a team that play in a way that I love. We want to win the game. It\u2019s as simple as that. I couldn\u2019t care less about what goes on elsewhere, I just care about trying to get maximum points.\"",
            "Ward also laughed off any notion that her side would \"park the bus\" and try to reduce City's goal difference.",
            "\"My take is that they have to try to come and win by four goals. Have we ever parked the bus against Manchester City? I think you know the answer to that,\" she added. ",
            "\"We haven\u2019t, we\u2019ve always played in our way against City and it\u2019s been an enjoyable game. You really think I\u2019m going to park the bus in my last game? ",
            "\"I want to go out on a high. I want to attack the game. That\u2019s what we\u2019ll do.\"",
            "The WSL title will be awarded to Emma Hayes' Chelsea side or Gareth Taylor's Manchester City squad. Both are managers Ward respects greatly.",
            "\"May the best team win. They have both had exceptional seasons. But honestly, I care about going out on my own high, making sure we conduct ourselves in the right way and get something from it. ",
            "\"Whoever wins [the title] come 5pm on Saturday will be deserving of it. Whoever misses out will feel hard done by - but that\u2019s football. We\u2019re not there to help one or the other, only to try and get three points.\""
        ]
    },
    "https://www.bbc.com/news/world-us-canada-68893186": {
        "link": "https://www.bbc.com/news/world-us-canada-68893186",
        "subtitle": "In a tight election, the independent candidate could get enough votes to influence who wins the White House.",
        "time": null,
        "title": "Democrats are worried. But will RFK Jr take more votes away from Trump?",
        "topics": [
            "US election 2024",
            "United States"
        ],
        "images": [
            "https://ichef.bbci.co.uk/news/480/cpsprodpb/D892/production/_133224455_kennedystage.jpg.webp",
            "https://ichef.bbci.co.uk/news/480/cpsprodpb/18698/production/_133229999_kennedycamelot.jpg.webp",
            "https://ichef.bbci.co.uk/news/480/cpsprodpb/14DC2/production/_133224458_peterbiden.jpg.webp",
            "/bbcx/grey-placeholder.png"
        ],
        "videos": [],
        "author": "By Mike Wendling,",
        "text": [
            "Mike Panza showed up early to a comedy benefit to support the Kennedy campaign for president.",
            "Wearing a Star Wars-themed shirt and queuing outside the Royal Oak Theatre in this Detroit suburb, he talked about what drew him to the one candidate in the 2024 race identifiable solely by his initials - RFK Jr.",
            "\"I'd like a return to the middle of the road,\" said Mr Panza, 44. \"His stance on health care is really appealing. Kennedy wants to make people healthy, he wants to make the country healthy.\"",
            "Mr Panza, who works as an environmental officer, might sound like a disaffected Democrat. But when I ask who he voted for in 2020, he answers immediately: \"Trump.\"",
            "Interviews with dozens of Robert F Kennedy Jr supporters here point to a paradox about the independent candidate, one of the biggest wildcards in November's presidential election.",
            "Conventional wisdom, backed up by some opinion polls, says that Mr Kennedy, a member of the country's most famous - and Democratic - political family, presents more of a threat to Joe Biden than to the Republican nominee Donald Trump.",
            "However, other recent surveys, interviews with supporters and a closer look at the issues that animate Mr Kennedy's base tell a different story - that perhaps Mr Trump is the candidate who should be more worried.",
            "\"Given the status of politics in Michigan right now, I would say he's probably more damaging to Trump,\" said Corwin Smidt, a politics professor at Michigan State University. \"But it's a very uncertain situation.\" ",
            "Mr Kennedy is consistently polling in the teens or high single digits, percentage-wise. By all indications he is the most popular independent or third-party candidate in decades.",
            "Experts say support for third-party candidates tends to decline closer to the election, and that Mr Kennedy is extremely unlikely to win the White House. Yet, because of the tight electoral map, his significant support has the potential to influence results in some states - including Michigan, a key battleground - and ultimately determine who becomes the next president.",
            "Just a few miles away from the comedy show, local Republicans in suburban Macomb County hold a pro-Trump rally every Sunday at a wide intersection surrounded by strip malls, fast-food outlets and a gas station.",
            "This is hotly contested territory. Mr Trump carried around 53 percent of voters in Macomb, in both 2016 and 2020.",
            "But in the last election, the share of the vote going to third-party candidates declined, allowing Joe Biden to improve on Hillary Clinton's slice of the vote by about 3.5 percentage points. It was one small piece that allowed Biden to flip Michigan back into the Democratic column in 2020.",
            "At the gathering of a couple of dozen Republicans waving American flags and handmade pro-Trump signs, reaction to the Kennedy campaign ranged from guffawing bemusement to mild approval.",
            "Peter Kiszczyc is a regular at these rallies. He says he's glad that independent candidates such as Mr Kennedy Jr and left-winger Cornel West have entered the race.",
            "\"Some leftists will vote for them,\" said Mr Kiszczyc, 69, who emigrated to Michigan from Poland in the 1980s. \"Some things I like about RFK, some I don't.\"",
            "But he was in deep agreement with one of Mr Kennedy Jr's most noteworthy - and controversial - issues. \"All of us support his position against vaccination,\" he said, gesturing at the small crowd of Trump fans. ",
            "After a career as an environmental lawyer, Mr Kennedy headed the anti-vaccine organisation Children's Health Defense. Its support and fundraising skyrocketed - as did Mr Kennedy's profile - during the Covid-19 pandemic.",
            "His activism has put Mr Kennedy on the opposite side to most Democrats of a cultural and political divide that formed during the pandemic - and which was particularly acute in Michigan.",
            "In April 2020, then-President Trump focused his ire on Gretchen Whitmer, the state's Democratic governor, for imposing lockdown measures, tweeting: \"LIBERATE MICHIGAN!\" The state was the site of numerous protests against Ms Whitmer's Covid policies, including tense armed rallies at the state capitol.",
            "\"A lot of the anti-Whitmer voters went for Trump in 2020,\" said Mr Smidt, the Michigan State professor.",
            "He noted that many Michiganders drawn towards Mr Kennedy's position on healthcare and vaccines tend to lean conservative - and thus would more naturally fall into Mr Trump's camp.",
            "\"Democrats in Michigan are not like Democrats in California,\" he said.",
            "A number of Kennedy supporters back at the theatre - who paid $99 each for a comedy ticket - declared that they were opposed to lockdowns, masks, and Covid vaccines.",
            "\"I think the whole pandemic was mismanaged,\" said Sara White, a 43-year-old mother who said she opposed school closings and vaccine mandates. Ms White described herself as a former Democrat - \"I voted for Obama,\" she said - but noted that in 2020, she cast her ballot for Mr Trump.",
            "The evening began with a short campaign video made by the creator of Plandemic, a series of conspiratorial documentaries about Covid.",
            "The jokes skewed towards issues on the Make America Great Again agenda, including poking fun at gender terminology, \"woke\" young people and National Public Radio. ",
            "After the comedy, Mr Kennedy remarked: \"There are people outside tonight who worry that I'm going to take votes away from President Biden and get President Trump elected.",
            "\"And there are people who I run into every day who are worried that I'm going to take votes away from President Trump and get President Biden elected. And both of them think that's going to be the end of our republic\u2026 I think our democracy is stronger than that.\"",
            "Mr Kennedy's \"pox on both your houses\" message resonates with Liz Glass, a 59-year-old self-described recovering Democrat who owns a deli in Boyne City, in northwest Michigan. She voted for Mr Biden in 2020, but won't again.",
            "\"I'm disgusted,\" she said in a phone interview. \"It seems like the two major parties just want you to hate the other one, more than they have anything to offer that's positive.\"",
            "But Mr Kennedy looks unlikely to be able to take advantage of one the biggest issues for disaffected Democrats, including Michigan's sizable Arab-American population - the continuing war in Gaza. A staunch ally of Israel, he has rejected calls for a ceasefire.",
            "The two main candidates are - for obvious reasons - attempting to paint Mr Kennedy as a natural ally of the opposite side.",
            "Mr Trump has offered various opinions on RFK Jr, calling him \"Crooked Joe Biden's Political Opponent, not mine\" on his Truth Social account - but more recently calling him \"a Democrat 'Plant'\".",
            "The interactions between the two have been even more complicated than that. Although Mr Kennedy is a frequent critic of Mr Trump, he claims that he was approached by allies to see if he would be interested in being Mr Trump's running mate. The Trump campaign has vigorously denied the claim.",
            "Brian Hughes, a senior Trump adviser, called Mr Kennedy an \"ultra-leftist\". ",
            "\"Despite the dreams of the liberal echo chamber, Kennedy is an existential threat to Joe Biden not President Trump,\" Mr Hughes said in a statement, citing Mr Kennedy's views on taxes, fossil fuels and gun control. \"That's why Biden and his liberal cronies are desperately fighting to keep Kennedy off the ballot in several states.\"",
            "However, a recent NBC News survey indicated that 15% of Trump supporters would switch their votes to Mr Kennedy when presented with his name as an option - as compared to 7% of Biden voters. ",
            "That's a break from several previous polls which showed Mr Kennedy pulling more support away from Mr Biden.",
            "Democrats are still worried about that possibility. Local Democratic activists protesting outside the fundraiser called him a \"spoiler\". And Democrats have mounted legal challenges to Kennedy's efforts to get on the ballot. In Michigan those have come to naught, as Kennedy recently gained ballot access after being nominated by the tiny Natural Law Party.",
            "In a statement to the BBC, Michigan Democratic Party Chair Lavora Barnes took aim at the Kennedy campaign. \"The choice is clear this November, we must re-elect President Biden, and there are simply no alternatives,\" she said.",
            "At this point in the campaign the overall effect of Kennedy's bid is unknowable, said Merrill Matthews, a resident scholar with the conservative Institute for Policy Innovation who has studied the history of third-party campaigns. ",
            "But, Mr Matthews said, his presence in the race could cause a number of surprises, not only in close battlegrounds like Michigan but states which seem relatively safe for either candidate. ",
            "\"At a level of 8 or 9 percent - roughly where he is at in the polls now - his support could really jumble the outcome in a number of places,\" Mr Matthews said."
        ]
    },
    "https://www.bbc.com/news/articles/cw0v0w82wxqo": {
        "link": "https://www.bbc.com/news/articles/cw0v0w82wxqo",
        "subtitle": "Slough will see 300 e-scooters and 25 e-bikes back in the town from the end of May.",
        "time": null,
        "title": "Public concern over Slough e-scooter return",
        "topics": [
            "Berkshire",
            "Slough",
            "Slough Borough Council"
        ],
        "images": [
            "https://ichef.bbci.co.uk/news/480/cpsprodpb/b815/live/b5f7a250-12cf-11ef-bfa2-c3e660e98f61.jpg.webp",
            "https://ichef.bbci.co.uk/news/480/cpsprodpb/d273/live/d08d0dd0-12cf-11ef-bfa2-c3e660e98f61.jpg.webp"
        ],
        "videos": [],
        "author": "Alex Meakin,",
        "text": [
            "People have voiced safety concerns over a plan to reintroduce e-scooters to a town after a previous scheme failed.",
            "Slough Borough Council announced in April provider Zipp Mobility would be introducing 300 e-scooters and 25 e-bikes from 28 May.",
            "Residents Mohammad Asif and Ravi Gulati both told the BBC they had concerns about pedestrian safety, with Mr Gulati particularly worried about older people.",
            "The council said the vehicles would be monitored for misuse and they all have a number of safety features, including brake lights and a horn.",
            "Mr Asif said the plan could \"possibly be a good thing as long as it's done properly\".",
            "\"But obviously driving around in the High Street at speed can really be a problem as well,\" he said.",
            "\"It's the safety of the pedestrians... that's going to actually make the difference.\"",
            "Mr Gulati said: \"It's been dangerous, especially for older people, if scooters are zipping past.\"",
            "He also raised fears they could be used to aid criminal activity, such as theft and robbery.",
            "\"I don't know how the council is going to control that, that's the main question I have,\" he said.",
            "A spokesperson for the council said riders would need to agree to the terms of use, which included not riding on pavements.",
            "\u201cReports of misconduct will be taken seriously and Zipp may impose penalties or suspend accounts for riders found in violation of their terms of service,\" they said.",
            "They added \"any method of transport\" could be used by criminals, but said Zipp scooters could be tracked.",
            "Zipp Mobility said the scooters would adhere to government regulations, including a speed limit of 15.5mph.",
            "It added riders must provide a driving licence and photo in order to register, and would be bound by the same rules as if driving a car.",
            "The previous scheme, which was part of a wider national trial, ended in November 2022 when the council was unable to renew the contract with operator Neuron Mobility UK.",
            "Savio DeCruz, the council's associate director of operations, previously said people had enjoyed having using the e-scooters in the past.",
            "\"I hope they will make use of this new scheme,\" he said.",
            "Follow BBC South on Facebook, X (Twitter), or Instagram. Send your story ideas to south.newsonline@bbc.co.uk or via WhatsApp on 0808 100 2240."
        ]
    },
    "https://www.bbc.com/sport/football/68997812": {
        "link": "https://www.bbc.com/sport/football/68997812",
        "subtitle": "Sunday's back pages",
        "time": null,
        "title": "Sunday's back pages - BBC Sport",
        "topics": [],
        "images": [
            "https://ichef.bbci.co.uk/news/538/cpsprodpb/129A8/production/_133300267_gnus_uvwuai836j.png",
            "https://ichef.bbci.co.uk/news/708/cpsprodpb/177C8/production/_133300269_gnurolcw8aapg66.jpg",
            "https://ichef.bbci.co.uk/news/646/cpsprodpb/4330/production/_133300271_sundayexpressback1205.png",
            "https://ichef.bbci.co.uk/news/707/cpsprodpb/4F4C/production/_133300302_gnu4aicweaa3xc3.jpg"
        ],
        "videos": [],
        "author": "",
        "text": []
    }
}