{
    "https://www.bbc.com/sport/cricket/articles/ce9rrlejz07o": {
        "link": "https://www.bbc.com/sport/cricket/articles/ce9rrlejz07o",
        "subtitle": "Fixtures for West Indies' three-Test tour of England.",
        "time": null,
        "title": "West Indies in England 2024 - fixtures, results & scorecards - BBC Sport",
        "topics": [],
        "images": [
            "https://ichef.bbci.co.uk/news/2048/cpsprodpb/c484/live/1bcc2d80-11ea-11ef-a781-8dbbe51ae836.jpg"
        ],
        "videos": [],
        "author": "",
        "text": [
            "July",
            "10-14 1st Test, Lord's (11:00 BST)",
            "18-22 2nd Test, Trent Bridge (11:00 BST)",
            "26-30 3rd Test, Edgbaston (11:00 BST)",
            "NB Fixtures and start times are subject to change. The BBC is not responsible for any changes that may be made"
        ]
    },
    "https://www.bbc.com/sport/cricket/articles/c0433jvpx48o": {
        "link": "https://www.bbc.com/sport/cricket/articles/c0433jvpx48o",
        "subtitle": "Latest scorecard from England's women's tour of Ireland, featuring three ODIs and three Twenty20 internationals.",
        "time": null,
        "title": "England women in Ireland 2024 - fixtures, results & scorecards - BBC Sport",
        "topics": [],
        "images": [
            "https://ichef.bbci.co.uk/news/2048/cpsprodpb/2d67/live/fd85e240-11d9-11ef-af63-cbaccf90b635.jpg"
        ],
        "videos": [],
        "author": "",
        "text": [
            "September",
            "7 1st ODI, Stormont (10:45 BST)",
            "9 2nd ODI, Stormont (10:45 BST)",
            "11 3rd ODI, Stormont (10:45 BST)",
            "14 1st Twenty20 international, Clontarf (15:00 BST)",
            "16 2nd Twenty20 international, Clontarf (15:00 BST)",
            "17 3rd Twenty20 international, Clontarf (15:00 BST)",
            "NB Fixtures and start times are subject to change. The BBC is not responsible for any changes that may be made"
        ]
    },
    "https://www.bbc.com/sport/tennis/articles/c88z81v63jzo": {
        "link": "https://www.bbc.com/sport/tennis/articles/c88z81v63jzo",
        "subtitle": "All you need to know about tennis at the 2024 Paris Olympics.",
        "time": "2024-05-22T09:45:50.594517",
        "title": "Olympic tennis: schedule, venue and who could compete at Paris 2024 - BBC Sport",
        "topics": [],
        "images": [
            "https://ichef.bbci.co.uk/news/2048/cpsprodpb/858d/live/05f244d0-12c7-11ef-bee9-6125e244a4cd.jpg"
        ],
        "videos": [],
        "author": "",
        "text": [
            "Tennis was part of the inaugural Olympics in 1896 but was dropped after the 1924 Games.",
            "It has been a permanent fixture since 1988 and an Olympic title is now seen by some to be as prestigious as a Grand Slam.",
            "Here is all you need to know about the sport at Paris 2024.",
            "The tennis takes place on the clay courts of Roland Garros, the home of the French Open, from 27 July to 4 August.",
            "There will be five events at the Games \u2013 men\u2019s singles and doubles, women\u2019s singles and doubles, and mixed doubles. ",
            "Each country can qualify up to 12 players, with four men and four women allowed to compete in the singles.",
            "United States' Venus and Serena Williams have each won a record four gold medals. The pair won three doubles titles together in 2000, 2008 and 2012. ",
            "They have also won a singles gold each - Venus in 2000 and Serena in 2012 - with Venus also winning mixed doubles silver in 2016.",
            "Britain's Andy Murray is the only player to have won two Olympic singles gold medals and the only singles player to have retained the Olympic title.",
            "The final entry lists will be published on 8 July.",
            "Some players have already confirmed their appearance. World number one Novak Djokovic, who has never won Olympic gold, has built his year around this summer's Games. It is also likely to be Rafael Nadal's final chance to play in the Games.",
            "On the women\u2019s side, Iga Swiatek has said she intends to play. Britain's Emma Raducanu, however, may have to wait as her ranking is too low for direct entry.",
            "Murray, if he chooses to play, would be eligible for one of two International Tennis Federation places reserved for former Grand Slam champions and Olympic gold medallists.",
            "Raducanu is unlikely to play for GB after missing the French Open to prepare for the grass and hard-court seasons instead."
        ]
    },
    "https://www.bbc.com/sport/equestrian/articles/c4n1n77y964o": {
        "link": "https://www.bbc.com/sport/equestrian/articles/c4n1n77y964o",
        "subtitle": "All you need to know about equestrian at the Paris 2024 Olympics.",
        "time": "2024-05-22T09:46:04.208289",
        "title": "Olympic equestrian: schedule, venue and events at Paris 2024 - BBC Sport",
        "topics": [],
        "images": [
            "https://ichef.bbci.co.uk/news/2048/cpsprodpb/cd5a/live/c1496be0-129b-11ef-b7e2-73f605ba1f5a.jpg",
            "https://ichef.bbci.co.uk/news/1536/cpsprodpb/d2eb/live/a1b03d00-129a-11ef-902a-f54e71a45cbf.jpg"
        ],
        "videos": [],
        "author": "",
        "text": [
            "Equestrian made its Olympic debut in 1900 and became the first entirely mixed sport at the Games in 1964.",
            "Here is all you need to know about the sport at Paris 2024.",
            "All equestrian events are taking place in the magnificent setting of the Palace of Versailles, about 10 miles west of Paris.",
            "The equestrian programme runs from 27 July to 6 August.",
            "It comprises three disciplines - eventing, jumping and dressage - with six gold medals on offer.",
            "29 July - Eventing Individual Final (jumping), Eventing Team Final (jumping)",
            "2 August - Jumping Team Final",
            "3 August - Dressage Team Final (Grand Prix Special)",
            "4 August - Dressage Individual Final (Grand Prix Freestyle)",
            "6 August - Jumping Individual Final",
            "Dressage is the oldest equestrian discipline, and sees rider and horse perform a series of movements to music across the gaits of walk, trot and canter.",
            "At the Olympics, it consists of three Grand Prix tests. The first Grand Prix is the qualifying round, before the Grand Prix Special (team final) and Grand Prix Freestyle (individual final).",
            "Tests are scored by seven judges, with points scored for individual movements. Total scores are given as a percentage.",
            "Jumping sees riders and horses timed as they jump over a series of obstacles, and is designed to demonstrate the horse\u2019s athletic ability, precision and partnership with the rider.",
            "Time penalties are imposed if an obstacle is toppled, the permitted time limit is exceeded, or if the horse refuses to jump.",
            "In the event of a tie, a jump-off decides the winner.",
            "The triathlon of equestrian, equestrian combines dressage and jumping with a third discipline, cross-country.",
            "Cross-country sees competitors tackle a course of about 40 obstacles, including water, logs and ditches. Penalties are awarded for a refusal to jump or for exceeding the permitted time limit. If a rider or horse falls, they are eliminated.",
            "The rider rides the same horse across three days of competition.",
            "Germany have won the most Olympic medals in equestrian with 56 (28 gold).",
            "Great Britain are fourth on the overall medal table with 40 (13 gold)."
        ]
    },
    "https://www.bbc.com/sport/weightlifting/articles/c72p23198n5o": {
        "link": "https://www.bbc.com/sport/weightlifting/articles/c72p23198n5o",
        "subtitle": "All you need to know about weightlifting at the 2024 Paris Olympics.",
        "time": "2024-05-22T09:46:17.784245",
        "title": "Olympic weightlifting: schedule, rules, venue and scoring at Paris 2024 - BBC Sport",
        "topics": [],
        "images": [
            "https://ichef.bbci.co.uk/news/2048/cpsprodpb/1c8e/live/4fcd2ea0-12a7-11ef-b9d8-4f52aebe147d.jpg"
        ],
        "videos": [],
        "author": "",
        "text": [
            "Weightlifting was part of the inaugural Olympic Games in Greece in 1896.",
            "The men's competition has been held every cycle since 1920, while the women's competition made its debut in 2000.",
            "Here is all you need to know.",
            "The weightlifting runs from 7 to 11 August at the South Paris Arena 6, which is part of the Paris Expo centre.",
            "There are 10 medals on offer, with five men's weight classes and five women's.",
            "The men's classes are 61kg, 73kg, 89kg, 102kg and +102kg, while the women's are 49kg, 59kg, 71kg, 81kg and +81kg.",
            "Athletes perform two different types of lifts: snatch and clean and jerk.",
            "Athletes are allowed up to three attempts at each lift, with their best result in each lift added together to form their final score. If a lift is succesful, athletes can move to a heavier weight.",
            "The snatch is where the barbell is lifted above the head in one movement. Clean and jerk is where the barbell is lifted above the head in two movements.",
            "Three referees judge each lift. A white light shows if a lift is succesful, and athletes need two white lights to progress.",
            "The Soviet Union are the most succesful nation in Olympic weightlifting, having won 62 medals in total.",
            "China have also won 62 but that includes 38 golds to the Soviet Union's 39. United States have won the third most with 44.",
            "Great Britain have won eight Olympic weightlifting medals.",
            "Emily Campbell became the first British woman to win an Olympic weightlifting medal when she secured +87kg silver at the Tokyo Games."
        ]
    },
    "https://www.bbc.com/sport/hockey/articles/cx7d7pj057go": {
        "link": "https://www.bbc.com/sport/hockey/articles/cx7d7pj057go",
        "subtitle": "Everything you need to know about hockey at the 2024 Paris Olympics.",
        "time": "2024-05-22T09:46:32.473940",
        "title": "Olympic hockey: schedule, rules, venue and scoring at Paris 2024 - BBC Sport",
        "topics": [],
        "images": [
            "https://ichef.bbci.co.uk/news/2048/cpsprodpb/6622/live/8db1b800-129b-11ef-82e8-cd354766a224.jpg"
        ],
        "videos": [],
        "author": "",
        "text": [
            "Hockey made its Olympic debut in 1908 and the men's competition has been a permanent fixture since 1928.",
            "The women's competition was introduced at the 1980 Games and has been played in every cycle since.",
            "Here's all you need to know.",
            "The men's and women's hockey competitions take place from 27 July to 9 August at the Yves-du-Manoir Stadium in Colombes.",
            "There will be a men's and women's 12-team tournament. The men's gold medal match is on 8 August, with the women's the day after.",
            "Quite simply, whoever scores the most goals wins.",
            "Each match consists of four 15 minute periods, played between two teams of 11. Players can only touch the ball with the flat side of the stick. ",
            "In the group stages, three points are awarded for a win and one for a draw, with the top four teams progressing to the knock-out stages.",
            "If the scores are tied at the end of the match during the knock-out phase, the winner is decided by penalty shoot-out. ",
            "India have won the most medals in the men's competition, with eight golds in their total tally of 12. Pakistan are second with eight and Great Britain third. Great Britain have won nine medals in total but that includes two silvers and four bronze, compared to Pakistan's three silvers and two bronze.",
            "The Netherlands are the most succesful women's team with nine medals. Australia and Germany are second and third with three apiece, but Australia have three golds to Germany's one.",
            "Great Britain's women memorably won gold at Rio 2016. They won bronze at London 2012 and again in Tokyo three years ago.",
            "The men have not won an Olympic medal since gold in 1988, although they came close with a fourth-placed finish in 2012."
        ]
    },
    "https://www.bbc.com/sport/judo/articles/c80zzyxv51eo": {
        "link": "https://www.bbc.com/sport/judo/articles/c80zzyxv51eo",
        "subtitle": "Everything you need to know about judo at the 2024 Paris Olympics.",
        "time": "2024-05-22T09:46:46.128114",
        "title": "Olympic judo: schedule, rules, venue and scoring at Paris 2024 - BBC Sport",
        "topics": [],
        "images": [
            "https://ichef.bbci.co.uk/news/2048/cpsprodpb/65c9/live/71193eb0-11d9-11ef-82e8-cd354766a224.jpg"
        ],
        "videos": [],
        "author": "",
        "text": [
            "Judo made its Olympic debut at the Tokyo Games in 1964.",
            "The men's competition has been a part of every Games since 1972, while the women's has been a permanent fixture since 1992. ",
            "There will be 372 athletes competing in the event in Paris - here is all you need to know.",
            "The judo runs from 27 July to 3 August at the Champ-de-Mars Arena.",
            "There are 15 medals on offer, with two golds up for grabs every day.",
            "Competitions are divided into weight classes. The women's categories are -48kg, -52kg, -57kg, -63kg, -70kg, -78kg and +78kg and the men's are -66kg, -73kg, -81kg, -90kg, -100kg and +100kg. ",
            "A mixed team event rounds off the competition on the final day.",
            "There are two ways to score in the four-minute match - ippon and waza-ari.",
            "An ippon immediately ends the match. It can be achieved by throwing an opponent on their back with speed, strength and control or pinning the opponent down for 20 seconds. It is also awarded for forcing the opponent into submission.",
            "Two waza-aris are the equivalent of an ippon and also end the match. It is awarded for a throw that is lacking one of the three elements - speed, strength and control - needed for an ippon. It can also be awarded for holding down an opponent for 10-19 seconds.",
            "There are also two types of penalty: a shido, which is given out for slight infringements, and hansoku-make, which means immediate disqualification. Three shidos in one content also results in disqualification.",
            "Japan have won the most judo medals with 96, including 48 golds. France have won 57 and South Korea 46.",
            "Great Britain have won 13 medals in judo.",
            "Chelsie Giles was the last British athlete to win an Olympic medal, claiming -52kg bronze in Tokyo in what was GB's first medal of the Games."
        ]
    },
    "https://www.bbc.com/sport/articles/c722631nd1eo": {
        "link": "https://www.bbc.com/sport/articles/c722631nd1eo",
        "subtitle": "Everything you need to know about surfing at Paris 2024.",
        "time": "2024-05-22T09:46:59.791595",
        "title": "Olympic surfing: schedule, rules and events at Paris 2024 - BBC Sport",
        "topics": [],
        "images": [
            "https://ichef.bbci.co.uk/news/2048/cpsprodpb/b159/live/cc6f8630-1778-11ef-952e-d3a3375d552f.jpg"
        ],
        "videos": [],
        "author": "",
        "text": [
            "Surfing was first included in the Olympic programme at the Tokyo 2020 Games.",
            "Here's all you need to know about the sport at Paris 2024.",
            "Men and women compete in separate events, which are listed from 27 July to 4 August. The sport continues its Olympic journey almost 10,000 miles from Paris in Tahiti, French Polynesia, where surfing originated almost 1,000 years ago. ",
            "The medal events for both the men\u2019s and women\u2019s events are scheduled for 30 July but could take place as late as 4 August, depending on the weather.",
            "Surfers go head-to-head in heats lasting 15-45 minutes as they try to progress through the rounds. An athlete might typically ride 10 to 12 waves in a heat; each manoeuvre they perform is marked out of 10 by judges, with their best two scoring waves counting.",
            "The number of athletes in each event has increased from 20 to 24, meaning round one now consists of eight heats of three surfers instead of five heats of four. Round two, or the repechage, will now be a straight knockout, with eight heats of two surfers rather than two heats of five."
        ]
    },
    "https://www.bbc.com/sport/fencing/articles/cqee4l169n0o": {
        "link": "https://www.bbc.com/sport/fencing/articles/cqee4l169n0o",
        "subtitle": "Everything you need to know about fencing at Paris 2024.",
        "time": "2024-05-22T09:47:13.338987",
        "title": "Olympic fencing: schedule, rules and events at Paris 2024 - BBC Sport",
        "topics": [],
        "images": [
            "https://ichef.bbci.co.uk/news/2048/cpsprodpb/14f6/live/82001d00-1776-11ef-a62a-0b5a43c99392.jpg"
        ],
        "videos": [],
        "author": "",
        "text": [
            "Here's all you need to know about fencing at Paris 2024.",
            "The fencing events run from 27 July to 4 August at the Grand Palais.",
            "There are 12 medal events - women's individual \u00e9p\u00e9e, foil and sabre, men's individual \u00e9p\u00e9e, foil and sabre, women's team \u00e9p\u00e9e, foil and sabre and men's team \u00e9p\u00e9e, foil and sabre.",
            "The medal bouts for the women\u2019s individual \u00e9p\u00e9e and men\u2019s individual sabre take place on 27 July.",
            "The medal bouts for the women's individual \u00e9p\u00e9e individual and men\u2019s individual sabre take place on 28 July.",
            "The medal bouts for the women's individual foil and men\u2019s individual \u00e9p\u00e9e take place on 29 July.",
            "The medal bouts for the women's individual sabre and men\u2019s individual foil take place on 30 July.",
            "The medal bouts for the women's \u00e9p\u00e9e team take place on 31 July.",
            "The medal bouts for the men's sabre team take place on 1 August.",
            "The medal bouts for the women's foil team take place on 2 August.",
            "The medal bouts for the men's \u00e9p\u00e9e team and women's sabre team take place on 3 August.",
            "The medal bouts for the men's foil team take place on 4 August.",
            "In fencing, two competitors, each holding a weapon in one hand, face each other to strike their opponent on a valid target area of the body. The rules differ according to the type of weapon used.",
            "There are 12 events in Olympic fencing, with three types of weapon used: foil, \u00e9p\u00e9e and sabre.",
            "The first fencer to reach 15 points, or scores the most points at the completion of three three-minute rounds, wins the match. In team fencing, the first team to score 45 points, or the team leading when time runs out, wins.",
            "Italy have won the most Olympic fencing medals with 130 (49 gold), with France second with 123 (44 gold).",
            "Great Britain have won nine Olympic fencing medals, one gold and eight silver."
        ]
    }
}