{
    "https://www.bbc.com/news/articles/c06005n1r5eo": {
        "link": "https://www.bbc.com/news/articles/c06005n1r5eo",
        "subtitle": "Crawley Town will play their first ever game at Wembley on Sunday in the League 2 play-off final.",
        "time": null,
        "title": "Crawley Town: A guide to the Sussex club's Wembley play-off final",
        "topics": [
            "Crawley",
            "Wembley Stadium"
        ],
        "images": [
            "https://ichef.bbci.co.uk/news/480/cpsprodpb/2ac2/live/e03a0c50-1429-11ef-a3a3-f5f836f933a0.jpg.webp",
            "https://ichef.bbci.co.uk/news/480/cpsprodpb/bd22/live/6507f980-142d-11ef-a3a3-f5f836f933a0.jpg.webp",
            "https://ichef.bbci.co.uk/news/480/cpsprodpb/dbf1/live/bee22020-12ac-11ef-8caa-950ae8a78cc2.jpg.webp",
            "/bbcx/grey-placeholder.png",
            "/bbcx/grey-placeholder.png",
            "/bbcx/grey-placeholder.png"
        ],
        "videos": [],
        "author": "Daniel Sexton,",
        "text": [
            "Crawley Town will make history on Sunday when they step out onto the Wembley pitch for the League 2 play-off final.",
            "The club will be making its debut at the home of English football after 128 years, playing for a chance at promotion to League 1.",
            "The Red Devils will face Crewe Alexandra in front of thousands of expectant fans for the crunch game which kicks off at 13:00 BST.",
            "We look at how Crawley have got here, how to get to the stadium and how you can watch the game without making the trip to Wembley Stadium.",
            "Crawley secured their play-off place on the final day of the season in League 2, winning 2-0 at home to Grimsby Town, while Barrow dropped points at home to already promoted Mansfield Town, allowing them to finish in seventh place.",
            "They made history in the play-off semi-finals with a record breaking win over MK Dons.",
            "A 3-0 win at the Broadfield Stadium in the first leg put them in a commanding position.",
            "Just over 1,600 fans made the trip for the second leg and they were rewarded with a 5-1 win on the night and 8-1 overall on aggregate. ",
            "Crawley were widely tipped for relegation at the start of the season so the fact they have a chance of promotion is hugely unexpected and they have thrived from having the 'underdog' tag this season.",
            "One of the main reasons they have got this far is due to summer signing Danilo Orsi. ",
            "He has scored 24 goals, including a hat-trick in the 5-1 win over MK Dons, and counting in all competitions. That compares with just four goals he netted in the 2022/23 season for Grimsby.",
            "Tickets are available from Ticketmaster via the Crawley Town website.",
            "They cannot be purchased from the Broadfield Stadium. ",
            "Crawley fans will be based in the west side of Wembley Stadium, with an initial ticket allocation of 19,556 tickets, although they may get up to 38,676 if there is sufficient demand.",
            "On the first day of sales, 12,000 tickets were snapped up by fans, who dare to dream for one last time in what has been a memorable season.",
            "Fans can buy up to 6 tickets per transaction.",
            "Wembley Stadium has six ticketing categories, with one being the most expensive and six being the cheapest. ",
            "Adult prices range from \u00a327 to \u00a365, with cheaper rates available for young adult's and concessions.",
            "Certain areas of the stadium have been designated for certain areas - a family area, a singing section and a safe standing area are available in designated blocks.",
            "There are also wheelchair user and ambulant disabled tickets with accompanying personal assistant tickets, subject to eligibility.",
            "Hospitality tickets are also available and can booked via the Club Wembley website.",
            "With no engineering work scheduled, fans can use the train to get to Wembley.",
            "Trains from Crawley run direct to either London Bridge or London Victoria, where supporters can then use the underground to head towards the stadium.",
            "Wembley is well connected by rail to Central London, with the National Rail station Wembley Stadium situated next door to the ground and frequent trains running from London Marylebone, which take approximately 10 minutes.",
            "Wembley Park is also a very short walk to the stadium and is served by both London Underground Jubilee and Metropolitan lines. ",
            "Wembley Central will be around a 20 minute walk to the stadium and is served by London Underground's Bakerloo Line and also London Overground.",
            "You can send your good luck messages to us for Crawley Town on WhatsApp by clicking here.",
            "Stadium parking costs \u00a340 per car if booked in advance via the Wembley Stadium website. ",
            "Parking might be available on the day but if it is, it is subject to availability and prices may increase on match day.",
            "Discounted parking is available for blue badge holders, at a cost of \u00a325.",
            "Anyone who is driving should check the ULEZ rules, as Wembley Stadium is inside the zone.",
            "The club will also run designated coaches for supporters, but these can only be booked once a match ticket has been purchased. ",
            "Supporters who book their own coach can also park in Wembley's car park, at a cost of \u00a3120 per coach.",
            "BBC Radio Sussex will broadcast a special build-up show from 12:00 BST, with live commentary beginning when the match kicks off.",
            "Live text updates will also be available on the BBC Sport app and website.",
            "The match will also be broadcast live on Sky Sports for viewers in the UK.",
            "Bars in Crawley will show the game live, including the Redz Bar at Broadfield Stadium.",
            "Other promoted teams across leagues have celebrated with an open top bus tour.",
            "While nothing is officially planned, a spokesperson for Crawley Borough Council said: \"We will be very open to discussing with the club how we might mark a victory.\"",
            "Follow BBC Sussex on Facebook, on X, and on Instagram. Send your story ideas to southeasttoday@bbc.co.uk or WhatsApp us on 08081 002250."
        ]
    },
    "https://www.bbc.com/news/articles/cgrjjn0lzmeo": {
        "link": "https://www.bbc.com/news/articles/cgrjjn0lzmeo",
        "subtitle": "The EBU says decision to remove the Dutch entrant was supported \"unanimously\" by its executive board.",
        "time": null,
        "title": "Eurovision organisers defend ousting Joost from contest",
        "topics": [
            "Eurovision Song Contest"
        ],
        "images": [
            "https://ichef.bbci.co.uk/news/480/cpsprodpb/7c15/live/8c729cd0-11e1-11ef-b9d8-4f52aebe147d.jpg.webp",
            "https://ichef.bbci.co.uk/news/480/cpsprodpb/5b28/live/6e172140-11e4-11ef-a40c-a15b02a51ff9.jpg.webp"
        ],
        "videos": [],
        "author": "Emma Saunders,",
        "text": [
            "Eurovision Song contest organisers have defended disqualifying Dutch contestant Joost Klein from the competition.",
            "Klein was removed hours before Saturday's final after an allegation of intimidation was made to Swedish police by a female member of the production crew.",
            "Dutch organisers The Netherlands Songfestival said on Saturday that they \"were shocked by the decision\" and called it \"disproportionate\".",
            "But the Eurovision Broadcasting Union (EBU) said in a statement on Tuesday: \"The version of events released in some public comments and on social media does not correspond with the statements shared with us and the Swedish Police by staff and witnesses.\"",
            "The statement continued: \"Joost\u2019s behaviour was in clear breach of contest rules which are designed to ensure there is a safe working environment for all staff and to protect the production. ",
            "\"We are not pre-judging the legal process but, given the circumstances of what occurred and the fact that the police case will shortly be handed to the prosecutor, it would not have been appropriate for Joost to participate in the grand final.\"",
            "It added that the decision to exclude him was backed by the contest\u2019s governing body and unanimously supported by the EBU executive board, \"following a thorough internal investigation\".",
            "\"We have a zero-tolerance policy towards inappropriate behaviour at our events and will always take necessary action to address threats to staff \u2013 no matter who they come from,\" the statement concluded.",
            "In a statement posted on X on Sunday, Dutch broadcaster Avrotros said it was \"very disappointed and upset for the millions of fans who were excited\" about seeing the Netherlands entry.",
            "Many fans had also taken to social media to voice their dismay.",
            "The latest statement from the EBU follows a turbulent Eurovision season, which culminated with Switzerland's Nemo picking up the coveted winners' trophy in Sweden on Saturday.",
            "On Monday, the EBU issued another statement, responding to complaints of bad behaviour during the competition's run.",
            "The organisers said they \"regret\" that some delegations \"didn't respect the spirit of the rules\" in Sweden.",
            "Italy's Angelina Mango and Ireland's Bambie Thug were among the contestants who complained of a \"tense\" and \"horrible\" atmosphere backstage.",
            "The EBU said it would review events in Sweden's Malmo, adding that individual cases would be discussed at a later date.",
            "Portugal's national broadcaster RTP also complained to the EBU after there was a delay in posting its performance to YouTube after the final.",
            "The EBU responded that the delay had been due to their contestant, Iolanda, who had painted designs inspired by the keffiyeh - traditional Palestinian scarves used to show support for the country - on her nails.",
            ""
        ]
    },
    "https://www.bbc.com/news/entertainment-arts-68988649": {
        "link": "https://www.bbc.com/news/entertainment-arts-68988649",
        "subtitle": "The final participants are selected ahead of Saturday's competition in Malm\u00f6.",
        "time": null,
        "title": "Eurovision semi-finals day two: Three key moments",
        "topics": [],
        "images": [],
        "videos": [],
        "author": "",
        "text": []
    },
    "https://www.bbc.com/news/videos/cv22e52e026o": {
        "link": "https://www.bbc.com/news/videos/cv22e52e026o",
        "subtitle": "National Highways shares video of three dangerous driving incidents to coincide with a safety initiative.",
        "time": "2024-05-25T18:03:50.818051",
        "title": "Make-up and McDonald's: Dangerous driving caught on camera",
        "topics": [],
        "images": [],
        "videos": [],
        "author": "",
        "text": []
    },
    "https://www.bbc.com/news/videos/c6pp7jynzxyo": {
        "link": "https://www.bbc.com/news/videos/c6pp7jynzxyo",
        "subtitle": "The BBC's Fergal Keane returns to South Africa to follow up on a woman's story that stuck with him for over 30 years.",
        "time": "2024-05-24T18:04:15.341963",
        "title": "What happened to Cynthia's dream in South Africa?",
        "topics": [],
        "images": [],
        "videos": [],
        "author": "",
        "text": []
    },
    "https://www.bbc.com/news/videos/cx99jg54kepo": {
        "link": "https://www.bbc.com/news/videos/cx99jg54kepo",
        "subtitle": "The BBC's international editor explains how Russia is seizing the opportunity to hit Ukraine in new deadly strikes.",
        "time": "2024-05-25T18:04:41.375496",
        "title": "Watch: BBC's Jeremy Bowen at the site of Kharkiv strike",
        "topics": [],
        "images": [],
        "videos": [],
        "author": "",
        "text": []
    },
    "https://www.bbc.com/sport/football/articles/cgrwwjywjl6o": {
        "link": "https://www.bbc.com/sport/football/articles/cgrwwjywjl6o",
        "subtitle": "Former England internationals James Milner and Danny Welbeck both sign new contracts with Brighton.",
        "time": null,
        "title": "Brighton: James Milner and Danny Welbeck sign new contracts - BBC Sport",
        "topics": [],
        "images": [
            "https://ichef.bbci.co.uk/news/2048/cpsprodpb/df1e/live/4e14e170-1211-11ef-a0d2-a5394c93c313.jpg"
        ],
        "videos": [],
        "author": "",
        "text": [
            "Former England internationals James Milner and Danny Welbeck have both signed new contracts with Brighton.",
            "Midfielder Milner, 38, has agreed a one-year deal with the Seagulls while 33-year-old forward Welbeck has put pen to paper on a two-year contract.",
            "Earlier in the season Milner moved up to second on the Premier League's all-time appearance list and now needs to play in 20 more top-flight games to overtake Gareth Barry's record of 653.",
            "The veteran has not been able to add to that total since 30 January having struggled with injuries but \"will be ready\" for the start of the 2024-25 campaign.",
            "\"I am as driven as I\u2019ve ever been and I\u2019m excited for next season,\" said Milner, who joined Albion on a free transfer last summer after his contract expired at Liverpool. ",
            "\"I really enjoyed the first half of this season as the club played in Europe for the first time, while the second half has personally been disappointing with a couple of injuries.\"",
            "Welbeck has scored 25 goals in 123 games in all competitions for Brighton having signed in October 2020 following his release by Watford.",
            "\"Each season has been special and we\u2019ve progressed every year,\" said former Manchester United and Arsenal striker Welbeck.",
            "\u201cA couple more key acquisitions for the squad will help us push on next season and I am pretty sure we can achieve some more special moments.\u201d",
            "Brighton boss Roberto de Zerbi said he was happy to hold on to two of his most experienced players.",
            "\"Their qualities as footballers and also as individuals are very clear for everyone to see,\" he added.",
            "\"They have both been very important for the club on and off the pitch, and with Adam Lallana leaving us their contribution becomes even more crucial next season.\""
        ]
    },
    "https://www.bbc.com/news/articles/c90zz8gw0qxo": {
        "link": "https://www.bbc.com/news/articles/c90zz8gw0qxo",
        "subtitle": "Shares in Gamestop, the original meme stock, surge again as 'Roaring Kitty' returns online.",
        "time": null,
        "title": "GameStop shares surge as 'Roaring Kitty' returns",
        "topics": [
            "Stock markets"
        ],
        "images": [
            "https://ichef.bbci.co.uk/news/480/cpsprodpb/d003/live/b38d1470-112e-11ef-9562-0dc7c43b5bde.jpg.webp"
        ],
        "videos": [],
        "author": "Natalie Sherman,",
        "text": [
            "Shares in GameStop, the video game retailer whose popularity among pandemic-era traders helped coin the idea of a meme stock, are surging again. ",
            "Their rise follows the online reappearance of Keith Gill, known as \"Roaring Kitty\", who was credited with helping the struggling firm's shares explode in January 2021, contrary to the bets of many professional Wall Street firms. ",
            "GameStop shares jumped more than 70% in morning trade on Monday, to more than $30, as investors piled into the stock.",
            "Though the price later fell a bit, it marked their highest level since 2022.",
            "Mr Gill was one of the most high-profile figures among the swarm of independent traders who swapped investment tips online and drove a buying frenzy for Gamestop and other firms, putting pressure on hedge funds who had been expecting the shares to fall.",
            "Shares in GameStop crashed back to earth within weeks. ",
            "They have spent much of this year trading for less than $15 apiece, after the firm announced job cuts and a decline in sales at the end of last year.",
            "The story of the surprise rise in GameStop shares, which led to similar moves for other companies including Odeon Cinemas-owner AMC, sparked congressional hearings about market manipulation and inspired the 2023 movie \"Dumb Money\", which starred Paul Dano and Seth Rogen.",
            "Mr Gill told Congress he used social media for fun and called the idea he was pushing the shares on unwitting investors \"preposterous\".",
            "He has not posted on X, formerly known as Twitter, since mid 2021. ",
            "Then on Sunday Mr Gill posted a drawing of a man leaning forward in a chair, as if gearing up for action.",
            "He later followed up with two posts on Monday morning, which appeared to allude to his return.",
            "The meme-stock phenomenon has been part of a wider increase in trading by retail investors - people not working for investment houses or other private firms.",
            "Analysts had argued the original rise of meme stocks was driven by the surge in savings and time many households had during the pandemic, thanks to government support programmes and the shutdown of many in-person activities.",
            "However with markets rising again this year, trading firms such as Charles Schwab and Robinhood have reported another uptick in new accounts and activity by retail investors."
        ]
    }
}