{
    "https://www.bbc.com/news/uk-england-derbyshire-69002962": {
        "link": "https://www.bbc.com/news/uk-england-derbyshire-69002962",
        "subtitle": "NHS bosses say they plan to give the new uniforms to some 9,000 staff this summer.",
        "time": null,
        "title": "Derby hospitals trust staff first to pilot new NHS uniforms",
        "topics": [
            "Derby",
            "NHS"
        ],
        "images": [
            "https://ichef.bbci.co.uk/news/480/cpsprodpb/5EB0/production/_133304242_unifroms.png.webp",
            "https://ichef.bbci.co.uk/news/480/cpsprodpb/37A0/production/_133304241_nhsuniforms.jpg.webp",
            "https://ichef.bbci.co.uk/news/480/cpsprodpb/5CA5/production/_98171732_line976.jpg.webp"
        ],
        "videos": [],
        "author": "By Jude Winter,",
        "text": [
            "Hospital staff in Derby will be the first to wear a new range of NHS uniforms.",
            "University Hospitals of Derby and Burton NHS Trust (UHDB) has been chosen to pilot newly-designed uniforms which are being rolled out across England.",
            "Thousands of local clinical staff will get their new uniforms in the coming weeks.",
            "The trust said the colours would help patients identify nurses, students and other medical professionals.",
            "A UHDB spokesperson said: \"After months of planning, including matching uniforms to professional groups, we are looking forward to working with NHS Supply Chain and manufacturers in the coming weeks to size up our workforce and rollout the new uniforms this summer.\"",
            "The trust said 9,000 staff would get new uniforms which would provide patients with \"better clarity on who is providing their care\".",
            "It said the uniforms would consider \"cultural considerations of different groups\" and offer \"long-term savings and sustainability improvements\".",
            "The NHS said it spend about \u00a323m every year on uniforms and the cost per garment varied hugely around the country, as each trust has its own style and colours.",
            "It said the new national uniform roll out would yield a saving of approximately 30% nationally on clothing costs.",
            "Follow BBC Derby on Facebook, on X, or on Instagram. Send your story ideas to eastmidsnews@bbc.co.uk or via WhatsApp on 0808 100 2210."
        ]
    },
    "https://www.bbc.com/sport/football/68964230": {
        "link": "https://www.bbc.com/sport/football/68964230",
        "subtitle": "Motherwell midfielder attracts interest from Premier League as Celtic youth rejects new contract.",
        "time": null,
        "title": "Scottish Gossip: Miller, Villa, Bournemouth, Motherwell, Scotland, Doak, Forrest, Kelly, Celtic, Rangers, McNair, Hearts, Shankland, Aberdeen - BBC Sport",
        "topics": [],
        "images": [
            "https://ichef.bbci.co.uk/news/1024/cpsprodpb/B33F/production/_133278854_-ede366d2-47cf-4842-94f5-2f96ce9ac41d.png",
            "https://ichef.bbci.co.uk/news/1024/cpsprodpb/AF57/production/_133278844_courierback0705.jpg",
            "https://ichef.bbci.co.uk/news/1024/cpsprodpb/6137/production/_133278842_express070524.jpg"
        ],
        "videos": [
            "//emp.bbc.com/emp/SMPj/2.52.1/iframe.html"
        ],
        "author": "",
        "text": [
            "Aston Villa and Bournemouth are both interested in 17-year-old Lennon Miller, but Motherwell are working to convince the midfielder to stay at the club at least until the end of his contract in 2025. (TeamTalk), external",
            "Scotland manager Steve Clarke is considering calling up Liverpool's teenage uncapped attacker Ben Doak for the Euro 2024 finals while Bristol City's Ross McCrorie could be another inclusion. (Sun), external",
            "Celtic midfielder Matt O'Riley believes team-mate James Forrest deserves more respect and a Scotland recall for Euro 2024. (Herald - subscription), external",
            "Daniel Kelly has rejected an initial contract offer from Celtic, but the 18-year-old midfielder remains in talks over a new deal. (Sky Sports), external",
            "Striker Giorgos Giakoumakis says he left Celtic for Atlanta United because the Scottish champions refused to give him a pay rise. (Record), external",
            "Northern Ireland defender Paddy McNair has confirmed he will be leaving Middlesbrough this summer and a move to Rangers is likely to appeal for the 29-year-old, who is a boyhood fan of the Ibrox side. (Belfast Telegraph), external",
            "Hearts captain and forward Lawrence Shankland has \"a duty and a responsibility to set myself up\" as he approaches the final year of his contract. (Sun), external",
            "Red tape means there is no plan for Aberdeen's new manager, Jimmy Thelin to move to Scotland early from Elsfsborg as things stand. (Press & Journal - subscription), external",
            "St Johnstone's on-loan midfielder Luke Robinson will not feature again this season, says McDiarmid Park manager Craig Levein. (Courier - subscription), external",
            "Chris Kane, the 29-year-old striker who ended the season on loan to Dunfermline Athletic, admits he would be sad to leave St Johnstone but fears he might have to. (Courier - subscription), external",
            "Livingston, whose relegation from the Scottish Premiership has been confirmed, \"have not got the finances\" of clubs like Dundee United or Hearts when they found themselves in the Championship, says manager David Martindale. (Edinburgh Evening News - subscription), external",
            "Dundee and Kilmarnock have targeted 25-year-old striker Bruce Anderson, who is poised to leave Livingston this summer at the end of his contract. (Courier - subscription), external",
            "Former Queen of the South manager Ian McCall is high on the Scottish League 1 club's list to succeed the departed Marvin Bartley after masterminding Clyde's great escape from the bottom of League 2, as is Danny Grainger, who has left Workington, and Annan Athletic's Peter Murphy. (Record), external",
            "Edinburgh City could be ejected from the SPFL over the same rules that cost Highland League champions Buckie Thistle a place in the SPFL play-off semi-final, namely falling short of Bronze License criteria. (Mail via Record, external)",
            "Chennaiyin manager Owen Coyle is in talks to extend former Motherwell forward Connor Shields' contract, having already handed a new deal to centre-half Ryan Edwards. (Record), external",
            "Tuesday's English & European transfer rumours",
            "Subscribe & follow updates on your Premiership team",
            "Monday's Scottish Gossip"
        ]
    },
    "https://www.bbc.com/sport/articles/c0v0erll5n8o": {
        "link": "https://www.bbc.com/sport/articles/c0v0erll5n8o",
        "subtitle": "Cedric Doumbe stops Jaleel Willis at the Bellator Champions Series in Paris, bouncing back from the controversial defeat he suffered in the same arena in March.",
        "time": null,
        "title": "Bellator Champions Series: Cedric Doumbe beats Jaleel Willis in Paris - BBC Sport",
        "topics": [],
        "images": [
            "https://ichef.bbci.co.uk/news/819/cpsprodpb/aa0f/live/2c7563d0-1498-11ef-ae4f-57e6a34cbbcd.jpg"
        ],
        "videos": [],
        "author": "",
        "text": [
            "Cedric Doumbe stopped Jaleel Willis in the first round at the Bellator Champions Series in Paris, bouncing back from the controversial defeat he suffered in the same arena two months ago.",
            "French welterweight Doumbe, 31, dropped American Jaleel Willis with a huge right hand before finishing the fight with a flurry of strikes in front of a raucous crowd at the Accor Arena.",
            "It was in contrast to the scene in March, where Doumbe lost to Baysangur Chamsoudinov with the referee stopping the fight after he complained of glass in his foot.",
            "After his win on Friday, Doumbe was joined in the cage by former UFC champion Anthony Pettis, setting up a potential bout between the pair later in the year.",
            "The pair shook hands before American Pettis said he wanted the fight to take place in Paris.",
            "\"Come on, fighting me in another country, that's murder, that's insane,\" said Doumbe.",
            "\"But fighting me in Paris? These guys are crazy.\"",
            "Former two-time kickboxing world champion Doumbe has become a star in France since transitioning to MMA in 2021, with his exciting fighting style and vibrant personality winning over fans.",
            "A nine-second knockout on his PFL debut wowed MMA fans in the country, including Kylian Mbappe, but his momentum was halted by the controversial defeat by Chamsoudinov.",
            "Doumbe, who said referee Marc Goddard was \"wrong\" to stop the bout, referenced the moment during his walkout to face Willis as he appeared with a vacuum cleaner.",
            "Doumbe then pretended to hoover up any stray glass on the floor in front of the big screen, before making his way to the cage.",
            "The bout was only added to the card in April, with Doumbe adding he wanted a quick return to action so he could put the March defeat behind him, and he accomplished that by making quick work of Willis.",
            "Doumbe connected with his dangerous left hook early, stunning Willis, before the American shot for a number of takedowns which were prevented.",
            "The fight-ending moment came as Doumbe unleashed a number of heavy strikes, connecting with a right hand which dropped Willis.",
            "As Doumbe followed up with an array of punches on the ground, the referee waved off the contest despite Willis' brave attempt to get back to his feet.",
            "The win takes Doumbe's record in MMA to six wins and one defeat.",
            "In the main event, American bantamweight champion Patchy Mix narrowly retained his title with a split decision win over Russia's Magomed Magomedov.",
            "The fight was promoted to the top of the card last month after Usman Nurmagomedov's lightweight title defence against fellow Russian Alexander Shabliy was cancelled following an injury to the champion.",
            "Magomedov, 32, appeared to have the bigger moments in the fight, rocking the 30-year-old American in multiple rounds.",
            "Mix, who beat Magomedov in 2022 via a guillotine choke, twice had the Russian in trouble with the same manoeuvre during the contest but his submission attempts were well defended.",
            "When the scores were revealed, with one judge scoring the fight 49-46 in Magomedov's favour and the other two 48-47 to Mix, the result was greeted by loud boos from the crowd.",
            "The win represented Mix's first title defence since unifying the division with victory over Sergio Pettis in November, and improved his record to 20 wins and one defeat."
        ]
    },
    "https://www.bbc.com/news/articles/cw9493xp1g7o": {
        "link": "https://www.bbc.com/news/articles/cw9493xp1g7o",
        "subtitle": "The move comes following \"overwhelming demand from supporters eager to be included\", the club says.",
        "time": null,
        "title": "Everton Way widened to make room for fans' engraved stones",
        "topics": [
            "Liverpool"
        ],
        "images": [
            "https://ichef.bbci.co.uk/news/480/cpsprodpb/fb11/live/0965ef20-12c4-11ef-84af-4b1a4936bd68.png.webp"
        ],
        "videos": [],
        "author": "Laura O'Neill,",
        "text": [
            "More fans will be able to cement their place in history at Everton's new stadium, the club has announced.",
            "The paved walkway at Bramley-Moore Dock, which is made up of engraved granite stones that celebrate Evertonians\u2019 births, marriages, anniversaries and loved ones, will be widened along the entire length of the south stand.",
            "The move came following \"overwhelming demand from supporters eager to be included\", the club said.",
            "The original plan for Everton Way included a comprehensive history of the club which will now become a separate feature close to the path.",
            "The club\u2019s Giants would also be represented by large granite stones, laid in and among the supporters\u2019 own personalised stones, Everton said.",
            "\"We have carefully curated a range of stones for fans to buy and personalise, whether that\u2019s to commemorate your support for Everton, celebrate births, marriages or anniversaries, or as tributes to friends or family,\" the club said.",
            "\"A wide range of sizes, designs and locations are available, including the opportunity to have your stone located next to a club legend, or within the Prince Rupert\u2019s Tower.\"",
            "Everton was offered a loan of up to \u00a3150m by a private equity firm specialising in 'distressed debt' to help finance the completion of the club's new stadium.",
            "New York-based GDA Luma Capital presented a debt financing proposal to provide stability amid the backdrop of the takeover uncertainty, with discussions ongoing, as first reported by Bloomberg.",
            "The offer is subject to due diligence and BBC Sport understands it is a straightforward loan and there is no trigger for equity in the club or being involved in the takeover process.",
            "Everton has declined to comment.",
            "In December, the club said the 52,888-capacity stadium remains on schedule to be completed by the end of 2024 and for the move from Goodison Park to be made by the start of the 2025-26 campaign.",
            "Listen to the best of BBC Radio Merseyside on Sounds and follow BBC Merseyside on Facebook, X, and Instagram. You can also send story ideas to northwest.newsonline@bbc.co.uk"
        ]
    },
    "https://www.bbc.com/sport/football/articles/cd1q7y38e8vo": {
        "link": "https://www.bbc.com/sport/football/articles/cd1q7y38e8vo",
        "subtitle": "Manchester United manager Marc Skinner signs a one-year contract extension with the option of extending for a further year.",
        "time": null,
        "title": "Marc Skinner: Manchester United Women manager pens contract extension - BBC Sport",
        "topics": [],
        "images": [
            "https://ichef.bbci.co.uk/news/2048/cpsprodpb/7f20/live/f8526c10-1438-11ef-aaba-c118de1aaa36.jpg"
        ],
        "videos": [],
        "author": "",
        "text": [
            "Manchester United boss Marc Skinner has signed a one-year contract extension, with the option of a further year.",
            "Skinner guided United to their first piece of major silverware last weekend as they thrashed Tottenham to win the Women's FA Cup.",
            "He has come under pressure this season with United, who were runners-up in the Women's Super League last year, sitting fifth this term with one round of games to go.",
            "He said continuing his time as head coach is \"an honour\".",
            "\"Being able to secure the team\u2019s first major trophy at Wembley was a real career highlight for me and another sign of our continued growth, on and off the field,\" he added.",
            "Skinner joined United in the summer of 2021, leading them to fourth in the WSL in his first season before reaching the FA Cup final and securing Champions League qualification last year."
        ]
    },
    "https://www.bbc.com/news/uk-england-derbyshire-68988726": {
        "link": "https://www.bbc.com/news/uk-england-derbyshire-68988726",
        "subtitle": "The motorway was partially blocked southbound at junction 30 at Barlborough, but is now reopen.",
        "time": null,
        "title": "M1: All lanes reopen after crash between car and lorry",
        "topics": [
            "National Highways",
            "Barlborough",
            "M1 motorway"
        ],
        "images": [
            "https://ichef.bbci.co.uk/news/480/cpsprodpb/15FC1/production/_133294009_448.jpg.webp",
            "https://ichef.bbci.co.uk/news/480/cpsprodpb/5CA5/production/_98171732_line976.jpg.webp"
        ],
        "videos": [],
        "author": "By Jude Winter,",
        "text": [
            "All lanes have reopened following a crash between a car and a lorry on the M1 in Derbyshire.",
            "National Highways said the road was partially blocked southbound at junction 30 at Barlborough at 07:25 BST on Friday.",
            "Drivers were warned of delays of up to 60 minutes and traffic was queuing back to junction 31.",
            "Authorities said at 08:11 that the road had reopened and delays were \"starting to ease\".",
            "Follow BBC Derby on Facebook, on X, or on Instagram. Send your story ideas to eastmidsnews@bbc.co.uk or via WhatsApp on 0808 100 2210."
        ]
    },
    "https://www.bbc.com/news/articles/cg3llnqzeqpo": {
        "link": "https://www.bbc.com/news/articles/cg3llnqzeqpo",
        "subtitle": "Steve Clarke's side will start the tournament against the hosts on 14 June.",
        "time": null,
        "title": "Could Scotland have 200,000 Tartan Army fans at Euros?",
        "topics": [
            "Scotland"
        ],
        "images": [
            "https://ichef.bbci.co.uk/news/480/cpsprodpb/f232/live/92de4a80-1167-11ef-9602-b7eb005626eb.jpg.webp",
            "https://ichef.bbci.co.uk/news/480/cpsprodpb/5170/live/b09110b0-1169-11ef-9602-b7eb005626eb.jpg.webp",
            "https://ichef.bbci.co.uk/news/480/cpsprodpb/a374/live/c94053e0-1165-11ef-9602-b7eb005626eb.jpg.webp",
            "https://ichef.bbci.co.uk/news/480/cpsprodpb/2e9d/live/c2399f20-1165-11ef-9602-b7eb005626eb.jpg.webp"
        ],
        "videos": [
            "",
            ""
        ],
        "author": "",
        "text": [
            "The streets of Munich are relatively quiet in May and this year is no different.",
            "Around the famous Marienplatz, tourists still look up as the famous town hall Glockenspiel chimes on the hour.",
            "But there is little obvious evidence of the upcoming match that everyone in Scotland is talking about.",
            "No banners, no bunting and no posters.",
            "Scratch beneath the surface though and you can sense that something big is coming to the Bavarian capital.",
            "Steve Clarke\u2019s side kick off Euro 2024 with a game against the hosts on 14 June and as Scotland fans make last minute travel plans, Munich is quietly preparing.",
            "The big question is just how many fans will actually travel? ",
            "Officially, Scotland have 10,000 fans for each of their three group matches but many more will travel just to soak up the atmosphere.",
            "\u201cWe are estimating that 500,000 fans will travel from the UK and up to 200,000 could be Scotland fans,\u201d said the British consulate in Munich, Mark Dittmer-Odell.",
            "Those who have tried to book flights or hotels recently won\u2019t be surprised by the figure. It has become increasingly difficult to find accommodation in and around Munich but for those who have managed there are some suggestions about making it hassle free.",
            "",
            "\u201cI think the first thing to say for anyone coming, with a ticket or not, is plan your stay ahead. You might not be able to get yourself accommodation on the fly,\u201d said Mr Dittmer-Odell.",
            "\u201cThe second thing we would always say is be aware of cultural sensitivities. We would say that for anyone travelling.",
            "\u201cThe final thing, and we are realistic about this, is we know people will want to come here and have a drink - the beer is Bavaria is world famous, but please drink in moderation.\u201d",
            "The Tartan Army are sure to take some of his advice but you can probably guess which they\u2019ll take with a pinch of schnapps.",
            "There are more than 1,200 bars across Munich and some who don\u2019t have big screens are  ordering them in along with the extra barrels of beer.",
            "\u201cOf course we are famous for our beer but I\u2019m certain there is no way we will run out,\u201d said barmaid Chiara Porcello from the Lowenbraukeller.",
            "She is clutching four huge glasses of frothy German beer and boasts she can actually manage six.",
            "\u201cI don\u2019t really know too much about Scotland, maybe only the Loch Ness monster but I know you guys also like to drink beer.\u201d",
            "Asked if she think Scots drink more beer than Germans, she replied \u201cmaybe we will have to have a competition!\u201d",
            "One Munich resident who knows everything about Scotland is Robert Ross from Kirkcaldy.",
            "The 70-year-old has just retired after many years playing the French horn in the Munich orchestra.",
            "He arrives to chat, clutching a saltire flag that his dad rescued from British legion in  Kirkcaldy.",
            "He seems as proud to show off his fellow Scots in Munich this summer as he is to show off his adopted homeland to those who are coming for the party.",
            "\u201cI\u2019ve been here all these years and even when the Germans get beat they have a party,\u201d he said.",
            "\u201cThe Scots are really respected here because most Germans have been to Scotland. The weather is great, the transport is amazing and they have the best beer in the world.",
            "\u201cI\u2019m so excited - come and join the party.\u201d",
            "If estimates are to be believed, 200,000 will do exactly that.",
            "Foreign Office advice for anyone planning on travelling to the tournament is available here."
        ]
    },
    "https://www.bbc.com/news/uk-scotland-68973419": {
        "link": "https://www.bbc.com/news/uk-scotland-68973419",
        "subtitle": "John Swinney said it it was \"an extraordinary privilege\" and \"honour\" to accept the office of first minister.",
        "time": null,
        "title": "John Swinney pledges to be 'first minister for everyone'",
        "topics": [],
        "images": [],
        "videos": [],
        "author": "",
        "text": []
    },
    "https://www.bbc.com/news/entertainment-arts-68967816": {
        "link": "https://www.bbc.com/news/entertainment-arts-68967816",
        "subtitle": "Fashion's biggest night of the year featured appearences by Kim Kardashian, Dua Lipa and Doja Cat.",
        "time": null,
        "title": "Florals and two Zendayas at star-studded Met Gala",
        "topics": [],
        "images": [],
        "videos": [],
        "author": "",
        "text": []
    }
}