{
    "https://www.bbc.com/sport/golf/articles/crgg8j5ydk3o": {
        "link": "https://www.bbc.com/sport/golf/articles/crgg8j5ydk3o",
        "subtitle": "Scottie Scheffler's court date delayed until 3 June following his arrest during the US PGA Championship at Valhalla last week.",
        "time": null,
        "title": "Scottie Scheffler court date pushed back after arrest  - BBC Sport",
        "topics": [],
        "images": [
            "https://ichef.bbci.co.uk/news/1024/cpsprodpb/126e/live/e9c8c680-16d1-11ef-89f4-cbe1e4ef5150.jpg"
        ],
        "videos": [],
        "author": "",
        "text": [
            "Scottie Scheffler's court date has been delayed until 3 June following his arrest during the US PGA Championship at Valhalla last week.",
            "The 27-year-old was arrested on Friday 17 May after trying to drive into Valhalla Golf Club in heavy traffic and his arraignment date had been set for Tuesday, 21 May.",
            "Scheffler was charged with second-degree assault, third-degree criminal mischief, reckless driving and disregarding traffic signals from an officer.",
            "All charges, which Scheffler denies, still appear on the docket. ",
            "Play at the event was delayed by 80 minutes on Friday because of an accident near the course, which saw a pedestrian killed after being hit by a shuttle bus. ",
            "The accident caused heavy traffic, forcing some to abandon their cars on the motorway. ",
            "Scheffler, who was not involved in the accident, reportedly attempted to avoid the scene before being stopped by police. ",
            "The American was released in time for his second round at the PGA Championship, with the world number one describing the incident as a \"big misunderstanding\". ",
            "\"This morning, I was proceeding as directed by police officers,\" Scheffler said.",
            "\"It was a very chaotic situation, understandably so considering the tragic accident that had occurred earlier, and there was a big misunderstanding of what I thought I was being asked to do.\"",
            "Scheffler's lawyer Steve Romines said \"multiple eyewitnesses confirmed that he did not do anything wrong but was simply proceeding as directed\".",
            "Videos of the scene outside the course in Louisville, Kentucky, showed Scheffler handcuffed and being guided into the back of a police car.",
            "Police later published a report into the incident which said the officer who attempted to prevent Scheffler from entering the course in his car was dragged to the ground and suffered \"pain, swelling and abrasions\" to his left wrist and knee."
        ]
    },
    "https://www.bbc.com/news/health-69018134": {
        "link": "https://www.bbc.com/news/health-69018134",
        "subtitle": "Su Gorman, the wife of Steve Dymond, gives evidence at the Infected Blood Inquiry.",
        "time": null,
        "title": "Su Gorman, the wife of Steve Dymond, gives evidence at the Infected Blood Inquiry.",
        "topics": [],
        "images": [],
        "videos": [],
        "author": "",
        "text": []
    }
}