{
    "https://www.bbc.com/sport/canoeing/articles/ce4310j34z8o": {
        "link": "https://www.bbc.com/sport/canoeing/articles/ce4310j34z8o",
        "subtitle": "South African canoeist Esti Olivier on overcoming physical and mental heath hurdles to reach the Paris 2024 Olympics.",
        "time": null,
        "title": "Esti Olivier: Olympic canoeist overcomes mental health hurdles - BBC Sport",
        "topics": [],
        "images": [
            "https://ichef.bbci.co.uk/news/2048/cpsprodpb/7204/live/546ab150-0940-11ef-9e6c-099fc4d96d44.jpg",
            "https://ichef.bbci.co.uk/news/1024/cpsprodpb/7bf0/live/9507f7b0-08a8-11ef-b039-1da00a34dffb.jpg"
        ],
        "videos": [],
        "author": "",
        "text": [
            "Warning: This article contains discussions on mental health issues and references to suicide.",
            "After overcoming personal and sporting setbacks, qualifying for the 2024 Olympics has given Esti Olivier a renewed sense of hope.",
            "The South African canoeist endured a bout of depression after she missed out on a place at the Tokyo Games in heart-breaking fashion.",
            "While dealing with that, and other challenges created by the Covid-19 pandemic, health issues threatened the lives of family members.",
            "But, after winning the women's K2 500m at the South African Championships in March, the 31-year-old feels \"worthy and strong enough\" to compete in Paris.",
            "\"It's been a long journey. It's been years,\" Olivier told Sportshour on the BBC World Service.",
            "\"I feel like when you go through trauma and always have to be in survival mode, you don't really process or understand what is going on with you.",
            "\"Only now can I honestly say I am starting to rise above again.\"",
            "Failing to reach the 2020 Olympics left Olivier in a state of deep depression and compounded problems which were caused by going into business with family during the coronavirus pandemic.",
            "\"Family business just didn't work,\" she explained.",
            "\"It is a tricky dynamic, and me and my brother did not gel on a professional level.",
            "\"That triggered a lot of things - deep-seated things that didn't have anything to do with my sport.\"",
            "Olivier found herself crying every day, but eventually was able to confront her issues.",
            "\"I realised that this is not OK, I\u2019m not OK. I can\u2019t keep hiding from what is bothering me,\" she added.",
            "\u201cI started deep-diving into my life and into my childhood and into me as a person as to how I am going to survive this.",
            "\"It was starting to affect me, people around me, my marriage.",
            "\"I ultimately lost my joy. Everything was overwhelming. I ended up stepping back from family completely.\"",
            "Olivier had previously experienced mental health struggles when she was 18, before she met her now husband Gerhard.",
            "The support she received from him, both during that period and more recently, was crucial.",
            "\"When he met me I was actually quite suicidal,\" she said.",
            "\"For many years I never understood why he stuck around because I was this crazy chick and I was just dark and terrible to be around.",
            "\"This was similar, except for the fact that I had promised myself I would never allow myself to fall that deep again.",
            "\"That was why I was able to identify this was a bad spiral. He was there again and I am eternally grateful.\"",
            "From the middle of 2022, Olivier was \"doing really well\", with her improvement showing in her competitive performances, but then medical issues in her family impacted her mental health.",
            "On the final day of last August's World Canoe Championships in Germany, Olivier received the dreadful news that her mother had been diagnosed with cancer and had been taken to a hospital emergency room.",
            "\"I knew she was ill before we left [South Africa], but we didn't realise how sick,\" she said.",
            "\"Her colon had burst. They found she had stage four cancer.\"",
            "Olivier travelled to Paris for another event but was unable to compete amid worries about her mother, and a follow-up operation to remove the cancer was unsuccessful.",
            "\u201cThey ended up saying they can\u2019t do anything,\" she said.",
            "\"We are still busy with that fight.\u201d",
            "Just three days later, Olivier learnt that her aunt was battling sarcoma cancer and required a leg amputation.",
            "\"I got back from Europe and had to go through that with her. All of that short-term stress triggered me again and was horrendous.\"",
            "One thing which has offered Olivier a constant source of comfort has been her dog Sullivan, a three-and-a-half-year old Staffordshire bull terrier.",
            "\u201cIt sounds terrible but I sometimes miss my dog more than my husband,\" she admitted.",
            "\"He has got crazy separation anxiety. Every time you leave the room and come back it is like he hasn't seen you for 10 years.\"",
            "\u201cWhen you\u2019ve had a terrible day or session and come home, you get this unconditional, super-stoked to see you [response].",
            "\"At least someone is happy.\u201d",
            "Even the story of how Olivier booked a spot at Paris 2024 alongside her rowing partner Tiffany Koch is dramatic.",
            "The pair faced a three-race shootout in the women\u2019s K2 500m against Bridgitte Hartley and Michelle Burn at the South African Championships.",
            "With the series tied 1-1, Olivier experienced cardiac problems and the pain left her unsure whether she would finish in a conscious state.",
            "But knowing that Koch is a lifeguard offered reassurance.",
            "\u201cBefore the final race I said to her 'If we cross the line and you don\u2019t hear anything from me, just get me to the side',\u201d Olivier said.",
            "\u201cFifty metres before the finish I started blacking out. I ended up missing a stroke. Tiff missed one, I missed another and somehow we got across the line.",
            "\"We fell out of the boat and I passed out. Tiff had to pull me up and put me on a jet ski. I was completely wrecked.",
            "\"It was not exactly the celebration I expected.\" ",
            "If you are suffering distress or despair and need support, you could speak to a health professional or an organisation that offers support.",
            "Details of help available in many countries can be found at Befrienders Worldwide: befrienders.org"
        ]
    },
    "https://www.bbc.com/sport/articles/cd1qzw9qp8jo": {
        "link": "https://www.bbc.com/sport/articles/cd1qzw9qp8jo",
        "subtitle": "BBC Sport explains the changes to the 2024 Formula 1 sprint race format.",
        "time": null,
        "title": "What is the Formula 1 sprint format for the 2024 season? - BBC Sport",
        "topics": [],
        "images": [
            "https://ichef.bbci.co.uk/news/1024/cpsprodpb/eba3/live/789b7f10-08a4-11ef-b039-1da00a34dffb.jpg"
        ],
        "videos": [],
        "author": "",
        "text": [
            "Formula 1 has tweaked the format to the sprint events for the 2024 season. ",
            "Qualifying for the shorter sprint race will now be held on Friday instead of Saturday, following the only practice session of the weekend.",
            "The 100km sprint will then take place as the first track action on Saturday, before main qualifying for the grand prix in its regular slot later in the day.",
            "Sunday's race remains unchanged.",
            "China hosted the first sprint of the year in April and Miami will hold the second. There will also be sprint races in Austria, Austin, Brazil and Qatar.",
            "The schedule for sprint weekends for this season has been refreshed again in an attempt to create a better spectacle.",
            "In February, teams voted to keep the same sessions, but the order in which they take place has been rejigged. ",
            "Last year, Saturday became a standalone sprint day, independent of the main grand prix, with a 'sprint shootout' added to determine who started on pole for the 100km race later that day. Qualifying for Sunday's race was held on Friday, after one hour of practice. ",
            "The previous format for sprint weekends, which were introduced in 2021, had the Friday qualifying session setting the grid for the sprint and the result of the sprint establishing the grid for the main grand prix.",
            "That meant drivers were reluctant to take chances in the sprint because any errors or accidents would disproportionately harm their chances in the grand prix.",
            "The sprint shootout has three sessions - like normal qualifying - with the slowest five cars eliminated at the end of the first two. These sessions last just 12, 10 and eight minutes, respectively. The three sessions in a standard qualifying run for 18, 15 and 12 minutes.",
            "In the sprint race, the top eight finishers score points, from eight for first place down to one for eighth."
        ]
    },
    "https://www.bbc.com/sport/football/articles/c4n14rxd1e3o": {
        "link": "https://www.bbc.com/sport/football/articles/c4n14rxd1e3o",
        "subtitle": "Belgium goalkeeper Thibaut Courtois will miss Euro 2024 following a knee ligament injury despite a potential return for Real Madrid.",
        "time": null,
        "title": "Thibaut Courtois: Belgium goalkeeper ruled out of Euro 2024  - BBC Sport",
        "topics": [],
        "images": [
            "https://ichef.bbci.co.uk/news/1024/cpsprodpb/d228/live/9d30d220-0954-11ef-b6ce-2bc209dc2066.jpg"
        ],
        "videos": [],
        "author": "",
        "text": [
            "Belgium goalkeeper Thibaut Courtois will miss Euro 2024 following a knee ligament injury despite a potential return for Real Madrid.",
            "Courtois, 31, has missed the entire season and needed another operation on his knee in March when he had a setback. ",
            "He might return for Real Madrid before the end of the campaign but Belgium coach Domenico Tedesco has ruled him out of Euro 2024 selection.",
            "Courtois, who has 102 caps for Belgium, said in December, external he would not recover fully to play at the tournament held in Germany this June and July. ",
            "\"On this topic, everything has already been said. I don't want a tit-for-tat situation,\" Tedesco told German media on Tuesday.",
            "\"We are focusing on players who are in good shape.\"",
            "Real Madrid manager Carlo Ancelotti has said he hopes to have Courtois back for Saturday's La Liga game against Cadiz."
        ]
    },
    "https://www.bbc.com/news/articles/c84z0knp11go": {
        "link": "https://www.bbc.com/news/articles/c84z0knp11go",
        "subtitle": "Local artists are among the latest line-up announcement for the huge free event.",
        "time": null,
        "title": "Bristol Harbour Festival announces 2024 programme",
        "topics": [
            "Live music",
            "Bristol",
            "Music festivals"
        ],
        "images": [
            "https://ichef.bbci.co.uk/news/480/cpsprodpb/c0ed/live/d1f9ef40-03b0-11ef-9170-254bfa1f73e4.png.webp",
            "https://ichef.bbci.co.uk/news/480/cpsprodpb/829e/live/e0ad0ea0-03b0-11ef-9170-254bfa1f73e4.jpg.webp",
            "https://ichef.bbci.co.uk/news/480/cpsprodpb/9b3b/live/b1646270-0314-11ef-acb8-5334c69195a0.jpg.webp",
            "https://ichef.bbci.co.uk/news/480/cpsprodpb/e326/live/af6c38f0-0335-11ef-b2ca-5d9888c2b4da.jpg.webp"
        ],
        "videos": [],
        "author": "Christopher Mace,",
        "text": [
            "BLOCO B, Laid Blak and Gabriel Templar are among the artists who will play at the Bristol Harbour Festival this year.",
            "The free festival is the biggest event held in the city, attracting tens of thousands of people every year, and will take place between Friday 19 July and Sunday 21 July.",
            "The Lloyds Amphitheatre, which will be called the Harbour View, and will host the main festival stage.",
            "Organisers wanted the 2024 festival to be representative of the city, and over 50% of performers will be female, non-binary, or from other underrepresented groups.",
            "The festival is backed by Arts Council England, and has a focus on showcasing local performers.",
            "Among those taking to the stage on the Friday will be Xaman X - a Bristolian tropical bass act- and She\u2019s Got Brass, a 10-piece female-fronted brass band.",
            "On Saturday, when the climate campaign group Greenpeace will run the main stage, experimental dancehall act Grove will perform, as well as dream-pop performer Emily Magpie, among others.",
            "Sunday will focus on local talent, with a 'made in Bristol' line-up, including Gabriel Templar, widely known for his videos on TikTok, and Bristol band Laid Blak, who perform a fusion of jungle and rave music, will play in the afternoon.",
            "A huge array of fringe events will also take place across the festival weekend, with live entertainment and performances in cafes, restaurants and on the street.",
            "The Bristol Harbour Festival team say they are still looking for city-centre venues to host a fringe event, or put forward their venue for harbour musicians and performers to entertain in.",
            "Anyone interested can contact the festival via its website."
        ]
    },
    "https://www.bbc.com/sport/football/articles/c1rvlr2zr41o": {
        "link": "https://www.bbc.com/sport/football/articles/c1rvlr2zr41o",
        "subtitle": "Attendances for the Women's Super League and the Women's Championship passed the one million mark for the 2023-24 season.",
        "time": null,
        "title": "Women's Super League and Women's Championship attendances pass one million in 2024 - BBC Sport",
        "topics": [],
        "images": [
            "https://ichef.bbci.co.uk/news/1024/cpsprodpb/205d/live/567bc2d0-0626-11ef-b365-6f5a913deacf.jpg"
        ],
        "videos": [],
        "author": "",
        "text": [
            "The cumulative attendance for both the Women's Super League and the Women's Championship has passed one million for the 2023-24 season. ",
            "The milestone was reached during the weekend's round of fixtures, which included Crystal Palace's promotion to the WSL.",
            "In March, the previous WSL attendance record of 689,297 was broken with 36 games still to play.",
            "\u201cThis season has been one to remember for so many reasons,\" said Nikki Doucet, chief executive of both leagues. ",
            "\"Surpassing one million in attendance across the Barclays Women\u2019s Super League and Barclays Women\u2019s Championship really does speak volumes about the interest in women\u2019s football in this country.",
            "\u201cThis is only the beginning of our journey, and we\u2019re so excited to see these records hopefully be broken time and time again in the years to come as our game continues to grow.\u201d",
            "Larger WSL crowds are becoming common with an increased number of games this season played at stadiums used by clubs' men's sides.",
            "Every WSL team other than West Ham has played at least one game at their main stadium this season.",
            "Arsenal set a new attendance record for a single fixture with 60,160 tickets sold for their fixture against Manchester United at Emirates Stadium in February."
        ]
    },
    "https://www.bbc.com/sport/athletics/articles/cle0lv6q2l5o": {
        "link": "https://www.bbc.com/sport/athletics/articles/cle0lv6q2l5o",
        "subtitle": "Great Britain\u2019s relay teams will seek to qualify for this summer\u2019s Paris Olympics at the World Athletics Relays this weekend and you can watch the action on the BBC.",
        "time": null,
        "title": "2024 World Athletics Relays to be shown across the BBC - BBC Sport",
        "topics": [],
        "images": [
            "https://ichef.bbci.co.uk/news/2048/cpsprodpb/b422/live/caf638c0-06c6-11ef-a3de-477dd11c17a8.jpg"
        ],
        "videos": [],
        "author": "",
        "text": [
            "Great Britain\u2019s relay teams will seek to qualify for this summer\u2019s Paris Olympics at the World Athletics Relays this weekend and you can watch the action on the BBC.",
            "The event in Nassau, Bahamas on 4-5 May features a host of global stars in 4x100m and 4x400m relays.",
            "Sprinter CJ Ujah is in the GB squad for the first time since serving a 22-month ban for a doping violation at the Tokyo Olympics that led to the British men\u2019s 4x100m team being stripped of its silver medal.",
            "Zharnel Hughes, the British 100m and 200m record holder, will captain the squad.",
            "Great Britain won medals in four of the five relay events at last year\u2019s worlds, including mixed relay silver after the Netherlands\u2019 Femke Bol tripped just yards from the winning line.",
            "Here's all you need to know about this year\u2019s event.",
            "The top two teams in each heat on the opening day will advance to the final on day two. They will also secure Olympic quota places in the process.",
            "The Olympic lane seeding positions will be decided in the finals on day two.",
            "The teams in the finals will also be competing for medals.",
            "Women's 4x100m: Kristal Ama-Awuah, Alyson Bell, Amy Hunt, Imani-Lara Lansiquot, Asha Philip, Aleeya Sibbons, Annie Tagoe, Bianca Williams",
            "Men's 4x100m: Eugene Amo-Dadzie, Jona Efoloko, Romell Glave, Zharnel Hughes, Richard Kilty, Nethaneel Mitchell-Blake, Reece Prescod, Chijindu Ujah",
            "Women's 4x400m: Hannah Kelly, Victoria Ohuruogu, Emily Newnham, Lina Nielsen, Laviai Nielsen, Ama Pipi, Nicole Yeargin, Jodie Williams",
            "Men's 4x400m: Joe Brier, Lewis Davey, Charlie Dobson, Toby Harries, Alex Haydock-Wilson, Matthew Hudson Smith, Lee Thompson, Brodie Young",
            "Mixed 4x400m: Athletes are selected from 4x400m squads.",
            "Noah Lyles and Gabby Thomas will headline the USA\u2019s teams for the 4x100m as they aim to defend their men\u2019s and women\u2019s titles from last year.",
            "Double world gold medallist Femke Bol will form part of the Netherlands' 4x400m women\u2019s quartet hoping to retain their crown from Budapest.",
            "Olympic 100m champion Marcell Jacobs, who featured on Italy\u2019s victorious teams at the Tokyo Olympic Games and at the last World Relays earlier in 2021, is also entered for the 4x100m.",
            "Jamaica\u2019s strong squad will not feature their Olympic champions at the event.",
            "All times are BST and may be subject to change.",
            "Saturday, May 4",
            "23:55-03:30 \u2013 live coverage on BBC Red Button, Sport website and app (repeat on 5 May, 08:10-11:45)",
            "00:05 \u2013 4x400m mixed \u2013 heats",
            "00:50: - women\u2019s 4x100m \u2013 heats",
            "01:25-men\u2019s 4x100m - heats",
            "02:05-women\u2019s 4x400m - heats",
            "02:49-men\u2019s 4x400m - heats",
            "Sunday, May 5",
            "23:55-03:30 \u2013 live coverage on BBC Red Button, BBC Sport website and app (repeat on 6 May, 13:00-16:35)",
            "00:05-02:04 \u2013 repechages for all events",
            "02:40 \u2013 mixed 4x400m\u2013 final",
            "02:50 \u2013 women\u2019s 4x100m \u2013 final",
            "03:00 \u2013 men\u2019s 4x100m \u2013 final",
            "03:10 \u2013 women\u2019s 4x400m \u2013 final",
            "03:20 \u2013 men\u2019s 4x400m \u2013 final"
        ]
    },
    "https://www.bbc.com/sport/cycling/articles/cll486v5490o": {
        "link": "https://www.bbc.com/sport/cycling/articles/cll486v5490o",
        "subtitle": "Eight-time Tour de France rider Luke Rowe confirms this will be his final season as a professional cyclist at the age of 34.",
        "time": null,
        "title": "Luke Rowe: Ineos Grenadier rider to retire at end of the year - BBC Sport",
        "topics": [],
        "images": [
            "https://ichef.bbci.co.uk/news/1024/cpsprodpb/6451/live/323768e0-093a-11ef-9e6c-099fc4d96d44.jpg",
            "https://ichef.bbci.co.uk/news/1024/cpsprodpb/459f/live/55041d10-093e-11ef-bee9-6125e244a4cd.jpg"
        ],
        "videos": [],
        "author": "",
        "text": [
            "Luke Rowe is to retire from professional cycling a year early at the end of the 2024 season, following his latest injury.",
            "The 34-year-old Welsh rider had a contract until the end of 2025 but has confirmed this will be his final season in the men's World Tour peloton.",
            "Rowe has been with Ineos Grenadiers, formerly Team Sky, for the past 12 years and has established himself as one of the leading super-domestiques in cycling.",
            "As well as multiple top-10 finishes in the Classics, he rode in eight successive Tour de France races, helping Chris Froome, Geraint Thomas and Egan Bernal to victory.",
            "\u201cI\u2019ve had an amazing career and I have absolutely no regrets,\" said Rowe.",
            "\"But the last 18 months have been testing in different ways and with this latest crash and resulting injury, it just feels like now is the right time to bow out, head home to Wales and spend a bit more time with my family.",
            "\u201cI\u2019ve got so many amazing memories and have loved every part of being a professional cyclist.",
            "\"I\u2019ve been incredibly lucky to spend all 13 years as a pro bike rider with one team, and it\u2019s been a team who has supported me 100% through the good times and the bad.\"",
            "Rowe is recovering from injury in a crash during a one-day race in Belgium in March that is likely to rule him out of another Tour de France, although he is targeting the Tour of Britain as a final race in a glittering career.",
            "\u201cI am working with the team and doctors to try and get back on the bike, with the Tour of Britain being my dream race to end on. It would be pretty special to end my career racing around the UK in front of home fans,\" he said.",
            "Rowe began his career on the track, becoming a three-time British madison champion with three different team-mates before joining then Team Sky in 2012.",
            "\u201cLuke is a massive part of what makes this team so special,\" said Ineos Grenadiers chief executive John Allert.",
            "\"He has been here since the early years and has played a huge part in our biggest wins and some of the most iconic moments in the team\u2019s history.",
            "\u201cNot only is Luke a fearless, gritty, powerhouse of a racer who can read and control a race like few other riders, he\u2019s a fantastic personality and team-mate off the bike too.\""
        ]
    },
    "https://www.bbc.com/news/articles/cd13rv77pqwo": {
        "link": "https://www.bbc.com/news/articles/cd13rv77pqwo",
        "subtitle": "Business owner Gina Bonsu says candidates must meet with residents if they want the \"real answers\".",
        "time": null,
        "title": "Essex local elections: Thurrock people make pleas ahead of voting",
        "topics": [
            "England and Wales Local Elections 2024",
            "Thurrock Council",
            "Council tax",
            "Essex"
        ],
        "images": [
            "https://ichef.bbci.co.uk/news/480/cpsprodpb/cd6d/live/7ad32800-0561-11ef-826e-21991cd890ac.jpg.webp",
            "https://ichef.bbci.co.uk/news/480/cpsprodpb/63fb/live/0883c4a0-055f-11ef-826e-21991cd890ac.jpg.webp",
            "https://ichef.bbci.co.uk/news/480/cpsprodpb/0cea/live/952051d0-055f-11ef-826e-21991cd890ac.jpg.webp",
            "https://ichef.bbci.co.uk/news/480/cpsprodpb/a0fd/live/d8a244b0-058f-11ef-9e56-f39f56920e03.jpg.webp",
            "/bbcx/grey-placeholder.png"
        ],
        "videos": [],
        "author": "Simon Dedman,",
        "text": [
            "A council that is still paying off unprecedented debts could change hands at the local elections.",
            "Thurrock Council in Essex has been making cuts and increasing council tax over the last two years to address debts which peaked at \u00a31.5bn.",
            "A total of 17 seats are up for election on Thursday and Labour could take control from the incumbent Conservatives.",
            "Local businesses told the BBC that the council needed to engage with them more, whatever happens after this week.",
            "Gina Bonsu, 41, who runs Mama G's Afro-Caribbean grocery store in Broadway, Grays, said: \"I haven't seen any presence of local councillors along here visiting local businesses.",
            "\"They need to reach out to us and find out what support it is that we need.\"",
            "She said Thurrock Council ran consultations on its plans but they were often hard to access.",
            "Ms Bonus continued: \"They do expect people to come to their meetings. ",
            "\"Times have changed. Go to where the people are. Then you will get real answers.\"",
            "Trading standards and environmental services were the only departments she had previously spoken to, Ms Bonus said.",
            "Her brother Richard Bonsu agreed there was a disconnect between the council and the community.",
            "Mr Bonsu, 37, a youth worker, said he was helping 200 marginalised young people access work.",
            "He often felt \"stifled\" by the council, he said, and suggested \u201cmore support for grassroots organisations\" was needed.",
            "\"Less barriers, sit down, get people in the room, ask us for our opinion, let us have more input over how things can go,\" he explained.",
            "\"We are on the ground. It\u2019s easy to make legislation and rules but talk to us\u201d.",
            "The council scrapped non-statutory funding for youth services last year, saving \u00a3126,000 from its annual budget.",
            "Both Mr Bonsu and Dean Plunkett, a musician who supports adults with learning difficulties in Thurrock, said they had seen the effects of the financial crisis in the borough.",
            "Mr Plunkett, 30, from East Tilbury, said he used to have lots of conversations with Thurrock Council about how to help people with Down's syndrome and autism but that has \"been few and far between\" since Thurrock filed its section 114 notice in 2022, effectively declaring bankruptcy.",
            "The council has reduced its debt to \u00a3434m over the last year.",
            "Mr Plunkett said: \"I think that the council needs to do a lot more to get the community back on board... they needed to show us that they have made a mistake, they have messed up massively.",
            "\"We are paying for the cost of it, how can we fix this?\"",
            "Out on the campaign trail, the Conservative leader of Thurrock Council, Andrew Jefferies, said winning the election would be \"tough\" for his party",
            "\"Not only have we got the issues facing Thurrock with the council, but look at the polls: the Conservative party is not particularly popular at the moment,\" he admitted.",
            "\"On the streets when we are talking to people, they are angry with us, they are disappointed with us, but they do not want to vote Labour.",
            "\"We've got a plan; they haven't.\"",
            "Mr Jefferies promised there would be no library closures or cuts to children services and lollipop workers if the Tories kept control.",
            "He said there were \"loads\" of opportunities for businesses on the way - highlighting the Thames Freeport - and said council staff were clear that \"we will work with businesses\".",
            "Labour's John Kent was Thurrock Council's leader until 2016, when the Tories took over the administration.",
            "\"We are going to have to take tough decisions, that's as result of the Conservatives borrowing \u00a31.5bn and bankrupting the council,\" he lamented.",
            "\"The last financial year, the council spent more on repaying debt than on every single service that it provides.",
            "\"That is utterly unsustainable\".",
            "Mr Kent pledged to \"go root and branch through every single service the council provides to look at a better way of providing value for money\".",
            "He promised to work with the local community, but added: \"We can't rule anything out.",
            "\"People are sick of having glib promises made that just can't be delivered upon.",
            "\"I don't think we will have to close any libraries, but I'm not going to promise that we won't do it, that would just be unfair\".",
            "The Conservatives and Labour are standing a candidate for every seat. ",
            "A full list of candidates is available via the council website.",
            "Got a story? Email eastofenglandnews@bbc.co.uk or WhatsApp 0800 169 1830"
        ]
    }
}