{
    "https://www.bbc.com/news/uk-politics-69053165": {
        "link": "https://www.bbc.com/news/uk-politics-69053165",
        "subtitle": "On a campaign trip, the PM asks voters if they will watch the football tournament, even though Wales did not qualify.",
        "time": "2024-05-23T10:55:25.421506",
        "title": "Sunak asks Welsh voters if they are looking forward to Euros",
        "topics": [],
        "images": [],
        "videos": [],
        "author": "",
        "text": []
    },
    "https://www.bbc.com/news/articles/cyeed67895zo": {
        "link": "https://www.bbc.com/news/articles/cyeed67895zo",
        "subtitle": "The chief electoral officer urges people to apply for postal and proxy votes as soon as possible.",
        "time": "2024-05-28T10:55:52.473559",
        "title": "How to apply for a postal vote in Northern Ireland",
        "topics": [
            "Northern Ireland",
            "General election 2024 "
        ],
        "images": [
            "https://ichef.bbci.co.uk/news/480/cpsprodpb/9c6a/live/3b42de90-1cd3-11ef-94e3-d78ab9e658c9.png.webp",
            "https://ichef.bbci.co.uk/news/480/cpsprodpb/2a53/live/7f646310-1cd2-11ef-94e3-d78ab9e658c9.png.webp",
            "/bbcx/grey-placeholder.png"
        ],
        "videos": [],
        "author": "Ross McKee,",
        "text": [
            "People seeking a postal or proxy vote in Northern Ireland have been urged to apply as \"early as possible\".",
            "Prime Minister Rishi Sunak has said the next general election will take place on 4 July.",
            "David Marshall was appointed as the chief electoral officer for Northern Ireland last year.",
            "He has appealed to those wanting an absent vote to apply urgently.",
            "There are two types of absent vote - a postal vote, which is where your ballot paper is posted to you in advance of the election, and a proxy vote which is where you appoint someone you trust to vote on your behalf. ",
            "\u201cOne of the key messages is to ensure that people who might be away because of the school holidays - ask them to apply as early as possible for a postal vote or a proxy vote,\" Mr Marshall told BBC Radio Ulster's Good Morning Ulster programme.",
            "\u201cPlease apply urgently because while the deadline for that is 5pm on Friday 14 June, the later you apply it takes some time for us to process the applications and you may not get your postal vote until a few days before the election day - some people may have already left on holiday by that stage.",
            "\"The simplest thing is to go on our website and you will see a link on the page there for a form you can download, print it out at home, fill it in and post it back to us.",
            "\"Fill in your application form and send it back in to us, but I would urge you to do it now, rather than wait to the deadline 14 June.\u201d",
            "Mr Marshall said it was a \"vast task\" to run the election, but his office was \"confident but not complacent\" that it could deliver. ",
            "He gave a rundown of the numbers and dates involved:",
            "Eighteen seats are up for grabs in Northern Ireland.",
            "The Democratic Unionist Party (DUP) won the most seats - eight - in the last general election, but now has seven after former party leader Sir Jeffrey Donaldson was suspended from the party.",
            "He is contesting historical sexual offence charges and his solicitor has indicated he will not be standing for re-election.",
            "Sinn F\u00e9in is currently the largest party at Stormont and at local government level.",
            "They will want to replicate that in the Westminster poll.",
            "Currently, they have seven MPs, but are an abstentionist party, meaning they do not take their seats in the House of Commons.",
            "The SDLP has two MPs and Alliance has one. ",
            "The deadline for candidates to submit nomination forms in Northern Ireland is 16:00 BST on Friday 7 June.",
            "The Electoral Office has set up an online service to help people quickly check if they are registered to vote in Northern Ireland. ",
            "To register to vote in Northern Ireland, you must be aged 16 or over. ",
            "Read the other criteria and apply, here.",
            "The deadline for absent vote applications is 17:00 BST on Friday 14 June.",
            "Anyone who previously registered to vote online, will be required to supply a Digital Registration Number (DRN) in their absent vote application, via the electoral office website.",
            "You can find out if you have a DRN here.",
            "There are two types of absent votes:",
            "You can apply for a permanent or a temporary absent vote for both postal and proxy votes, but must give an explanation.",
            "A temporary absent vote can be applied for if, for example, you are going on holiday or are sick.",
            "The Electoral Office for Northern Ireland has said that to apply for a permanent postal vote or proxy, you must have a valid reason.",
            "It says this includes the following:",
            "Further information on absent vote applications can be obtained here."
        ]
    },
    "https://www.bbc.com/news/articles/c6ppkq1q4p3o": {
        "link": "https://www.bbc.com/news/articles/c6ppkq1q4p3o",
        "subtitle": "Julie Elliott will not stand for re-election, having been MP for Sunderland Central since 2010.",
        "time": "2024-05-28T10:56:08.960363",
        "title": "Sunderland Central Labour MP Julie Elliott to stand down",
        "topics": [
            "Sunderland",
            "Julie Elliott",
            "General election 2024 "
        ],
        "images": [
            "https://ichef.bbci.co.uk/news/480/cpsprodpb/fb92/live/6c4debc0-1ce1-11ef-a36a-771f5fdb8b8a.jpg.webp"
        ],
        "videos": [],
        "author": "Pamela Bilalova,",
        "text": [
            "A Labour MP who has represented her constituency for 14 years has announced she is standing down at the General Election.",
            "Sunderland Central MP Julie Elliott confirmed on Tuesday she would not be seeking re-election in July. ",
            "In a statement, Ms Elliott said she had made the decision after \"much deliberation\" and spending the weekend with her family.",
            "\"It has been the privilege of my life to represent the constituency of Sunderland Central since 2010,\" she said. ",
            "\"This is the area I have always lived in and while it is with some sadness that I leave the House of Commons, it is the right time to do so.\"",
            "Ms Elliott served as Shadow Minister for Energy and Climate Change between 2013 and 2015.",
            "She also sat on a number of committees, including the Digital, Culture, Media and Sport Select Committee.",
            "Ms Elliott thanked her staff, the Labour Party and the GMB Union, adding she was \"proud\" to have played a part in Sunderland's \"cultural and economic regeneration\". ",
            "She said: \u201cI will do everything I can to campaign for a Labour government in the coming weeks.",
            "\u201cI will always be very grateful to the people of Sunderland and the Labour Party for giving me the opportunity to serve our great city in parliament.\u201d",
            "Prior to becoming an MP, Ms Elliott was a regional organiser for the GMB union and a governor at primary schools across Sunderland and South Tyneside.",
            "The Labour Party is yet to announce a candidate for the Sunderland Central constituency. ",
            "Follow BBC Sunderland on X (formerly Twitter), Facebook and Instagram. Send your story ideas to northeastandcumbria@bbc.co.uk."
        ]
    },
    "https://www.bbc.com/news/uk-politics-69073026": {
        "link": "https://www.bbc.com/news/uk-politics-69073026",
        "subtitle": "The PM tells the BBC's political editor he is \"thoroughly enjoying\" himself out meeting voters in the election campaign.",
        "time": "2024-05-29T17:56:24.227245",
        "title": "Rishi Sunak tells Chris Mason: Yes, I am changing minds",
        "topics": [],
        "images": [],
        "videos": [],
        "author": "",
        "text": []
    },
    "https://www.bbc.com/news/articles/clmmry99y4po": {
        "link": "https://www.bbc.com/news/articles/clmmry99y4po",
        "subtitle": "The Conservatives say they would replace some degrees with 100,000 new apprenticeships per year.",
        "time": "2024-05-29T18:56:48.919580",
        "title": "Tories would swap 'rip-off' degrees for apprenticeships",
        "topics": [
            "Apprenticeships",
            "Conservative Party",
            "Universities",
            "General election 2024 "
        ],
        "images": [
            "https://ichef.bbci.co.uk/news/480/cpsprodpb/8632/live/2ae3dfe0-1dc3-11ef-b16b-635cf4924dd3.jpg.webp",
            "https://ichef.bbci.co.uk/news/480/cpsprodpb/4444/live/dd5235d0-1dc5-11ef-80aa-699d54c46324.png.webp",
            "/bbcx/grey-placeholder.png",
            "/bbcx/grey-placeholder.png"
        ],
        "videos": [],
        "author": "Hazel Shearing,",
        "text": [
            "The Conservatives have promised to scrap some university courses in England to help fund 100,000 apprenticeships per year if they win the July election.",
            "The party says it would replace the \"worst-performing\" degrees that it considers a \"rip-off\" because of high drop-out rates and \"poor\" job prospects.",
            "Labour criticised the government over a decline in the number of new apprentices.",
            "It said it would prioritise \"gearing\" apprenticeships towards young people.",
            "The Liberal Democrats said the government had treated apprentices like \"second-class workers\".",
            "The Conservatives said former Labour Prime Minister Tony Blair's ambition to get half of young people going to university had \"led to low-value degrees ballooning\".",
            "In England, the Office for Students (OfS) can already investigate and sanction a university - for example with fines - if it falls below certain standards. ",
            "The Conservatives say they would introduce a new law allowing the independent regulator to go further and completely close the poorest-performing university courses.",
            "They would be determined by drop-out rates, job progression and future earnings potential, the party said in a press release.",
            "Speaking at a railway depot in Cornwall on Wednesday, Prime Minister Rishi Sunak added: \"University is great and it makes a fantastic option for young people, but it's not the only option... And what we do know is that there are university degrees that are letting young people down.\"",
            "",
            "Schools Minister Damian Hinds told BBC Radio 4's Today programme there had been a \"huge increase in quality\" in apprenticeships under Conservative governments. Now was the time to \"make sure we're maximising the available opportunities for young people\" and supporting businesses with the new scheme, he added.",
            "Mr Hinds said it would not be \"right or fair\" on current students to say which courses his party considered to be \"rip-off\" degrees, and said it varied by individual courses rather than by subject.",
            "\"Take computer science - you get earnings outcomes from young people studying computer science degrees which will range from \u00a318,000 to \u00a380,000.\"",
            "The Conservative Party estimated that the government would save \u00a3910m by 2030 if it scrapped courses that taught 13% of students.",
            "It said this was because the taxpayer \u201coffsets\u201d student loans when graduates do not earn enough money to pay them back. The logic here is that removing courses that lead to lower earnings would result in less unpaid debt.",
            "It said its savings would allow the government to invest in 100,000 more apprentices per year by the end of the next Parliament.",
            "The Conservatives' calculations are based on the assumption that 75% of the students who would have enrolled on those courses would go into employment or apprenticeships instead.",
            "However, there is no limit on the overall number of students that universities in England can admit - so universities could recruit students to other degree courses if some were closed.",
            "The Institute for Fiscal Studies said this meant it was \"unclear\" whether savings from scrapping \"low-value\" courses would be large enough to fund the Tories' expansion plan.",
            "Birmingham City University (BCU) vice-chancellor, Prof David Mba, said the prospect of more apprenticeships was \u201cgreat\u201d but he did not want that to be at the expense of university courses.",
            "He said the idea that a degree was a rip-off if it did not reach a minimum earning threshold was \u201cbonkers\u201d, particularly for creative subjects.",
            "\u201cLet\u2019s look at my Royal Birmingham Conservatoire. We train musicians, pianists, over three years; they end up with a degree and it will take them probably a while, as a creative out freelancing, to build up a career and to reach certain earning levels that might be commensurate with what the government think it should be,\" he told BBC News.",
            "Prof Mba said many of his students commuted from deprived parts of the West Midlands, and that BCU's courses -  including its degree apprenticeships - offered \u201csocial mobility\u201d.",
            "Sabeeha Anium, who studies computer science at BCU, said her degree was \"not a rip-off\" as she \"gets to learn different things\" every day.",
            "Speaking to the BBC on her lunch break, she added: \"Every single degree is valuable.\"",
            "Aaryan Shabbir, who is on the university's accelerated two-year digital marketing course, said he would welcome seeing more apprenticeships because of concerns around student debt and finding a job post-degree. ",
            "He added: \"If I\u2019d [known] more about apprenticeships I would\u2019ve done an apprenticeship.\"",
            "The Association of Employment and Learning Providers welcomed the announcement and said it hoped other political parties would \"match this additional funding\".",
            "Chief executive Ben Rowland said: \"Whichever party finds itself in government, there will need to be a commitment to encouraging more employers [to] offer apprenticeship opportunities.\"",
            "Neil Carberry, chief executive of the Recruitment and Employment Confederation trade body, said the announcement was \"using apprenticeships to denigrate university courses, when we need both to flourish if we're going to grow\".",
            "Apprenticeships are funded partly by the taxpayer as well as by the apprenticeship levy, which is essentially a tax paid by bigger businesses. Those firms, as well as smaller ones, can access the cash to spend exclusively on training apprentices.",
            "Mr Carberry said the levy made apprenticeships more expensive to deliver - particularly lower-level apprenticeships aimed at younger people - so firms were better off if they did fewer of them.",
            "He said while higher-level apprenticeships were replacing degrees for some people, they did not help people who would not have gone to university and needed a different route to skilled work.",
            "Apprenticeship dropout rates in England are about one in two.",
            "Just over half (54.6%) of apprentices completed and passed a final assessment in 2022-23 - well below the government's 67% target by the end of 2024-25.",
            "Asked about the dropout rate, Mr Hinds said: \"It is true that some young people start an apprenticeship and then they don't [finish it], and then they take a different turn in their career. When they do that, they've accumulated of course skills and experience in that job, and they've been earning.",
            "\"That has long been true in apprenticeships.\"",
            "Labour's shadow education secretary, Bridget Phillipson, said the announcement was \"laughable\" because the Conservatives had \"presided over a halving of apprenticeships for young people\".",
            "She reiterated her party's promises to introduce technical excellence colleges aimed at training workers for local industries, and to reform the apprenticeship levy into a \"growth and skills levy\", which the party says would allow businesses to spend up to half of their levy payments on \"more flexible training courses\".",
            "Munira Wilson, education spokeswoman for the Liberal Democrats, said the Conservatives had \"broken the apprenticeship system\" and \"urgent reform is needed\".",
            "\"The shockingly low pay for those on apprenticeships will remain, doing nothing to encourage more people to take apprenticeships up or tackle soaring drop-out rates,\" she said.",
            "Additional reporting by Branwen Jeffreys and Hope Rhodes."
        ]
    },
    "https://www.bbc.com/news/articles/cjkkmkyp20ro": {
        "link": "https://www.bbc.com/news/articles/cjkkmkyp20ro",
        "subtitle": "Lifelong Conservative voters at a Birmingham wholesale market say they might switch allegiance.",
        "time": "2024-05-23T10:57:03.682589",
        "title": "Birmingham market traders not convinced by Sunak's economy claims",
        "topics": [
            "Birmingham",
            "General election 2024 "
        ],
        "images": [
            "https://ichef.bbci.co.uk/news/480/cpsprodpb/fef7/live/0c1fb570-18fa-11ef-876b-c77a1c45f857.png.webp",
            "https://ichef.bbci.co.uk/news/480/cpsprodpb/0b27/live/44a4b3f0-18fa-11ef-876b-c77a1c45f857.png.webp",
            "https://ichef.bbci.co.uk/news/480/cpsprodpb/ab9a/live/2fa248f0-18fa-11ef-876b-c77a1c45f857.png.webp"
        ],
        "videos": [],
        "author": "Andy Giddings,",
        "text": [
            "Lifelong Conservative voters working at a Birmingham wholesale market have said they may switch their allegiance at the upcoming election because they are not convinced the economy is improving.",
            "Prime Minister Rishi Sunak has said economic stability has returned, pointing to falling inflation and a growing economy.",
            "But Tom Burton at George Perry fruit and vegetable wholesale market said that was not the experience of people there.",
            "He said: \"I think the economy has stayed the same, figures can blind a lot of people.\"",
            "This month it has been announced that falling gas and electricity prices have driven UK inflation to its lowest level in almost three years, trumpeted by the prime minister as he called the election.",
            "It was also announced that the economy grew by 0.6% between January and March this year, meaning the UK is no longer recession.",
            "But Mr Burton said his costs were still going up and that was the experience of people \"when you're actually on the front line as we are\".",
            "He would not say who he would vote for at this election, but said the cost of living, business rates and energy costs were the issues which mattered most to him.",
            "Les Clark, who also trades at the market said he was likely not to vote for anyone this time, after previously voting Conservative.",
            "\"It's very difficult to believe what we are being told when we're getting price increases on all our products,\" he said.",
            "But he said he could not get behind any of the parties.",
            "\"Everybody's trying to get into the middle to please everybody, nobody is making a proper decision,\" he said.",
            "Fellow trader, Steve Waters, said he had also always voted Conservative, had worked for the party and \"never even considered voting for other parties\".",
            "But he said he would vote for Reform UK instead this time, \"with a heavy heart\".",
            "\"It's the only way i can send the message that this is not acceptable,\" he said.",
            "His concerns include rising energy prices and the number of migrants coming into the country.",
            "But he was not convinced by speeches from either Rishi Sunak or Sir Keir Starmer.",
            "\"The political soundbites are obviously all out there already, he said.",
            "\"And I have to say it's sounding pretty boring already.\"",
            "Follow BBC West Midlands on Facebook, X and Instagram. Send your story ideas to: newsonline.westmidlands@bbc.co.uk"
        ]
    },
    "https://www.bbc.com/news/articles/c3ggz602j67o": {
        "link": "https://www.bbc.com/news/articles/c3ggz602j67o",
        "subtitle": "Areas like Merthyr Tydfil in south Wales, Cornwall and the Tees Valley could lose out, the Institute for Fiscal Studies (IFS) says.",
        "time": "2024-05-29T18:57:20.794480",
        "title": "National service could leave Wales with \u00a3275m less, research says",
        "topics": [
            "Wales",
            "Merthyr Tydfil",
            "General election 2024 "
        ],
        "images": [
            "https://ichef.bbci.co.uk/news/480/cpsprodpb/916f/live/6620f880-1dce-11ef-80aa-699d54c46324.jpg.webp",
            "https://ichef.bbci.co.uk/news/480/cpsprodpb/0b28/live/ea7f8a70-1dc3-11ef-a13a-0b8c563da930.jpg.webp"
        ],
        "videos": [],
        "author": "David Deans,",
        "text": [
            "The Conservatives' national service plan for 18-year-olds could leave Wales \u00a3275m worse off, according to new research.",
            "The Institute for Fiscal Studies (IFS) said Cornwall would be \u00a372m a year worse off, and the north east of England and Tees Valley \u00a346m a year.",
            "Proposals announced at the weekend would use cash from a \u00a31.5bn scheme originally earmarked to replace EU economic aid.",
            "The Conservative Party has been asked for comment.",
            "Shadow chancellor Rachel Reeves accused the Tories breaking \"their promises on levelling up\".",
            "Labour said it is committed to providing economic help for poorer areas, while restoring decision making powers to the Welsh government.",
            "Plaid Cymru accused the Conservatives of wanting to level down the economy.",
            "Under the plans, 18-year-olds would be able to apply for one of 30,000 full-time military placements or volunteer one weekend a month, carrying out a service in the community.",
            "Conservatives said it would help ensure young people who were not employed, in education or training, or at risk of getting involved with crime, would be diverted away from \"lives of unemployment and crime\".",
            "The UK Shared Prosperity Fund (SPF) was set up by the UK government to replace the economic help from the European Union.",
            "Currently SPF funding is allocated around community projects, support for local businesses, and help for people to overcome barriers to work.",
            "Funding is high for the west Wales and valleys area that previously received the bulk of EU grants.",
            "It amounts to over \u00a3340m for Wales, \u00a3106m for the north east of England and Tees Valley, and \u00a383m for Cornwall.",
            "Abolishing the SPF, the IFS said, would represent a \"significant downgrading\" of the UK government's levelling up policy.",
            "The IFS said the Conservatives estimated that the national service scheme would cost \u00a32.5bn a year, with \u00a31bn from improved tax enforcement, and \u00a31.5bn from winding up the SPF.",
            "A pilot scheme could begin in 2025, with the whole scheme up and running by end of the next parliament, which could be as late as 2029.",
            "David Phillips of the IFS said the plan would be a \"major shift in how funding is allocated\", targeting cash at where 18-year-olds would be conducting national service rather than poorer areas.",
            "He said: \"The scheme may therefore create opportunities for young people across the UK but would mean hundreds of millions less in funding for community and economic development in Wales, Cornwall and the north and midlands of England.\"",
            "How national service funding would be allocated is \"not yet clear\", Mr Phillips wrote.",
            "\"In order to provide all 18-year-olds with the scheme, funding would presumably be distributed to a large extent based on the number of 18-year-olds living in different areas, rather than based on areas' level of socio-economic disadvantage.\"",
            "\"Based on mid-2022 estimates of the number of 18-year-olds, Wales would benefit from 4.5% of the national service spending, Cornwall just under 0.8% and the North East and Tees Valley 3.9%.\"",
            "At the weekend Welsh Secretary David TC Davies, asked whether Wales will lose out due to the end of the scheme, said: \"I don't think the young people of Wales will see it that way.\"",
            "Unlike EU funds, which were run in Wales by the Welsh government, SPF is administered by the UK government via local councils.",
            "The move had been criticised by Labour as rolling back devolution.",
            "Election campaigning in Anglesey, Labour's shadow chancellor Rachel Reeves, said: \u201cThe Tories are in disarray with their desperate half-baked gimmick. They\u2019ve broken their promises on levelling up, and undermined devolution time and time again.",
            "\u201cWe are committed to delivering funds that promote economic development in communities like Ynys M\u00f4n, restoring the decision-making role on structural funds to Wales and backing the creation of good, local jobs.\u201d",
            "Plaid Cymru's Llinos Medi said: \u201cJust as when the Conservatives falsely claimed that Wales wouldn't lose any money under post-Brexit funding, they now falsely claim that Wales wouldn't lose out under their National Service plan. ",
            "\"The public however can see the truth, that the Conservatives are intent on levelling down the Welsh economy.",
            "\u201cWith Labour taking Wales for granted, only Plaid Cymru will fight for economic fairness for Wales and the future of our young people.\u201d"
        ]
    },
    "https://www.bbc.com/news/articles/cy99vwzgjnko": {
        "link": "https://www.bbc.com/news/articles/cy99vwzgjnko",
        "subtitle": "Mr Waugh will be hoping to take the seat from George Galloway, who won it in a February by-election.",
        "time": "2024-05-29T22:58:00.736339",
        "title": "Rochdale: Political journalist Paul Waugh vies to become Labour MP",
        "topics": [
            "General election 2024 ",
            "Rochdale",
            "George Galloway"
        ],
        "images": [
            "https://ichef.bbci.co.uk/news/480/cpsprodpb/3395/live/a5286d80-1e03-11ef-b96a-1bcfc06460e3.jpg.webp",
            "https://ichef.bbci.co.uk/news/480/cpsprodpb/d0ef/live/d0199c20-1dff-11ef-8159-0d3b209dfeb6.jpg.webp"
        ],
        "videos": [],
        "author": "Laura O'Neill,",
        "text": [
            "A political journalist will be Labour's candidate for Rochdale in the general election.",
            "Paul Waugh will be vying to regain the seat for the party, which lost out to George Galloway in a by-election in February.",
            "That contest was prompted by the death of MP Tony Lloyd, who held the seat after serving as Greater Manchester Police and Crime Commissioner.",
            "The Workers Party of Britain's Mr Galloway said he will stand again.",
            "Writing on X, Mr Waugh said: \"It\u2019s a true honour to have been selected as Labour\u2019s Parliamentary candidate for my home town.\"",
            "Mr Waugh has been a political journalist on the Evening Standard, the Independent, the Huffington Post, the i newspaper, and a presenter of the BBC's Week In Westminster. ",
            "He had applied to stand in the February by-election, but missed out to Azhar Ali, who then lost the support of his party over comments made about Israel and the 7 October Hamas attacks. ",
            "Martyn Savin of the Greens, and Andy Kelly of the Liberal Democrats, have also announced they will be standing. ",
            "Speaking to the BBC, Mr Galloway, who won a 5,697 majority in the February contest, said: \"It\u2019s been a very busy period for us and we are going into the campaign very energetically.\"",
            "The general election will take place on 4 July. ",
            "Listen to the best of BBC Radio Manchester on Sounds and follow BBC Manchester on Facebook, X and Instagram. You can also send story ideas to northwest.newsonline@bbc.co.uk"
        ]
    },
    "https://www.bbc.com/news/articles/cv22knyqwp4o": {
        "link": "https://www.bbc.com/news/articles/cv22knyqwp4o",
        "subtitle": "From the NHS, to education and agriculture, devolved issues could be scrutinised during the campaign.",
        "time": "2024-05-22T10:58:16.188687",
        "title": "General election in July - what it means for Wales",
        "topics": [
            "Wales",
            "Welsh Parliament",
            "General election 2024 "
        ],
        "images": [
            "https://ichef.bbci.co.uk/news/480/cpsprodpb/3fc4/live/ab23fc40-184f-11ef-baf9-2dfab45ba024.jpg.webp",
            "/bbcx/grey-placeholder.png"
        ],
        "videos": [],
        "author": "David Deans,",
        "text": [
            "Wales has two parliaments - one in Westminster and one in Cardiff.",
            "The governments at either side of the M4 do different things. At this election voters will be deciding who will be going to the Westminster parliament.",
            "But at this general election it is likely that the parties that are in opposition to Labour will be scrutinising, and attacking, the record of the Welsh government.",
            "The Welsh Parliament in Cardiff Bay, and the Welsh government up the road in Cathays Park, is in charge of health, education, agriculture and councils, among other bits and bobs.",
            "The things the UK government is in charge of include criminal justice and policing, benefits, most taxation, foreign affairs and the military.",
            "Importantly, it provides most of the funding for devolved public services.",
            "During election campaigns who does what can get confusing - not least because sometimes Welsh politicians blur the lines themselves.",
            "For this election, Labour will likely face attacks from the Conservatives, Plaid Cymru and potentially others over what their government has been doing in Cardiff.",
            "The party has been running the show here since the original National Assembly was set up in 1999.",
            "The state and performance of the Welsh NHS will undoubtedly be under the spotlight during the campaign, says BBC Wales health correspondent Owain Clarke.",
            "On some measures, the Labour-run NHS here is performing worse than across the border, for example, the numbers waiting more than two years for planned treatments.",
            "In Wales there are 22,980 cases where somebody has been waiting that long while in England, which has a much larger population, there are only 252.",
            "The Welsh government is likely to point to other measures which suggest NHS in Wales is more than holding its own.",
            "For example, ministers say spending on the NHS is set to increase by 4% this year in Wales, but by less than 1% in England, where it is run by the Conservative UK government. ",
            "Wales\u2019 education record will also be a big talking points for politicians in both Cardiff Bay and Westminster.",
            "Wales ranked lowest of all the UK nations when the results of the latest round of international tests for 15-year olds in reading, maths and science (or PISA) were published at the end of last year \u2013 and the gap with other parts of the UK had grown.",
            "The Welsh government said things were getting better before the pandemic, but education correspondent Bethan Lewis says we can expect this devolved issue to feature in election clashes between the two main UK parties.",
            "Higher education is also the responsibility of Welsh ministers, but UK government policy has a big impact on universities here - for example the recent row over how UK visa rules affect international student numbers, and therefore Welsh universities\u2019 finances.",
            "BBC Wales money editor Felicity Evans said the decision to call the election now could be connected to recent good news when it comes to the economy.",
            "The latest being today\u2019s inflation data which, at 2.3%, is edging closer to the Bank of England\u2019s target of 2%.",
            "But falling inflation does not mean falling prices and many people are still struggling with the impact of the big price hikes of two or three years ago.",
            "Rishi Sunak will be hoping the Bank of England will cut interest rates in June to provide some relief for mortgage holders, but markets have reined in those expectations because today\u2019s inflation figure is actually a bit higher than forecast.",
            "Businesses  will be looking for certainty and stability from the government, says BBC Wales Business Correspondent Huw Thomas.",
            "While most prefer to avoid getting into political territory at all, the decisions taken in Westminster have an impact on everything from the taxes they pay, to the ease with which they can import and export their goods, he added.",
            "Like households, businesses have battled soaring energy prices and an increase in their everyday costs, so they\u2019ll be looking for commitments about economic stability and, in some cases, extra help.",
            "Environmental issues are set to be higher up the agenda at this general election than ever before, according to BBC Wales environment correspondent Steffan Messenger.",
            "Green groups have urged the parties to set out clearly how they'll manage the transition to a net zero future and ensure poorer communities aren't left behind.",
            "Wales can expect pledges around new clean energy infrastructure and debate about its role in delivering nuclear power too.",
            "Meanwhile, Welsh farming policy will be raised on the campaign trail, despite it being an area that is devolved to Cardiff Bay. ",
            "Particularly in rural areas, he added.",
            "The Welsh government has been trying to douse the flames of farmer protests recently, announcing a delay to its plans for greener agricultural subsidies.",
            "Rishi Sunak has jumped at every opportunity to criticise the situation, while UK Labour has distanced itself from the most controversial aspect - a 10% tree cover rule for farms."
        ]
    }
}