{
    "https://www.bbc.com/sport/swimming/articles/cmj663n30kxo": {
        "link": "https://www.bbc.com/sport/swimming/articles/cmj663n30kxo",
        "subtitle": "Artistic swimmers Izzy Thorpe and Kate Shortman hope to \"carry on the legacy\" of their mothers at the Paris Olympics this summer.",
        "time": null,
        "title": "Paris Olympics 2024: Kate Shortman and Izzy Thorpe selected for Team GB - BBC Sport",
        "topics": [],
        "images": [
            "https://ichef.bbci.co.uk/news/819/cpsprodpb/6e69/live/cafc2920-116f-11ef-945b-1fd8a35d1a76.jpg"
        ],
        "videos": [],
        "author": "",
        "text": [
            "Artistic swimmers Izzy Thorpe and Kate Shortman hope to \"carry on the legacy\" of their mothers at the Paris Olympics this summer.",
            "Thorpe's mum Karen competed alongside Shortman's mother, Maria, in the 1980s.",
            "Thorpe, 23, and Shortman, 22, who won silver at this year's World Championships, were confirmed as Team GB's entrants for this summer's Olympics on Tuesday.",
            "\"Both our mums got us into the sport and coached us for a long time,\" Shortman told the BBC. \"We are carrying on that legacy.\"",
            "The pair, childhood friends and former schoolmates, will be competing at a second Olympics, having come 14th in Tokyo in 2021.",
            "But, after a major rule change to the sport, Shortman and Thorpe go into the Games as contenders to win Britain a first Olympic medal in the sport formerly known as synchronised swimming.",
            "Their silver in the technical duet in Doha meant they became the first Britons to win a duet medal at a World Championships and they followed that with bronze in the free duet later in the competition.",
            "Earlier this month they won gold in an Olympic test event in the pool which will be used for the Paris Games.",
            "\"Hopefully we are on that winning streak and can keep it going,\" Shortman said.",
            "\"People look at us differently at a syncro competition now.\"",
            "The sport's scoring system was overhauled last year, making it less subjective.",
            "There are now two judging panels in place, looking at the elements of a routine and artistic impression, while the pairs declare the difficulty of their routine themselves prior to the swim.",
            "\"We have always been strong technically, with speed of rotations, thrusts coming out of the water and our height but it wasn't always appreciated because of biases in the sport,\" said Shortman, who considered quitting the sport prior to the change.",
            "\"You had to look a certain way, had to be really tall and quite slender. That is not our build. We are quite athletic, muscular and a bit shorter.",
            "\"It has eliminated a lot of bias in the sport and has meant we have drastically climbed the rankings.\""
        ]
    },
    "https://www.bbc.com/news/articles/cl5k55n7z9lo": {
        "link": "https://www.bbc.com/news/articles/cl5k55n7z9lo",
        "subtitle": "Craig Brown, 30, took deposits from 13 people for work on their homes that he did not complete.",
        "time": null,
        "title": "Tradesman who took \u00a328k for work he did not complete jailed",
        "topics": [],
        "images": [
            "https://ichef.bbci.co.uk/news/480/cpsprodpb/72f3/live/eaeffef0-1390-11ef-b9d8-4f52aebe147d.jpg.webp"
        ],
        "videos": [],
        "author": "",
        "text": [
            "A tradesman who took money for work he did not complete has been jailed for two years.",
            "Craig Brown, 30, accepted deposits totalling \u00a328,600 from 13 separate victims for work he failed to carry out between September 2021 and September 2022.",
            "Douglas Courthouse heard in some cases he left work unfinished and in others had not started it at all, often messaging clients giving reasons for delays before stopping contact with them altogether.",
            "Jailing Brown, Deemster Graeme Cook said there were \"no good reasons\" to suspend the sentence.  ",
            "A self-employed tradesman, Brown ran the firm Nexus Joinery and Property Maintenance between September 2021 and September 2022. ",
            "During the period he gave quotes and took deposits individuals and families, telling them the money was to buy materials to carry out the work. ",
            "The court heard the amounts handed over to him ranged from \u00a3365 to \u00a313,000.",
            "Brown left the island in September 2022 but was spoken to by Derbyshire police in March 2023 and was arrested after returning to the island on 10 May the same year.",
            "Bank account records showed during the period he was running the firm a total of \u00a3136,500 was deposited into his bank account.",
            "Of the payments made from the account, \u00a331,900 was believed to have been paid to suppliers, with a \u00a355,900 attributed to  Brown's lifestyle, which included gambling and spending in pubs, and a further \u00a315,000 taken out in cash withdrawals, the court was told.",
            "He later pleaded guilty to 13 counts of fraud by false representation.",
            "The court heard Brown had not intended to take money without doing the work but issues in his family life had put strain on him and he admitted he had \"squandered\" the money. ",
            "His defence advocate said the 30-year-old had finished other jobs and had good reviews, but was a gambling addict who had \"got in way over his head\". ",
            "In a statement read to the court, one of his victims said the experience had \"destroyed\" their confidence in tradesman, while another said losing their money had left them with \"stress and anxiety\".",
            "Why not follow BBC Isle of Man on Facebook, and X? You can also send story ideas to IsleofMan@bbc.co.uk"
        ]
    },
    "https://www.bbc.com/news/articles/c51nndgdlqgo": {
        "link": "https://www.bbc.com/news/articles/c51nndgdlqgo",
        "subtitle": "Late Night Lycett picks up the best entertainment performance award at Sunday's Baftas.",
        "time": null,
        "title": "Joe Lycett says 'it's Birmingham time' after Bafta win",
        "topics": [
            "Bafta Awards",
            "Birmingham"
        ],
        "images": [
            "https://ichef.bbci.co.uk/news/480/cpsprodpb/38df/live/6baa9ab0-110b-11ef-a190-bb979758150a.jpg.webp"
        ],
        "videos": [
            ""
        ],
        "author": "Chloe Hughes,",
        "text": [
            "Comedian Joe Lycett, whose Birmingham-based show Late Night Lycett won a Bafta on Sunday, has spoken about his home city providing diversity and regional opportunities in the TV industry.",
            "In a press conference after the awards, he said he felt it was \"Birmingham time\".",
            "Lycett urged other shows to hire more trainees and people from a broader range of backgrounds, saying it ultimately made for a happier workplace and better production.",
            "\"I've been on some very unhappy productions, and often they're the ones that are just all about the bottom line and just want to make money,\" he said.",
            "\"And actually the ones where you do bring people up... I think it's good for everyone and it's good for the show.\"",
            "Late Night Lycett, on Channel 4, won the entertainment performance award on Sunday. ",
            "The show is filmed live from The Bond, in Digbeth, and has its own training scheme, which offers work to local people looking to get into the industry.",
            "The 35-year-old was nominated for two Bafta awards, and said he had dressed as Queen Elizabeth I after \"losing a bet\".",
            "Follow BBC West Midlands on Facebook, X and Instagram. Send your story ideas to: newsonline.westmidlands@bbc.co.uk"
        ]
    },
    "https://www.bbc.com/news/uk-69019754": {
        "link": "https://www.bbc.com/news/uk-69019754",
        "subtitle": "The host of the reality TV show met the King at a Creative Industries Garden Party at Buckingham Palace.",
        "time": null,
        "title": "Maya Jama teaches King Charles about Love Island",
        "topics": [],
        "images": [],
        "videos": [],
        "author": "",
        "text": []
    },
    "https://www.bbc.com/sport/football/articles/ce5l8zd404lo": {
        "link": "https://www.bbc.com/sport/football/articles/ce5l8zd404lo",
        "subtitle": "Bradford City sign Stockport County midfielder Antoni Sarcevic on a two-year deal.",
        "time": null,
        "title": "Antoni Sarcevic: Bradford City sign midfielder on two-year deal - BBC Sport",
        "topics": [],
        "images": [
            "https://ichef.bbci.co.uk/news/1536/cpsprodpb/e1a2/live/fa4f3ff0-1458-11ef-8838-814acca81729.jpg"
        ],
        "videos": [],
        "author": "",
        "text": [
            "Bradford City have signed Stockport County midfielder Antoni Sarcevic on a two-year deal.",
            "The 32-year-old scored eight goals in 37 appearances for the Hatters this season as they won the League Two title.",
            "That gave Sarcevic his fifth promotion from the fourth tier, having gone up twice with Plymouth Argyle and once apiece with Fleetwood Town and Bolton Wanderers.",
            "\u201cI have worked with the gaffer before and, along with the size and stature of the club, it was a no brainer for me,\" he told the club website., external",
            "\"This club needs to start getting up the leagues again, and this year is paramount in doing that.",
            "\u201cI have been there and done it and got out of this league many times.\""
        ]
    },
    "https://www.bbc.com/sport/cricket/articles/c4n1nndwveno": {
        "link": "https://www.bbc.com/sport/cricket/articles/c4n1nndwveno",
        "subtitle": "England fast bowler Lauren Bell says the team are committed to their positive approach despite a top-order collapse in the first T20.",
        "time": null,
        "title": "England v Pakistan: Lauren Bell reinforces positive approach - BBC Sport",
        "topics": [],
        "images": [
            "https://ichef.bbci.co.uk/news/1024/cpsprodpb/ac67/live/cc1419e0-13c1-11ef-8101-4b4eafd2e4f6.jpg"
        ],
        "videos": [],
        "author": "",
        "text": [
            "England are committed to their aggressive approach in the ongoing T20 series against Pakistan, despite a top-order collapse in the series opener.",
            "Heather Knight's side slumped to 11-4 in a chaotic opening burst, before recovering to post 163-6.",
            "But fast bowler Lauren Bell, 23, says the team will not be changing their style with bat or ball when the series continues at Northampton on Friday.",
            "\"Our approach will never change and neither will the messaging,\" said Bell.",
            "\"We discussed the way we go about our game and sticking to the attitude and the approach we have.",
            "\"We wanted to take the game forward and take the game on. That's always Jon's [head coach Jon Lewis] message and I don't think he'll move away from that.\"",
            "Bell has taken on the responsibility of leading England's seam attack over the past 12 months, and started her summer positively by taking 3-22 in England's comprehensive 53-run win at Edgbaston last week.",
            "She is expected to be joined by Nat Sciver-Brunt for the rest of the series after the all-rounder missed the opener to recover from a medical procedure.",
            "A win in Northampton will see England take an unassailable lead in the three-match T20 series.",
            "Since Lewis' appointment in November 2022, England have prioritised an attacking brand of cricket and are prepared to accept the failures that may sometimes come with its territory.",
            "Bell emphasised that positivity, saying the team were encouraged by their recovery from losing four early wickets rather than dwelling on the collapse itself.",
            "\"We didn't start either innings the way we wanted to but still ended up winning by a large amount in T20 cricket and that just shows the character and the depth of this team,\" she added.",
            "Despite the eventual margin of victory, Pakistan dominated both powerplays, aided by England's reckless batting before they reached 57-2 at the end of their first six overs.",
            "But assistant coach Gareth Breese reinforced Bell and Lewis' attitude, saying that they were a little \"rusty\" in their first international outing of the summer but that the team will learn from their mistakes.",
            "\"It's not about changing things too much, we just didn't execute what we wanted to do,\" said Breese.",
            "\"There\u2019s a particular way that we are trying to play about really trying to put the pressure on the opposition and it didn\u2019t come off in that instance.",
            "\"One blip won\u2019t see us making a U-turn on our approach, they have our full support in that.\""
        ]
    },
    "https://www.bbc.com/news/entertainment-arts-69063470": {
        "link": "https://www.bbc.com/news/entertainment-arts-69063470",
        "subtitle": "The American rapper was forced to cancel her gig in Manchester following her arrest at Amsterdam's Schiphol Airport.",
        "time": "2024-05-26T16:12:40.115890",
        "title": "Airport employee informs Nicki Minaj of bag search",
        "topics": [],
        "images": [],
        "videos": [],
        "author": "",
        "text": []
    },
    "https://www.bbc.com/news/uk-politics-69050668": {
        "link": "https://www.bbc.com/news/uk-politics-69050668",
        "subtitle": "Craig Mackinlay says he was met by \"a storm\" of noise when he returned to the House of Commons",
        "time": "2024-05-23T16:13:06.529327",
        "title": "Watch: Limb loss MP on his return to Parliament",
        "topics": [],
        "images": [],
        "videos": [],
        "author": "",
        "text": []
    },
    "https://www.bbc.com/news/world-europe-69024668": {
        "link": "https://www.bbc.com/news/world-europe-69024668",
        "subtitle": "Slovakia's Prime Minister Robert Fico is in a critical but stable condition in hospital after he was shot five times on Wednesday.",
        "time": null,
        "title": "At the scene of Slovak PM's shooting",
        "topics": [],
        "images": [],
        "videos": [],
        "author": "",
        "text": []
    }
}