{
    "https://www.bbc.com/news/world-asia-india-68949100": {
        "link": "https://www.bbc.com/news/world-asia-india-68949100",
        "subtitle": "YouTuber Sham Sharma talks about the positives and perils of sharing his views online.",
        "time": null,
        "title": "The challenges of making political videos in India",
        "topics": [],
        "images": [],
        "videos": [],
        "author": "",
        "text": []
    },
    "https://www.bbc.com/news/articles/c033zgprne2o": {
        "link": "https://www.bbc.com/news/articles/c033zgprne2o",
        "subtitle": "Leeds City Council is gathering memories of the Grand Depart coming to Yorkshire in 2014.",
        "time": "2024-05-26T11:53:19.595104",
        "title": "Leeds Tour de France photos sought for online archive",
        "topics": [
            "Leeds"
        ],
        "images": [
            "https://ichef.bbci.co.uk/news/480/cpsprodpb/dacb/live/c1870610-1b2b-11ef-aaad-8b6093152ef9.jpg.webp",
            "https://ichef.bbci.co.uk/news/480/cpsprodpb/67b5/live/658cc510-1b2c-11ef-aaad-8b6093152ef9.jpg.webp",
            "https://ichef.bbci.co.uk/news/480/cpsprodpb/7979/live/e6fd36c0-1b2c-11ef-aaad-8b6093152ef9.jpg.webp",
            "https://ichef.bbci.co.uk/news/480/cpsprodpb/b8fb/live/1ce458e0-1b2d-11ef-aaad-8b6093152ef9.jpg.webp",
            "https://ichef.bbci.co.uk/news/480/cpsprodpb/9260/live/6f970e20-1b32-11ef-94aa-034c1a411942.jpg.webp",
            "https://ichef.bbci.co.uk/news/480/cpsprodpb/6b7d/live/749521a0-1b32-11ef-94aa-034c1a411942.jpg.webp"
        ],
        "videos": [],
        "author": "",
        "text": [
            "Photos and memories from when the world's biggest cycle race came to Yorkshire are being collected to create a permanent record of the event.",
            "In July 2014 the county hosted the first two stages of the Tour de France, with more than 2m spectators turning out to watch the race, which started in Leeds.",
            "As the 10-year anniversary approaches, people are being asked to add their photos and recollections to an online archive.",
            "Leeds city councillor Mary Harland said it would be \"wonderful to a build a photographic archive of this momentous event\" for future generations.",
            "The three-week race came to England for the first time since 2007, with two stages in Yorkshire and a third finishing in London.",
            "The race started in Leeds on the first day, heading to Otley, Skipton and Ripon before finishing in Harrogate. On the second day the cyclists started in York, taking in Harrogate and Huddersfield before finishing in Sheffield.",
            "The gallery is being displayed on the Leodis website, run by Leeds Libraries. It already includes images such as the Black Prince statue in City Square dressed in a huge knitted yellow jersey.",
            "The jersey was the result of weeks of work by the Holbeck Elderly Aid and Holt Park Active groups as a tribute to the famous yellow jersey worn by Tour winners for more than a century.",
            "Around 30 balls of yellow wool were used for the statue's 2m jersey, which was lifted into place before being carefully stitched on.",
            "Other images featured include some of the huge crowds of spectators, who gathered on Briggate and The Headrow to catch a glimpse of the riders, as they set off outside Leeds Art Gallery.",
            "Images of the riders themselves, lined up with tense expressions ahead of the race getting under way, are also included, with stars Alberto Contador seen next to Mark Cavendish and Chris Froome at the forefront.",
            "Leeds will also mark the 10-year anniversary by hosting Legacy Ride, a mass participation cycling event taking place on Sunday July 7.",
            "Mrs Harland, the council's executive member for communities, said: \"The 2014 Grand Depart was an occasion Leeds will never forget, when people all across the city in different communities came together and made some incredible memories.\"",
            "Follow BBC Yorkshire on Facebook, X (formerly Twitter) and Instagram. Send your story ideas to yorkslincs.news@bbc.co.uk."
        ]
    },
    "https://www.bbc.com/news/articles/cedd43v29q7o": {
        "link": "https://www.bbc.com/news/articles/cedd43v29q7o",
        "subtitle": "Hassan Yahya was shot dead by a firearms police officer in Westminster in March 2020.",
        "time": "2024-05-28T11:53:35.075738",
        "title": "Hassan Yahya: Officer's use of firearm 'consistent with training'",
        "topics": [
            "City of London Police",
            "London",
            "City of Westminster"
        ],
        "images": [
            "https://ichef.bbci.co.uk/news/480/cpsprodpb/528d/live/28b78c40-1d0e-11ef-80aa-699d54c46324.jpg.webp"
        ],
        "videos": [],
        "author": "",
        "text": [
            "The use of a firearm by a City of London Police officer who felt threatened by a man armed with two knives was \"consistent with training\", an inquest has heard.",
            "Hassan Yahya, 30, was Tasered then shot dead by police in Westminster, central London, on 8 March 2020.",
            "Police expert Gary Wedge told Inner West London Coroner's Court training for firearms officers \"requires them to make decisions in line with the national decision model\".",
            "The officer, who remains anonymous and is referred to as BX222, previously said he fired because Mr Yahya was raising his knife and moving towards him.",
            "The inquest heard an officer tried to Taser Mr Yahya in Northumberland Avenue at about 23:30 GMT, before he moved towards Great Scotland Yard.",
            "Mr Yahya was then Tasered and shot dead by two different officers at the same time.",
            "At the inquest, Mr Wedge, manager of the national police firearms training curriculum at the College of Policing, was asked whether the use of the firearm was in line with training.",
            "\"I think it would be fair to say training requires them to make decisions in line with the national decision model, to analyse the information and intelligence and based on that, which is the most appropriate tactical option, based on such an analysis that response would be consistent with training,\" he replied.",
            "When asked if anything was outside training in the use of a conventional firearm by BX222, Mr Wedge said \"no, it was all consistent with training\".",
            "The policing expert also said it was up to the officer to justify why he took the shot.",
            "BX222 previously told the inquest he thought his \"life was in danger\" before he fired.",
            "The inquest continues.",
            "Listen to the best of BBC Radio London on Sounds and follow BBC London on Facebook, X and Instagram. Send your story ideas to hello.bbclondon@bbc.co.uk"
        ]
    },
    "https://www.bbc.com/news/articles/cv22x97rk38o": {
        "link": "https://www.bbc.com/news/articles/cv22x97rk38o",
        "subtitle": "Kelly Fitzgibbons and her daughters were shot dead by Robert Needham in Woodmancote in 2020.",
        "time": "2024-05-22T11:53:49.449268",
        "title": "Kelly Fitzgibbons: Gun license timescale too long, review finds",
        "topics": [
            "Sussex Police",
            "Home Office",
            "Firearms",
            "Woodmancote"
        ],
        "images": [
            "https://ichef.bbci.co.uk/news/480/cpsprodpb/99fc/live/d36d7b90-182c-11ef-85cb-e963500f6f32.jpg.webp",
            "https://ichef.bbci.co.uk/news/480/cpsprodpb/55a2/live/f4c6c670-182c-11ef-85cb-e963500f6f32.jpg.webp",
            "https://ichef.bbci.co.uk/news/480/cpsprodpb/35d5/live/de52edf0-1828-11ef-85cb-e963500f6f32.jpg.webp"
        ],
        "videos": [],
        "author": "Christian Fuller,",
        "text": [
            "The timescale of holding a gun license for five years without updated information is \u201ctoo long\u201d, a review has concluded.",
            "Kelly Fitzgibbons, 40, and her daughters Ava and Lexi Needham, aged four and two, were shot dead by Robert Needham in Woodmancote, West Sussex, in March 2020.",
            "A Domestic Homicide Review said Needham lied on his shotgun application to police about previous convictions and depression treatment.",
            "It found that even after his dishonesty was discovered by police, he was granted a licence.",
            "After it was signed off by a GP, a five-year firearms certificate was issued to Needham in July 2017.",
            "A conclusion of suicide was previously recorded for Needham, 42, who turned the legally-owned gun on himself.",
            "The report recommended the current timescale should be reviewed, and that an annual system should be considered.",
            "\u201cIndividual circumstances, health and welfare may change significantly during this timeframe, and the procedure in place at the time did not robustly allow for any changes to be communicated to the relevant police authority, thereby potentially prompting a review of suitability,\u201d report author Kevin Ball said.",
            "He said Needham\u2019s disclosure of cocaine usage to a GP and subsequent treatment was an example of such a change within a five-year period, which was not communicated or picked up by Sussex Police.",
            "The review identified that no agency or organisation could have prevented the deaths.",
            "However, it did highlight the lack of a standard template for police authorities seeking information from GPs for someone applying for a gun license, thereby allowing local variation.",
            "It found that the guidance issued to GPs and police was \u201csomewhat open to interpretation\u201d, particularly in respect of forming a mutual and confident understanding about terms used such as \u2018unsound mind\u2019, \u2018intemperate habits, and \u2018emotional instability\u2019.",
            "\u201cThis discretion did, and can still, create vulnerability in the effectiveness of the vetting process. More probing and professional curiosity about relevant issues was needed,\u201d the review found.",
            "In a family statement, Emma Ambler said her twin sister Kelly Fitzgibbons\u2019 biggest achievements in life were her children.",
            "\u201cShe really was one in a million and I take comfort from the fact that I was lucky enough to have her firmly by my side as my twin sister and best friend for 40 years,\u201d she said.",
            "Ms Ambler said it remained a mystery why Needham carried out the \u201cmonstrous, cruel and cowardly act\u201d.",
            "She said she hoped the review would help change gun licencing reforms, adding that Ms Fitzgibbons and her children would not have died if Needham \u201cwasn\u2019t handed a gun licence so easily, despite numerous red flags\u201d.",
            "A joint statement from all the agencies involved said Safer West Sussex Partnership - which undertook the review - will monitor progress on the implementation recommendations, ensure that they are acted upon and that the learnings are widely disseminated.",
            "\u201cSWSP would like to offer their deepest sympathy to all who have been affected by the death of the victims and to thank relatives for their assistance with the review,\u201d a spokeswoman said.",
            "Follow BBC Sussex on Facebook, on X, and on Instagram. Send your story ideas to southeasttoday@bbc.co.uk  or WhatsApp us on 08081 002250."
        ]
    },
    "https://www.bbc.com/news/articles/c80ze4jjrxwo": {
        "link": "https://www.bbc.com/news/articles/c80ze4jjrxwo",
        "subtitle": "The country has the world's highest unemployment, leaving many cynical about this month's election.",
        "time": null,
        "title": "South Africa election 2024: Desperate search for jobs overshadows vote",
        "topics": [
            "African National Congress",
            "South Africa elections 2024",
            "South Africa",
            "Africa"
        ],
        "images": [
            "https://ichef.bbci.co.uk/news/480/cpsprodpb/5b97/live/3d1aab60-15fa-11ef-a514-5f73575d1b0d.jpg.webp",
            "https://ichef.bbci.co.uk/news/480/cpsprodpb/4f19/live/62cc8ce0-15f8-11ef-9b12-1ba8f95c4917.jpg.webp",
            "/bbcx/grey-placeholder.png",
            "/bbcx/grey-placeholder.png",
            "/bbcx/grey-placeholder.png",
            "/bbcx/grey-placeholder.png"
        ],
        "videos": [],
        "author": "Anne Soy,",
        "text": [
            "Hundreds of South Africans have turned up at the job fair, CVs and school certificates in hand, hoping that they may get their big break.",
            "Queues are long. Many appear anxious.",
            "Forget the high politics and low skulduggery playing out between the country\u2019s leaders ahead of the 29 May general election, the government-organised job fair in Durban's Umlazi township is where one of the main issues on the minds of ordinary people is on display.",
            "South Africa is facing crushingly high unemployment levels, with the latest jobless figures ticking up slightly to 33% - ranked by the World Bank as the worst of any nation. Among young people, it is even higher at 46%.",
            "This may also explain why not everyone has much enthusiasm for the election.",
            "Aged 37, Mondli Magwaza, says he has never been employed and is looking for any job \u201cbecause I\u2019m desperate\u201d.",
            "He is among those who have decided they will not vote for the governing African National Congress this time.",
            "Zara, 44, just got retrenched. She has no kind words for the ANC, a party she has always voted for after it led the campaign against white-minority rule.",
            "\u201cEmpty, empty promises. I feel very bad.\u201d",
            "The ANC is facing its stiffest test since winning the country's first democratic elections in 1994,  as opinion polls indicate that its share of the vote may fall below 50% for the first time.",
            "The state of the economy is certainly one thing that has got people considering political alternatives.",
            "But in their everyday lives, young South Africans are doing what they can to get themselves in the right position to get a job.",
            "Dressed in a fuchsia protective overall, 23-year-old Britney Finnis is carefully unscrewing an electrical socket at the St Charles Lwanga Skills Centre at Orange Farm, on the outskirts of Johannesburg.",
            "She is learning to be an electrician \u2013 just one of the many trade subjects on offer.",
            "\u201cIt\u2019s difficult finding a job and having these courses really helps a lot,\u201d she says.",
            "Ms Finnis plans to take it further and try and open her own business as \u201cthat\u2019s the only way we\u2019re going to get employment\u201d.",
            "She says electricians are hard to find in her community and that was what motivated her to enrol.",
            "\u201cThey are rare, and when we do get someone, they usually are very expensive.\u201d",
            "In the sewing room, budding seamstress Rita Mida is stitching a black blazer on an electric machine.",
            "The 34-year-old says she has been a housewife and has ruled out ever finding a job in the formal sector and wants to start her own business.",
            "\u201cI think it\u2019s going to be a bit of a challenge finding resources,\u201d she says but she will give it a go anyway.",
            "\u201cI am going to stay hopeful.\u201d",
            "The Catholic Institute of Education of South Africa runs this centre and 25 others like it across the country.",
            "Nathan Johnstone oversees the national programme and says that about 30% of those who complete the courses are in a job within a year. That may not sound high, but given the economic context it is seen as a success.",
            "The government has a host of initiatives to get people into work but Employment Minister Thulas Nxesi cites \u201chistorical structural issues, which are linked to education and skills development\u201d as one of the underlying causes of chronic unemployment.",
            "The years of the racist system of apartheid skewed the economy. It not only embedded huge wealth disparities but also inequalities in education and skills training.",
            "The apartheid and, before that the colonial, economy relied on the country\u2019s vast mineral resources to generate wealth. But South Africa can no longer rely on the mining industries.",
            "\u201cScars will take a long time to heal,\u201d said President Cyril Ramaphosa as the country marked 30 years of democracy last month. There has been a \u201cgenerational handing-over of inequality\u201d, he added.",
            "",
            "Nevertheless, over the past three decades the ANC has been responsible for a whole generation of South Africans who have gone through the post-apartheid education system and emerged to join the workforce.",
            "\u201cThere needs to be a serious alignment of what is going on in the academia, in the universities and mid-level colleges with the labour market,\u201d admits Mr Nxesi.",
            "A 2019 World Bank report identified insufficient skills as a key constraint holding back South Africa\u2019s economic transition in the wake of apartheid.",
            "\u201cThere is an absence of work-readiness,\u201d says Adrian Saville, economics professor at the Gordon Institute of Business Science. ",
            "\u201cA lot of people that are coming out of the education system and into the workforce simply don\u2019t have the skills and also [lack] the acumen and the readiness to go into the workplace.\u201d",
            "Like the one in Durban, the government has been running jobs fairs across the country for four years now.",
            "\u201cWe train them then pass them to the private sector to absorb them,\u201d Minister Nxesi says.",
            "But asked if the private sector had the capacity to absorb the kind of numbers of unemployed people South Africa has, he conceded that \u201cto increase employment you need economic growth, and to have economic growth, you need investment\u201d.",
            "This is really the crux of the matter.",
            "Prof Saville argues that the absence of investment to drive economic growth is the biggest structural gap. The economic growth that has happened, he says, has come from government and consumer spending, \u201cwhich are not productive sectors and do not create jobs\u201d.",
            "Persistent power problems have also seriously disrupted economic activity and increased operating costs for businesses.",
            "And the Covid-19 pandemic only exacerbated the situation.",
            "South Africa was one of the hardest-hit on the continent. Extended periods of total lockdown drove the economy to the doldrums. \u201cWe lost two million jobs,\u201d says the employment minister.",
            "The ANC\u2019s main political rival, the Democratic Alliance (DA), has described recent unemployment figures as a \u201cjobs bloodbath.\u201d The party promises to \u201ctransform South Africa into an enterprise economy\u201d. It calls the DA-led Western Cape, the province with the lowest unemployment rate in the country, \u201cSouth Africa\u2019s job engine\u201d and says it is an example how the party could transform the country.",
            "In contrast, the Economic Freedom Fighters (EFF), led by firebrand Julius Malema, touts nationalisation as the answer to unemployment. The EFF also promises to give a monthly stipend to unemployed graduates.",
            "There is a clear understanding and acknowledgement of the magnitude of the challenge of unemployment across the political divide.",
            "The ANC has evidently scored poorly on jobs, but the alternatives remain untested and their ideas, varied as they may be, remain a hard sell.",
            "At the job fair in Durban there are some who will stick with the ANC as they have not seen any better options, but the sense of disappointment among many is palpable.",
            "One woman, who did not want to be identified, says the \u201cgovernment has failed us. It\u2019s very painful\u201d.",
            "Go to BBCAfrica.com for more news from the African continent.",
            "",
            "Follow us on Twitter @BBCAfrica, on Facebook at BBC Africa or on Instagram at bbcafrica"
        ]
    },
    "https://www.bbc.com/sport/football/68757259": {
        "link": "https://www.bbc.com/sport/football/68757259",
        "subtitle": "Track the managerial ins and outs and a list of every boss in the main leagues in England and the Scottish Premiership.",
        "time": null,
        "title": "Manager ins and outs - April 2024 - BBC Sport",
        "topics": [],
        "images": [
            "https://ichef.bbci.co.uk/news/1024/cpsprodpb/8A3D/production/_133098353_shutterstock_editorial_14059543f.jpg"
        ],
        "videos": [],
        "author": "",
        "text": [
            "BBC Sport tracks all the manager ins and outs, as well as listing all the current bosses in the Premier League, Scottish Premiership, Women's Super League, English Football League and National League.",
            "All of the managerial movements for April will appear below, followed by the full list of each club, league by league.",
            "To read the list for March, visit the ins and outs page."
        ]
    },
    "https://www.bbc.com/news/articles/c2qq6qexvzpo": {
        "link": "https://www.bbc.com/news/articles/c2qq6qexvzpo",
        "subtitle": "Immigration staff are in training to put detainees on to planes - but will the Rwanda plan survive the election?",
        "time": "2024-05-24T11:54:39.234911",
        "title": "Inside secret government Rwanda training base",
        "topics": [
            "UK immigration",
            "Refugees and asylum seekers",
            "General election 2024 ",
            "Rwanda"
        ],
        "images": [
            "https://ichef.bbci.co.uk/news/480/cpsprodpb/51f1/live/2d493fb0-19a8-11ef-a13a-0b8c563da930.jpg.webp",
            "https://ichef.bbci.co.uk/news/480/cpsprodpb/7997/live/e0a51b70-1911-11ef-b5cc-cb8b8c4cef5a.jpg.webp",
            "https://ichef.bbci.co.uk/news/480/cpsprodpb/105c/live/c6bc1960-190d-11ef-baa7-25d483663b8e.jpg.webp",
            "/bbcx/grey-placeholder.png"
        ],
        "videos": [],
        "author": "Tom Symonds,",
        "text": [
            "Plans to send asylum seekers to Rwanda have already proved to be divisive. The Conservatives say flights will take off if they are re-elected but Labour want to scrap the policy completely. ",
            "BBC News has been given access to a secret training location, where hundreds of staff are being taught how to deal with people who refuse to go.",
            "On the evening of 14 June 2022, at Boscombe Down airfield, in Wiltshire, detention officers were taking one of the first asylum seekers nominated for removal to Rwanda on to a waiting airliner.",
            "The man was wearing a restraint belt, with straps designed to stop him using his arms, having told his escorts he would rather die than board the plane.",
            "According to \u201cuse of force\u201d reports, obtained by a journalist at Liberty Investigates, he began screaming and headbutting the seat.",
            "He had to be further restrained by an escort who described using \u201chead control\u201d to ensure the man did not \u201cheadbutt either of the escorts or injure himself\".",
            "Another detainee bound for Rwanda had already cut himself with a drink can.",
            "The plane was held on the ground for an hour before a court ordered the flight to be cancelled.",
            "It was a major blow to the government\u2019s plan to \u201cstop the boats\u201d by threatening those coming to the UK illegally with being sent to Rwanda to claim asylum. ",
            "If successful, they would live there rather than in the UK.",
            "Two years on from the aborted flight, many of the legal obstacles have been removed.",
            "Prime Minister Rishi Sunak wants to get planes off the ground if the Conservatives win the election. ",
            "But if Labour wins, leader Keir Starmer has already said he will scrap the entire policy.",
            "The Home Office already removes failed asylum seekers and foreign criminals every week - but if the Conservatives stay in office, 2,000 could be on the list for Rwanda flights, potentially starting soon after election day.",
            "To make it happen the government has rented a secret training facility for a year, at a cost of \u00a36.4m, for training extra Home Office immigration enforcement staff and private contractors",
            "BBC News has been given exclusive access on condition of not identifying the location, to minimise risks to staff.",
            "Inside, are three airliner fuselages, missing their wings and tails, with differing layouts to enable officers to practise getting detainees safely into their seats.",
            "Some 800 staff, both existing and new recruits, who have already had five weeks' basic training, will be given seven days' specialist instruction in immigration removals in vehicles and on aircraft.",
            "We watched as two officers politely introduced themselves to a third, acting as a detainee, securing her arms, and practised escorting her up steps and on to a plane. ",
            "One immigration officer told me he had been involved in \u201cthousands of removals\u201d but had needed to use restraint in about 5% only.",
            "Officers train for handling those who will not comply on crash mats in rows of tents they call \u201cdojos\u201d. ",
            "We were not allowed to watch more physical training and the use of cuffs, waist and leg restraints.",
            "They practise carrying the \"detainee\" up the stairs to a plane and sitting them in a seat.",
            "It takes three officers to escort one detainee, two in seats either side, the other across the aisle offering support. ",
            "All three fly to the destination.",
            "\u201cIt can be quite challenging,\u201d one of the trainers, Mark Preston says, but the \u201cforce used is always reasonable\u201d.",
            "But the use of force in the immigration system has sometimes not been reasonable. ",
            "In 2010, Jimmy Mubenga died while being sent back to Angola. ",
            "A coroner concluded he had been unlawfully killed, though his escorts were later cleared of manslaughter.",
            "Six years later, BBC One's Panorama programme secretly filmed a near-naked detainee being dragged screaming through the Brook House Immigration Removal Centre before being taken to an airport.",
            "A public inquiry called following the documentary highlighted 10 examples of inappropriate and potentially dangerous use of force by detention officers at Brook House, near Gatwick.",
            "As they would never return to the UK, detainees sent to Rwanda may be less likely to comply with their removal.",
            "The charity Medical Justice says it has assessed more than 30 people in detention centres, awaiting removal under the Rwanda programme.",
            "According to its director, Emma Ginn, they include \u201cvictims of torture and trafficking, people who are highly distressed, and lots of people saying they have mental-health conditions and physical conditions\".",
            "There was a only \u201cslim chance\u201d of them complying and force not being required, she said.",
            "The Home Office says force must be used as a last resort only and, following the Brook House inquiry, new guidelines are being developed.",
            "A young Iraqi Kurdish asylum seeker, detained ahead of the 2022 Rwanda flight, told BBC News the experience had been \"really horrifying\". ",
            "\u201cI was full of sadness, worry, anxiousness and full of recurring memories from the past,\u201d he said, showing us a hand he said had been mutilated by a gunshot.",
            "\u201c\u2019I\u2019m emotionally and mentally disturbed. ",
            "\"I don\u2019t know the language of the country. And I don\u2019t know what\u2019s going to happen to me.\u201d ",
            "He has recently been sent another notice of removal and could be detained at any time.",
            "Last month, Mr Sunak said the government had \"an airfield on standby\", thought to be Boscombe Down. ",
            "Officials have previously hinted no notice would be given, to prevent protestors disrupting the flights.",
            "But as the election campaign began, the prime minister reiterated his plan for flights \u201cin July\u201d, creating the possibility the Conservatives would leave power without a single flight taking off. ",
            "And he will probably have to fight the campaign without an active Rwanda operation, a key part of his strategy to \u201cstop the boats\u201d.",
            "Labour says it would tackle channel crossings by giving the issue the same priority as terrorism, beefing up the response of the police and National Crime Agency and mobilising the security services.",
            "For the government, Rwanda is a policy ready to take off. ",
            "But voters will now have the ultimate decision about whether it should be grounded."
        ]
    },
    "https://www.bbc.com/news/articles/cpddxy9r4mdo": {
        "link": "https://www.bbc.com/news/articles/cpddxy9r4mdo",
        "subtitle": "Every 18-year-old would choose between joining the military or volunteering one weekend a month in the community.",
        "time": "2024-05-26T11:54:53.379861",
        "title": "Conservatives plan to bring back mandatory National Service",
        "topics": [
            "UK Parliament",
            "Rishi Sunak",
            "Military",
            "General election 2024 ",
            "British Army"
        ],
        "images": [
            "https://ichef.bbci.co.uk/news/480/cpsprodpb/28d4/live/3fd0cbb0-1ad1-11ef-856c-97dc546b2d37.jpg.webp"
        ],
        "videos": [],
        "author": "Jennifer McKiernan & Emily McGarvey,",
        "text": [
            "Twelve months of mandatory national service would be reintroduced by the Conservatives if they win the general election.",
            "Eighteen-year-olds would be able to apply for one of 30,000 full-time military placements or volunteering one weekend a month carrying out a community service.",
            "Prime Minister Rishi Sunak said he believed bringing back compulsory service across the UK would help foster the \"national spirit\" that emerged during the pandemic.",
            "Labour criticised the plans, expected to cost about \u00a32.5bn, as \"desperate\" and \"unfunded\".",
            "The Conservatives want the first teenagers to take part in a pilot from September 2025, with details to be worked out by a Royal Commission",
            "The armed forces placements would allow young people to learn about cyber security, logistics, procurement, or civil response operations.",
            "Non-military volunteering would involve 25 days with organisations such as the fire service,  the police and the NHS.",
            "Mr Sunak said: \u201cThis is a great country but generations of young people have not had the opportunities or experience they deserve and there are forces trying to divide our society in this increasingly uncertain world.",
            "\"I will bring in a new model of national service to create a shared sense of purpose among our young people and a renewed sense of pride in our country.\"",
            "He added the move would help young people learn \"real world skills, do new things and contribute to their community and our country\".",
            "The Conservatives said the move would help ensure young people who were not employed, in education or training, or at risk of getting involved with crime, would diverted away from \"lives of unemployment and crime\".",
            "They were unable to say what sanctions those not taking part could face.",
            "Instead, they argued, national service would provide \"valuable work experience\" and \"ignite a passion for a future career in healthcare, public service, charity or the armed forces\".",
            "The party said the \u00a32.5bn cost of national service would see \u00a31.5bn diverted from  levelling up's UK Shared Prosperity Fund from 2028. A further \u00a31bn would come from plans to crack down on tax avoidance and evasion. ",
            "A Labour Party spokesperson said former Prime Minister David Cameron had outlined a similar idea with his \"Big Society\" in 2010.",
            "Labour said: \"This is another desperate \u00a32.5 billion unfunded commitment from a Tory Party which already crashed the economy, sending mortgages rocketing, and now they\u2019re spoiling for more.",
            "\u201cThis is not a plan \u2013 it\u2019s a review which could cost billions and is only needed because the Tories hollowed out the armed forces to their smallest size since Napoleon.\"",
            "Liberal Democrat defence spokesperson Richard Foord MP accused the Tories of cutting troop numbers.",
            "Mr Foord said: \"If the Conservatives were serious about defence, they would reverse their damaging cuts to our world class professional armed forces, instead of decimating them, with swingeing cuts to the number of our regular service personnel.\"",
            "\"Our armed forces were once the envy of the world. This Conservative government has cut troop numbers and is planning more cuts to the size of the Army.\"",
            "Military conscription has never applied in Northern Ireland, and so far there are no details about what would happen there. ",
            "National service was introduced in 1947 after World War Two by Clement Attlee\u2019s Labour government.",
            "It meant men between the ages of 17 and 21 had to serve in the armed forces for 18 months.",
            "The mandatory national service scheme came to an end in 1960.",
            "Earlier this year, the Chief of the General Staff, Sir Patrick Sanders, suggested the UK might need a \"citizen army\" to fight Putin but his concerns were dismissed by Mr Sunak's team at the time as \"not helpful\". ",
            "A number of European countries, including Sweden, Norway and Denmark, already have a form of conscription for their armed forces.",
            "Conscription requires young men and women to serve for a limited time in uniform. It means that some of the population will have had some military training - and can then be assigned to reserve units should war break out.",
            "Cuts in the British Army have seen its size fall from more than 100,000 in 2010 to around 73,000 as of January 2024."
        ]
    }
}