{
    "https://www.bbc.com/news/videos/clll63vpnn6o": {
        "link": "https://www.bbc.com/news/videos/clll63vpnn6o",
        "subtitle": "President Biden was joined by Vice-President Kamala Harris and Defence Secretary Lloyd Austin at Arlington National Cemetery.",
        "time": "2024-05-27T14:04:53.954726",
        "title": "Biden honours fallen service members on Memorial Day",
        "topics": [],
        "images": [],
        "videos": [],
        "author": "",
        "text": []
    },
    "https://www.bbc.com/news/world-middle-east-69067527": {
        "link": "https://www.bbc.com/news/world-middle-east-69067527",
        "subtitle": "The BBC's Middle East correspondent Lucy Williamson reports on the aftermath of Sunday's attack.",
        "time": "2024-05-27T14:05:21.332972",
        "title": "At the scene of deadly strike in Rafah",
        "topics": [],
        "images": [],
        "videos": [],
        "author": "",
        "text": []
    },
    "https://www.bbc.com/news/uk-scotland-69062429": {
        "link": "https://www.bbc.com/news/uk-scotland-69062429",
        "subtitle": "Scottish political leaders set out their pitch to voters in the general election campaign.",
        "time": "2024-05-25T14:05:46.350030",
        "title": "First weekend of campaigning for Scotland's party leaders",
        "topics": [],
        "images": [],
        "videos": [],
        "author": "",
        "text": []
    },
    "https://www.bbc.com/news/uk-politics-69067993": {
        "link": "https://www.bbc.com/news/uk-politics-69067993",
        "subtitle": "The Liberal Democrats leader was paddle boarding on Lake Windermere in the Lake District.",
        "time": "2024-05-28T14:06:11.089975",
        "title": "Going, going, gone: Ed Davey takes a dip in Lake Windermere",
        "topics": [],
        "images": [],
        "videos": [],
        "author": "",
        "text": []
    },
    "https://www.bbc.com/news/videos/cp33nx65d1mo": {
        "link": "https://www.bbc.com/news/videos/cp33nx65d1mo",
        "subtitle": "The animal stayed in the boat for over 15 minutes and was later taken to get medical care.",
        "time": "2024-05-23T14:06:37.597117",
        "title": "Malnourished sea lion jumps into rowing boat",
        "topics": [],
        "images": [],
        "videos": [],
        "author": "",
        "text": []
    },
    "https://www.bbc.com/news/articles/c6py0zwy8ndo": {
        "link": "https://www.bbc.com/news/articles/c6py0zwy8ndo",
        "subtitle": "The Liberal Democrats have taken control of Dorset Council following local elections.",
        "time": null,
        "title": "Local elections 2024: Liberal Democrats take control of Dorset",
        "topics": [
            "England and Wales elections 2024",
            "Dorset",
            "Dorset Council"
        ],
        "images": [
            "https://ichef.bbci.co.uk/news/480/cpsprodpb/6354/live/fd3407b0-0994-11ef-b1a7-cbc8b9fe9940.jpg.webp",
            "https://ichef.bbci.co.uk/news/480/cpsprodpb/49f4/live/085687d0-09f9-11ef-a80c-4bee1e610b05.jpg.webp"
        ],
        "videos": [],
        "author": "Emily Ford,",
        "text": [
            "The Liberal Democrats have taken control of Dorset Council following the local elections. ",
            "Dorset had its last election five years ago in 2019, when the authority was formed. ",
            "It was previously run by a Conservative administration, which went into this election with 43 seats.",
            "Counting for Dorset's next Police and Crime Commissioner was taking place on Saturday morning, with the result expected later in the afternoon.",
            "The Lib Dems now have 42 seats, while the Conservatives have 30 and the Greens have four. ",
            "Labour has two seats on the council and four other seats are held by Independent or other parties.",
            "Dorset Council said the overall turnout for the poll was 33.25%.",
            "As the results began to emerge on Friday, Nick Ireland, leader of the Liberal Democrat group, said: \"We work hard for our residents and it's shown today.",
            "\"We are promising things for our residents and we plan to deliver on them, such as providing housing that real people can afford, and we don't get that at the moment - that's one of our main things.",
            "\"It's changed for Dorset.\"",
            "Follow BBC South on\u00a0Facebook,\u00a0X, or\u00a0Instagram. Send your story ideas to\u00a0south.newsonline@bbc.co.uk. "
        ]
    },
    "https://www.bbc.com/news/articles/cqqqyl3yvnko": {
        "link": "https://www.bbc.com/news/articles/cqqqyl3yvnko",
        "subtitle": "The van driver reversed into a pensioner who had to be resuscitated at the roadside, police said.",
        "time": "2024-05-28T14:07:23.313086",
        "title": "Berkshire drug-driver jailed after critically injuring woman",
        "topics": [
            "Berkshire",
            "Newbury"
        ],
        "images": [
            "https://ichef.bbci.co.uk/news/480/cpsprodpb/40a5/live/a7b47070-1d0f-11ef-a282-67873d6b8eca.png.webp"
        ],
        "videos": [],
        "author": "",
        "text": [
            "A drug-driver who reversed up a main road when he missed his turning and critically injured a pedestrian has been jailed for two years and four months.",
            "Leigh Kuehnel, 47, hit the woman, who was aged in her 80s, on Woodstock Road in Oxford in August 2022, police said.",
            "She had to be resuscitated at the roadside, detectives added.",
            "The defendant, of Elizabeth Avenue, Newbury, pleaded guilty to driving his van under the influence of cocaine and was found guilty at Oxford Crown Court of causing serious injury by dangerous driving.",
            "Kuehnel was driving towards the city centre when he missed the turn into Osberton Road, police said.",
            "He reversed up the main road, inflicting \"terrible injuries\" on the pensioner who spent four months in intensive care, detectives added.",
            "Sgt Dominic Mahon said: \u201cLeigh Kuehnel chose to drive that evening, knowing he had consumed cocaine and alcohol.",
            "\"When he missed his turning, he chose to reverse even though he couldn\u2019t see behind him.",
            "\u201cHis dangerous choices almost cost a woman her life and she will sadly never fully recover from the terrible injuries he caused her.\"",
            "Kuehnel was also banned from driving for three years and four months after his release.",
            "Follow BBC South on Facebook, X (Twitter), or Instagram. Send your story ideas to south.newsonline@bbc.co.uk or via WhatsApp on 0808 100 2240."
        ]
    },
    "https://www.bbc.com/news/uk-politics-69049163": {
        "link": "https://www.bbc.com/news/uk-politics-69049163",
        "subtitle": "Sir Ed Davey says the government should be supporting carers \"not persecuting them\".",
        "time": null,
        "title": "Lib Dem leader quizzes PM on DWP 'hounding' carers",
        "topics": [],
        "images": [],
        "videos": [],
        "author": "",
        "text": []
    }
}