{
    "https://www.bbc.com/news/articles/c800pzlz9k8o": {
        "link": "https://www.bbc.com/news/articles/c800pzlz9k8o",
        "subtitle": "The veteran politician criticises her party's candidate selection, but Labour insists there has been no purge.",
        "time": "2024-05-30T11:39:23.405584",
        "title": "Diane Abbott accuses Labour of left-wing candidate purge",
        "topics": [
            "Keir Starmer",
            "Diane Abbott",
            "General election 2024 ",
            "Labour Party"
        ],
        "images": [
            "https://ichef.bbci.co.uk/news/480/cpsprodpb/bdbf/live/e287d4d0-1e59-11ef-986e-85bf00bd2d82.png.webp",
            "https://ichef.bbci.co.uk/news/480/cpsprodpb/066f/live/6ff08340-1e68-11ef-baa7-25d483663b8e.png.webp"
        ],
        "videos": [
            ""
        ],
        "author": "Kate Whannel,",
        "text": [
            "Labour's Diane Abbott claims the party is carrying out a \"cull\" of left-wing candidates ahead of the general election. ",
            "The veteran left-winger was reinstated as a Labour MP on Wednesday after a long suspension.",
            "But she says she has been barred from standing as a Labour candidate in 4 July's election - something the party leadership has denied. ",
            "Last night another left-wing candidate - Faiza Shaheen -  was banned from standing for Labour after complaints she \"liked\" social media posts that allegedly downplayed antisemitism.",
            "Meanwhile, several candidates loyal to leader Sir Keir Starmer have been confirmed in winnable seats, as Labour scrambles to get a full slate in place before next week's deadline.",
            "Sir Keir Starmer has said no decision has been taken about Ms Abbott, who he described as a \"trailblazer\". ",
            "Asked if he was blocking left wing candidates from standing he said: \u201cNo. I\u2019ve said  repeatedly over the past two years as we\u2019ve selected our candidates that I want the highest quality candidates. That\u2019s been the position for a very long time.\u201d",
            "The party is selecting its remaining candidates before a meeting at the National Executive Committee (NEC) to endorse them next week.",
            "Nominations legally close on 7 June and the deadline for Labour branches to put forward their own candidates passed on Monday.",
            "Ms Shaheen had been hoping to run in Woodford and Chingford Green, a seat she previously contested in 2019. ",
            "Speaking to BBC Newsnight, she said she received an email on Wednesday evening that said she would \"frustrate Labour's purpose\".",
            "On Tuesday, she had been called to a panel of the NEC and asked about social media posts she had written or expressed support for.",
            "Earlier this week the Sun reported that the Jewish Labour Movement had received complaints from local Jewish members about some of the posts.",
            "A source from the group told the paper: \"Given the large Jewish community in the area, and at a time of record levels of antisemitism, we expect Labour candidates to speak responsibly, not risk stoking community tensions.\"",
            "One post liked by Ms Shaheen suggested that \"professional organisations\" were mobilising people to attack those who criticise Israel.",
            "Ms Shaheen told the BBC: \"I know what's wrong with it... it plays into a trope and I absolutely don't agree with that and I'm sorry about that.\u201d",
            "She added that she didn't remember liking the post and said it could have been an accidental finger slip.",
            "Asked how she felt about the decision to block her from standing, she said she was in \"a state of shock\".",
            "\u201cWhat message are you sending my community, the black community? Our communities have really supported Labour\u2026We\u2019re being tossed aside.\"",
            "In a statement released on Thursday, Ms Shaheen said she would be meeting her campaign and legal teams to \"discuss my next steps\" adding: \"This is not the end of my story and I will be releasing all the detail of what has happened to me publicly very soon.\"",
            "The Labour Muslim Network said the deselection of Ms Shaheen was \"unacceptable\". ",
            "The left-wing campaign group said it was \"vindictive and cruel treatment of another woman of colour candidate. Another hard-working community activist pushed out against the wishes of local members.\"",
            "Ms Abbott called the decision \"appalling\" and asked \"whose clever idea has it been to have a cull of left wingers?\"",
            "Her own political future looks uncertain.",
            "Ms Abbott was suspended as a Labour MP in April 2023 after saying Jewish, Irish and Traveller people do not face racism \"all their lives\".",
            "She later apologised and following a lengthy process was readmitted to the parliamentary party this week. ",
            "However, she has said she had now been \"banned from running\" for the party in Hackney North and Stoke Newington, the seat she has represented since 1987. ",
            "The NEC, Labour's governing body, will formally approve the party's full slate of candidates on Tuesday. ",
            "It may decide not to endorse Ms Abbott and impose a different candidate instead. She could also be called interviewed by an NEC panel before the cut-off date. ",
            "Speaking to Times Radio, Labour's Jess Phillips said she thought Ms Abbott should be allowed to stand and said the process had been \"unedifying\".",
            "Conservative chancellor Jeremy Hunt told the BBC: \"If Keir Starmer can't deal with Diane Abbott, how on Earth is he going to deal with Vladimir Putin?\"",
            "The row comes a week after former Labour leader Jeremy Corbyn announced he would be running as an independent candidate in Islington North, having been suspended from the Parliamentary Labour Party.  ",
            "For the Labour campaign the politics of this episode are finely balanced. Some of Sir Keir's supporters think a very public row with the left is no bad thing, advertising the message that their party has changed profoundly under his leadership.",
            "But others worry that this row is spiralling fast out of control.",
            "Another left-winger, Lloyd Russell-Moyle, has also been suspended by Labour over a complaint about his behaviour, and therefore is unable to stand as the party's candidate in Brighton Kemptown. ",
            "He told BBC South East he believes it is a \u201cvexatious and politically motivated complaint\u201d about his behaviour eight years ago and that he would be \"fully exonerated\u201d.",
            "Other candidates standing in Chingford and Woodford Green include: Chris Brody for the Green Party, Josh Hadley for the Liberal Democrats, Yousaff Khan for the Workers Party of Britain, Paul Luggeri of Reform UK and Iain Duncan Smith of the Conservative Party.",
            "There are currently known to be two declared candidates in Hackney North and Stoke Newington: Antoinette Fernandez for the Green Party and Rebecca Jones for the Lib Dems.",
            "In Islington North, Labour have selected Praful Nargund, the Liberal Democrats have selected Vikas Aggarwal, the Greens have chosen Sheridan Kates, and Reform UK have chosen Martyn Nelson.",
            "The other candidates standing in Brighton Kemptown are Khobi Vallis for the Conservatives, Elaine Hills for the Greens, Stewart Stone for the Liberal Democrats, Kellie-Jay Keen for the Party of Women, Valerie Gray for the Social Democratic Party and Elaine Ghoneim for the Workers Party of Britain.",
            ""
        ]
    },
    "https://www.bbc.com/news/articles/crggzdvwx8go": {
        "link": "https://www.bbc.com/news/articles/crggzdvwx8go",
        "subtitle": "",
        "time": "2024-05-22T11:44:41.143685",
        "title": "Calling election on economic issues is a risky gamble",
        "topics": [
            "Bank of England",
            "General election 2024",
            "UK economy"
        ],
        "images": [
            "https://ichef.bbci.co.uk/news/480/cpsprodpb/f56d/live/3409d850-1877-11ef-abbd-8dabb36280e8.jpg.webp"
        ],
        "videos": [],
        "author": "Faisal Islam,",
        "text": [
            "I have never before heard of pegging an election launch to a set of economic statistics, but Prime Minister Rishi Sunak has clearly decided to go for an election on the back of Wednesday\u2019s inflation figures, and the stronger than expected exit from recession.",
            "Inflation figures showed that the UK rate is at its lowest level in almost three years. That figure was not unexpected. Headline inflation in general is now back to more normal levels, though not quite yet at the Bank of England\u2019s target.",
            "Those numbers did have a sting in the tail, however. Underlying measures of inflation, especially in the service sector, remained stubbornly high at just below 6%. This means that a Bank of England rate cut on 20 June - in the middle of the campaign - is considered rather less likely now.",
            "But the PM clearly thought he had enough of an economic turnaround story to tell the nation, and that the triple price shock is beginning to ebb away. ",
            "It's a significant gamble on election economics. Firstly that there is a recovery - and Wednesday's figures help. It's a further bet that any recovery will be widely felt, and lastly that the public feel that credit is due to the Conservative government. ",
            "His pitch will be that as chancellor and PM, he shepherded the country through three years of global crisis, with unprecedented economic support for jobs and bills, and the public should not \u201crisk the recovery\u201d. His party wants to paint a vision of a Korean-style high tech economy, with more efficient, digitised public services allowing a smaller state and lower taxes.",
            "But Labour also wants to fight on the economy. Keir Starmer and Shadow Chancellor Rachel Reeves will say some of the blame for high prices and mortgage rates lies with the government of the day and that, in any case, families do not feel a turnaround.",
            "They will incessantly focus on the fallout in the aftermath of Liz Truss\u2019s mini budget, and say \u201ceconomic stability\u201d is a change from three PMs and four chancellors in one parliament. They will argue for more green investment and house building and public money for steel communities.",
            "Ultimately the Conservatives want credit for running the economy during a tumultuous triple shock, and returning to growth and normal inflation. Labour want to blame the incumbent for what happened on their watch.",
            "An argument about economics is likely to define this campaign.",
            "But it may be more about the economic past than the future.",
            ""
        ]
    },
    "https://www.bbc.com/news/articles/c2vvg36jgy9o": {
        "link": "https://www.bbc.com/news/articles/c2vvg36jgy9o",
        "subtitle": "South Africa's ex-president speaks to the BBC after being barred from standing in next week's election.",
        "time": "2024-05-22T11:44:57.509007",
        "title": "Jacob Zuma lashes out at South African judges after election ban",
        "topics": [
            "South Africa elections 2024",
            "South Africa",
            "Africa",
            "Jacob Zuma"
        ],
        "images": [
            "https://ichef.bbci.co.uk/news/480/cpsprodpb/40b9/live/16b6d340-1852-11ef-b5cc-cb8b8c4cef5a.jpg.webp",
            "/bbcx/grey-placeholder.png",
            "/bbcx/grey-placeholder.png"
        ],
        "videos": [],
        "author": "Anne Soy,",
        "text": [
            "Former South African President Jacob Zuma has launched a scathing attack on some of the country's top judges after he was barred from running for parliament on Monday.",
            "In his first interview since the ban, Mr Zuma told the BBC the Constitutional Court was wrong to decide he was unfit to run, based on his 2021 conviction for contempt of court.",
            "\u201cI expected that from our judges, but they are definitely wrong. Not correct,\" the 82-year-old said, adding that the constitution should be changed.",
            "Ahead of next week's general election, Mr Zuma had been campaigning under the banner of the newly formed uMkhonto weSizwe (MK) party. ",
            "He joined the party after falling out with the governing African National Congress (ANC), which he used to lead.",
            "The electoral commission argued that the constitution bars anyone who was sentenced to more than 12 months in prison from serving as a lawmaker - a view backed by the Constitutional Court judges.",
            "Mr Zuma was convicted in 2021 for refusing to testify at an inquiry investigating corruption during his presidency.",
            "His lawyers had insisted he was entitled to become an MP as his sentence was reduced to three months after current President Cyril Ramaphosa released him from prison in what was widely seen as an attempt to placate the former president's angry supporters.",
            "\u201cThe judges of the Constitutional Court have acted very funny to me - towards me in particular,\u201d Mr Zuma told the BBC.",
            "\u201cThey are not taking into account the will of the people of this country, they use their own will.\u201d",
            "He was president from 2009 to 2018 before being forced out as leader of the ANC amid allegations of widespread corruption in his government.",
            "The corruption, widely known as \"state capture\", saw hundreds of millions of dollars of public assets taken into private hands. Mr Zuma has always denied any direct role in corruption, but is due to face trial next year on allegations of bribery.",
            "He told the BBC he had been wrongly stripped of his role as leader of the ANC.",
            "\u201cI don\u2019t know what \u2018state capture\u2019 means. If people say I am corrupt, what did I do? Do you have any facts about it? Am I guilty?",
            "\u201cI was removed before the end of my term, and nothing was produced as evidence that this was an issue.\u201d",
            "Mr Zuma\u2019s MK party had previously voiced its desire to change South Africa\u2019s constitution, which was drawn up 30 years ago at the birth of the country\u2019s democracy following decades of white-minority rule.",
            "Asked about this in the light of his election ban, Mr Zuma reiterated that the historic document needed to be changed.",
            "\u201cThis constitution in the continent of Africa is guided by the laws from Europe, not us,\u201d he said.",
            "\u201cThere is nothing that has come right in this continent because we are still dominated by those who were the ones [who] slaved us, and after slavery, oppressed us, and after oppression, put their own laws to run us.",
            "\u201cThere are details that clash with our lives.\u201d",
            "An Ipsos opinion poll released last month gave MK 8% of the vote, and the ANC 40% as it loses support to MK and other opposition parties. ",
            "But some analysts suggest that with the governing party stepping up its campaign in recent weeks, it could still cross the 50% mark. But if the ANC gets less than half of the vote, it would lose its majority for the first time in 30 years.",
            "MK is expected to do especially well in Mr Zuma's home region of KwaZulu-Natal. Some opinion polls suggest it could emerge as the biggest party in KwaZulu-Natal, ending ANC dominance of the region. ",
            "After Mr Zuma was jailed for contempt of court in 2021, angry supporters sparked days of deadly riots. More than 300 people were killed in the clashes.",
            "On Wednesday Mr Zuma said this violence demonstrated the scale of public support for him.",
            "\u201cThis must tell you that the masses of this country loves Zuma \u2013 that\u2019s why we had that,\u201d he said.",
            "When asked by the BBC if he would use this interview to call for peace and calm ahead of next week\u2019s election, Mr Zuma replied: \u201cI\u2019ve always done so.\u201d",
            "",
            "Go to BBCAfrica.com for more news from the African continent.",
            "",
            "Follow us on Twitter @BBCAfrica, on Facebook at BBC Africa or on Instagram at bbcafrica"
        ]
    },
    "https://www.bbc.com/news/articles/cd11j7je85xo": {
        "link": "https://www.bbc.com/news/articles/cd11j7je85xo",
        "subtitle": "A council in Essex is one of only two in England to be run purely by independent politicians.",
        "time": null,
        "title": "Castle Point Borough Council prepares for all-independent leadership",
        "topics": [
            "England and Wales elections 2024",
            "Canvey Island",
            "South Benfleet"
        ],
        "images": [
            "https://ichef.bbci.co.uk/news/480/cpsprodpb/c907/live/b438aa80-1780-11ef-952e-d3a3375d552f.jpg.webp",
            "https://ichef.bbci.co.uk/news/480/cpsprodpb/4602/live/b434a0f0-1782-11ef-bbf4-e122053344d4.jpg.webp"
        ],
        "videos": [],
        "author": "Matt Knight,",
        "text": [
            "He is the former taxi driver and lorry driver who has just swept aside mainstream political parties in the recent local elections.",
            "Warren Gibson is leader of the People's Independent Party (PIP) on Castle Point Borough Council in Essex.",
            "The group won 24 out of a possible 39 seats in the election earlier this month.",
            " \"I do enjoy it, it\u2019s good to give something back to the community,\" said the 48-year-old.",
            "The council is one of only two in England that is made up entirely of independent politicians.",
            "Together with the Canvey Island Independent Party, which secured 15 seats in the recent election, they are due to run the council without any established opposition.",
            "Mr Gibson is due to be reappointed as deputy leader of the council on Wednesday night.",
            "No Conservative, Labour or Liberal Democrat survived the independent surge in Castle Point on 2 May, with the collapse of the blue vote most surprising in an area where Tory MP Rebecca Harris enjoys a majority of more than 26,000.",
            "Thirteen Tories did not appear on the ballot paper in the borough due to an administrative error.",
            "Mr Gibson added: \"We\u2019re purely local - local people for local people - that\u2019s our slogan, and that\u2019s what we do.",
            "\"Our aim first and foremost is to help the residents of Castle Point.\"",
            "PIP started out with people seeking to oppose the borough's local plan, a document setting out where more than 5,000 homes should be built.",
            "\"I\u2019ve never ever wanted to get involved in politics,\" Mr Gibson said.",
            "\"I\u2019ve lived in this borough all my life; my mum and dad live here, my family lives here, and I think it all came around in lockdown. ",
            "\"I was a taxi driver and was a little bit upset about the previous local plan which was going to include lots on areas of green belt near where I live.",
            "\"A few of us who were like-minded got together and thought we\u2019ll try and see if we can change it.\"",
            "The Local Government Information Unit (LGIU) says all-independent local councils do not happen \"very often\" in England, with only the Isles of Scilly joining Castle Point in this unique set-up. ",
            "An LGIU spokesperson said while this was rare it was happening at a time when \"we are seeing more independent councillors now then we have seen for ages\".",
            "The council says both independent parties will work together as a joint administration, which begs the question: who are the opposition and who will scrutinise the administration's work?",
            "That may lead to some unusual solutions.",
            "Mr Gibson added: \"What we might be doing is getting someone from outside the council to chair those scrutiny committees.",
            "\"We will be scrutinised and we will be honest and transparent.\"",
            "He also said he had received \"one or two inquiries\" from residents' associations, including in Essex, asking about setting up similar independent parties.",
            "A spokesperson for the council said: \"We are very aware that we now have no obvious opposition party.",
            "\"The council remains committed to accountability and scrutiny and will put in place best practice models of governance to ensure this happens.\"",
            "Follow Essex news on Facebook, Instagram and X. Got a story? Email eastofenglandnews@bbc.co.uk or WhatsApp us on 0800 169 1830"
        ]
    },
    "https://www.bbc.com/sport/football/68787600": {
        "link": "https://www.bbc.com/sport/football/68787600",
        "subtitle": "BBC Sport will show up to 22 Women's Super League matches across all platforms in the 2024-25 season.",
        "time": null,
        "title": "WSL: BBC Sport signs extended TV rights deal for 2024-25 season - BBC Sport",
        "topics": [],
        "images": [
            "https://ichef.bbci.co.uk/news/1024/cpsprodpb/1213A/production/_133124047_gettyimages-1494344282.jpg"
        ],
        "videos": [],
        "author": "",
        "text": [
            "BBC Sport has agreed a one-year rights extension with the Women's Super League to show 22 live matches in the 2024-25 season. ",
            "The deal, which is the first since a ground-breaking three-year contract in 2021, begins in September. ",
            "All matches will be shown on BBC iPlayer, with a minimum of 18 live games across BBC One and BBC Two.",
            "Philip Bernie, interim director of BBC Sport, said women's football had reached \"unprecedented heights\". ",
            "\"We are pleased that BBC Sport will continue to showcase the great excitement of our domestic league by extending our partnerships with the Women's Super League,\" said Bernie. ",
            "Alongside live matchday coverage, regular highlights will continue on The Women's Football Show and across the BBC Sport Website and app, with goals and clips available on BBC Sport's social channels. ",
            "BBC Radio 5 Live commentary will be available on selected games, and the Women's Football Weekly podcast offers expert analysis and news from Ben Haines and former England striker Ellen White.  "
        ]
    },
    "https://www.bbc.com/news/articles/cjq5jy0e593o": {
        "link": "https://www.bbc.com/news/articles/cjq5jy0e593o",
        "subtitle": "The electoral body says the ex-president's conviction for contempt of court means he should be barred.",
        "time": null,
        "title": "South Africa election 2024: Constitutional Court hears Jacob Zuma election challenge",
        "topics": [
            "South Africa elections 2024",
            "South Africa",
            "Africa"
        ],
        "images": [
            "https://ichef.bbci.co.uk/news/480/cpsprodpb/4957/live/3e89ad70-0ee3-11ef-bee9-6125e244a4cd.jpg.webp",
            "https://ichef.bbci.co.uk/news/480/cpsprodpb/d06f/live/7b0448c0-0ee6-11ef-bee9-6125e244a4cd.png.webp"
        ],
        "videos": [],
        "author": "Rafieka Williams,",
        "text": [
            "South Africa's top court is hearing a challenge to the decision to allow former President Jacob Zuma to contest this month's elections.",
            "The electoral body originally barred Mr Zuma because of his conviction for contempt of court.",
            "That ruling was overturned on appeal, prompting the Independent Electoral Commission (IEC) to take the case to the Constitutional Court.",
            "Mr Zuma heads the newly formed uMkonto weSizwe (MK) party, which is challenging the ruling African National Congress (ANC), which he once led.",
            "",
            "He has been suspended from the ANC but remains a member.",
            "The former president has been embroiled in numerous court battles ahead of the 29 May elections.",
            "So far, the 81-year-old and the MK have won several cases.",
            "The MK is named after the disbanded military arm of the ANC, which wanted the courts to order it to find a new name. However, this was rejected.",
            "Mr Zuma was president of South Africa from 2009 until 2018, when he was ousted over corruption allegations, which he has always denied. ",
            "The IEC initially barred Mr Zuma, arguing that the constitution prevented people from holding public office if convicted of a crime and sentenced to more than 12 months in prison.",
            "Mr Zuma was sentenced to 15 months in jail in 2021 for failing to testify in a corruption investigation, though he only served three months on health grounds.",
            "Opinion polls suggest this will be the most hotly contested election since the ANC came to power in 1994, ending decades of white-minority rule. ",
            "It is predicted to get less than 50% of the vote for the first time since then.",
            "The MK is expected to do well in Mr Zuma's home province of KwaZulu-Natal."
        ]
    },
    "https://www.bbc.com/news/articles/cv22l7mlxdzo": {
        "link": "https://www.bbc.com/news/articles/cv22l7mlxdzo",
        "subtitle": "Ex-President Jacob Zuma's 15-month prison sentence disqualifies him from being a lawmaker.",
        "time": null,
        "title": "Jacob Zuma barred from standing in South Africa's election by Constitutional Court",
        "topics": [
            "South Africa elections 2024",
            "South Africa",
            "Africa",
            "Jacob Zuma"
        ],
        "images": [
            "https://ichef.bbci.co.uk/news/480/cpsprodpb/5544/live/afbbebf0-1683-11ef-976f-87c9f89e656e.jpg.webp",
            "/bbcx/grey-placeholder.png",
            "/bbcx/grey-placeholder.png"
        ],
        "videos": [],
        "author": "Rafieka Williams & Farouk Chothia,",
        "text": [
            "South Africa's highest court has barred former President Jacob Zuma from running for parliament in next week's general election.",
            "The Constitutional Court ruled that his 15-month prison sentence for contempt of court disqualified him. ",
            "Mr Zuma was convicted in 2021 for refusing to testify at an inquiry investigating corruption during his presidency which ended in 2018. ",
            "He has been campaigning under the banner of the newly formed uMkhonto weSizwe (MK) party after falling out with the governing African National Congress (ANC).",
            "MK secretary general Sihle Ngubane said the party was disappointed with the ruling, but it would not affect the party's campaign for the 29 May election. ",
            "\"He is still the leader of the party. It [the ruling] doesn't affect our campaign at all,\" he said.",
            "South Africans vote for political parties, with the candidates at the top of their lists getting parliamentary seats depending on the number of votes the party gets.",
            "The electoral commission said Mr Zuma's name would now be removed from MK's list of parliamentary candidates, while confirming that his image would remain on ballot papers, alongside his party's logo.  ",
            "MK members sang and danced outside the court portraying Mr Zuma as a victim, while those inside  - some dressed in traditional Zulu regalia - sat silently as Justice Leona Theron read out the unanimous judgement.",
            "Mr Zuma has not yet commented on the ruling. ",
            "His supporters rioted after he was sent to jail in 2021, and some of its leaders had threatened violence if the court disqualified him from standing for parliament. ",
            "But MK officials have since changed their rhetoric, saying the party's focus was on getting a two-thirds majority so that South Africa's constitution could be changed, and Mr Zuma could be returned to power. ",
            "In court, his lawyers had argued that because he was released after three months in prison by his successor, President Cyril Ramaphosa, the rest of his sentence was cancelled. ",
            "But the court disagreed, saying the length of time he actually spent in prison was irrelevant.",
            "South Africa's constitution barred anyone sentenced to 12 months in prison, without the option of a fine, from serving in parliament in order to protect the integrity of the \"democratic regime\" established after the end of the racist system of apartheid in 1994, Justice Theron said. ",
            "Mr Ramaphosa told a local radio station that he \"noted\" the ruling. ",
            "\"The court has ruled, and as I have often said, that is the highest court in the land and we have given the judiciary the right to arbitrate disputes amongst us in terms of our constitution,\" he said in an interview with 702.",
            "Political analyst Levy Ndou told the BBC that the ruling had the \"potential to test his [Mr Zuma's] character - whether he joined the party for selfish reasons or whether he joined it to take South Africans forward\".",
            "The ruling could weaken MK's chances in the election if its members joined the party out of loyalty to a \"single individual\", but if they genuinely believed in its cause then they \"would have to focus the activities of the party without him\", he added.",
            "MK has been plagued by in-fighting since last month, with Mr Zuma rising to the helm of the party after ousting its founding leader, Jabulani Khumalo. He insists he is still the leader of the party. ",
            "Mr Ramaphosa ousted Mr Zuma as president in 2018 after a vicious power struggle, and is leading the ANC's campaign to extend its 30-year rule. ",
            "Mr Zuma's removal was welcomed by many South Africans as his nine years in office were marred by widespread allegations of corruption, which he has always denied. ",
            "The former president said last December that he could never vote for a party led by Mr Ramaphosa and has spearheaded MK's campaign. This will be the first election that it will contest after it was registered as a party last September.",
            "The party's emergence has raised the prospect that the ANC could lose its parliamentary majority for the first time in 30 years ago.",
            "MK's support is mainly in Mr Zuma's home province of KwaZulu-Natal, and the economic heartland, Gauteng. ",
            "These two provinces have the highest number of registered voters, and have been the main battleground in the election.",
            "South Africans will be voting for the national parliament, and nine provincial legislatures. ",
            "The president is elected by the new parliament, while each legislature elects a provincial premier.",
            "The court's ruling bars Mr Zuma from taking up a seat in parliament or any of the provincial legislatures. ",
            "An Ipsos opinion poll released last month gave MK 8% of the vote, and the ANC 40% as it loses support to MK and other opposition parties. ",
            "But some analysts suggest that with the governing party stepping up its campaign in recent weeks, it could still cross the 50% mark. ",
            "The ANC got 57.5% in the 2019 election. ",
            "Former President Thabo Mbeki, who remains popular among many voters, recently joined the ANC's campaign in KwaZulu-Natal and Gauteng, denouncing Mr Zuma as a \"wolf in sheep's skin\" and a \"counter-revolutionary\". ",
            "uMkhonto we Sizwe, which roughly translates as Spear of the Nation, is the original name of the ANC's armed wing, which fought apartheid.",
            "",
            "",
            "Go to BBCAfrica.com for more news from the African continent.",
            "",
            "Follow us on Twitter @BBCAfrica, on Facebook at BBC Africa or on Instagram at bbcafrica"
        ]
    },
    "https://www.bbc.com/sport/athletics/articles/cpvgvgxpk0zo": {
        "link": "https://www.bbc.com/sport/athletics/articles/cpvgvgxpk0zo",
        "subtitle": "Keely Hodgkinson stood in total disbelief after winning Olympic silver three years ago - but at Paris 2024 the British 800m star only has gold on her mind.",
        "time": null,
        "title": "Keely Hodgkinson's rise from Olympic underdog to golden ambitions at Paris 2024 - BBC Sport",
        "topics": [],
        "images": [
            "https://ichef.bbci.co.uk/news/1024/cpsprodpb/64d2/live/7bc2c610-16a2-11ef-8ef7-cbb596075050.jpg",
            "https://ichef.bbci.co.uk/news/982/cpsprodpb/cc27/live/1615eea0-138c-11ef-9c28-613aabc13dcb.jpg"
        ],
        "videos": [
            "//emp.bbc.com/emp/SMPj/2.52.1/iframe.html"
        ],
        "author": "",
        "text": [
            "Nobody was more stunned than the British teenager on the Tokyo track.",
            "Keely Hodgkinson stood with her eyes and mouth wide open in astonishment, hands fixed either side of a head dizzied by two laps that had changed everything.",
            "An Olympic underdog three years ago, she has become one of the gold medal favourites at Paris 2024.",
            "\"It's quite a privileged position to be in,\" Hodgkinson tells BBC Sport.",
            "\"It's exciting but a little bit daunting, and a very different position to what I was in last time.\"",
            "At the last Olympics, Hodgkinson was 19. Tokyo 2020 was an opportunity which may not have happened had the Games not been postponed by 12 months by the Covid-19 pandemic.",
            "She would seize it in extraordinary fashion, breaking Kelly Holmes' 26-year British record to clinch 800m silver on her debut at a major outdoor championships.",
            "A whirlwind three years have followed for the reigning European champion, whose initial look of disappointment at winning her second successive world silver in Budapest last summer spoke volumes of the ambition she holds for Paris and beyond.",
            "\"I'm still young but there was no pressure then, whereas now I feel like I have a little bit to live up to,\" Hodgkinson says.",
            "\"Being chased rather than being the one chasing is a harder position to be in but I enjoy the pressure, to be honest.\"",
            "It is in the French capital where Hodgkinson will again battle rivals Athing Mu and Mary Moraa in pursuit of an elusive global gold. ",
            "It was Mu, 21, who beat the Briton to Olympic gold in Tokyo, and then pipped her to the world title by 0.08 seconds in 2022. When Hodgkinson at last got the better of the American at last year's worlds, she suffered a repeat of her Commonwealth Games loss to 23-year-old Kenyan Moraa.",
            "Before Paris, Hodgkinson will aim to make an early statement when she goes head-to-head with Moraa at the Prefontaine Classic, which doubles as the Eugene Diamond League. Mu was also set to compete but withdrew with a hamstring issue.",
            "\"Unfortunately, I've been second every time. But we're going to try and change that,\" says Hodgkinson.",
            "\u201cI think it's a good rivalry. It's quite exciting for us all because we're all so young, we're all really talented, we work hard and we all really want it.",
            "\"We don't race each other that often so, when we do, it's a big occasion.\"",
            "While that showdown will be Hodgkinson's first 800m of the season, she hinted last week at the progress she has made over the winter by setting a new 400m personal best of 51.61 seconds.",
            "Often left floored by the gruelling sessions she has been put through by coaches Trevor Painter and Jenny Meadows in pursuit of her goal throughout warm weather training in South Africa, Hodgkinson's streak of silvers have only intensified her determination to celebrate a gold at the Stade de France on 5 August.",
            "\"I feel like I've really grown up and I have a lot of experience now. I\u2019m really excited,\" Hodgkinson says.",
            "\"I've spent three years trying to find those little tiny one per cents. I\u2019ve trained so much harder than I did three years ago and I just hope that it's enough. ",
            "\"All I can do is give it my all. It would mean a lot if that [dream of winning gold] was to come true.\"",
            "Hodgkinson's immediate reaction to following Moraa across the line in Budapest suggested only Olympic gold will satisfy her.",
            "A lot has changed in three years.",
            "Not lottery funded before making the podium in Tokyo, Hodgkinson had the 2024 Games in mind as she plotted her path to the pinnacle of the sport. The large mural celebrating her achievements in her home town of Atherton indicates she is well ahead of schedule.",
            "Still only 22, Hodgkinson continues to uncover her potential, which has taken her to seven senior international medals.",
            "That is now paired with rich experience of competing at the highest level, and a maturity she has shown to use the near-misses of recent years as motivation in pursuit of future glory.",
            "\"I would like to one day be considered one of the best Britain has ever had and I just keep working towards making that happen,\" says Hodgkinson.",
            "\"Trevor and Jenny have a plan. I just turn up and do the best that I can all the time. ",
            "\"I think it would be very emotional [to win gold in Paris].\" ",
            "Hodgkinson is expected to defend her European 800m title in Rome in June, a gold she is favourite for in the absence of both Moraa and Mu.",
            "Beyond that, she will aim to confirm her Olympic place at the UK Championships, before making her first appearance at the London Diamond League to complete her Paris preparations.",
            "But first, it is to Eugene, where a familiar foe awaits as anticipation builds towards Hodgkinson's next bid to stand on top of the world.",
            "\"No matter the result at this time of year there is always something to learn,\" Hodgkinson says.",
            "\"It will give me a gauge of where I\u2019m at, and where [my rivals] are at.",
            "\"It\u2019s just a good chance to get a practice round in. I will go for the win, but we\u2019ll see what the day brings.\"",
            "You can watch live Eugene Diamond League coverage on BBC Three and the BBC Sport website and app from 21:00 BST on Saturday."
        ]
    },
    "https://www.bbc.com/news/articles/cp9g9rn0ljgo": {
        "link": "https://www.bbc.com/news/articles/cp9g9rn0ljgo",
        "subtitle": "Samuel Anifaloba carried out sexual offences against children between 2004 and 2006.",
        "time": null,
        "title": "Rainham: Man jailed for 17 years for historic child sex offences",
        "topics": [
            "Rainham",
            "Kent Police"
        ],
        "images": [
            "https://ichef.bbci.co.uk/news/480/cpsprodpb/0842/live/2c9e5810-12b5-11ef-9ff1-31672546ac9e.jpg.webp"
        ],
        "videos": [],
        "author": "Bob Dale,",
        "text": [
            "A man has been jailed for 17 years after being convicted of sexually abusing two children 20 years ago.",
            "Samuel Anifaloba, 49, carried out the attacks at an address in Rainham, Kent, between 2004 and 2006.",
            "He was sentenced on Tuesday at Maidstone Crown Court, after being found guilty of rape and six other sexual offences.",
            "He was also given an indefinite sexual harm prevention order and will be on the Sex Offenders' Register for life.",
            "The offences were not reported to Kent Police until April 2018, with Anifaloba arrested in June of that year.",
            "Investigating officer Luke Grimmett said: \u2018Anifaloba subjected each child to vile abuse and I want to commend their bravery in coming forward to report his crimes.",
            "\"His victims are now adults and it took them a long time to come to terms with what he did and for them to feel confident in approaching Kent Police.",
            "\"His actions have left a lasting impact but I hope they can now move forward in the knowledge that their actions have ensured he is unable to cause any further harm.\"",
            "Follow BBC Kent on Facebook, on X, and on Instagram. Send your story ideas to southeasttoday@bbc.co.uk or WhatsApp us on 08081 002250."
        ]
    }
}