{
    "https://www.bbc.com/sport/football/articles/cy9x5jp3z0xo": {
        "link": "https://www.bbc.com/sport/football/articles/cy9x5jp3z0xo",
        "subtitle": "Coventry City are to introduce safe standing at the Coventry Building Society Arena next season.",
        "time": null,
        "title": "Coventry City: Sky Blues confirm safe standing for 2024-25 season - BBC Sport",
        "topics": [],
        "images": [
            "https://ichef.bbci.co.uk/news/2048/cpsprodpb/0d7c/live/7bd263a0-0ee5-11ef-9773-439c762454e2.jpg"
        ],
        "videos": [],
        "author": "",
        "text": [
            "Coventry City are to introduce safe standing at the Coventry Building Society Arena next season.",
            "The Championship side have announced that 2,732 seats will be converted into safe standing areas following a recent trial period.",
            "Under the new plans, each fan will have their own ticketed standing space, with individual rows separated by barriers.",
            "This follows a survey done by the club, in which over 80% of those who took part supported the introduction of safe standing.",
            "The stadium's managing director Paul Michael told the club website:, external \u201cThe successful trial run in partnership with the club has proved that standing can be managed safely in designated areas and bring a positive boost to the matchday experience for fans who would prefer to stand.\"",
            "Michael added that the new safe standing areas will \u201ccontribute to maintaining the incredible atmosphere generated by Sky Blues fans\".",
            "Work to install the new areas is set to start during the summer and will be completed ahead of the 2024-25 season, which begins on the weekend of 10-11 August.",
            "League One side Shrewsbury Town were the first English club to apply for safe standing and had it in use for 2018, followed by Wycombe Wanderers later that year.",
            "Safe standing was first used in the Premier League at Chelsea's Stamford Bridge in 2022, with other top-flight clubs, such as Burnley, recently opening new sections."
        ]
    },
    "https://www.bbc.com/sport/motorsport/articles/cyrr84pvm51o": {
        "link": "https://www.bbc.com/sport/motorsport/articles/cyrr84pvm51o",
        "subtitle": "BBC Sport brings you the lowdown on the iconic Isle of Man TT road races - its history, what makes it special, records, schedule and who the likely stars will be at this year's event.",
        "time": "2024-05-26T10:06:07.643546",
        "title": "Isle of Man TT: All you need to know about the 2024 races - BBC Sport",
        "topics": [],
        "images": [
            "https://ichef.bbci.co.uk/news/819/cpsprodpb/b31c/live/adf7d8a0-1792-11ef-b123-3fd061ca42e1.jpg",
            "https://ichef.bbci.co.uk/news/1024/cpsprodpb/0aab/live/92873ff0-1b22-11ef-86a0-77058d76b5e2.jpg"
        ],
        "videos": [],
        "author": "",
        "text": [
            "The Isle of Man Tourist Trophy [TT] is among the most iconic events in motorsport - an annual two-week motorcycle event held on a 37.73-mile closed public roads circuit.",
            "Situated on a small island on the Irish Sea, the challenging and unforgiving TT Mountain Course offers up the ultimate test of both riders and machines.",
            "A week of practising and qualifying is followed by a week of racing for solo machines and sidecars in the form of time-trials, taking in villages, country roads used by everyday traffic for the remainder of the year, and the picturesque mountain section.",
            "A thrilling spectacle, but a dangerous one given the natural hazards of a roads circuit, competitors reach speeds up to 200mph between stone walls, hedges, telegraph poles, houses and grass banks, recording fastest average lap speeds up to 136mph.",
            "This year riders from across the globe will again converge on the IOM aiming to pit their skills, fulfil their dreams and chase their targets on one of the most daunting sporting stages imaginable.",
            "The inaugural IOM TT was held in 1907 on the St John's Short Course, transferring to the much longer Snaefell Mountain Course in 1911.",
            "Between 1949 and 1976, the TT became part of the Motorcycle Grand Prix World Championship, the forerunner of MotoGP, but safety concerns brought to an end its spell as the British round of the series.",
            "Since then, the appeal and international status of the meeting was retained initially as part of newly styled Formula One, Two and Three championships and subsequently as a standalone event which continues to attract a high quality of riders.",
            "Competitors start at 10-second intervals with race positions decided by the stopwatch and most races include pit-stops which provide opportunity to refuel bikes, make any minor adjustments and sometimes change rear tyres.",
            "The inherent risks of racing on the TT Mountain Course are evidenced by the fact that 156 competitors have sadly lost their lives as a result of accidents in the 102 runnings of the event, with a further 113 dying from incidents during the TT's sister event, the Manx Grand Prix, usually held in August.",
            "The record for the most number of TT wins is held by the late Joey Dunlop with 26.",
            "His nephew Michael stands just one behind him with 25 and will take part in eight races at this year's event. ",
            "Current racers John McGuinness (23) and Ian Hutchinson (16) sit third and fourth respectively in the all-time solo winners' list, followed by the late Mike Hailwood (14) and Peter Hickman, another present-day rider, on 13. ",
            "Dave Molyneux is the most successful sidecar driver with 17 victories.",
            "Other famous riders to have competed on the course include legendary racers such as Geoff Duke, Giacomo Agostini, Phil Read and Mike Hailwood.",
            "The 2024 race schedule will mirror that of 12 months previous with a total of eight solo races and two sidecar events.",
            "Dunlop and Hickman, both four-time winners in 2023, are expected to be well to the fore again, along with last year's six-time rostrum finisher Dean Harrison and Davey Todd, who has impressed at the North West 200 and in British championship events in recent weeks.",
            "Qualifying and practice for the four individual solo classes and sidecars is scheduled to take place each day from Monday 27 May to Friday 31 May.",
            "Race schedule",
            "Saturday 1 June - Supersport race one (4 laps), 11.45 BST; Sidecar race one (3 laps),14:15 BST",
            "Sunday 2 June - Superbike race (6 laps), 14:40 BST",
            "Tuesday 4 June - Superstock race one (3 laps), 11:45 BST; Supertwins race one (3 laps), 14:00 BST",
            "Wednesday 5 June - Sidecar race two (3 laps), 11:45 BST; Supersport race two (4 laps), 14:00 BST",
            "Friday 7 June - Superstock race two (3 laps), 11:45 BST; Supertwins race two (3 laps), 14:00 BST",
            "Saturday 8 June - Senior TT (6 laps), 11:45 BST",
            "Race days and race times are subject to change",
            "Superstock and absolute lap record - Peter Hickman (BMW), 2023, 136.358mph; 16 minutes 36.115 seconds",
            "Superbike - Peter Hickman (BMW), 2023, 135.445mph; 16:42.445",
            "Senior - Peter Hickman (BMW), 2023, 135.507mph; 16:42.367",
            "Supersport - Michael Dunlop (Yamaha), 2023, 130.403mph; 17;21.605",
            "Supertwins - Michael Dunlop (Paton), 2018, 122.750mph; 18:26. 543",
            "Sidecars - Ben and Tom Birchall (Honda), 2023, 120.645mph; 18:45.850"
        ]
    },
    "https://www.bbc.com/news/entertainment-arts-69000891": {
        "link": "https://www.bbc.com/news/entertainment-arts-69000891",
        "subtitle": "Our recap of this year's 2024 Bafta TV Awards.",
        "time": null,
        "title": "Watch: Best of Baftas 2024 TV Awards... in 86 seconds",
        "topics": [],
        "images": [],
        "videos": [],
        "author": "",
        "text": []
    },
    "https://www.bbc.com/news/entertainment-arts-69000915": {
        "link": "https://www.bbc.com/news/entertainment-arts-69000915",
        "subtitle": "Our recap of this year's 2024 Bafta TV Awards.",
        "time": null,
        "title": "Watch: Best of Baftas 2024 TV Awards... in 86 seconds",
        "topics": [],
        "images": [],
        "videos": [],
        "author": "",
        "text": []
    },
    "https://www.bbc.com/news/articles/cp9gxldgrrxo": {
        "link": "https://www.bbc.com/news/articles/cp9gxldgrrxo",
        "subtitle": "Thousands of people have taken part in the Belfast City Marathon",
        "time": null,
        "title": "In pictures: Belfast City Marathon 2024",
        "topics": [
            "Belfast",
            "Northern Ireland"
        ],
        "images": [],
        "videos": [],
        "author": "",
        "text": []
    },
    "https://www.bbc.com/sport/football/videos/cljdxl3wedyo": {
        "link": "https://www.bbc.com/sport/football/videos/cljdxl3wedyo",
        "subtitle": "Striker Callum Wilson speaks to Football Focus reporter Liam MacDevitt about all things Newcastle United and his chances of making England's Euro 2024 squad.",
        "time": null,
        "title": "Callum Wilson: Newcastle United striker on Alexander Isak, records and Euro 2024 - BBC Sport",
        "topics": [],
        "images": [],
        "videos": [],
        "author": "",
        "text": []
    },
    "https://www.bbc.com/sport/canoeing/articles/cj7m7z1ngkko": {
        "link": "https://www.bbc.com/sport/canoeing/articles/cj7m7z1ngkko",
        "subtitle": "There are 16 gold medals up for grabs across the canoe slalom and canoe sprint programmes at Paris 2024, including an exciting new addition in kayak cross.",
        "time": null,
        "title": "Olympic canoe sprint and slalom: schedule & events at Paris 2024 - BBC Sport",
        "topics": [],
        "images": [
            "https://ichef.bbci.co.uk/news/2048/cpsprodpb/bbc3/live/6819bbc0-12cc-11ef-84af-4b1a4936bd68.jpg"
        ],
        "videos": [],
        "author": "",
        "text": [
            "There are 16 gold medals up for grabs across the canoe slalom and canoe sprint programmes at Paris 2024, including an exciting new addition in kayak cross.",
            "The Vaires-sur-Marne Nautical Stadium will host the canoe slalom from 27 July to 5 August, before the canoe sprint takes place at the same venue from 6 to 10 August.",
            "Here's all you need to know.",
            "Canoe sprint, which made its Olympic debut in 1936, is held on flatwater and features head-to-head sprint races over 200m, 500m and 1,000m distances in boats of one, two or four athletes.",
            "This discipline includes events raced in canoe (C) and kayak (K) boats.",
            "Canoeists kneel in a boat and use a single-blade paddle on one side at a time, while kayakers race in a seated position using a double-bladed paddle.",
            "Canoe slalom, a feature of the Games since 1972, is a timed run on a white-water course.",
            "Slalom courses include up to 25 gates which the athletes must attempt to navigate, with downstream gates marked green and upstream gates coloured red.",
            "A two-second time penalty is incurred for touching a gate, while there is a 50-second penalty for missing one.",
            "Making its first appearance at an Olympics, kayak cross pits four athletes up against one another at the same time, on a course featuring 10 gates or obstacles.",
            "Each discipline is represented by a code, for example K1 represents kayak single.",
            "Canoe slalom:",
            "Men's kayak single",
            "Women's kayak single",
            "Men's canoe single",
            "Women's canoe single",
            "Men's kayak cross",
            "Women's kayak cross",
            "Canoe sprint:",
            "Men's kayak single 1000m",
            "Men's kayak double 500m",
            "Men's kayak four 500m",
            "Men's canoe single 1000m",
            "Men's canoe double 500m",
            "Women's kayak single 500m",
            "Women's kayak double 500m",
            "Women's kayak four 500m",
            "Women's canoe single 200m",
            "Women's canoe double 500m",
            "Great Britain's team includes Olympic and world medallists.",
            "At Tokyo 2020, Mallory Franklin won slalom silver in the women's C1, while the now-retired Liam Heath clinched sprint bronze in the K1 200m.",
            "Franklin will compete in the women's canoe single (C1) and kayak cross in Paris, while Joe Clarke - winner of K1 gold at Rio 2016 before missing Tokyo - will contest the men's kayak single (K1) and kayak cross.",
            "Also confirmed is world champion Kimberley Woods, winner of kayak cross gold last year, who will aim for medals in kayak single (K1) and kayak cross.",
            "Tokyo 2020 Olympian Adam Burgess will be in canoe single (C1) action."
        ]
    },
    "https://www.bbc.com/sport/motorsport/articles/cljddzx27kjo": {
        "link": "https://www.bbc.com/sport/motorsport/articles/cljddzx27kjo",
        "subtitle": "As the Isle of Man TT blasts into action, BBC Sport assesses who the likely winners will be in 2024.",
        "time": "2024-05-27T10:07:55.836999",
        "title": "Isle of Man TT: Who are the likely winners in 2024? - BBC Sport",
        "topics": [],
        "images": [
            "https://ichef.bbci.co.uk/news/1536/cpsprodpb/42e8/live/6607e850-1143-11ef-a001-7b6f70565f5c.png",
            "https://ichef.bbci.co.uk/news/774/cpsprodpb/d301/live/0c06b1d0-113c-11ef-bdbc-915d44d9ac70.jpg",
            "https://ichef.bbci.co.uk/news/820/cpsprodpb/51b5/live/b8a1fb90-113f-11ef-bdbc-915d44d9ac70.jpg",
            "https://ichef.bbci.co.uk/news/787/cpsprodpb/6b9c/live/73c53d60-1140-11ef-a001-7b6f70565f5c.jpg",
            "https://ichef.bbci.co.uk/news/819/cpsprodpb/629e/live/bb1c8690-1141-11ef-a001-7b6f70565f5c.jpg"
        ],
        "videos": [],
        "author": "",
        "text": [
            "The 2024 Isle of Man TT has the potential to be a historic one as Michael Dunlop closes in on his uncle Joey's record of 26 wins, while a number of other riders will be out to thwart the Northern Irishman's efforts.",
            "Dunlop chalked up four victories last year to move to 25 TT wins over the demanding Mountain Course while Peter Hickman also clinched a quadruple to take his tally to 13 at the famous international public road race event.",
            "Both riders will be gunning for more success this time out, and will start as favourites to do just that, but the unpredictable nature of TT racing, with so many different factors at play in what as regarded as the ultimate test of man and machine, may just throw up a few surprises.",
            "The meeting roars into action with qualifying from Monday until Friday, with the first race, Supersport race one, scheduled for Saturday morning.",
            "BBC Sport assesses the prospects for the likely primary protagonists.",
            "Dunlop stands on the verge of becoming the most successful TT rider ever and has a full stable of machines on which to compete in all four solo classes and eight individual races.",
            "The Ballymoney man has a new updated version of the Honda Fireblade Superbike for the Hawk Racing team, who have partnered with him for so many of his Mountain Course victories.",
            "Dunlop also has a Honda at his disposal for the Superstock outings but must choose between a Yamaha or a Triumph for the Supersport category, in which he has won a record 11 races and became the first man to lap the circuit at 130mph in the middleweight class 12 months ago. He remains on a Paton for the Supertwins.",
            "The 35-year-old has had early-season outings at the Bishopscourt Irish short circuit meeting and at the Cookstown 100 road races, where he won an Open race before crashing in the Supersport event, suffering a wrist injury.",
            "He also competed at the Le Mans World Endurance round and at the North West 200, where despite nursing the effects of his injury, he secured five third-place finishes.",
            "Hickman continues in the FHO Racing BMW colours for the Superbike and Superstock races in which he has excelled in recent years.",
            "The 37-year-old has won the last five Superstock races in a row, has three career triumphs in the blue riband Senior race, two Superbike victories, two Supertwins successes and a Supersport win to his name.",
            "The Lincolnshire rider will be on board BMW bikes for all the 'big bike' races, plus a Triumph 765cc in the Supersports and a Yamaha R7 in the Supertwins.",
            "As well as picking up four victories 12 months ago, Hickman set a stunning absolute new course record of 136.358mph on his Superstock machine.",
            "An indifferent start to the British Superbike season, including three crashes at Oulton Park, was followed by an impressive North West 200 where he won both Twins races and achieved two runners-up spots while competing under the banner of his own PHR Racing outfit.",
            "He withdrew from the latest BSB round at Donington in order to rest and recover for the TT after a near crash in free practice saw him strain an injured left hand he sustained in one of those Oulton crashes.",
            "The Bradford rider, now resident in Laxey in the Isle of Man, made the move to Honda Racing for the 2024 season after a productive eight-year partnership with DAO Racing Kawasaki came to an end.",
            "The 35-year-old has competed in the opening rounds of the British Superbike season on the new version of the Honda Fireblade for his new team and took second place in a Superstock race and third in the closing Superbike event at the recent North West 200.",
            "Those results gave an insight into Harrison's potential to again take the fight to Hickman and Dunlop at TT 2024.",
            "The Yorkshireman only had a Superstock Honda at his disposal for the North West because of what his team described as \"the demands of the early part of the 2024 calendar and schedule and challenges in the supply chain regarding parts and materials\" but will also participate on his Superbike and Honda's new Supersport bike at the TT.",
            "Harrison's tally of a second spot and five thirds 12 months ago took his career record at the TT to three wins, 13 second places and eight thirds, an impressive 26 podiums in total.",
            "Davey Todd gave another indication of his undoubted potential to break the dominance of the 'big three' TT riders with a stellar performance at the North West 200 which yielded a double win in the Superstock races, a Supersport triumph and three times finishing a close second to British Superbike frontrunner Glenn Irwin in the feature Superbike races.",
            "The Yorkshireman has also been in outstanding form on British championship short circuits, winning two out of two so far at Oulton Park and Donington in the Superstock 1000cc category in which he was crowned champion in 2022 and taking rostrum places in the Supersports at the season opener in Navarra, Spain.",
            "A new fleet of machinery for the 2024 TT sees the 28-year-old ride Milwaukee BMWs prepared by experienced TT campaigners TAS Racing in the Superbike, Superstock and Senior races, plus a Powertoolmate Ducati in Supersports.",
            "Todd will also be on board a Kawasaki for Dafabet Racing in the Supertwins category.",
            "His only rostrum appearance to date came courtesy of a third place in the 2022 Superstock race, with his best lap to date being 132.982mph.",
            "A strong field of riders has been assembled for this year's races with Isle of Man rider Conor Cummins remaining with the Milenco by Padgett's team, where his team-mate will be Ian Hutchinson, who returns after missing out last year because of suffering a stroke in the months leading up to the event.",
            "Twenty-three time TT winner John McGuinness and Nathan Harrison join Dean Harrison in the Honda Racing set-up, while James Hillier is also Honda-mounted in the 1000cc classes but switches to a Bournemouth Kawasaki for the 600s.",
            "Two-time British Superbike champion Josh Brookes partners Hickman for FHO Racing and rides a Yamaha in the Supersport as he seeks to build on his maiden podium in 2023 while Jamie Coward should challenge strongly in all the classes in which he competes for his KTS Steadplan outfit.",
            "Michael Rutter, David Johnson, Paul Jordan, Craig Neve, Mike Browne, Shaun Anderson and Dominic Herbertson are other 'ones to watch'."
        ]
    },
    "https://www.bbc.com/sport/tennis/articles/cyer6zgp9x5o": {
        "link": "https://www.bbc.com/sport/tennis/articles/cyer6zgp9x5o",
        "subtitle": "The 2024 edition of the French Open begins on Sunday, 26 May - here is all you need to know.",
        "time": "2024-05-28T10:08:09.390670",
        "title": "French Open 2024: Draw, schedule, order of play & will Raducanu, Murray & Nadal feature? - BBC Sport",
        "topics": [],
        "images": [
            "https://ichef.bbci.co.uk/news/2048/cpsprodpb/d03a/live/6e59c830-11e7-11ef-bee9-6125e244a4cd.jpg"
        ],
        "videos": [],
        "author": "",
        "text": [
            "The 2024 edition of the French Open begins on Sunday, 26 May in Paris.",
            "World number one Novak Djokovic will be aiming to defend his singles title as he eyes a record 25th singles Grand Slam trophy.",
            "In the women's draw, Iga Swiatek will bid to become the first woman for 17 years to win three Roland Garros singles title in a row.",
            "Here is all you need to know.",
            "The French Open takes place from 26 May until 9 June at Roland Garros.",
            "The women's final is held on Saturday, 8 June, with the men's taking place the day after.",
            "There will be select live text commentaries on the BBC Sport website and app, as well as live scores, reports, analysis and features.",
            "You can also listen to radio commentary from BBC tennis correspondent Russell Fuller and the team on 5 Live and Sports Extra. They can be heard on BBC Sounds and on the BBC Sport website and app.",
            "Jack Draper, Dan Evans and Cameron Norrie secured direct entry into the main draw by ranking. Draper and Norrie lost in the first round.",
            "British number one Katie Boulter is yet to play her first-round match, but Harriet Dart lost on Tuesday.",
            "British number three Jodie Burrage pulled out of the tournament on Wednesday after injuring her ankle.",
            "Wednesday, 29 May",
            "Men\u2019s and women\u2019s singles second round; women's and mixed doubles begin",
            "Thursday, 30 May",
            "Men\u2019s and women\u2019s singles second round",
            "Friday, 31 May",
            "Men\u2019s and women\u2019s singles third round",
            "Saturday, 1 June",
            "Men\u2019s and women\u2019s singles third round",
            "Sunday, 2 June",
            "Men\u2019s and women\u2019s singles fourth round",
            "Monday, 3 June",
            "Men\u2019s and women\u2019s singles fourth round",
            "Tuesday, 4 June",
            "Men\u2019s and women\u2019s singles quarter-finals",
            "Wednesday, 5 June",
            "Men\u2019s and women\u2019s singles quarter-finals",
            "Thursday, 6 June",
            "Women\u2019s singles semi-finals; mixed doubles final, wheelchair tournament begins",
            "Friday 7, June",
            "Men's singles semi-finals",
            "Saturday, 8 June",
            "Women's singles final; men's doubles final, wheelchair finals",
            "Sunday, 9 June",
            "Men's singles final; women's doubles final"
        ]
    }
}