{
    "https://www.bbc.com/sport/football/articles/czqqw317058o": {
        "link": "https://www.bbc.com/sport/football/articles/czqqw317058o",
        "subtitle": "Carlisle re-sign defender Aaron Hayden on a two-year deal following his departure from Wrexham.",
        "time": null,
        "title": "Aaron Hayden re-joins Carlisle on two-year deal after Wrexham exit - BBC Sport",
        "topics": [],
        "images": [
            "https://ichef.bbci.co.uk/news/2048/cpsprodpb/b911/live/f4836d70-16cf-11ef-89f4-cbe1e4ef5150.jpg"
        ],
        "videos": [],
        "author": "",
        "text": [
            "Carlisle have re-signed defender Aaron Hayden on a two-year deal following his departure from Wrexham. ",
            "Hayden made 73 appearances for Carlisle over two seasons before joining the Welsh club in 2021. ",
            "The 27-year-old scored 20 goals in 88 games for Wrexham and was part of the team that won back-to-back promotions from the National League to League One.",
            "\u201cAs soon as we knew he was going to be available, he was a player we targeted early,\" said , externalmanager Paul Simpson.",
            "Hayden began his career in Chelsea and Wolverhampton Wanderers' academies, and had loan spells with Newport County and non-league Stourbridge, before moving to Carlisle in 2019."
        ]
    },
    "https://www.bbc.com/news/world-latin-america-69009076": {
        "link": "https://www.bbc.com/news/world-latin-america-69009076",
        "subtitle": "The athletes decided to stay in their home state of Rio Grande do Sul to help flood victims.",
        "time": null,
        "title": "Watch: Rowers give up Olympic dream to help flood victims",
        "topics": [],
        "images": [],
        "videos": [],
        "author": "",
        "text": []
    },
    "https://www.bbc.com/news/world-middle-east-69037316": {
        "link": "https://www.bbc.com/news/world-middle-east-69037316",
        "subtitle": "Iran's President Ebrahim Raisi has been killed in a helicopter crash, according to state media.",
        "time": null,
        "title": "Moment Iran president's death is announced on state TV",
        "topics": [],
        "images": [],
        "videos": [],
        "author": "",
        "text": []
    },
    "https://www.bbc.com/news/articles/c722wn4xjl2o": {
        "link": "https://www.bbc.com/news/articles/c722wn4xjl2o",
        "subtitle": "US party chooses low-profile candidate following speeches by Trump and RFK at its convention in Washington.",
        "time": "2024-05-27T15:45:25.882204",
        "title": "Libertarians ignore Trump and RFK to pick Chase Oliver",
        "topics": [
            "Donald Trump",
            "US politics",
            "United States"
        ],
        "images": [
            "https://ichef.bbci.co.uk/news/480/cpsprodpb/3ba8/live/3189ea10-1c2e-11ef-baa7-25d483663b8e.jpg.webp"
        ],
        "videos": [
            ""
        ],
        "author": "Ana Faguy,",
        "text": [
            "The Libertarian Party has selected Chase Oliver as their 2024 presidential candidate, rejecting overtures from Donald Trump and Robert F Kennedy.",
            "Mr Trump did not file the paperwork to be considered a candidate during the voting process and and Mr Kennedy lost in the first round.",
            "Mr Oliver's victory came after seven rounds of voting at the party's convention, which took place in Washington.",
            "Both Mr Trump and Mr Kennedy gave speeches at the convention, with the former president and Republican nominee being booed by the crowd. ",
            "Mr Oliver, 38, is a first-time presidential candidate for the Libertarian party and attempted to win multiple congressional races in Georgia. ",
            "He said he aimed to win 2% of the vote in the 2024 election.",
            "\"I think that\u2019s a definite doable thing, and certainly we can improve upon that with a hard-run campaign that wakes people up,\u201d he told CNN.",
            "Mr Oliver is running on a platform that includes decriminalising abortion, limiting US involvement in foreign wars and making major cuts to federal budgets - a standard platform for the US third party, which pushes small government and individual freedom. ",
            "Mr Oliver also took aim at Mr Trump, stating the former president was \"not a libertarian... \"You're a war criminal and you deserve to be shamed.\"",
            "Mr Trump was booed and heckled while stating he wanted the Libertarian nomination during his speech to the convention on Saturday.",
            "He argued the Libertarians should unite themselves with him in an effort to beat President Joe Biden, and claimed some of his record proved he was a Libertarian. ",
            "\"Maybe you don't want to win... keep getting your 3% every four years,\" he said.",
            "Mr Trump even tried joking about his four criminal indictments, saying the charges had convinced him to join forces with the Libertarians. ",
            "\"If I wasn't a Libertarian before, I sure as hell am a Libertarian now,\" he said. ",
            "The crowd did not agree.",
            "On Sunday, he claimed that he would \"absolutely\" have won the party's nomination were it not for his nomination for the Republicans. ",
            "\"I would have absolutely gotten [it] if I wanted it (as everyone could tell by the enthusiasm of the Crowd last night!),\" he said on his social media platform Truth Social. ",
            "He added: \"As the Republican Nominee, I am not allowed to have the Nomination of another Party.\""
        ]
    },
    "https://www.bbc.com/sport/articles/c4n10mgj911o": {
        "link": "https://www.bbc.com/sport/articles/c4n10mgj911o",
        "subtitle": "Five-time Olympic champion Sir Steve Redgrave has warned paying prize money to athletics gold medallists at Paris 2024 will divide athletes.",
        "time": null,
        "title": "Olympic prize money will divide athletes says Sir Steve Redgrave - BBC Sport",
        "topics": [],
        "images": [
            "https://ichef.bbci.co.uk/news/1024/cpsprodpb/d3d0/live/dc80e3a0-07ee-11ef-a395-173649c03581.jpg"
        ],
        "videos": [],
        "author": "",
        "text": [
            "Five-time Olympic champion Sir Steve Redgrave has warned that paying prize money to athletics gold medallists at Paris 2024 will create \"an us and them situation\" between sports.",
            "World Athletics announced in April it would offer prize money at this summer\u2019s Games - the first sport in Olympic history to do so. ",
            "The winners in the 48 disciplines will each receive 50,000 US dollars (\u00a339,400).",
            "Prize money will be paid to all three track and field medallists at the 2028 Games in Los Angeles.",
            "Redgrave, who won rowing gold medals at five successive Olympic games between 1984 and 2000, said: \"All those gold medallists in athletics are capable of earning significant money before and certainly after Paris so you\u2019re giving money to people who already have it.",
            "\"It becomes an us and them situation. I did OK \u2013 although I made more money from retirement than I ever did in rowing \u2013 but I\u2019m against it.\"",
            "Redgrave added he would prefer if \"that money\" was distributed \"to other sports\".",
            "The International Olympic Committee (IOC) does not award prize money but distributes funding through international federations (IF) and national Olympic committees (NOC).",
            "Some national Olympic committees offer financial rewards to their medallists, though the British Olympic Association does not.",
            "Redgrave also warned that rowing \"only survives internationally because of the money the international federation gets from competing at the Olympics\".",
            "He added: \"If that\u2019s ever taken away our sport will die.\"",
            "Rowing has featured at every Games since 1900, with women\u2019s events introduced at the 1976 Olympics in Montreal.",
            "It was set to appear in the inaugural Games in Athens in 1896, although poor weather forced the rowing events to be cancelled.",
            "\"You can argue whether we are relevant in today\u2019s world, but we are a founder sport of the Olympics and I think we are [relevant],\" added Redgrave.",
            "\"But there is debate over that if you are just going to support the media-friendly sports.\""
        ]
    },
    "https://www.bbc.com/news/uk-england-london-68993308": {
        "link": "https://www.bbc.com/news/uk-england-london-68993308",
        "subtitle": "The song contest has been held in London four times, with 1977's competition particularly memorable.",
        "time": null,
        "title": "Eurovision: When London has hosted the contest",
        "topics": [],
        "images": [],
        "videos": [],
        "author": "",
        "text": []
    },
    "https://www.bbc.com/sport/formula1/articles/c4nnd86pgn9o": {
        "link": "https://www.bbc.com/sport/formula1/articles/c4nnd86pgn9o",
        "subtitle": "BBC Sport's F1 correspondent Andrew Benson answers your questions before this weekend's Monaco Grand Prix.",
        "time": null,
        "title": "F1 Q&A before Monaco: McLaren, Norris, Newey, Perez, Ricciardo, Aston Martin - BBC Sport",
        "topics": [],
        "images": [
            "https://ichef.bbci.co.uk/news/2048/cpsprodpb/5c5d/live/e45c1090-15fe-11ef-9b12-1ba8f95c4917.jpg",
            "https://ichef.bbci.co.uk/news/1024/cpsprodpb/318e/live/38a00530-16a9-11ef-a50f-8dde4e8806c8.jpg",
            "https://ichef.bbci.co.uk/news/1024/cpsprodpb/35aa/live/1c692940-16aa-11ef-a50f-8dde4e8806c8.jpg",
            "https://ichef.bbci.co.uk/news/2048/cpsprodpb/b1d8/live/30ec8580-1734-11ef-9b12-1ba8f95c4917.jpg"
        ],
        "videos": [],
        "author": "",
        "text": [
            "Formula 1 returns to the lavish surroundings of Monaco for round eight for the 2024 season.",
            "Last year, Red Bull's Max Verstappen beat Aston Martin's Fernando Alonso to win a rain-affected race.",
            "BBC Sport's F1 correspondent Andrew Benson answers your questions before we head back to the streets of Monte Carlo.",
            "How have McLaren improved so quickly? \u2013 Mark",
            "The short answer to this is that team principal Andrea Stella has done an incredible job of turning McLaren around since he was promoted from performance director in the winter of 2022-23.",
            "Over that winter, with development not going as well as expected, Stella and chief executive officer Zak Brown instituted a reshuffle of the technical department. In February 2023, they fronted up to the media and were straight about where they were.",
            "The team had missed its development targets, and seen too late some fruitful aerodynamic avenues, they said. The start of the season would be slow, but an upgrade would come on stream in the summer - and then another. And that would put McLaren back in decent shape.",
            "Stella and Brown were true to their word, and since then not only have McLaren  been on an upward trajectory, but they seem to fully understand why.",
            "That upgrade - in Austria last year - leapfrogged McLaren into the group behind Red Bull. For much of the second half of last year, they had the second-fastest car, until Ferrari came on strong in the last quarter of the season.",
            "Ferrari started this season stronger, too. But again Stella said an upgrade was coming that would make the difference, and again he has been proved right. It came in Miami, where Lando Norris won. In Imola on Sunday a close second to Max Verstappen followed.",
            "It\u2019s all about great leadership, technical understanding, putting the right people in the right places and empowering them to do their job.",
            "Do Red Bull need to bring in a number two who can support Max Verstappen, assuming he stays? The other teams are catching up, it seems Sergio Perez is left behind \u2013 Joel",
            "Red Bull were abundantly clear at the end of last season - Perez needed to improve his qualifying so he could be a more effective back-up to Verstappen.",
            "This was on the back of a quite stark statistic last year - out of Verstappen\u2019s 19 wins in the most dominant season by a team and driver ever, Perez finished second behind him only four times.",
            "Perez started the season well - he was second behind Verstappen in three of the first four races. But he failed to capitalise in Australia when Verstappen retired, and has had difficult weekends in Miami and Imola.",
            "The problem for Red Bull is what they do about it. Do they keep Perez next season, knowing now what his performance level is? Can they afford to if, as seems to be happening, the field is closing up?",
            "But if they decide not to, who do they take instead? Out of the top drivers, the only free agent is Carlos Sainz, who is leaving Ferrari at the end of this season to make way for Lewis Hamilton. But there was tension when he was team-mates with Verstappen at Toro Rosso when they were both rookies in 2015.",
            "It\u2019s an interesting conundrum for Red Bull.",
            "Why do very good drivers suddenly struggle to perform? I\u2019m thinking of the likes of Daniel Ricciardo or even Sebastian Vettel in his Ferrari years \u2013 Alex",
            "The Ricciardo situation is a mystery. How can a driver who beat Max Verstappen in 2016 as team-mates, and was respectably close - closer than anyone else has been since - in 2017 and 2018, suddenly look like a different driver now?",
            "Ricciardo went well at Renault - beating both Nico Hulkenberg and Esteban Ocon. But as soon as he went to McLaren alongside Lando Norris, his relative competitiveness nose-dived.",
            "And it\u2019s not as if it\u2019s just in the venturi/ground effect cars that were introduced in 2022 - Ricciardo was decisively slower than Norris in 2021 as well.",
            "This has continued since he came back after being dropped by McLaren. Having replaced Nyck de Vries at Alpha Tauri (now RB) halfway through last year, he is now being beaten regularly by Yuki Tsunoda, who Red Bull have no intention of promoting to the senior team.",
            "Why? I can\u2019t give you an answer - because Ricciardo himself doesn\u2019t know.",
            "Is Vettel the same situation? His career stats are outstanding, and there is no doubt that when he was in a quick car that suited him, Vettel was a great driver.",
            "But very few people in F1 think he was as complete - or as good - as Lewis Hamilton or Fernando Alonso. And Ricciardo himself said a few years ago that he thought Vettel had been \u201clucky\u201d - ie, he got to drive some brilliant, dominant Adrian Newey-designed Red Bulls when he was quicker than his team-mate.",
            "After that, he was edged by Ricciardo at Red Bull in 2014, and out-paced by Charles Leclerc at Ferrari in 2019. He comfortably beat Kimi Raikkonen and Lance Stroll at Ferrari and Aston Martin - but by margins considerably smaller than Alonso did/is.",
            "Does that mean he lost his mojo in his later years? Or that he was perhaps never quite as good as he looked in his Red Bull pomp? You decide.",
            "Does securing Adrian Newey guarantee success? Surely F1 teams work collaboratively and no single individual has that much of an influence? \u2013 Anil",
            "There can be an element of truth in both questions. It\u2019s no coincidence that Adrian Newey is the most successful designer in F1 history, and that he has achieved that success with three different teams.",
            "It\u2019s a remarkable record that speaks volumes for the magic Newey provides not only as a visionary aerodynamicist but as an all-round engineering genius.",
            "At the same time, of course Newey does not and cannot do everything himself, and he\u2019s the first person to praise the people he works with. But it\u2019s equally true to say that he provides a stardust that probably no-one else can.",
            "This question is actually partly responsible for the tensions that led to Newey leaving Red Bull. He felt put out that others were claiming credit for things he felt were very much his design - particularly the 2022 Red Bull.",
            "That was one of the key reasons for his decision to move on to another team - along with his discomfort at the allegations of sexual harassment and coercive, controlling behaviour made against Christian Horner by a female employee, which Horner denies, and their fall-out among Red Bull management.",
            "Is a three-way title race possible for next season, or will the focus already be on 2026? \u2013 Abdul",
            "Again, both things could be true.",
            "McLaren are giving every impression of a team who could challenge Red Bull hard not just next year, but this year as well. Ferrari are also making progress - just eight seconds covered the first three finishers in the Emilia Romagna Grand Prix on Sunday in those three different cars.",
            "The 2026 rule change is massive and will take up a lot of engineering focus from mid-2024 onwards. But teams will still want to do well next year, even if they will be racing cars that will be developments of this year\u2019s.",
            "As ever, it will be a question of who does that development most effectively.",
            "What has happened to Aston Martin? They were battling with Ferrari and Mercedes with Alonso in China \u2013 Ryan",
            "Good question. Fernando Alonso qualified in the top six in four of the first five races, but has been 15th and 19th in Miami and Imola.",
            "In Miami, Alonso felt he had gone in the wrong direction on set-up, and in Imola he compromised his weekend by crashing in final practice.",
            "Team principal Mike Krack admitted that the car was \u201cdifficult to drive\u201d in Imola and that the team were \u201con the back foot\u201d from the moment Alonso crashed at Rivazza.",
            "But he has also urged people not to get carried away by the most recent results. Or, as he put it after the race, borrowing a phrase from German: \u201cLet\u2019s keep the church in the town.\u201d",
            "They started the year with a car that was quick in qualifying but used its tyres too aggressively in races, forcing Alonso to fight defensive actions on Sundays.",
            "They have been trying to address that, but at the same time have had a couple of bad weekends - or Alonso has, and he is their yardstick, as Lance Stroll is not close to his level.",
            "Krack says that expectations were super-high after their brilliant first half of last year but he adds: \u201cWe had teams that did not do their homework last year when we did.\u201d",
            "This year, by contrast, McLaren and Ferrari have started the season in a strong place.",
            "In essence, the team admit that recent updates to the car have helped, but not addressed all the issues with the car, and other teams have also brought lots of upgrades at the same time.",
            "The car is still quite difficult to drive - as proved by Alonso, unusually, crashing in a practice session. But the team say they understand how to address those issues for the races to come. Time will tell."
        ]
    },
    "https://www.bbc.com/news/uk-england-oxfordshire-69049352": {
        "link": "https://www.bbc.com/news/uk-england-oxfordshire-69049352",
        "subtitle": "Cotswold Wildlife Park, near Burford, Oxfordshire, announces the birth of ring-tailed lemur twins.",
        "time": "2024-05-25T15:46:35.214254",
        "title": "Cotswold Wildlife Park's Lemur Week marked by 70th breeding success",
        "topics": [
            "Conservation",
            "Burford",
            "Oxford",
            "Wildlife conservation"
        ],
        "images": [
            "https://ichef.bbci.co.uk/news/480/cpsprodpb/1E2C/production/_133342770_9lemurtwinswithmumhira-takenbyprimatekeepercharlotteatcotswoldwildlifepark2024.jpg.webp",
            "https://ichef.bbci.co.uk/news/480/cpsprodpb/BA6C/production/_133342774_1lemurtwinscreditphilipjoycetd7a7315.jpg.webp",
            "https://ichef.bbci.co.uk/news/480/cpsprodpb/7034/production/_133342782_8lemurtwinscreditbrianlillyimg_3730_babyrtlridingmumsback.jpg.webp",
            "https://ichef.bbci.co.uk/news/480/cpsprodpb/10C74/production/_133342786_9dthecuratorofcotswoldwildlifeparkjamiecraigonresearchtriptomadagascar.jpg.webp",
            "https://ichef.bbci.co.uk/news/480/cpsprodpb/25FC/production/_133342790_3lemurtwinscreditphilipjoycetd7a7266.jpg.webp",
            "https://ichef.bbci.co.uk/news/480/cpsprodpb/3785/production/_130231241_line976.jpg.webp"
        ],
        "videos": [],
        "author": "By Galya Dimitrova,",
        "text": [
            "A wildlife park has celebrated its 70th lemur breeding success ahead of a week raising money to help save the endangered primates.",
            "Cotswold Wildlife Park, near Burford, Oxfordshire, has just announced the birth of ring-tailed lemur twins.",
            "Lemur Week, which starts today until 2 June, aims to raise awareness and funds for the world's most endangered lemurs.",
            "The park's open-air Madagascar exhibit is home to 31 free-roaming lemurs and was officially opened in 2008. ",
            "Lemurs are native to Madagascar and the ring-tailed species is found in the southern and south-western parts of the island. ",
            "Females are only sexually receptive for just one or two days a year, leaving a small window of opportunity for males to father offspring.",
            "Curator of Cotswold Wildlife Park Jamie Craig said lemur species in Madagascar were \"under tremendous pressure from habitat destruction\", so it was \"vital that we raise awareness for this unique group of primates before it is too late\".",
            "The park is also the only zoological collection in the world to have bred the critically endangered greater bamboo lemur in the last 12 months.",
            "The two playful siblings, one female and one male, were born to father Bernard and mother Hira.",
            "Natalie Horner, from the park, said they were Hira's 18th and 19th youngsters \"within her impressive reproductive history\". ",
            "As part of Lemur Week, visitors will have the chance to name the ring-tailed twins and learn more about the primates. ",
            "All funds raised during the event will go towards conservation. ",
            "Follow BBC South on Facebook, X, or Instagram. Send your story ideas to south.newsonline@bbc.co.uk or via WhatsApp on 0808 100 2240."
        ]
    },
    "https://www.bbc.com/sport/boxing/videos/c72p05xegvno": {
        "link": "https://www.bbc.com/sport/boxing/videos/c72p05xegvno",
        "subtitle": "",
        "time": null,
        "title": "Price beats McCaskill to become world champion - highlights - BBC Sport",
        "topics": [],
        "images": [],
        "videos": [],
        "author": "",
        "text": []
    }
}