{
    "https://www.bbc.com/news/world-middle-east-69037323": {
        "link": "https://www.bbc.com/news/world-middle-east-69037323",
        "subtitle": "Footage shows the site of the helicopter crash which killed the president and foreign minister.",
        "time": null,
        "title": "How Iranian state TV broke news of President Ebrahim Raisi's death",
        "topics": [],
        "images": [],
        "videos": [],
        "author": "",
        "text": []
    },
    "https://www.bbc.com/sport/football/articles/cg674e55v1ro": {
        "link": "https://www.bbc.com/sport/football/articles/cg674e55v1ro",
        "subtitle": "West Ham are interested in signing Bayern Munich defender Ines Belloumou in the summer transfer window.",
        "time": null,
        "title": "WSL: West Ham interested in Bayern Munich defender Ines Belloumou - BBC Sport",
        "topics": [],
        "images": [
            "https://ichef.bbci.co.uk/news/1024/cpsprodpb/cf74/live/45f829d0-1477-11ef-a493-3d609df6b6ea.jpg"
        ],
        "videos": [],
        "author": "",
        "text": [
            "West Ham are interested in signing Bayern Munich defender Ines Belloumou in the summer transfer window.",
            "Belloumou, 22, joined Bayern from Montpellier in 2023 on a two-year deal, so West Ham would need to pay a fee to bring in the left-back.",
            "The Hammers sit 11th in the Women's Super League table ahead of their final game of the season at Tottenham on Saturday.",
            "The league's transfer window opens on 24 June, ending on 13 September."
        ]
    },
    "https://www.bbc.com/news/articles/c166xxd4y36o": {
        "link": "https://www.bbc.com/news/articles/c166xxd4y36o",
        "subtitle": "The Indian capital's power demand also soars to an all-time high as residents try to cope with the heat.",
        "time": "2024-05-29T16:16:02.000975",
        "title": "Delhi 'unbearable' as temperatures soar past 50C",
        "topics": [
            "Delhi",
            "India",
            "Heatwaves"
        ],
        "images": [
            "https://ichef.bbci.co.uk/news/480/cpsprodpb/30bd/live/6bd765e0-1dd6-11ef-95bd-a16a3f175cc2.jpg.webp",
            "https://ichef.bbci.co.uk/news/480/cpsprodpb/3112/live/6610abd0-1d81-11ef-99fa-652da31674c0.jpg.webp",
            "https://ichef.bbci.co.uk/news/480/cpsprodpb/7d84/live/7b7979c0-1d81-11ef-99fa-652da31674c0.jpg.webp"
        ],
        "videos": [
            ""
        ],
        "author": "Meryl Sebastian,",
        "text": [
            "Parts of northern and central India are sweltering under a severe heatwave, with a provisional record temperature of 52.3C (126.1F) registered in Delhi.",
            "If verified, it would be the highest ever recorded in India. ",
            "More than 37 cities in the country recorded temperatures over 45C this week. ",
            "Warnings of heat-related illnesses have been issued, with at least three deaths reported so far. ",
            "The India Meteorological Department (IMD)'s Soma Sen Roy told the BBC that a team had been sent to the Mungeshpur area in Delhi - where the 52.3C temperature was recorded - to verify it. ",
            "The IMD described the recording as an \"outlier compared to other stations\", which had recorded temperatures ranging from 45.2C to 49.1C in different parts of Delhi.",
            "The city's authorities have warned they will issue fines to those caught wasting water as the city deals with shortages and supplies have been cut to some areas.",
            "Water minister Atishi announced that 200 teams would be deployed to crack down on people washing their cars with hosepipes and letting their tanks overflow.",
            "\"It\u2019s been excruciatingly hot over the past couple of days and it\u2019s got significantly worse as the days progress,\" said BBC Business Correspondent Arunoday Mukharji, who is in Delhi. ",
            "A resident told news agency ANI earlier in the week that it was difficult to even eat properly because of the heat.",
            "\u201cWe have faced heat earlier as well, but this time it feels unbearable,\" they said.",
            "\"It\u2019s difficult to even stand outside.\u201d",
            "The city's power demand has soared to an all-time high, with residents turning to air conditioning, coolers and ceiling fans to cope with the heat.",
            "A consumer court stopped hearing cases on Tuesday after the judge said it was too hot to work without air conditioning.",
            "Red alerts have been issued for several parts of India's north-west, including Delhi - meaning there is a very high likelihood of people developing heat illness and heat stroke.",
            "Dr Chandrakant Lahariya, a family doctor in Delhi, told the BBC World Service that medical consultations had increased during the heatwave.",
            "He said the impact of the high temperatures was worse in elderly people who have pre-existing conditions, as well as \"some of the poorest and migrant workers who are working in the construction sites and other places\". ",
            "Delhi's lieutenant governor has ordered that workers at construction sites be given a three-hour paid break and asked for water to be provided to them. ",
            "He has also asked for pots with drinking water to be provided at bus stands.",
            "IMD regional head Kuldeep Srivastava said the reason behind the rising temperatures in Delhi was the arrival of hot winds from the state of Rajasthan.",
            "Elsewhere, the cities of Churu in Rajasthan and Sirsa in the northern Haryana state have recorded temperatures over 50C.",
            "Rajasthan's Jaipur city reported three deaths due to heat stroke on Tuesday.",
            "Several students were rushed to hospital in the town of Sheikhpura in the eastern state of Bihar after fainting due to the high temperatures, local media reported. ",
            "In  Indian-administered Jammu and Kashmir, efforts are continuing in to tackle a number of forest fires that are being fuelled by the heat. ",
            "According to IMD chief Mrutyunjay Mohapatra, maximum temperatures are likely to remain above normal in June. ",
            "He added that northwestern India is expected to see heatwave conditions for four to six days.",
            "Indian summers, which extend from March to September, are usually hot and humid.",
            "But the weather department has said the country is likely to experience longer and more intense heatwaves this year.",
            "This month, the states of Rajasthan and Gujarat saw nine to 12 days of heatwave, with temperatures between 45-50C, it said.",
            "Scientists have said global warming has made extreme heatwaves in India much more likely. ",
            "In Delhi, construction, traffic and a lack of green spaces have added to the problem.",
            "The extreme heat comes as coastal parts of eastern India and southern Bangladesh were hit by Cyclone Remal - killing dozens of people. ",
            "Meanwhile, the IMD has also predicted an above-average monsoon season for the country this year.",
            "The monsoon is forecast to hit the coast of the southern state of Kerala on 31 May.",
            "Read more India stories:"
        ]
    },
    "https://www.bbc.com/news/articles/cd11gzejgz4o": {
        "link": "https://www.bbc.com/news/articles/cd11gzejgz4o",
        "subtitle": "Google has defended the answers given by AI Overview, describing them as \"isolated examples\".",
        "time": "2024-05-24T13:16:15.661409",
        "title": "Google AI search tells users to glue pizza and eat rocks",
        "topics": [
            "Google",
            "Artificial intelligence"
        ],
        "images": [
            "https://ichef.bbci.co.uk/news/480/cpsprodpb/795f/live/7a33c490-19b6-11ef-a841-ab8ed6d4cee2.jpg.webp"
        ],
        "videos": [],
        "author": "Liv McMahon,",
        "text": [
            "Google's new artificial intelligence (AI) search feature is facing criticism for providing erratic, inaccurate answers. ",
            "Its experimental \"AI Overviews\" tool has told some users searching for how to make cheese stick to pizza better that they could use \"non-toxic glue\".",
            "The search engine's AI-generated responses have also said geologists recommend humans eat one rock per day.",
            "A Google spokesperson told the BBC they were \"isolated examples\".",
            "Some of the answers appeared to be based on Reddit comments or articles written by satirical site, The Onion.",
            "They have been widely mocked on social media.",
            "But Google insisted the feature was generally working well. ",
            "\"The examples we've seen are generally very uncommon queries, and aren\u2019t representative of most people\u2019s experiences,\" it said in a statement. ",
            "\"The vast majority of AI overviews provide high quality information, with links to dig deeper on the web.\"",
            "It said it had taken action where \"policy violations\" were identified and was using them to refine its systems.",
            "It is not the first time the company has run into problems with its AI-powered products.",
            "In February, it was forced to pause its chatbot Gemini which was criticised for its \"woke\" responses.",
            "Gemini's forerunner, Bard, also got off to a disastrous start.",
            "Google began trialling AI overviews in search results for a small number of logged-in UK users in April, but launched the feature to all US users at its annual developer showcase in mid-May.",
            "It works by using AI to provide a summary of search results, so users do not have to scroll through a long list of websites to find the information they are seeking.",
            "It is billed as a product that  \"can take the legwork out of searching\"  though users are warned it is experimental.",
            "However, it is likely to be widely used - and trusted - because Google search remains the go-to search engine for many.",
            "According to web traffic tracker, Statcounter, Google's search engine accounts for more than 90% of the global market.",
            "It is still fundamental to the way in which Google makes its money, and a service the firm needs to both protect and future-proof.",
            "Many industry experts agree that more focused AI-driven search is the way forward - despite the power-hungry tech's environmental price tag.",
            "Why wade through pages of search engine results and adverts to find information if a chatbot can give you a single, definitive answer?",
            "But this only works if you can trust it.",
            "So-called hallucinations by generative AI tools are not just a problem for Google, but as the world's largest search engine it gets more scrutiny.",
            "In one baffling example, a reporter Googling whether they could use gasoline to cook spaghetti faster was told \"no... but you can use gasoline to make a spicy spaghetti dish\" and given a recipe.",
            "We don\u2019t know how many searches it got right (because they\u2019re less funny to share on social media), but AI search clearly needs to be able to handle anything thrown at it, including the more leftfield.",
            "Rival firms are facing a similar backlash over their attempts to cram more AI tools into their consumer-facing products.",
            "The UK's data watchdog is looking into Microsoft after it announced a feature coming to its new range of AI-focused PCs that would take continuous screenshots of their online activity.",
            "And ChatGPT-maker OpenAI was called out by Hollywood actress Scarlett Johansson for using a voice likened to her own, saying she turned down its request to voice the popular chatbot."
        ]
    },
    "https://www.bbc.com/news/uk-england-norfolk-69073257": {
        "link": "https://www.bbc.com/news/uk-england-norfolk-69073257",
        "subtitle": "Aerial footage captures the moment a replica of a 17th Century boat sails into town.",
        "time": "2024-05-29T14:16:31.984431",
        "title": "Replica of 17th Century Spanish boat docks in Great Yarmouth",
        "topics": [],
        "images": [],
        "videos": [],
        "author": "",
        "text": []
    },
    "https://www.bbc.com/news/world-africa-69056369": {
        "link": "https://www.bbc.com/news/world-africa-69056369",
        "subtitle": "A project in Mozambique is trying to reverse the alarming rate of deforestation there.",
        "time": "2024-05-24T13:16:56.051591",
        "title": "Mozambique tree loss: \u2018It's possible to regain the forest we once had\u2019",
        "topics": [],
        "images": [],
        "videos": [],
        "author": "",
        "text": []
    },
    "https://www.bbc.com/sport/rugby-union/articles/cn00g5n38z1o": {
        "link": "https://www.bbc.com/sport/rugby-union/articles/cn00g5n38z1o",
        "subtitle": "England head coach Steve Borthwick names an initial 19-player summer tour training squad for matches against Japan and New Zealand.",
        "time": "2024-05-26T13:17:21.286707",
        "title": "Steve Borthwick announces England's initial 19-player summer tour training squad - BBC Sport",
        "topics": [],
        "images": [
            "https://ichef.bbci.co.uk/news/1024/cpsprodpb/9dc2/live/2c527850-1b84-11ef-b28f-7152a74ace54.jpg"
        ],
        "videos": [],
        "author": "",
        "text": [
            "England head coach Steve Borthwick has announced an initial 19-player summer tour training squad for matches against Japan and New Zealand.",
            "Seven uncapped players have been named including Exeter Chiefs back row Greg Fisilau.",
            "Props Dan Cole and Joe Marler are available for this summer's Tests but will not link up with England until the next camp on 4 June.",
            "Ollie Chessum and Ellis Genge are both unavailable because of injury.",
            "The training squad does not contain players competing in the Premiership semi-finals taking place on 31 May and 1 June.",
            "Northampton Saints, Saracens, Bath and Sale Sharks have made the play-offs in the English top flight.",
            "England are set to play Japan on 22 June and in New Zealand on 6 and 13 July.",
            "The Tests will be the first since the Six Nations, in which England finished third.",
            "Full England squad",
            "Forwards: Fin Baxter (Harlequins), Chandler Cunningham-South (Harlequins), Alex Dombrandt (Harlequins), Greg Fisilau (Exeter Chiefs), Joe Heyes (Leicester Tigers), George Martin (Leicester Tigers), Gabriel Oghre (Bristol Bears), Guy Pepper (Newcastle Falcons), Ethan Roots (Exeter Chiefs), Rusi Tuima (Exeter Chiefs)",
            "Backs: Charlie Atkinson (Gloucester Rugby), Immanuel Feyi-Waboso (Exeter Chiefs), Max Malins (Bristol Bears), Luke Northmore (Harlequins), Harry Randall (Bristol Bears), Henry Slade (Exeter Chiefs), Marcus Smith (Harlequins), Freddie Steward (Leicester Tigers), Jack van Poortvliet (Leicester Tigers)"
        ]
    },
    "https://www.bbc.com/news/articles/c51126xz5pgo": {
        "link": "https://www.bbc.com/news/articles/c51126xz5pgo",
        "subtitle": "Moffat Academy in Dumfries and Galloway is shut after water gets into the building.",
        "time": "2024-05-27T13:17:34.608391",
        "title": "Moffat Academy forced to close by flooding",
        "topics": [
            "Moffat"
        ],
        "images": [
            "https://ichef.bbci.co.uk/news/480/cpsprodpb/cef8/live/7596a020-1c03-11ef-a11e-b1a4ba8bef4b.jpg.webp"
        ],
        "videos": [],
        "author": "",
        "text": [
            "A secondary school has been closed in southern Scotland due to flooding.",
            "Moffat Academy in Dumfries and Galloway suffered what has been described as \"major water ingress\" on both floors of the building.",
            "The council confirmed that the secondary had been closed to all year groups due to damage.",
            "The school has a roll of about 250 pupils.",
            "The closure comes after some heavy rainfall across southern Scotland in recent days.",
            "The Met Office issued warnings of severe downpours affecting the area.",
            "A short alert from the council confirmed that the school had been shut due to water getting into the building but gave no further information.",
            "It stated that it was expected it should be able to reopen on Tuesday."
        ]
    }
}