{
    "https://www.bbc.com/sport/boxing/articles/c4n139vn3d2o": {
        "link": "https://www.bbc.com/sport/boxing/articles/c4n139vn3d2o",
        "subtitle": "Schedule and results for the biggest boxing fights in 2024.",
        "time": null,
        "title": "Boxing schedule and results 2024: Key fights including Josh Taylor vs Jack Catterall 2 - BBC Sport",
        "topics": [],
        "images": [
            "https://ichef.bbci.co.uk/news/1024/cpsprodpb/d1b3/live/b7c6bb30-157b-11ef-9e7b-fff69b4222c9.jpg"
        ],
        "videos": [],
        "author": "",
        "text": [
            "The BBC is not responsible for any changes to dates and fixtures",
            "",
            "1 June",
            "Riyadh, Saudi Arabia",
            "Dmitry Bivol v TBC (WBA light-heavyweight title)",
            "Deontay Wilder v Zhilei Zhang (heavyweight)",
            "Raymond Ford v Nick Ball (WBA featherweight title)",
            "Filip Hrgovic v Daniel Dubois (heavyweight)",
            "14 June",
            "Manchester, England",
            "Abass Baraou v Macaulay McGowan (European light-middleweight title)",
            "15 June",
            "Manati, Puerto Rico",
            "Subriel Matias v Liam Paro (IBF light-welterweight title)",
            "London, England",
            "Chris Billiam-Smith v Richard Riakporhe (WBO cruiserweight title)",
            "Las Vegas, USA",
            "Gervonta Davis v Frank Martin (WBA lightweight title)",
            "21 June",
            "Bolton, England",
            "Lyndon Arthur v Liam Cameron (light-heavyweight)",
            "29 June",
            "Arizona, USA",
            "Juan Francisco Estrada v Jesse Rodriguez (WBC super-flyweight title)",
            "Sunny Edwards v Adrian Curiel (flyweight)",
            "Miami, USA",
            "Teofimo Lopez v Steve Claggett (WBO light-welterweight title)",
            "20 July",
            "Dallas, Texas",
            "Katie Taylor v Amanda Serrano 2 (undisputed light-welterweight championship)",
            "Jake Paul v Mike Tyson (pro fight with 8x2min rounds & 14oz gloves)",
            "27 July",
            "London, England",
            "Joe Joyce v Derek Chisora (heavyweight)",
            "3 August",
            "Los Angeles",
            "Terence Crawford v Israil Madrimov (WBA light-middleweight title)",
            "13 January",
            "Quebec City, Canada",
            "Artur Beterbiev stops Callum Smith in seven rounds (IBF, WBC & WBO light-heavyweight titles)",
            "20 January",
            "Liverpool, England",
            "Natasha Jonas beats Mikaela Mayer via split decision (IBF welterweight title)",
            "27 January",
            "Arizona, USA",
            "John Ryder stopped in ninth round by Mexico's Jaime Munguia (super-middleweight)",
            "Belfast, Northern Ireland",
            "Lewis Crocker stops Jose Felix with fifth-round knockout (welterweight)",
            "3 February",
            "London, England",
            "Joshua Buatsi outpoints Dan Azeez (light-heavyweight)",
            "Adam Azim defeats Enock Poulsen after injury (European light-welterweight title)",
            "Ben Whittaker stops Khalid Graidia (light-heavyweight)",
            "Las Vegas, USA",
            "Conor Benn taken distance by Peter Dobson in points win (welterweight)",
            "8 February",
            "Las Vegas, USA",
            "Teofimo Lopez defends title with controversial points win over Jamaine Ortiz (WBO light-welterweight title)",
            "10 February",
            "London, England",
            "Hamzah Sheeraz stops Liam Williams in one round (middleweight)",
            "Anthony Yarde blows Marko Nikolic away in three rounds (light-heavyweight)",
            "24 February",
            "Liverpool, England",
            "Welshman Jay Harris outpoints Connor Butler to become Commonwealth, European & British champion (flyweight)",
            "Orlando, USA",
            "Edgar Berlanga targets Saul 'Canelo' Alvarez after win over Padraig McCrory (super-middleweight)",
            "1 March",
            "Telford, England",
            "Abass Baraou defeats Sam Eggington via majority decision (European light-middleweight title)",
            "3 March",
            "San Juan, Puerto Rico",
            "Amanda Serrano's world title defence against Nina Meinke cancelled (featherweight)",
            "Jake Paul beats Ryan Bourland with a first-round knockout (cruiserweight)",
            "Verona, New York",
            "Raymond Ford wins WBA world tile with a 12th round TKO over Otabek Kholmatov (featherweight)",
            "8 March",
            "Riyadh, Saudi Arabia",
            "Anthony Joshua stops Francis Ngannou in two rounds (heavyweight )",
            "Zhilei Zhang beaten by Joseph Parker via majority decision (heavyweight)",
            "Rey Vargas and Nick Ball fight to split draw decision (WBC featherweight title)",
            "16 March",
            "Birmingham, England",
            "Nathan Heaney fights to split draw against Brad Pauls (British middleweight title)",
            "Joe Joyce labours to stoppage win over Kash Ali (heavyweight)",
            "Dennis McCann remains undefeated with win over Brad Strand (Commonwealth super-bantamweight title)",
            "17 March",
            "Castlebar, Ireland",
            "Dillian Whyte defeats Christian Hammer in three rounds on comeback (heavyweight)",
            "23 March",
            "Sheffield, England",
            "Sandy Ryan destroys Terri Harper in four rounds (WBO welterweight title)",
            "Dalton Smith stops Jose Zepeda with brutal body shot (light-welterweight)",
            "29 March",
            "Arizona, USA",
            "Seniesa Estrada outpoints Yokasta Valle to become undisputed (undisputed minimumweight championship)",
            "Oscar Valdez stops Liam Wilson in seven rounds (super-featherweight",
            "30 March",
            "California, USA",
            "Gilberto Ramirez outpoints Arsen Goulamirian to win world title (WBA (Super) cruiserweight title)",
            "31 March",
            "London, England",
            "Wardley and Clarke contest bruising draw in London (British & Commonwealth heavyweight titles)",
            "12 April",
            "London, England",
            "Charlie Edwards beats Georges Ory comfortably on points (bantamweight)",
            "13 April",
            "Manchester, England",
            "Ellie Scotney unifies super-bantamweight division by beating Segolene Lefebvre (IBF & WBO super-bantamweight)",
            "Rhiannon Dixon drops Elizabeth Carabajal on way to points win (WBO lightweight title)",
            "Zelfa Barrett stops Jordan Gill in tenth round via body shots (super-featherweight)",
            "20 April",
            "London, England",
            "Sam Noakes beats Yvan Mendy on points (European lightweight title)",
            "Las Vegas, USA",
            "Ryan Garcia beats Devin Haney on majority points (WBC light-welterweight title)",
            "27 April",
            "Peter McGrail beats Marc Leach on points (super-bantamweight)",
            "Beatriz Ferreira beats Yanina del Carmen Lescano on technical decision (IBF lightweight title)",
            "4 May",
            "Saul 'Canelo' Alvarez beats Jaime Munguia on points to defend WBA, WBO, IBF & WBC titles (undisputed super-middleweight championship)",
            "Ryosuke Nishida beats Emmanuel Rodriguez by unanimous decision to win IBF bantamweight title",
            "6 May",
            "Tokyo, Japan",
            "Naoya Inoue survives knockdown to stop Luis Nery (undisputed super-bantamweight championship)",
            "Takuma Inoue outpoints Sho Ishida (WBA bantamweight title)",
            "11 May",
            "Perth, Australia",
            "Vasiliy Lomachenko defeats George Kambosos by TKO in round eleven (vacant IBF lightweight title)",
            "Nina Hughes loses title after farcical scoreboard scenes (WBA bantamweight title)",
            "Cardiff, Wales",
            "Lauren Price becomes Wales' first female world champion in style (WBA & Ring magazine welterweight titles)",
            "London, England",
            "Denzel Bentley defeats Danny Dignum by knockout in round two (middleweight)",
            "Aguascalientes, Mexico",
            "Erika Cruz and Nazarena Romero fight to a split draw (WBA super-bantamweight title)",
            "18 May",
            "Riyadh, Saudi Arabia",
            "Oleksandr Usyk defeats Tyson Fury via split decision (undisputed heavyweight championship)",
            "Jai Opetaia survives late scare to beat Mairis Briedis on points (IBF cruiserweight title)",
            "Joe Cordina dethroned by Anthony Cacace (IBF super-featherweight title)",
            "2023 boxing results"
        ]
    },
    "https://www.bbc.com/sport/football/articles/ck5k3d1j34do": {
        "link": "https://www.bbc.com/sport/football/articles/ck5k3d1j34do",
        "subtitle": "Uefa announces that nations will be allowed 26-man squads for this summer's European Championship in Germany.",
        "time": null,
        "title": "Euro 2024: Uefa confirms increase of squad size to 26 players - BBC Sport",
        "topics": [],
        "images": [
            "https://ichef.bbci.co.uk/news/2048/cpsprodpb/89df/live/4df77410-096e-11ef-a01f-c1a4caf722f2.jpg"
        ],
        "videos": [],
        "author": "",
        "text": [
            "Uefa has announced that nations will be allowed 26-man squads for this summer's European Championship in Germany.",
            "The European governing body's executive committee confirmed the increase from 23 players on Friday after the national competitions committee voted in favour of the change in April.",
            "Teams were allowed 26-man squads at Euro 2020 due to the impact of Covid-19 but Uefa had initially planned to revert to 23-strong groups at Euro 2024.",
            "Expanded squads were also permitted at the 2022 World Cup in Qatar because it was played in the middle of the domestic season.",
            "Participating teams do not have to name an extended squad but must submit a list of at least 23 players to Uefa by 7 June.",
            "The news will be welcomed by several international managers who were critical of the idea of reducing squad sizes for the tournament, with Netherlands boss Ronald Koeman calling it \"absurd\", external.",
            "England manager Gareth Southgate had previously been in favour of 23-man squads but the number of injuries being suffered across the Premier League this season altered his thinking.",
            "He will name his squad on 21 May, two days after the end of the Premier League season.",
            "Euro 2024 begins on 14 June with Scotland taking on hosts Germany in the first game, while England's campaign gets under way on 16 June when they face Serbia."
        ]
    },
    "https://www.bbc.com/culture/article/20240503-the-delicious-irony-of-the-met-galas-garden-of-time-theme": {
        "link": "https://www.bbc.com/culture/article/20240503-the-delicious-irony-of-the-met-galas-garden-of-time-theme",
        "subtitle": "In JG Ballard's dystopian story The Garden of Time \u2013 which has inspired this year's dress code \u2013 the super-rich hide themselves in Arcadian splendour while the \"great unwashed\" riot.",
        "time": null,
        "title": "The 'delicious irony' of the Met Gala's Garden of Time theme",
        "topics": [
            "Met Gala",
            "Books",
            "Fashion",
            "Features"
        ],
        "images": [
            "https://ichef.bbci.co.uk/images/ic/480xn/p0hvx8gf.jpg.webp",
            "https://ichef.bbci.co.uk/images/ic/480xn/p0hvy32r.jpg.webp",
            "https://ichef.bbci.co.uk/images/ic/480xn/p0hvx870.jpg.webp",
            "/bbcx/grey-placeholder.png",
            "/bbcx/grey-placeholder.png",
            "/bbcx/grey-placeholder.png"
        ],
        "videos": [],
        "author": "By Rosalind Jana,",
        "text": [
            "In JG Ballard's dystopian story The Garden of Time \u2013 which has inspired this year's dress code \u2013 the super-rich hide themselves in Arcadian splendour while the \"great unwashed\" riot. It seems an unlikely choice of theme for fashion's event of the year.",
            "The title of JG Ballard's 1962 short story The Garden of Time has an elegiac romanticism to it. Images immediately stir, visions of flowers and vines springing forth. Depending on the bent of your imagination, those visions may err towards tidy blooms or overgrown thickets, perpetual splendour or the endless cycles of death and growth so necessary for even the smallest pocket of paradise. After all, a garden is time incarnate, bound by the slow march of the seasons. But what kind of garden is this? Do the normal rules of chronology apply?",
            "This year, fashion's annual extravaganza the Met Gala has taken Ballard's title as its dress code. The theme has been chosen to complement The Costume Institute's exhibition Sleeping Beauties: Reawakening Fashion, an exploration of the many items held within the Met's archives that are now too fragile to be worn. Reanimated using technologies including X-rays, AI and soundscapes, these artefacts are interspersed with iconography related to the natural world, the combination promising to \"serve as a metaphor for the fragility and ephemerality of fashion and a vehicle to examine the cyclical themes of rebirth and renewal.\"",
            "It's an odd pairing. Perhaps asking the Gala's attendees to embark on further reading before they attend is setting them up to fail (see the various interpretations of \"camp\" in 2019 that would have had Susan Sontag smashing her Tiffany lamps in protest), but for anyone who does choose to dig deeper, the choice of Ballard's short story may prove puzzling. It relays the tale of Count Axel and his Countess wife who live in a magnificent hilltop villa, surrounded by their gardens. These gardens, where \"the air seemed brighter, the sun seemed warmer\" hold a series of \"time flowers\" \u2013 translucent growths with crystal hearts. When plucked, that crystal core dissolves, emitting the light trapped within. \"Strange shifts momentarily transformed the evening, subtly altering its dimensions of time and space,\" Ballard writes. \"The darkened portico of the house, its patina of age stripped away, loomed with a curious spectral whiteness as if suddenly remembered in a dream.\"",
            "The flowers can slow the clock, but they cannot stop it. So far, so fitting for an exhibition concerned with historical clothing that embodies time without being immune to it. After all, garments are vulnerable, affected by heat, sweat, pressure, stains, moths, storage methods and so on. The job of the archivist is to attempt as much preservation as possible, suspending the usual process of decay even if it cannot be staunched entirely \u2013 conserving history so that future generations can maintain some connection with the products of the past.",
            "However, Count Axel is not picking his precious flowers for the thrill of it. On the horizon, an army advances, \"a vast confused throng of people, men and women, interspersed with a few soldiers in ragged uniforms, pressing forward in a disorganised tide\". While the Countess plays Mozart on her harpsichord, and the Count tends to his library, this crowd draws ever closer, threatening destruction on their arrival. Each flower delays the inevitable, pushing the crowd back slightly. But there are only so many flowers, and no more are growing. The villa's days are numbered, husband and wife living in an exquisite glass prison.",
            "To briefly spoil the ending, when the mob finally reaches the edge of the gardens, they find only crumbling relics: the lawns overrun with weeds, the house full of rotting doors and caved-in floors. On the terrace there stand two statues protected by belladonna-laced thorn bushes. The stone woman clutches a rose; an Ovidian vision of protected permanence sprung forth from the land, saved from the ravages of time.",
            "Commentators writing breezy accounts of this year's costume theme have focused on the metaphorical significance of Ballard's story, pointing to its exploration of humanity's tendency towards cycles of creation and destruction (the fact that one of the top-ranked explainers on Google from 2016 uses that exact wording is, I'm sure, complete coincidence.) Although this holds some truth, it does seem to deliberately ignore a more obvious point. This is a short story in which the last bastion of rich, refined beauty \u2013 with its classical music, rare books, and its lovely clothing \u2013 is overrun by a working-class mob. \"Some laboured under heavy loads suspended from crude yokes around their necks; others struggled with cumbersome wooden carts, their hands wrenching at the wheel spokes,\" Ballard writes. \u00a0The mob is variously described as a tide, a nightmare, and a minor detail from a Goya painting.",
            "More like this:",
            "It's a jarring image in the context of an event that is a celebration of affluence, excess and rarefied beauty, where a table for the evening sells for $300,000, and an invite bestows an exclusive glitter of Vogue-approved importance on the attendee; perhaps acutely so, when set against the backdrop of global volatility and economic uncertainty, the divisions between safety and danger, wealth and poverty feeling ever starker. Under those circumstances, what on Earth are we to make of this theme based on a story that, regardless of where its loyalties lie, features the destruction of high culture by an undifferentiated mass of humanity? In its evocation of beauty on the brink of ruin, who does it disdain?",
            "Any discussion of wealth and exclusivity in the context of the Met Gala is a little plus \u00e7a change. Events like this have always been for the privileged few. Similarly, given the consistency of world inequality, contrasting celebrities parading in expensive gowns with images of abject poverty is nothing new (and it is worth pointing out that these expensive gowns do generate a lot of jobs). That said, it is rare to have a dress code that manages to touch on that inequality quite so explicitly before immediately burying it again beneath predictions of attendees wearing \"melancholic florals\".",
            "Those contrasting images often rub shoulders in an age where they might pop up one after the other on an Instagram story: the same tools that have made the Met Gala so phenomenally popular also enhance our proximity to suffering the world over. In 2023, the Met Gala generated 12.3 billion impressions for Vogue's channels under the hashtag #metgala, while the event's livestream generated 53 million views across Vogue's various social platforms and global markets. We live in an age of visual saturation, where tragedy and beautiful distractions crowd in on all sides, clamouring for our attention.",
            "The Gala itself has been around since 1948, when fashion publicist Eleanor Lambert (a busy woman who was also responsible for the inception of New York Fashion Week) put on a midnight fundraising dinner costing $50 a head. In the 1970s, shrewd Vogue editor-in-chief Diana Vreeland introduced costume themes, cementing the event as a crucial part of the socialite calendar, and ensuring a steady stream of funding for the Costume Institute. However, although it's gone from strength to strength under Anna Wintour's gaze, it's really only been in the past decade or so that the Met Gala has played a pivotal role in popularising the idea of fashion as mass entertainment \u2013 aided, of course, by enormous advances in social media.",
            "It has become the red carpet to end all red carpets, a chance for the whole world not invited to the costume party to enjoy judging its attendees on how gorgeous, inventive and fitting (in all senses of the word) their outfits are. And just with other forms of mass entertainment, it is both extremely enjoyableand extraordinarily lucrative. According to LaunchMetrics, last year the Gala accrued nearly $1 billion in media-impact value for the various brands involved \u2013 and a nice packet of publicity for everyone in attendance.",
            "It would be interesting to know how the Ballard short story first came to the table. Was it just a neat title? Or is someone in the committee's midst trying to foment class rebellion? Perhaps the dystopian premise is part of a fiendish plan to get people talking \u2013 after all, no publicity is bad publicity for the Met Gala. It welcomes controversy, whether it's Kim Kardashian wearing Marilyn Monroe\u2019s famous \"Happy Birthday, Mr President\" dress or Doja Cat attending dressed as Karl Lagerfeld's beloved cat Choupette, speaking only in meows.",
            "This may be too generous a reading though, given that the fashion world loves a reference shorn of complexity. There are some interesting parallels with the 1927 silent film Metropolis, another fashion favourite that has inspired designers including Thierry Mugler, which features a paradisical garden quite literally built above the working masses. At the very least, we can hope that Iris van Herpen brings a thoughtful interpretation.\u00a0 \u00a0",
            "Whatever the reasoning, there's a certain, delicious irony found in invoking Ballard at the Met Gala. The Garden of Time belongs to the earlier, most science fiction-oriented part of his career, which sprawled in all sorts of directions over the decades but retained a consistently bleak interest in the apocalyptic atmosphere of modernity and its uncertain future: frequently invoking urban hellscapes, wide-scale global destruction, mass media, the cult of celebrity, the thin line between spectacle and violence, and identities configured through consumerism.",
            "\u00a0",
            "In an essay written for Vogue in the 1970s, he even predicted the rise of social media: \"Every one of our actions during the day, across the entire spectrum of domestic life, will be instantly recorded on video-tape. In the evening we will sit back to scan the rushes, selected by a computer trained to pick out only our best profiles, our wittiest dialogue, our most affecting expressions filmed through the kindest filters, and then stitch these together into a heightened re-enactment of the day.\" One wonders what he would have made of his own work being amplified and distorted in such a context, his words becoming the backdrop to a fluttering cornucopia of florals, each outfit paraded on the first Monday in May a blooming display of finery hiding a complex network of roots \u2013 sponsorship deals, brand calculations, dedicated craftsmanship, exposure opportunities \u2013 beneath its pretty skirts.",
            "--",
            "If you liked this story, sign up for The Essential List newsletter \u2013 a handpicked selection of features, videos and can't-miss news, delivered to your inbox twice a week.",
            "If you would like to comment on this story or anything else you have seen on BBC Culture, head over to our\u00a0Facebook\u00a0page or message us on\u00a0X.",
            "\u00a0",
            "\u00a0"
        ]
    },
    "https://www.bbc.com/sport/articles/ce5lry218pmo": {
        "link": "https://www.bbc.com/sport/articles/ce5lry218pmo",
        "subtitle": "Who is representing Great Britain at the 2024 Olympic Games in Paris?",
        "time": null,
        "title": "Paris Olympics 2024: Who has been selected for Team GB? - BBC Sport",
        "topics": [],
        "images": [
            "https://ichef.bbci.co.uk/news/1024/cpsprodpb/ee42/live/1c20cf10-07d7-11ef-bee9-6125e244a4cd.jpg"
        ],
        "videos": [],
        "author": "",
        "text": [
            "The 2024 Paris Olympic Games will begin on 26 July and run until 11 August.",
            "Great Britain and Northern Ireland are set to send more than 350 athletes as they aim to surpass the 64 medals, including 22 golds, won at Tokyo 2020.",
            "Below are the confirmed names for Paris 2024 so far, with further team announcements  being made in the coming months.",
            "Emile Cairess - marathon",
            "Rose Harvey - marathon",
            "Calli Hauger-Thackery - marathon",
            "Mahamed Mahamed - marathon",
            "Charlotte Purdue - marathon",
            "Phil Sesemann - marathon",
            "Adam Burgess - Men's canoe single (C1)",
            "Joe Clarke - Men's kayak single (K1) and kayak cross",
            "Mallory Franklin - Women's canoe single (C1) and kayak cross",
            "Kimberley Woods - Women's kayak single (K1) and kayak cross",
            "More on the canoe slalom squad",
            "Yasmin Harper and Scarlett Mew Jensen (women's 3m synchro)",
            "Anthony Harding and Jack Laugher (men's 3m synchro)",
            "Andrea Spendolini-Sirieix and Lois Toulson (women's 10m synchro)",
            "Tom Daley and Noah Williams (men's 10m synchro)",
            "Individual entrants will be confirmed following the Aquatics GB Diving Championships, which take place in Birmingham from 23-26 May.",
            "More on the diving squad",
            "",
            "Emma Wilson - Women's iQFoil (windsurfing)",
            "Sam Sills - Men's iQFoil (windsurfing)",
            "Freya Black - Women's skiff (49erFX)",
            "Saskia Tidey - Women's skiff (49erFX)",
            "James Peters - Men's skiff (49er)",
            "Fynn Sterritt - Men's skiff (49er)",
            "Anna Burnet - Mixed multihull (Nacra 17)",
            "John Gimson - Mixed multihull (Nacra 17)",
            "Ellie Aldridge - Women's kite (Formula Kite)",
            "Michael Beckett - Men's dinghy (ILCA 7)",
            "Hannah Snellgrove - Women's dinghy (ILCA 6)",
            "Vita Heathcote - mixed dinghy (470)",
            "Chris Grube - mixed dinghy (470)",
            "Connor Bainbridge \u2013 Men\u2019s Kite (Formula Kite)",
            "More on the sailing squad",
            "",
            "Freya Anderson",
            "Kieran Bird",
            "Alex Cohoon",
            "Freya Colbert",
            "Leah Crisp",
            "Kathleen Dawson",
            "Tom Dean",
            "Angharad Evans",
            "Luke Greenbank",
            "James Guy",
            "Medi Harris",
            "Lucy Hope",
            "Anna Hopkin",
            "Daniel Jervis",
            "Joe Litchfield",
            "Max Litchfield",
            "Keanna MacInnes",
            "Jonathon Marshall",
            "Jack McMillan",
            "Oliver Morgan",
            "Eva Okaro",
            "Honey Osrin",
            "Hector Pardoe",
            "Adam Peaty",
            "Ben Proud",
            "Matthew Richards",
            "Toby Robinson",
            "Duncan Scott",
            "Katie Shanahan",
            "Kate Shortman",
            "Laura Stephens",
            "Izzy Thorpe",
            "Jacob Whittle",
            "James Wilby",
            "Abbie Wood",
            "More on the swimming squad",
            "Alex Yee - Men's individual and mixed relay",
            "TBC - Men's individual and mixed relay",
            "TBC - Men's individual and mixed relay",
            "Beth Potter - Women's individual and mixed relay",
            "TBC - Women's individual and mixed relay",
            "TBC - Women's individual and mixed relay",
            "More on the triathlon squad"
        ]
    },
    "https://www.bbc.com/sport/articles/c0de9zl4v9wo": {
        "link": "https://www.bbc.com/sport/articles/c0de9zl4v9wo",
        "subtitle": "Schedule and results for the biggest MMA fights in 2024.",
        "time": null,
        "title": "MMA schedule and results 2024: Key fights including Conor McGregor vs Michael Chandler - BBC Sport",
        "topics": [],
        "images": [
            "https://ichef.bbci.co.uk/news/1024/cpsprodpb/42a0/live/cccbce50-18e9-11ef-b374-753f4dd92fb2.jpg"
        ],
        "videos": [],
        "author": "",
        "text": [
            "The BBC is not responsible for any changes to dates and fixtures.",
            "",
            "1 June",
            "Newark, USA",
            "UFC 302: Islam Makhachev v Dustin Poirier (UFC lightweight title)",
            "8 June",
            "Newcastle, England",
            "PFL Europe: Savannah Marshall v Mirela Vargas ",
            "Kane Mousah v Dylan Tuke (lightweight)",
            "13 June",
            "Connecticut, USA",
            "PFL 4: Valentin Moldavsky v Linton Vassell (heavyweight)",
            "Dakota Ditcheva v Chelsea Hackett (flyweight)",
            "21 June",
            "Utah, USA",
            "PFL 5: Sadibou Sy v Tom Breese (light-heavyweight)",
            "22 June",
            "Dublin, Ireland",
            "Bellator Champion Series: Jason Jackson v Ramazan Kuramagomedov (Bellator welterweight title)",
            "Paul Hughes v Bobby King (lightweight)",
            "Sinead Kavanagh v Arlene Blencowe (featherweight)",
            "Saudi Arabia",
            "UFC Fight Night: Khamzat Chimaev v Robert Whittaker (middleweight)",
            "Alexander Volkov v Sergei Pavlovich (heavyweight)",
            "28 June",
            "South Dakota, USA",
            "PFL 6: Brendan Loughnane v Justin Gonzales (featherweight)",
            "Adam Borics v Brett Johns (featherweight)",
            "29 June",
            "Las Vegas, USA",
            "UFC 303: Conor McGregor v Michael Chandler (welterweight)",
            "20 July",
            "London, England",
            "Cage Warriors London",
            "25 July",
            "Manchester, England",
            "Cage Warriors Manchester",
            "27 July",
            "Manchester, England",
            "UFC 304: Leon Edwards v Belal Muhammad (UFC welterweight title)",
            "Tom Aspinall v Curtis Blaydes 2 (interim UFC heavyweight title)",
            "Paddy Pimblett v Bobby Green (lightweight)",
            "20 January",
            "Toronto, Canada",
            "UFC 297: Dricus Du Plessis defeats Sean Strickland via split decision (UFC middleweight title)",
            "Raquel Pennington beats Mayra Bueno Silva on points to claim belt (UFC bantamweight title)",
            "Movsar Evloev outpoints Arnold Allen in close fight (featherweight)",
            "27 January",
            "Newcastle, England",
            "Oktagon 52: Jonas Magard beats Jack Cartwright on points (bantamweight)",
            "Matej Penaz stops Matthew Bonner in round two (middleweight)",
            "Aaron Aby outpoints Christopher Daniels (flyweight)",
            "3 February",
            "Las Vegas, USA",
            "UFC Vegas 85: Molly McCann submits Diana Belbita in round one (strawweight)",
            "17 February",
            "California, USA",
            "UFC 298: Alexander Volkanovski stopped by Ilia Topuria (UFC featherweight title)",
            "Ian Machado Garry beats Geoff Neal via split decision (welterweight)",
            "Oban Elliott wins UFC debut against Val Woodburn (welterweight)",
            "24 February",
            "Saudi Arabia",
            "PFL v Bellator champions: Renan Ferreira stops Ryan Bader in 21 seconds (heavyweight)",
            "Johnny Eblen narrowly defeats Impa Kasanganay after two knockdowns (middleweight)",
            "Claressa Shields makes history with MMA win in Saudi Arabia (165lb catchweight)",
            "Mexico City, Mexico",
            "UFC Fight Night 237: Brandon Royval defeats Brandon Moreno by split decision (flyweight)",
            "Manuel Torres submits Scotland's Chris Duncan in round one (lightweight)",
            "2 March",
            "Las Vegas, USA",
            "UFC Vegas 87: Muhammad Mokaev beats Alex Perez by unanimous decision (flyweight)",
            "Christian Leroy Duncan stops Claudio Ribeiro in round two (middleweight)",
            "7 March",
            "Paris, France",
            "PFL Europe: Baysangur Chamsoudinov beats Cedric Doumbe by TKO (welterweight)",
            "Conor Hughes stops Anatolij Baal in the first round (lightweight)",
            "Jakub Kaszuba beats Kane Mousah by unanimous decision (lightweight)",
            "9 March",
            "Miami, USA",
            "UFC 299: Sean O'Malley beats Marlon 'Chito' Vera by unanimous decision (UFC bantamweight title)",
            "Michael 'Venom' Page beats Kevin Holland by unanimous decision (welterweight)",
            "Joanne Wood beats Maryna Moroz by split decision (flyweight)",
            "16 March",
            "Manchester, UK",
            "Cage Warriors 168: Liam Gittins submits Roberto Hernandez in one round (Cage Warriors bantamweight title)",
            "Andrew Clamp stops Matty Byfield via TKO in third round (Cage Warriors light-heavyweight title)",
            "Las Vegas, USA",
            "UFC Fight Night 239: Marcin Tybura submits Tai Tuivasa in one round (heavyweight)",
            "Cory McKenna suffers second UFC defeat to Jaqueline Amorim (strawweight)",
            "22 March",
            "Belfast, Northern Ireland",
            "Bellator Champion Series: Karl Moore defeated by Corey Anderson (Bellator light-heavyweight title)",
            "Patricio 'Pitbull' Freire stops Jeremy Kennedy in comeback win (Bellator featherweight title)",
            "Fabian Edwards cruises past Aaron Jeffery with points win (middleweight)",
            "James Gallagher beaten on points by Leandro Higo (featherweight)",
            "23 March",
            "UFC Vegas 89: Rose Namajunas returns to winning ways against Amanda Ribas (flyweight)",
            "Mick Parkin defeats Mohammad Usman on points (heavyweight)",
            "30 March",
            "London, UK",
            "Cage Warriors 169: Jordan Vucenic submits Simone D'Anna in round two (featherweight)",
            "Atlantic City, USA",
            "UFC Fight Night: Manon Fiorot defeats Erin Blanchfield on points (flyweight)",
            "Rhys McKee slumps to second straight loss to Chidi Njokuani (welterweight)",
            "Caolan Loughran secures first UFC win against Angel Pacheco (bantamweight)",
            "4 April",
            "Texas, USA",
            "PFL 1: Dakota Ditcheva stops Lisa Mauldin in one round (flyweight)",
            "Linton Vassell defeated by Denis Goltsov (heavyweight)",
            "6 April",
            "Dublin, Ireland",
            "Cage Warriors 170: James Sheenan submits Daniel Konrad (Cage Warriors welterweight title)",
            "Paul Hughes stops Fabiano Silva in one round (160lbs catchweight)",
            "13 April",
            "Las Vegas, USA",
            "UFC 300: Alex Pereira stops Jamahal Hill (UFC light-heavyweight title)",
            "Zhang Weili defeats Yan Xiaonan (UFC strawweight title)",
            "Max Holloway stops Justin Gaethje with one second remaining (lightweight)",
            "Kayla Harrison submits Holly Holm on UFC debut (bantamweight)",
            "19 April",
            "Chicago, USA",
            "PFL 3: Brendan Loughnane v Pedro Carvalho (featherweight)",
            "Timur Khizriev v Brett Johns (featherweight)",
            "20 April",
            "Glasgow, Scotland",
            "Cage Warriors 171: Dumitru Girlean submits Chris Bungard with guillotine choke in round two (lightweight)",
            "Birmingham, England",
            "Oktagon 56: Sam Creasey beats Aaron Aby on points (Oktagon flyweight title)",
            "4 May",
            "Rio de Janeiro, Brazil ",
            "UFC 301: Alexandre Pantoja defeats Steve Erceg by unanimous decision (UFC flyweight title)",
            "Jose Aldo beats Jonathan Martinez by unanimous decision (bantamweight)",
            "Caio Borralho stops Paul Craig in two rounds (middleweight)",
            "Jack Shore suffers defeat to Joanderson Brito via doctor stoppage (featherweight)",
            "11 May",
            "Missouri, USA",
            "UFC Fight Night: Derrick Lewis defeats Rodrigo Nascimento by TKO in round three (heavyweight)",
            "Charles Johnson defeats Jake Hadley by unanimous decision (flyweight)",
            "17 May",
            "Paris, France",
            "Bellator Champion Series: Patchy Mix retains title in points win over Magomed Magomedov (Bellator bantamweight title)",
            "Cedric Doumbe stops Jaleel Willis in front of home crowd (welterweight bout)",
            "18 May",
            "Las Vegas, USA",
            "Manchester's Lerone Murphy outclasses Edson Barboza (featherweight)"
        ]
    },
    "https://www.bbc.com/news/articles/cxe84502rl3o": {
        "link": "https://www.bbc.com/news/articles/cxe84502rl3o",
        "subtitle": "Uefa has warned fans that buy from unofficial outlets that they could be refused entry.",
        "time": null,
        "title": "Scotland Euro 2024 tickets on resale for \u00a312,000",
        "topics": [
            "Ticketing"
        ],
        "images": [
            "https://ichef.bbci.co.uk/news/480/cpsprodpb/15bd/live/4eb16620-092a-11ef-83ed-6d2edc1b7cdb.jpg.webp",
            "https://ichef.bbci.co.uk/news/480/cpsprodpb/7166/live/31a15fe0-0939-11ef-9e6c-099fc4d96d44.jpg.webp"
        ],
        "videos": [],
        "author": "Chris McLaughlin,",
        "text": [
            "Tickets for Scotland\u2019s opening Euro2024 match against Germany in June are being offered by online ticket resale companies for more than \u00a312,000.",
            "Uefa has warned fans that buy from unofficial outlets that they could be refused entry.",
            "A total of 2.7 million tickets were made available for the competition, which runs from 14 June to 14 July.",
            "The final public sale opened on Thursday with some fans complaining of technical errors due to high demand.",
            "Scotland kicks off the competition with a match against the hosts in Munich on 14 June.",
            "The team then travels to face Switzerland in Cologne on 19 June before the final group match against Hungary in Stuttgart on 23 June.",
            "The cheapest available tickets for the opening match are priced at \u00a343 but some online resale companies are advertising the same tickets for \u00a3600.",
            "Category 1 tickets for the game against Germany are officially priced at \u00a3513 but one company is offering fans the chance to buy up to four tickets at \u00a312,800 each.",
            "Other online sites are claiming to have more than 1,000 tickets available for the game, but Uefa is urging fans to resist the temptation when they could be refused entry.",
            "A spokesperson said: \u201cUefa strongly urges fans not to purchase tickets on the secondary market.",
            "\u201cThe only way to ensure their validity and avoid disappointment at the stadiums is to purchase tickets through the official Uefa Euro 2024 ticketing portal.",
            "\u201cUefa and Euro 2024 actively enforce the ticketing terms and conditions, including by monitoring the internet, and will take action - including cancelling tickets - where unauthorised advertisements are identified.\u201d",
            "Fans who have bought tickets but cannot attend, will be able to transfer to a friend or family member through a dedicated mobile app.",
            "Scotland fans have been allocated 10,000 tickets for each of the three group matches but thousands more are expected to travel.",
            "Entry to all stadiums will be through a QR code accessed on mobile phones.",
            "Supporters who travel without tickets will have the chance to watch the action in designated fan zones."
        ]
    }
}