{
    "https://www.bbc.com/news/articles/cn00yzjy5xqo": {
        "link": "https://www.bbc.com/news/articles/cn00yzjy5xqo",
        "subtitle": "The pilot died when his Spitfire crashed in a field near an RAF station at Coningsby on Saturday.",
        "time": "2024-05-26T18:44:58.830574",
        "title": "Spitfire crash: Tributes to pilot killed at Coningsby",
        "topics": [
            "Royal Air Force",
            "Coningsby"
        ],
        "images": [
            "https://ichef.bbci.co.uk/news/480/cpsprodpb/85dc/live/b9b5f310-1b44-11ef-99cc-613666891c5b.jpg.webp",
            "https://ichef.bbci.co.uk/news/480/cpsprodpb/d113/live/2445f580-1b46-11ef-80aa-699d54c46324.png.webp",
            "https://ichef.bbci.co.uk/news/480/cpsprodpb/c843/live/f0e4fb50-1b40-11ef-991f-b1e960a71db8.jpg.webp"
        ],
        "videos": [],
        "author": "Emma Petrie,",
        "text": [
            "Tributes have been paid to a pilot who died when his Spitfire crashed in a field close to an RAF station at Coningsby on Saturday.",
            "The RAF said a \"comprehensive investigation\" would take place after the plane came down off Langrick Road shortly before 13:20 BST.",
            "The Prince and Princess of Wales said they were \u201cincredibly sad\u201d at the news, while Prime Minister Rishi Sunak said it was \"awful\".",
            "The Ministry of Defence (MoD) told the BBC it expected to name the pilot later.",
            "The World War Two-era plane belonged to the Battle of Britain Memorial Flight (BBMF) based at RAF Coningsby.",
            "The BBMF is a collection of wartime fighter and bomber aircraft that take part in air shows and memorial displays. Only a few dozen airworthy Spitfires remain, including six that belong to the BBMF.",
            "William and Kate said on their Kensington Palace X account: \u201cOur thoughts this evening are with the pilot\u2019s loved ones, the Battle of Britain Memorial Flight, and the wider RAF family.\u201d",
            "William was made Honorary Air Commandant Royal Air Force Coningsby in 2008 and handed the role over to Kate in 2023.",
            "The prime minister also paid tribute, writing on social media: \u201cAwful news to see the life of a serving RAF pilot cut short in this tragic event.\u201d",
            "Labour leader Sir Keir Starmer said: \u201cDeeply saddened by news from Lincolnshire. Thank you to the emergency services for their response.",
            "\"My thoughts are with the pilot\u2019s family at this awful time.\u201d",
            "Sue Crawford lives near the crash site and heard it from inside her house.",
            "\"It was almost like something dropping several times, like dustbin lids or dustbins being bashed.. we weren\u2019t sure what we were hearing.  But now we realise what it was,\u201d she said.",
            "Ms Crawford, who said she also lost somebody who was serving in the RAF a few years ago, has been to the scene to pay her respects.  ",
            "\"We realise as a family, how awful it is when something like this happens. Especially at this time and when they were involved with something so special like the VE  [Victory in Europe] day celebrations.\u201d",
            "Another woman, who laid flowers at RAF Coningsby's perimeter fence, said: \u201cWe all love coming out here to watch the planes.  ",
            "\"We can see them all the time, so it will be a sad day for everybody.\"",
            "The MoD said that the pilot\u2019s family had been informed and asked that their privacy be respected \"at this difficult time\".",
            "RAF enthusiasts had gathered to watch the planes on Saturday.",
            "Speaking to the BBC, Sam Butler said: \u201cThey are well known to local people round here - they are treated like one big family from people who come here.\"",
            "Andrew Backhouse, who had watched the Spitfire fly overhead, added: \u201cHe was one of the best of the fleet\u2026. Our thoughts go out to him.  I\u2019m sure the truth will come out eventually as to what happened.\"",
            "Lincolnshire Police said on Saturday it was a single-occupant aircraft and nobody else was involved.",
            "Follow BBC Lincolnshire on Facebook, X (formerly Twitter), and Instagram. Send your story ideas to eastyorkslincs.news@bbc.co.uk"
        ]
    },
    "https://www.bbc.com/news/articles/c722qy5dzlgo": {
        "link": "https://www.bbc.com/news/articles/c722qy5dzlgo",
        "subtitle": "The presumptive Republican nominee was loudly jeered while addressing the Libertarian convention.",
        "time": "2024-05-26T18:45:12.833094",
        "title": "Donald Trump heckled and booed at Libertarian convention",
        "topics": [
            "Washington DC",
            "Donald Trump",
            "US politics",
            "United States"
        ],
        "images": [
            "https://ichef.bbci.co.uk/news/480/cpsprodpb/090d/live/bb30a730-1b7b-11ef-80aa-699d54c46324.jpg.webp"
        ],
        "videos": [
            ""
        ],
        "author": "Holly Honderich,",
        "text": [
            "Donald Trump was booed repeatedly during an appearance at the Libertarian Party's national convention on Saturday as he asked members for their support.",
            "Mr Trump, the presumptive Republican presidential nominee, told the party's delegates to unite with him to beat Democrat Joe Biden. ",
            "\"We must work together,\" he said. \"Combine with us. You have to combine with us.\" ",
            "The request was met with vigorous jeers from the Libertarian party members, gathered in Washington to pick their White House nominee.  ",
            "",
            "Libertarians, who favour small government and individual freedom, typically lean to the right on issues like federal spending and gun rights. ",
            "But Mr Trump's invitation to the convention divided the party, with many members decrying his Covid-19 policies while in office, as well as the national debt accrued under his watch. ",
            "Despite the icy welcome, the Republican pressed on with his half-hour speech, saying he'd come \"to extend a hand of friendship\" and pledging to include a Libertarian in his cabinet if elected. ",
            "Many in the crowd heckled in disbelief. ",
            "He claimed that much of his past record was libertarian, using examples of tax cuts and the defunding of federal equality programmes. ",
            "The former president also tried humour, saying his four criminal indictments had convinced him to join forces with the party. ",
            "\"If I wasn't a Libertarian before, I sure as hell am a Libertarian now,\" he said. ",
            "",
            "Not everyone in the crowd could be won over. ",
            "Delegates joined in chants of \"End the Fed\" - a common refrain among Libertarians who oppose the Federal Reserve. ",
            "One person holding a sign that said \"No wannabe dictators\" was removed by security. ",
            "Mr Trump, used to speaking before large crowds of adoring supporters, appeared visibly frustrated and took to mocking the crowd before him.",
            "\"Only do that if you want to win,\" Mr Trump said of supporting him for president. \"If you want to lose, don't do that. Keep getting your 3% every four years.\"",
            "Libertarians have typically earned around 3% of the popular vote in past US presidential elections. ",
            "But with such a close race between Mr Trump and President Joe Biden, allies of both candidates have expressed concern about third-party threats, including that of independent candidate Robert F Kennedy Jr, who gave his own Libertarian convention speech on Friday. ",
            "Arielle Shack, a Libertarian voter, said she had travelled to the convention from New Jersey to show her opposition to allowing Mr Kennedy and Mr Trump to speak.",
            "\"We don't want people that are not Libertarians here. If they don't have our principles, we're not going to vote for them,\" Shack told the BBC's news partner CBS. ",
            "Michael Reeves, a Libertarian delegate from Daphne, Alabama said he was \"disappointed\" by Mr Trump's first term in the White House.",
            "\"I thought he had an opportunity to really make some changes in DC, and he didn't,\" Mr Reeves said. \"The best we can say is that he didn't start any new wars, and that's a pretty low bar.\"",
            "He added that both Democrats and Republicans are moving the country towards a \"more collectivist and authoritarian state\"."
        ]
    },
    "https://www.bbc.com/sport/golf/articles/cqee42ylv52o": {
        "link": "https://www.bbc.com/sport/golf/articles/cqee42ylv52o",
        "subtitle": "Scottie Scheffler says he is \"tired and ready to get home\" after being charged with assault during the US PGA Championship.",
        "time": null,
        "title": "Scottie Scheffler 'fairly tired' in wake of assault charge at US PGA Championship - BBC Sport",
        "topics": [],
        "images": [
            "https://ichef.bbci.co.uk/news/2048/cpsprodpb/65d4/live/5355dab0-168d-11ef-b7cf-399530b43793.jpg"
        ],
        "videos": [],
        "author": "",
        "text": [
            "Scottie Scheffler said he was \"fairly tired and ready to get home\" after a \"hectic\" weekend which included him being arrested in the middle of the US PGA Championship.",
            "The American was still able to finish the tournament on 13 under, eight shots off winner Xander Schauffele, and faces a court appearance on Tuesday after being charged with assaulting a police officer outside Valhalla Golf Club hours before his second round.",
            "Scheffler was charged with second-degree assault, third-degree criminal mischief, reckless driving and disregarding traffic signals from an officer.",
            "The 27-year-old said the incident was a \"big misunderstanding\", while his lawyer said \"multiple eyewitnesses confirmed that he [Scheffler] did not do anything wrong but was simply proceeding as directed\". ",
            "\"I typically try to keep the off-course life as quiet as possible, and this week obviously was not that way, so was a bit different in that sense,\" said the world number one following his final round.",
            "Scheffler had arrived at the US PGA Championship following some time off to be with his wife Meredith, who gave birth to their first child on 8 May.",
            "After a strong opening round, he was then arrested and charged after the incident on Friday morning.",
            "Ultimately, a wayward display on Saturday cost him a shot at the title, as Scheffler shot over par for the first time in 2024.",
            "He looked back to his normal self in an outstanding final round which included seven birdies.",
            "\"I think 'hectic' would probably be a good description,\" Scheffler said when asked to reflect on his week.",
            "\"I did my best to leave that [assault charge] behind me and come out here and compete and do what I love, and the support I got from the fans was amazing.",
            "\"I think they were cheering extra loud for me this week, and I got a lot of support from the players and caddies as well.\"",
            "Scheffler is in the field for a tournament starting in Texas on 23 May. ",
            "\"I think it's all up in the air. I'm not really sure what the next days have in store,\" he said.",
            "\"I think I'm able to get home tonight, but we'll see when I leave here. I haven't really had much chance to assess the situation off the course.",
            "\"As of now I'm planning to play next week. As far as the off-the-course stuff goes, I'm not really sure.\""
        ]
    },
    "https://www.bbc.com/news/uk-england-derbyshire-68970785": {
        "link": "https://www.bbc.com/news/uk-england-derbyshire-68970785",
        "subtitle": "Donald Rose, aged 109, served in the war on the front line.",
        "time": null,
        "title": "Watch: Spitfire flypast for UK's oldest WW2 veteran",
        "topics": [],
        "images": [],
        "videos": [],
        "author": "",
        "text": []
    },
    "https://www.bbc.com/sport/cricket/articles/cne93vemvreo": {
        "link": "https://www.bbc.com/sport/cricket/articles/cne93vemvreo",
        "subtitle": "Look at who each of the 20 teams involved in the 2024 Men's T20 World Cup have named in their squads.",
        "time": "2024-05-26T18:46:05.710056",
        "title": "T20 World Cup 2024: Full squads including England, India & Australia - BBC Sport",
        "topics": [],
        "images": [
            "https://ichef.bbci.co.uk/news/2048/cpsprodpb/cefd/live/c6f148d0-1e60-11ef-80aa-699d54c46324.jpg"
        ],
        "videos": [],
        "author": "",
        "text": [
            "All sides had to provide the International Cricket Council (ICC) with a provisional 15-man squad for the 2024 Men's T20 World Cup by 1 May.",
            "Changes can be made until 25 May, with alterations after that needing to be ratified by the ICC technical committee. ",
            "Canada",
            "Saad Bin Zafar (captain), Aaron Johnson, Dilon Heyliger, Dilpreet Bajwa, Harsh Thaker, Jeremy Gordon, Junaid Siddiqui, Kaleem Sana, Kanwarpal Tathgur, Navneet Dhaliwal, Nicholas Kirton, Pargat Singh, Ravinderpal Singh, Rayyankhan Pathan, Shreyas Movva. ",
            "Reserves: Tajinder Singh, Aaditya Varadharajan, Ammar Khalid, Jatinder Matharu, Parveen Kumar.",
            "India",
            "Rohit Sharma (captain), Yashasvi Jaiswal, Virat Kohli, Suryakumar Yadav, Rishabh Pant, Sanju Samson, Hardik Pandya, Shivam Dube, Ravindra Jadeja, Axar Patel, Kuldeep Yadav, Yuzvendra Chahal, Arshdeep Singh, Jasprit Bumrah, Mohammed Siraj. ",
            "Reserves: Shubman Gill, Rinku Singh, Khaleel Ahmed and Avesh Khan.",
            "Pant to make India return at T20 World Cup",
            "Ireland",
            "Paul Stirling (captain), Mark Adair, Ross Adair, Andrew Balbirnie, Curtis Campher, Gareth Delany, George Dockrell, Graham Hume, Josh Little, Barry McCarthy, Neil Rock, Harry Tector, Lorcan Tucker, Ben White, Craig Young.",
            "Adair named in Ireland's squad for T20 World Cup",
            "Pakistan",
            "Babar Azam (captain), Abrar Ahmed, Azam Khan, Fakhar Zaman, Haris Rauf, Iftikhar Ahmed, Imad Wasim, Mohammad Abbas Afridi, Mohammad Amir, Mohammad Rizwan, Naseem Shah, Saim Ayub, Shadab Khan, Shaheen Afridi, Usman Khan.",
            "United States",
            "Monank Patel (captain), Aaron Jones, Steven Taylor, Corey Anderson, Saurabh Netravalkar, Jessy Singh, Harmeet Singh, Nosthush Kenjige, Shadley Van Schalkwyk, Nitish Kumar, Andries Gous, Shayan Jahangir, Ali Khan, Nisarg Patel, Milind Kumar.",
            "Reserves: Gajanand Singh, Juanoy Drysdale, Yasir Mohammad.",
            "Ex-New Zealand all-rounder Anderson in USA World Cup squad",
            "Australia",
            "Mitchell Marsh (captain), Ashton Agar, Pat Cummins, Tim David, Nathan Ellis, Cameron Green, Josh Hazlewood, Travis Head, Josh Inglis, Glenn Maxwell, Mitchell Starc, Marcus Stoinis, Matthew Wade, David Warner, Adam Zampa.",
            "Reserves: Jake Fraser-McGurk, Matt Short.",
            "Smith left out of Australia's T20 World Cup squad",
            "England",
            "Jos Buttler (captain), Moeen Ali, Jofra Archer, Jonny Bairstow, Harry Brook, Sam Curran, Ben Duckett, Tom Hartley, Will Jacks, Chris Jordan, Liam Livingstone, Adil Rashid, Phil Salt, Reece Topley, Mark Wood.",
            "Archer named in England's T20 World Cup squad",
            "Namibia",
            "Gerhard Erasmus (captain), Zane Green, Michael Van Lingen, Dylan Leicher, Ruben Trumpelmann, Jack Brassell, Ben Shikongo, Tangeni Lungameni, Niko Davin, JJ Smit, Jan Frylinck, JP Kotze, David Wiese, Bernard Scholtz, Malan Kruger, PD Blignaut.",
            "Oman",
            "Aqib Ilyas (captain), Zeeshan Maqsood, Kashyap Prajapati, Pratik Athavale, Ayaan Khan, Shoaib Khan, Mohammad Nadeem, Naseem Khushi, Mehran Khan, Bilal Khan, Rafiullah, Kaleemullah, Fayyaz Butt, Shakeel Ahmad. ",
            "Reserves: Jatinder Singh, Samay Shrivastava, Sufyan Mehmood, Jay Odedra.",
            "Scotland",
            "Richie Berrington (captain), Matthew Cross, Brad Currie, Chris Greaves, Oli Hairs, Jack Jarvis, Michael Jones, Michael Leask, Brandon McMullen, George Munsey, Safyaan Sharif, Chris Sole, Charlie Tear, Mark Watt, Brad Wheal.",
            "Jones and Wheal named in Scotland's World Cup squad",
            "Afghanistan",
            "Rashid Khan (captain), Noor Ahmad, Fazalhaq Farooqi, Rahmanullah Gurbaz, Naveen-ul-Haq, Mohammad Ishaq, Karim Janat, Nangyal Kharoti, Fareed Ahmad Malik, Gulbadin Naib, Mohammad Nabi, Azmatullah Omarzai, Mujeeb Ur Rahman, Ibrahim Zadran, Najibullah Zadran.",
            "Reserves: Sediq Atal, Hazratullah Zazai, Saleem Safi.",
            "New Zealand",
            "Kane Williamson (captain), Finn Allen, Trent Boult, Michael Bracewell, Mark Chapman, Devon Conway, Lockie Ferguson, Matt Henry, Daryl Mitchell, Jimmy Neesham, Glenn Phillips, Rachin Ravindra, Mitchell Santner, Ish Sodhi, Tim Southee. ",
            "Reserve: Ben Sears. ",
            "Papua New Guinea",
            "Assadollah Vala (captain), CJ Amini, Alei Nao, Chad Soper, Hila Vare, Hiri Hiri, Jack Gardner, John Kariko, Kabua Vagi Morea, Kipling Doriga, Lega Siaka, Norman Vanua, Sema Kamea, Sese Bau, Tony Ura.",
            "Uganda",
            "Brian Masaba (captain), Simon Ssesazi, Roger Mukasa, Cosmas Kyewuta, Dinesh Nakrani, Fred Achelam, Kenneth Waiswa, Alpesh Ramjani, Frank Nsubuga, Henry Ssenyondo, Bilal Hassun, Robinson Obuya, Riazat Ali Shah, Juma Miyaji, Ronak Patel.",
            "Reserves: Innocent Mwebaze, Ronald Lutaaya",
            "West Indies",
            "Rovman Powell (captain), Alzarri Joseph, Johnson Charles, Roston Chase, Shimron Hetmyer, Shai Hope, Akeal Hosein, Shamar Joseph, Brandon King, Obed McCoy, Gudakesh Motie, Nicholas Pooran, Andre Russell, Sherfane Rutherford, Romario Shepherd. ",
            "Reserves: Kyle Mayers, Matthew Forde, Fabian Allen, Hayden Walsh, and Andre Fletcher",
            "Bangladesh",
            "Najmul Hossain Shanto (captain), Taskin Ahmed, Litton Das, Soumya Sarkar, Tanzid Hasan Tamim, Shakib Al Hasan, Tawhid Hridoy, Mahmudullah, Jaker Ali Anik, Tanvir Islam, Mahedi Hasan, Rishad Hossain, Mustafizur Rahman, Shoriful Islam, Tanzim Hasan Sakib. ",
            "Reserves: Afif Hossain, Hasan Mahmud.",
            "Nepal",
            "Rohit Paudel (captain), Aasif Sheikh, Anil Kumar Sah, Kushal Bhurtel, Kushal Malla, Dipendra Singh Airee, Lalit Rajbanshi, Karan KC, Gulshan Jha, Sompal Kami, Pratis GC, Sundeep Jora, Abinash Bohara, Sagar Dhakal, Kamal Singh Airee.",
            "Netherlands",
            "Scott Edwards (captain), Aryan Dutt, Bas de Leede, Saqib Zulfiqar, Kyle Klein, Logan van Beek, Max O\u2019Dowd, Michael Levitt, Paul van Meekeren, Sybrand Engelbrecht, \u2060\u2060Teja Nidamanuru, Tim Pringle, Vikram Singh, Viv Kingma, Wesley Barresi.",
            "* Kyle Klein replaced Fred Klaasen and Saqib Zulfiqar came in for Daniel Doram on 22 May. Ryan Klein is a reserve as a result of Kyle Klein's move into the main squad.",
            "South Africa",
            "Aiden Markram (captain), Ottniel Baartman, Gerald Coetzee, Quinton de Kock, Bjorn Fortuin, Reeza Hendricks, Marco Jansen, Heinrich Klaasen, Keshav Maharaj, David Miller, Anrich Nortje, Kagiso Rabada, Ryan Rickelton, Tabraiz Shamsi, Tristan Stubbs. ",
            "Reserves: Nandre Burger and Lungi Ngidi.",
            "Sri Lanka",
            "Wanindu Hasaranga (captain), Charith Asalanka (vc), Kusal Mendis, Pathum Nissanka, Kamindu Mendis, Sadeera Samarawickrama, Angelo Mathews, Dasun Shanaka, Dhananjaya De Silva, Maheesh Theekshana, Dunith Wellalage, Dushmantha Chameera, Nuwan Thushara, Matheesha Pathirana, and Dilshan Madushanka",
            "Reserves: Asitha Fernando, Vijayakanth Viyaskanth, Bhanuka Rajapaksa, and Janith Liyanage."
        ]
    },
    "https://www.bbc.com/news/world-europe-68994906": {
        "link": "https://www.bbc.com/news/world-europe-68994906",
        "subtitle": "The Northern Lights, also known as aurora borealis, have been seen lighting up the night sky over Europe.",
        "time": null,
        "title": "Solar storm sparks Northern Lights spectacle",
        "topics": [],
        "images": [],
        "videos": [],
        "author": "",
        "text": []
    },
    "https://www.bbc.com/news/uk-england-devon-68965544": {
        "link": "https://www.bbc.com/news/uk-england-devon-68965544",
        "subtitle": "Gun salutes took place across the country, one year after King Charles III was crowned.",
        "time": null,
        "title": "Devon marks King Charles III coronation anniversary with 21-gun salute",
        "topics": [
            "Plymouth",
            "King Charles III"
        ],
        "images": [
            "https://ichef.bbci.co.uk/news/480/cpsprodpb/423D/production/_133275961_de25.jpg.webp",
            "https://ichef.bbci.co.uk/news/480/cpsprodpb/17BE/production/_92787060_line2.gif.webp"
        ],
        "videos": [],
        "author": "",
        "text": [
            "A 21-gun salute took place at HMS Drake in Plymouth to commemorate Coronation Day.",
            "The salute happened at 12:00 BST, a year on from when King Charles III was crowned.",
            "Gun salutes took place across the country.",
            "Chief Petty Officer Craig Brook-Hewitt, who is chief of the guard at HMS Drake, said it was \"an honour\" to be a part of the event.",
            "He said: \"It's a big celebration, 21 guns, it's not just us, we're the primary saluting station in the south west... you have all over the country doing this, 21-gun salute at dead on 12 o'clock today.\"",
            "CPO Brook-Hewitt said the salute took \"roughly just under a minute\".",
            "Follow BBC Devon on X (formerly Twitter), Facebook and Instagram. Send your story ideas to spotlight@bbc.co.uk."
        ]
    },
    "https://www.bbc.com/news/articles/c0ddv4427y3o": {
        "link": "https://www.bbc.com/news/articles/c0ddv4427y3o",
        "subtitle": "George RR Martin confirms a new Game of Thrones spin off will be filmed in Belfast.",
        "time": "2024-05-24T18:46:58.295886",
        "title": "Game of Thrones: New series will be filmed in Belfast",
        "topics": [
            "Belfast",
            "Game of Thrones",
            "Northern Ireland"
        ],
        "images": [
            "https://ichef.bbci.co.uk/news/480/cpsprodpb/a00e/live/586381b0-19c6-11ef-a3f4-f1cabba3030d.jpg.webp",
            "https://ichef.bbci.co.uk/news/480/cpsprodpb/b279/live/02c87330-19b9-11ef-a841-ab8ed6d4cee2.jpg.webp",
            "https://ichef.bbci.co.uk/news/480/cpsprodpb/1413/live/d4ecb8b0-19c5-11ef-a3f4-f1cabba3030d.jpg.webp",
            "https://ichef.bbci.co.uk/news/480/cpsprodpb/df3b/live/fca5fc90-19bb-11ef-a841-ab8ed6d4cee2.jpg.webp"
        ],
        "videos": [],
        "author": "Abigail Taylor,",
        "text": [
            "Fans of fantasy show, Game of Thrones, are celebrating as the latest spin off show, A Knight of the Seven Kingdoms, will be filmed in Belfast.",
            "It is set to begin filming at Titanic Studios in the next few weeks with author George RR Martin expected to make a visit to the site in July.",
            "The news was being kept \"under the radar\" as cast and crew were being assembled for the new shoot, one tour manager said.",
            "The first eight seasons of Game of Thrones were filmed in the Belfast based studios and across Northern Ireland.",
            "Robert Dowling, owner of 'Game of Thrones Tours', added: \"We had learned about it a few months ago, it\u2019s been quite secretive.",
            "\"All of our guides were extras in the original and they knew a fantasy project would take place after 'How To Train Your Dragon'.\"",
            "He said costume and prop designers who had previously worked on Game of Thrones \"have been brought back to work on the new project\".",
            "The author confirmed in a blog post that three seasons have been written for the upcoming series, although they will be shorter than both Game of Thrones and House of the Dragon.",
            "Mr Dowling said: \"Fans were disappointed that Belfast did not get 'House of the Dragon', but this announcement confirms that the city is the home of the Thrones franchise.\"",
            "The stories are set 90 years before the events in Game of Thrones. ",
            "The show will debut in 2025, with actor Peter Claffey cast as lead character, Ser Duncan.",
            "Super fan Richard Hodgen, who was an extra in the original series, said it was \"fantastic\" to see the franchise returning to Northern Ireland.",
            "\"With House of the Dragon seeing such great success now heading into its second season, it's wonderful to see production return to Belfast to continue building on the story.",
            "\"Northern Ireland has always been something of a spiritual home to \"A song of Ice and Fire\" so the local fans of the show are all ecstatic,\" Mr Hodgen said.",
            "\"Northern Ireland is 'The North, the REAL North'.\"",
            "\"We are expecting a new wave of excitement in Belfast and across Northern Ireland,\" Mr Dowling said.",
            "British director, Owen Harris, will direct three out of six episodes for the first season, The Hedge Knight.",
            "The author said, The Sworn Sword and The Mystery Knight will follow, \"if it does well\"."
        ]
    },
    "https://www.bbc.com/news/uk-politics-68951383": {
        "link": "https://www.bbc.com/news/uk-politics-68951383",
        "subtitle": "Jonathan Gullis was challenged as local election results began to show a bad night for the Tories.",
        "time": null,
        "title": "'You'd be toast' - Tory MP ribbed over election results",
        "topics": [],
        "images": [],
        "videos": [],
        "author": "",
        "text": []
    }
}