{
    "https://www.bbc.com/news/articles/ce7rjrkg2jeo": {
        "link": "https://www.bbc.com/news/articles/ce7rjrkg2jeo",
        "subtitle": "The City of Derry Jazz festival is one of the city's biggest and most popular annual events with around 80,000 people enjoying events over the bank holiday weekend.",
        "time": null,
        "title": "In pictures: City of Derry Jazz and Big Band Festival 2024",
        "topics": [
            "Londonderry-Derry",
            "Foyle and West",
            "Music"
        ],
        "images": [],
        "videos": [],
        "author": "",
        "text": [
            "Organisers of Northern Ireland\u2019s biggest jazz festival say more than 80,000 music lovers have enjoyed events in Londonderry over the bank holiday weekend.",
            "The City of Derry Jazz Festival draws to a close later on Monday.",
            "There have been more than 450 live performances across 72 venues in the city over the five-day festival run.",
            "Jazz festival coordinator Andrea Campbell said this year\u2019s festival had a greater international presence than previous years.",
            "\u201cWe had our first band from South Korea this year and we have seen a big uptick in people from that area interested in the festival, so we just seem to be spreading  further and further across the globe.\"",
            "She added: \u201cSeeing everyone out dancing and little pockets around the city that become a stage and everyone just gravitates towards the music, it\u2019s just great to see.\"",
            "On Saturday, almost 2,000 people performed Rock the Boat on Shipquay Street.",
            "Derry City and Strabane District Council say the total of 1,888 participants is the most people ever to perform the dance in one place and at one time.",
            "However, Saturday's event is not being put forward for official world record verification by Guinness. ",
            "\u201cWe were actually overwhelmed at one stage at the registrations, there were that many people coming in,\u201d organiser Noel McMonagle told BBC Radio Foyle\u2019s North West Today programme.",
            "\u201cI have been involved in events for a long, long time in this city and there was something special on Saturday,\u201d he said."
        ]
    },
    "https://www.bbc.com/news/articles/cz74x69d1g8o": {
        "link": "https://www.bbc.com/news/articles/cz74x69d1g8o",
        "subtitle": "South West Water is now planning a smaller desalination plant in Par to open in 2024.",
        "time": null,
        "title": "South West Water plans for smaller Par desalination plant in 2024",
        "topics": [
            "Cornwall"
        ],
        "images": [
            "https://ichef.bbci.co.uk/news/480/cpsprodpb/bf2e/live/53443920-0af5-11ef-8903-6fd5d1e79cfa.jpg.webp"
        ],
        "videos": [],
        "author": "Lisa Young,",
        "text": [
            "South West Water plans to deliver a smaller than planned desalination plant in Cornwall later in 2024.",
            "In 2023, plans were announced to build a large plant at Par.",
            "Now, it plans to create a smaller desalination plant in Par, using existing infrastructure, to \"avoid any impact to the marine environment\".",
            "The company said this plan would give it more time to develop its application for a larger desalination plant. The plans are part of a \u00a3125m project to increase water resources in the region.",
            "The company said: \"Focussing on the pressing need to secure resilient water supplies, South West Water will deliver a smaller plant later this year... ",
            "\"This plant will be capable of producing between 2.5 and 5 million litres of clean drinking water each day when needed, and will allow more time to develop the application for a larger desalination plant.\"",
            "It added the larger desalination plant would \"replace the smaller one and reuse as much of the existing infrastructure as possible to produce up to 20 million litres of drinking water daily, as previously announced by the company\".",
            "David Harris, drought and resilience director of South West Water, said: \"Desalination is one important step in a wider programme of work we are delivering to ensure resilient supplies across our region in the face of a changing climate.\"",
            "Having received criticism from residents and conservation groups, Mr Harris said: \"We share the passion that many locals have shown to protect the sensitive marine environment in St Austell Bay. ",
            "\"Taking more time to fully understand this environment will allow us to enhance our proposals and be sure that we are doing everything we can to minimise any impact we have to marine habitats. We have been developing our plans to be consistent with other proposals for development for the area.\u201d",
            "South West Water said it was \"working in consultation with stakeholders and regulators to complete further environmental surveys to support its planning application for the second phase\".",
            "It said further public meetings with residents would be held later in 2024.",
            "Follow BBC Cornwall on X (formerly Twitter), Facebook and Instagram. Send your story ideas to spotlight@bbc.co.uk."
        ]
    },
    "https://www.bbc.com/sport/football/videos/cl55djz745eo": {
        "link": "https://www.bbc.com/sport/football/videos/cl55djz745eo",
        "subtitle": "Despite Gary Neville's red card Man Utd beat local rivals Man City in the FA Cup fifth round in 2004.",
        "time": "2024-05-22T10:12:40.422972",
        "title": "FA Cup archive: Man Utd 4-2 Man City, fifth round 2004 - BBC Sport",
        "topics": [],
        "images": [],
        "videos": [],
        "author": "",
        "text": []
    },
    "https://www.bbc.com/news/articles/c844g02nl18o": {
        "link": "https://www.bbc.com/news/articles/c844g02nl18o",
        "subtitle": "Tzachi Hanegbi also says Israel now controls 75% of the buffer zone along the Gaza-Egypt border.",
        "time": "2024-05-29T18:12:54.550129",
        "title": "Israel expects Gaza war to continue for seven months, says PM's adviser",
        "topics": [
            "Israel-Gaza war",
            "Israel",
            "Palestinian territories",
            "Hamas"
        ],
        "images": [
            "https://ichef.bbci.co.uk/news/480/cpsprodpb/c8db/live/830fea90-1db1-11ef-acc8-81cdbe1fe7bd.jpg.webp",
            "/bbcx/grey-placeholder.png",
            "/bbcx/grey-placeholder.png"
        ],
        "videos": [],
        "author": "David Gritten,",
        "text": [
            "A senior Israeli official has said he expects the war against Hamas in Gaza to continue for at least the rest of this year.",
            "\"The fighting in Gaza will continue for at least another seven months,\u201d the prime minister\u2019s national security adviser, Tzachi Hanegbi, told Israel's Kan public radio.",
            "He also said Israel\u2019s military had taken control of 75% of the buffer zone along the Gaza-Egypt border, as it pressed ahead with an assault on the southern city of Rafah.",
            "Residents of Rafah meanwhile reported that there had been more Israeli air strikes and that tanks had mounted raids in central and western areas before retreating.",
            "A senior World Health Organization (WHO) official also warned that Rafah\u2019s last hospital was barely functional and that a \"full incursion\" by Israeli troops could lead to its closure and a \"substantial\" number of deaths.",
            "The Israel Defense Forces (IDF) said on Tuesday that troops were operating in a \u201cvery targeted\u201d way against Hamas\u2019s remaining battalions in Rafah, from which more than one million Palestinians have fled over the past three weeks.",
            "The US government also said it did not believe \u201ca major ground operation\u201d was under way, which could trigger a change in its policy on military aid to Israel.",
            "Israel has insisted that it must take Rafah to achieve victory in the war triggered by Hamas\u2019s unprecedented attack on the country on 7 October, during which about 1,200 people were killed and 252 others were taken hostage.",
            "At least 36,170 people have been killed across Gaza since the start of the conflict, according to the Hamas-run health ministry.",
            "Mr Hanegbi - seen as a close confidant of Israeli Prime Minister Benjamin Netanyahu - told Kan that he was expecting another seven months of conflict \"in order to fortify our achievement and what we define as the destruction of the governmental and military capabilities of Hamas and [Palestinian] Islamic Jihad\".",
            "That suggestion will worry many in Israel and outside.",
            "There has been growing international pressure on Israeli leaders to outline a full strategy to end the fighting and a convincing post-war vision for the Palestinian territory.",
            "US Secretary of State Antony Blinken later said it was imperative that Israel formulate a post-war plan as soon as possible if it wanted to ensure Hamas's lasting defeat.",
            "\u201cIn the absence of a plan for the day after, there won't be a day after,\u201d he told reporters on a visit to Moldova.",
            "In his interview, Mr Hanegbi also suggested that Israel would soon take full control of the Philadelphi Corridor - a buffer zone, only about 100m (330ft) deep in parts, which runs along the Gaza side of the 13km (8-mile) border with Egypt.",
            "\"Inside Gaza, the IDF is now in control of 75% of the Philadelphi Corridor and I believe it will be in control of it all with time,\u201d he said.",
            "The plan, he added, was to work with the Egyptians to \u201censure weapon smuggling is prevented\u201d.",
            "Egypt has denied weapons are still being smuggled under the border. But the IDF said on Tuesday that it was demolishing tunnels that led to the Sinai peninsula.",
            "Residents have said that troops have seized about 9km of the Philadelphi Corridor, including the Rafah border crossing, since the start of the ground operation in Rafah on 6 May.",
            "The troops have also gradually pushed into built-up neighbourhoods of Rafah city from the east and south, and reportedly reached the central al-Awda roundabout on Tuesday.",
            "On Wednesday, residents told Reuters news agency that tanks advanced into western Tal al-Sultan and central Yibna and Shaboura areas before pulling back towards positions on the border.",
            "The IDF also announced that three Israeli soldiers were killed in combat in Rafah on Tuesday.",
            "Sam Rose of the UN agency for Palestinian refugees (Unrwa), who is in western Rafah, told the BBC that \u201cmost people are now packing up and leaving\u201d.",
            "\u201cI was on the road this morning and so were many, many others. It seems that even though the operation, the Israeli troops, haven't reached this far west of Rafah yet, people have taken the signs... that it's time for them to leave,\u201d he said.",
            "\u201cA lot of anxiety, a lot of fear in the air. The Rafah chapter of this conflict, which we hoped wouldn't be upon us, is now under way.\"",
            "Meanwhile, Gaza\u2019s Hamas-run health ministry warned the Israeli bombardment of Rafah was making it increasingly difficult for patients and health teams to reach the Emirati maternity hospital in Tal al-Sultan.",
            "It came a day after the WHO said the hospital was barely functional and could no longer accept patients.",
            "\u201cIf the incursion would continue, we would lose that last hospital in Rafah,\u201d Dr Rik Peeperkorn, the agency\u2019s representative for Gaza and the occupied West Bank, warned in an interview with Reuters and AFP news agencies in Geneva.",
            "With the European Gaza Hospital in the city of Khan Younis inaccessible because of Israeli evacuation orders and fighting on the ground, the estimated 1.9 million people in southern Gaza would be left \u201cdependent on a string of field hospitals along the coast\u201d, he said.",
            "Dr Peeperkorn said there was a contingency plan to refer patients to al-Aqsa hospital in the central town of Deir al-Balah and to restore services to two other hospitals in Khan Younis which were raided by Israeli forces. But, he added, if there was a \u201cfull incursion\u201d, the plan would \u201cnot prevent what we expect [to be] substantial additional mortality and morbidity\u201d.",
            "All the field hospitals still functioning in the Rafah area are overwhelmed by casualties and undersupplied, according to the WHO.",
            "The Palestine Red Crescent Society (PRCS) said on Wednesday that it had evacuated the al-Quds field hospital in al-Mawasi, a coastal area just to the north-west of Rafah.",
            "\u201cThis action was taken due to the increased threat level from the Israeli occupation, continued artillery and air bombardments in its vicinity, and the complete evacuation of residents from the surrounding area,\u201d a statement explained.",
            "On Tuesday, Gaza\u2019s health ministry said six other medical facilities in Rafah - al-Najjar hospital, the Kuwaiti Specialist hospital, the two Rafah field hospitals, the Indonesian field hospital, and the Abu al-Walid Central Clinic - had been forced out of service.",
            "Al-Najjar hospital, Rafah\u2019s largest, was evacuated at the start of the Israeli operation, while the Medical Aid for Palestinians (MAP) said the smaller Kuwaiti hospital closed \u201cafter an Israeli tank attack outside the hospital killed two medical staff\u201d on Monday.",
            "Separately, WHO spokeswoman Dr Margaret Harris said the casualties from an Israeli air strike and resulting fire at a camp for displaced people in the Tal al-Sultan on Sunday had \u201cabsolutely overwhelmed\u201d field hospitals in southern Gaza.",
            "The health ministry said at least 45 people were killed in the incident. Hundreds more were treated for severe burns, fractures and shrapnel wounds.",
            "IDF spokesman Rear Adm Hagari said on Tuesday that aircraft had targeted two senior Hamas officials inside a structure that was away from any tents, using \u201ctwo munitions with small warheads\u201d.",
            "\u201cOur munitions alone could not have ignited a fire of this size,\u201d he said, adding that the military was looking into the possibility that weapons stored by Hamas nearby could have caused a secondary explosion.",
            "Mr Blinken said he was unable to verify US media reports that US-made GBU-39 guided bombs were used in the strike, which he described as \"horrific\".",
            "On Tuesday, Palestinians accused Israel of shelling tents at al-Mawasi, where it had advised civilians in Rafah to go for safety. But the IDF said it \u201cdid not strike in the humanitarian area in al-Mawasi\u201d.",
            "A displaced man from Zeitoun in northern Gaza, who asked not to be named, told BBC Arabic\u2019s Gaza Today programme that 18 members of his family were among the 21 reported killed.",
            "\u201cI was in the company of one of my relatives, whom I left for a while and went to perform my prayers,\u201d he said while trying to identify the bodies. \u201cWhen I returned, I found that he was martyred.\u201d",
            "\u201cI don't know why all this is happening to us? We are human beings of flesh and blood... Eighteen innocent people lost their lives in seconds.\u201d",
            "Last week, the International Court of Justice (ICJ) ordered Israel to \u201cimmediately halt its military offensive, and any other action in the Rafah Governorate, which may inflict on the Palestinian group in Gaza conditions of life that could bring about its physical destruction in whole or in part\u201d."
        ]
    },
    "https://www.bbc.com/news/world-us-canada-68966016": {
        "link": "https://www.bbc.com/news/world-us-canada-68966016",
        "subtitle": "A short story by British author JG Ballard serves as the annual fashion extravaganza's latest theme.",
        "time": null,
        "title": "Met Gala 2024: What's the theme, how to watch and how much does a ticket cost?",
        "topics": [
            "New York City",
            "Met Gala",
            "United States",
            "Fashion"
        ],
        "images": [
            "https://ichef.bbci.co.uk/news/480/cpsprodpb/C19F/production/_133276594_gettyimages-1395079595.jpg.webp",
            "https://ichef.bbci.co.uk/news/480/cpsprodpb/16DED/production/_133277639_gettyimages-955766326.jpg.webp",
            "https://ichef.bbci.co.uk/news/480/cpsprodpb/255F/production/_133276590_gettyimages-1771420228.jpg.webp",
            "/bbcx/grey-placeholder.png",
            "/bbcx/grey-placeholder.png"
        ],
        "videos": [],
        "author": "By Sam Cabral,",
        "text": [
            "A-listers have been sashaying down the red carpet for fashion's biggest night out - the Met Gala.",
            "Actors, musicians and business magnates are among those dressing to impress at the Metropolitan Museum of Art fundraiser in New York City.",
            "The 2024 edition of the black-tie extravaganza is inspired by The Garden of Time, a short story by the British New Wave sci-fi author JG Ballard.",
            "The annual gala raises money for the museum's Costume Institute.",
            "This year's theme has been chosen to complement the Costume Institute's forthcoming exhibit Sleeping Beauties: Reawakening Fashion.",
            "The BBC didn't get a ticket either - but here's a quick guide to the event.",
            "Those outside of fashion's inner sanctum never get to see the private cocktail and dinner events that comprise this multimillion-dollar fundraiser.",
            "But fashion critics everywhere do get to watch their favourite actors, artistes and influencers walk a lengthy red carpet.",
            "Guests began arriving at the Met and walking up the iconic New York landmark's grand staircase to the click of a thousand cameras from 18:00 EST (22:00 GMT).",
            "But expect late arrivals - we're looking at you, Rihanna.",
            "Fashion magazine Vogue, which organises the event, is exclusively livestreaming the red carpet on its website and all of its digital platforms. Streams are also available to US viewers on NBC's Peacock streaming platform and E!.",
            "International viewers can tune in via TikTok, YouTube, Instagram and X.",
            "You can follow the BBC's live blog for updates.",
            "The gala and its explosion in popularity has been overseen by Vogue's global editorial director Anna Wintour.",
            "The Met Gala's theme often serves as a prelude to the Costume Institute's spring 2024 exhibition - and this year is no different.",
            "The exhibit - Sleeping Beauties: Reawakening Fashion - uses technology to \"breathe new life\" into garments from the Met's archives so fragile they can no longer be worn and must remain under glass.",
            "Artificial intelligence, computer-generated imagery, X-rays and soundscapes will be used in \"creative and immersive activations designed to convey the smells, sounds, textures, and motions\" of these items, according to the museum's website.",
            "The dress code for Monday's red carpet is The Garden of Time, which shares its name with a dystopian tale written in 1962 by JG Ballard, in which the last bastion of the super-rich is overrun by a working-class mob of the \"great unwashed\".",
            "Commentators are calling it an exploration of rebirth and renewal, and of humanity's tendency towards cycles of creation and destruction.",
            "For an event that celebrates affluence and excess in an age of economic uncertainty and global volatility, the theme may sound a little on the nose.",
            "The short answer is no. Fashion's biggest night is a cocktail and dinner party for about 400 to 450 invited guests.",
            "Wealthy celebrities and brands snap up all the available tickets and tables at the charity benefit.",
            "An individual ticket goes for around $75,000 (\u00a360,000), more than the average down payment on a house.",
            "A 10-seat table starts at $350,000.",
            "In 1995, Ms Wintour's first year overseeing the event, a ticket cost just $1,000.",
            "The gala raised about $22m last year, when its theme paid tribute to late design legend Karl Lagerfeld.",
            "Ms Wintour has recruited four big names to serve as co-chairs at this year's event.",
            "They are Latino music stars Bad Bunny and Jennifer Lopez, US actress Zendaya and Australian actor Chris Hemsworth, making his debut at the gala. ",
            "Co-chairs help promote the event, plan its theme and dinner, and arrive at the beginning of its red carpet portion.",
            "Serving as honorary chairs are Shou Zi Chew, chief executive officer of TikTok, and Jonathan Anderson, the creative director of the Loewe's fashion house.",
            "TikTok - currently under the threat of a nationwide ban - and Loewe's are also sponsoring the gala and exhibition.",
            "The guest list is always top secret, but several celebrities have already confirmed their attendance.",
            "Rihanna has said she will be there, and we can expect her to be accompanied by her rapper-partner A$AP Rocky.",
            "We can also expect to see J-Lo's significant other, Ben Affleck, as well as Zendaya's man Tom Holland. ",
            "Others to look out for include Ayo Edebiri, Dua Lipa, Emma Stone, Lily Gladstone, Lady Gaga, Kim Kardashian, Kylie Jenner, Kate Moss, Blake Lively, Lil Nas X and Lea Michele.",
            "Power couple Taylor Swift and Travis Kelce are not tipped to attend. Neither is Jared Leto, who often stands out among the male attendees.",
            "Speculation is also rife over the likelihood of appearances by Sean \"Diddy\" Combs, who is facing multiple sexual misconduct lawsuits, and Kendrick Lamar, who is locked in a heated war of words with rival rapper Drake."
        ]
    },
    "https://www.bbc.com/news/articles/crgy7l6er7vo": {
        "link": "https://www.bbc.com/news/articles/crgy7l6er7vo",
        "subtitle": "From novelty numbers to gothic witchcraft and rave throwbacks, this year's Eurovision has it all.",
        "time": null,
        "title": "Eurovision 2024: Your guide to all 37 songs",
        "topics": [
            "Eurovision Song Contest",
            "Malmo",
            "Music",
            "Sweden"
        ],
        "images": [
            "https://ichef.bbci.co.uk/news/480/cpsprodpb/13d6/live/102e8800-0985-11ef-bee9-6125e244a4cd.jpg.webp",
            "https://ichef.bbci.co.uk/news/480/cpsprodpb/be39/live/3bd88280-0985-11ef-82e8-cd354766a224.jpg.webp",
            "https://ichef.bbci.co.uk/news/480/cpsprodpb/7633/live/6f776250-0985-11ef-b9d8-4f52aebe147d.jpg.webp",
            "/bbcx/grey-placeholder.png",
            "/bbcx/grey-placeholder.png",
            "/bbcx/grey-placeholder.png",
            "/bbcx/grey-placeholder.png",
            "/bbcx/grey-placeholder.png"
        ],
        "videos": [],
        "author": "Mark Savage,",
        "text": [
            "Olly Alexander is trapped in a post-apocalyptic boxing gym, aboard a spaceship hurtling towards earth in 1985.",
            "A \u201cgoth gremlin goblin witch\u201d is holding a candlelit s\u00e9ance and summoning the spirit of a minotaur.",
            "Nemo (the singer, not the fish) has skinned a muppet and is cavorting around in its skin, while singing Mozart\u2019s Queen Of The Night.",
            "It can only be the Eurovision Song Contest.",
            "Sometimes I think the competition is out of surprises, an echo chamber of its former glories, then along comes a year like 2024 to prove that (a) Eurovision is as magical and moving and weird and emotional as it\u2019s ever been and (b) I\u2019m an idiot.",
            "After weeks of intensive rehearsals, the action kicks off in Malm\u00f6, Sweden, this Tuesday with the first of two semi-finals.",
            "The winner will be decided on Saturday, 11 May.  To help you prepare, here\u2019s a guide to all 37 songs in the contest \u2013 which I\u2019ve sorted into barely-coherent musical categories, because everyone needs a system.",
            "The success of K\u00e4\u00e4rij\u00e4\u2019s mutant rave-rap anthem Cha Cha Cha at last year\u2019s contest has unlocked something potent.",
            "Everywhere you look in Malm\u00f6, there\u2019s a sense of musical experimentation and outr\u00e9 risqu\u00e9 performance.",
            "Top of the heap is Croatia\u2019s Baby Lasagna, whose ridiculously catchy Rim Tim Tagi Dim is currently the bookmakers' favourite to win.",
            "Loud and aggressive and memorable and fun, it blends elements of rock and techno to tell the story of a farm boy saying goodbye to his milking stool and setting out for the big city.",
            "According to singer Marko Puri\u0161i\u0107, the lyrics are a reference to the brain drain that\u2019s affecting Croatia\u2019s economy.",
            "Another strong contender Switzerland\u2019s Nemo, whose song The Code is a hare-brained hybrid of pop, opera and electro.",
            "Inspired by Nemo\u2019s childhood experience as an opera singer, it uses elements of Bizet\u2019s Carmen and Mozart\u2019s The Magic Flute to explain how they came to terms with their non-binary identity. It\u2019s surprisingly intense.",
            "Finland\u2019s Windows95Man, on the other hand, is trying too hard to stand out, emerging from a giant egg and dancing around in his underpants. But all the antics aren\u2019t enough to distract from the fatally generic Europop of his song, No Rules.",
            "I\u2019m much more enamoured by Joost Klein from the Netherlands who takes a whistle-stop, happy hardcore tour of Europe in the infectiously silly Europapa.",
            "Performed in high-rise shoulderpads, while LED screens project images of currywurst and paella, the song is nonetheless rooted in tragedy.",
            "Joost lost his parents at a young age, and the song reflects that no matter how far he travels, he can\u2019t outrun his grief.",
            "Pull on your dancing trousers, because Eurovision is ready to party.",
            "There are a ton of uptempo dance-pop numbers this year, led (gasp) by the UK\u2019s entrant, Olly Alexander.",
            "Formerly of the pop band Years and Years, his bubbling synthpop anthem, Dizzy, recalls Gloria Gaynor\u2019s I Will Survive by way of The Pet Shop Boys.",
            "Instantly memorable, if a little undercooked, the song has risen to 10th place in the odds after rehearsal footage was released this week, showcasing some memorable choreography and a revamped ending to the song.",
            "But he faces stiff competition, as pop fans are spoilt for choice this year.",
            "Cypriot entrant Silia Kapsis, for example, channels Janet and Britney with her infectiously bombastic song, Liar. Her lyrics could do with some work (\u201cThe only problem in this room is about you\u201d) but the breath-taking dance routine will be popular with voters.",
            "Not to be outdone on the choreography, Malta\u2019s Sarah Bonnici does the splits and a somersault during her performance. But her song, Loop, is paper-thin, and languishes in last place with bookmakers.",
            "By contrast, Spanish duo Nebulossa have already had a viral hit with their song, Zorra. The title translates as both \u201cvixen\u201d and \u201cbitch\u201d and the lyrics are a commentary on the double standards women face. It\u2019s a shimmering piece of 80s candy-pop that\u2019s good enough to eat.",
            "Meanwhile, five-time Eurovision winners Luxembourg are back in the competition for the first time in 31 years, represented by Tali Golergant.",
            "She punches above her weight with Fighter, a vibey, syncopated pop slammer whose chorus sticks in your head like a sausage on a fork.",
            "Looming over the competition like a pop Godzilla is Albanian diva Besa. Her song, Titan, has an appropriately gargantuan hook and a thrilling tempo-switch at the end. ",
            "Her bright blue bodysuit seems to have been inspired by Steps' video for Deeper Shade of Blue. And why not? It's a classic.",
            "Rounding out the field are Iceland\u2019s Hera Bj\u00f6rk with Scared Of Heights and Polish singer Luna with The Tower. ",
            "Both songs are both perfectly accessible, radio-friendly pop \u2013 but I suspect they\u2019ll struggle to survive the semi-finals.",
            "Eurovision wouldn\u2019t be Eurovision without a raven-haired diva over-emoting about her personal struggles, and this year is no exception.",
            "Israel\u2019s Eden Golan has the best of the bunch \u2013 a stirringly emotional piano ballad called Hurricane, in which a woman mourns the end of a love affair.",
            "Originally called October Rain, the song was rewritten at the request of organisers. The initial lyrics were thought to reference the Hamas attacks of 7 October and were rejected for breaking rules on political neutrality.",
            "Golan\u2019s participation is causing controversy, however, amid the Israel-Gaza war, and there are pro-Palestinian marches planned in Malm\u00f6 throughout Eurovision week.",
            "The singer has reportedly been confined to her hotel room outside of rehearsals. Could that affect her performance? Maybe.",
            "Serbia\u2019s song, Ramonda, is another strong contender, with war references of its own. The title refers to the flower that people wear in remembrance of Serbia\u2019s soldiers in World War One, and singer Teya Dora delivers the sorrowful lyrics with a beautifully understated delivery.",
            "Dialling up the histrionics is Slovenian contestant Raiven, whose song Veronika is a bit too piercing for my tastes. ",
            "I prefer In The Middle, by Moldova\u2019s Natalia Barbu. It boasts a catchy Arabian-style post-chorus - but it doesn\u2019t feel like a finalist, either.",
            "Elsewhere, Portugal\u2019s iolanda has submitted the pretty, melodic ballad Grito, which opens with an arresting a capella, but loses direction towards the end.",
            "I don\u2019t know why, but several of this year\u2019s contestants are in thrall to the sounds of Ibiza, circa 1992. Squelchy acid synths and brutally aggressive kick drums are all the rage.",
            "And why not? Eurovision is only one night, but the acts tour the club circuit for the rest of the year. Having a guaranteed floor-filler in your setlist makes good business sense.",
            "Taking it all incredibly literally is Austria\u2019s Kaleen, and her unequivocally titled We Will Rave. With shades of Madonna\u2019s Hung Up and the wordless \u201croma-ah-ah\u201d hooks of Bad Romance, it\u2019s a pulse-quickening banger.",
            "Defending Eurovision champions Sweden are sending chart-topping pop twins Marcus & Martinus to Malm\u00f6 with a squonking, bass-heavy track called Unforgettable.",
            "Their staging is incredible \u2013 full of pulsing LED screens and body-popping choreography \u2013 making them credible contenders.",
            "Another fan favourite is Silvester Belt, whose simmering house track Luktelk (Wait) went straight to number one on Lithuania\u2019s Spotify chart.",
            "A more subdued and moody track, it\u2019s all about someone who appears happy and functional in public while struggling in private. His early rehearsals don\u2019t seem too promising, but the song already has lots of fans.",
            "There\u2019s a refreshing trend this year of countries using ancient musical traditions for inspiration \u2013 producing many of my favourite songs in the line-up.",
            "Top billing goes to Greek singer Marina Satti, whose avant-garde sound collage Zari mixes traditional Greek melodies with tabla drums, a reggaeton beat, broken vocal samples and a solo on an ancient Persian pipe called the Zurna.",
            "\u201cI\u2019m gonna do it my way,\u201d she declares, in the year\u2019s most on-the-nose lyric.",
            "Armenian band Ladaniva are just as ambitious, blending the ethnic music of Armenia, India and the Balkans with a Western \u201ckick ass and take down names later\u201d attitude.",
            "Their song, Jako, is the shortest in the competition but they make it count, putting on one of the most joyous, spirited performances on the Malm\u00f6 stage.",
            "Norwegian folk act G\u00e5te go in the opposite direction, with a dark and gruesome tale of revenge that\u2019s ripped from the pages of the country\u2019s folklore.",
            "The lyrics of Ulveham tell the story of a \u201cfair and sightly maiden\u201d whose evil stepmother banishes her to the forest and curses her with \u201cskin like a grey wolf\u201d. By the end of the song, she\u2019s gone feral - tearing out her stepmother\u2019s heart and drinking her brothers\u2019 blood.",
            "Remind me never to take a picnic in the Norwegian woods.",
            "A less successful hybrid is the combination of didgeridoo and banging house beats on One Milkali by Australian act Electric Fields \u2013 although the song deserves merit for including lyrics in the indigenous language of Yankunytjatjara, the first time a dialect of Australia\u2019s First People will feature at Eurovision.",
            "Azerbaijan\u2019s Fahree also branches out, including traditional Azeri mugham vocals from singer Ilkin Dovlatov on their entry, \u00d6z\u00fcnl\u0259 Apar, but the song has little else to recommend it.",
            "Estonia have more fun, submitting two bands for the price of one, with 5MIINUST x Puuluup.",
            "The latter is a nu-folk act, famous for their skills on the Talharpa, a rare wooden lyre from northern Europe. The former is a hip-hop group, who deliver dense, humorous lyrics about a drugs bust on the song with the longest-ever title at Eurovision: \u201cWe (really) don\u2019t know anything about (these) drugs\u201d.",
            "Finally, we have Italian iconoclast Angelina Mango , who serves up a delectable mix of reggaeton, cumbia and Latin soul on her song La Noia.",
            "The title actually translates as \u201cboredom\u201d but, with its curlicued guitar lines and restlessly evolving melodies, you'd have to be stony of heart to find it less than invigorating. ",
            "I can\u2019t recommend it highly enough.",
            "Lordi and M\u00e5neskin proved that rock has a place at Eurovision, and the tradition continues this year, with three acts clinging onto distortion pedals for dear life.",
            "Most memorable is Ireland\u2019s Bambie Thug, the only singer who\u2019s bringing a screaming coach to Sweden.",
            "The musician describes their sound as \u201cOuija-pop\u201d and, for the uninitiated, that means a blend of gothic electro, angst-ridden pop and screamcore, which has unsettled some conservative critics in their homeland.",
            "Fittingly, their song, Doomsday Blue, is about having your potential overlooked, and the marginalisation of the queer community. It\u2019s an acquired taste, but is the boldest song on this year\u2019s line-up.",
            "San Marino\u2019s Megara bravely match Bambie for intensity, with the stomping electro-rock of their entry 11:11.",
            "Reminiscent of Republica\u2019s Ready To Go, the song is inspired by the knock-backs and rejections the band have suffered on the road to fame.",
            "In the post-chorus, they spell out the phrase M-E-L-A-P-E-L-A (\u201cI don\u2019t care\u201d), adding: \u201cIf you don't love me/ Other people will love me.\u201d Enough said.",
            "And if it's pop-punk you\u2019re after, Czech singer Aiko has you covered. Her track, Pedestal, was co-written by Steve Ansell of the Brighton band Blood Red Shoes, which explains it\u2019s debt to British indie.",
            "Triumph over adversity is the biggest clich\u00e9 in the Eurovision lyric book \u2013 but in the right hands, it can be surprisingly effective.",
            "France\u2019s Slimane, for example, sounds on the verge of tears as he begs his lover to come back to Paris on the \u00abchanson dramatique\u00bb Mon Amour.",
            "Over the border in Belgium, Mustii confronts his anxieties with genuine conviction on the rabble-rousing Before The Party\u2019s Over.",
            "Ukraine, meanwhile, continue their Eurovision hot streak with the powerful and solemn ballad Teresa and Maria.",
            "Performed by Alyona Alyona and Jerry Heil, the lyrics are a plea for protection, addressed to the Christian saints Mother Theresa and Virgin Mary.",
            "Written while Russian missiles fall on Ukraine, it\u2019s hard not to read the lyrics as a reference to the war \u2013 and the two performers (a kindergarten teacher-turned-rapper and a  famous YouTube singer) have no trouble conveying the urgency and desperation of their situation.",
            "Hoping to reverse Germany\u2019s last-place finish in 2023 is gravel-voiced singer-songwriter Isaak.",
            "He sings about overcoming his demons on the propulsive Always On The Run \u2013 whose galloping beats and gospel overtones make him sound like a German Rag N\u2019 Bone Man (Lumpenh\u00e4ndler Mann?)",
            "Bringing up the rear, we have Danish singer Saba and Latvia\u2019s Dons, employing well-worn metaphors about \u201ccrying rivers\u201d and \u201cbreathing underwater\u201d on their tracks Sand and Hollow. You won\u2019t need to worry about them beyond the semi-finals.",
            "And last of all, there\u2019s Georgia\u2019s magnificently-named Nutsa Buzaladze, whose song Firefighter opens with a peal of thunder and recycles a bunch of Eurovision lyrics about rising from the ashes like a phoenix.",
            "She\u2019s hard to discount, though. A contestant on last year\u2019s American Idol \u2013 where she performed with Kylie Minogue \u2013 Nutsa has stage presence to spare and Shakira-level choreography.",
            "It should be just enough to transcend the limitations of her song and rise (like a phoenix!) to the finals.",
            "See you in Malm\u00f6."
        ]
    }
}