{
    "https://www.bbc.com/news/uk-england-derbyshire-69016323": {
        "link": "https://www.bbc.com/news/uk-england-derbyshire-69016323",
        "subtitle": "Officers closed part of the A6 on Chapel Street, Belper after a pedestrian was hit by a bus.",
        "time": null,
        "title": "Belper: Woman hit by bus on A6 suffers serious injuries",
        "topics": [
            "Belper",
            "Derbyshire Police"
        ],
        "images": [
            "https://ichef.bbci.co.uk/news/480/cpsprodpb/1BB2/production/_133309070_ambulance.png.webp",
            "https://ichef.bbci.co.uk/news/480/cpsprodpb/5CA5/production/_98171732_line976.jpg.webp"
        ],
        "videos": [],
        "author": "By Jude Winter,",
        "text": [
            "A woman suffered life-changing injuries after being hit by a bus in Derbyshire.",
            "The A6 was closed after a crash involving a pedestrian and a bus on Chapel Street, Belper, on Tuesday at about 11:00 BST.",
            "The pedestrian, a woman in her 70s, suffered serious, life-changing injuries in the collision, police said on Wednesday.",
            "The force is appealing for witnesses or anyone who has dashcam footage of the crash. ",
            "Follow BBC Derby on Facebook, on X, or on Instagram. Send your story ideas to eastmidsnews@bbc.co.uk or via WhatsApp on 0808 100 2210."
        ]
    },
    "https://www.bbc.com/news/world-asia-india-68918326": {
        "link": "https://www.bbc.com/news/world-asia-india-68918326",
        "subtitle": "Prajwal Revanna, an MP from the southern state of Karnataka, is accused of sexually assaulting several women.",
        "time": null,
        "title": "Prajwal Revanna: Karnataka MP's 'sex abuse' tapes spark outrage",
        "topics": [
            "Sexual violence",
            "Asia",
            "India Election 2024",
            "India"
        ],
        "images": [
            "https://ichef.bbci.co.uk/news/480/cpsprodpb/9172/production/_133243273_gettyimages-1152069562.jpg.webp",
            "https://ichef.bbci.co.uk/news/480/cpsprodpb/154C2/production/_133243278_devegowdarevannatwitter.jpg.webp",
            "/bbcx/grey-placeholder.png",
            "/bbcx/grey-placeholder.png"
        ],
        "videos": [],
        "author": "By Imran Qureshi in Bengaluru and Meryl Sebastian in Kochi,",
        "text": [
            "Thousands of videos allegedly showing an Indian MP sexually abusing women have circulated in the southern state of Karnataka, sparking outrage.",
            "Police are investigating allegations against Prajwal Revanna who is accused of assaulting several women.",
            "Mr Revanna has not commented but an official from his office denied this, saying the videos are doctored.",
            "The MP belongs to the Janata Dal (Secular) which is an ally of PM Narendra Modi's Bharatiya Janata Party.",
            "His father HD Revanna, who is a legislator in the Karnataka state assembly, is also an accused in the police complaint lodged by a former employee of the family. He has denied the allegations, calling them a political conspiracy. ",
            "On Monday, the JD(S) announced it was suspending Prajwal Revanna. The party was founded by Mr Revanna's grandfather HD Deve Gowda, who is a former Indian prime minister.",
            "Karnataka's Chief Minister K Siddaramaiah said that a special investigation team (SIT) will look into the case, based on a request by the state's women's commission.",
            "The allegations against Mr Revanna first came to light in June last year, but he obtained a court order preventing media from reporting what was described as \"morphed videos\". But five days before the 26 April voting in Hassan - from where Mr Revanna is the MP and seeking another term - thousands of pen drives were circulated in public places such as bus stands and parks.   ",
            "The clips, which reports say were shot by Mr Revanna himself, showed the faces of the women he had allegedly abused. ",
            "Following a complaint from a woman, Karnataka's women's commission chief Nagalakshmi Chaudhary wrote to the state police chief seeking action against the perpetrators. ",
            "\"Your blood boils when you see some of the videos,\" she told the BBC. \"There is one woman who is begging... 'please don't, please don't'. You feel sick.\"",
            "On Sunday, a 47-year-old woman, who worked as a cook for the family and identified herself as a cousin of Mr Revanna's mother, filed a police complaint alleging that she was sexually abused by the MP and his father.",
            "\"When I joined, six other maids would say they were scared of Prajwal. The male employees, too, would ask us to be wary of [HD] Revanna and his son Prajwal,\" she said in her complaint. ",
            "\"Whenever his wife was away, [HD] Revanna would repeatedly touch me inappropriately, disrobe me and sexually assault me. While I was working in the kitchen, Prajwal would grope me from behind,\" she added. ",
            "The woman claimed she decided to come forward after watching clips of other victims online.",
            "She also accused Prajwal Revanna of abusing her daughter, and his father of stalking and criminal intimidation.",
            "Police say Prajwal Revanna has left the country, with some reports saying that he is in Germany. But his father has denied the claim and said they were willing to face investigation. \"We won't run away scared. We're right here. We'll counter these charges as per the law,\" he told reporters.",
            "The case has sparked a political storm in Karnataka. Many questioned how someone \"accused of such a horrific act\" was permitted to leave without questioning.",
            "A state minister wrote on X, formerly Twitter, asking Mr Modi to explain why the alliance had fielded Prajwal Revanna for the election \"knowing that hundreds of women had been abused by the candidate\".",
            "A local BJP leader, G Devaraje Gowda, had written to the state leadership in December, asking that Prajwal Revanna or any family should not be fielded as a candidate of the alliance because of the videos.",
            "A BJP spokesperson told the BBC, \"We cannot tell the alliance partner not to field this or that candidate. It is left to the party.\"",
            "The JD(S) has also distanced itself from the two politicians. HD Revanna's brother, former chief minister HD Kumaraswamy, on Monday called them \"an embarrassment to society\". ",
            "\"Don't blame the family,\" he told reporters. \"HD Revanna and his family are separate. I don't keep track of his movements.\"",
            "Senior party leader GT Deve Gowda said party leaders would take disciplinary action against the two men if the charges were proven. "
        ]
    },
    "https://www.bbc.com/news/articles/cjewv5l001qo": {
        "link": "https://www.bbc.com/news/articles/cjewv5l001qo",
        "subtitle": "The four Romanian nationals were arrested as they arrived in Holyhead port.",
        "time": null,
        "title": "Four people charged with kidnapping and false imprisonment",
        "topics": [
            "Wales"
        ],
        "images": [
            "https://ichef.bbci.co.uk/news/480/cpsprodpb/618c/live/2a366a00-0eea-11ef-b9d8-4f52aebe147d.jpg.webp"
        ],
        "videos": [],
        "author": "",
        "text": [
            "Four people will appear in court on kidnapping and arranged marriage offences.",
            "North Wales Police said the Romanian nationals were detained as they arrived at Holyhead port on Anglesey.",
            "The four - aged 22, 35, 37 and 42 - have been charged with kidnapping, false imprisonment and causing another to enter into an arranged marriage.",
            "They will appear at court in Mold, Flintshire, on Saturday."
        ]
    },
    "https://www.bbc.com/news/uk-england-wiltshire-68986586": {
        "link": "https://www.bbc.com/news/uk-england-wiltshire-68986586",
        "subtitle": "The actress, who was seen as the British Marilyn Monroe, died in 1984 aged 52.",
        "time": null,
        "title": "Diana Dors remembered in Swindon 40 years after death",
        "topics": [],
        "images": [],
        "videos": [],
        "author": "",
        "text": []
    },
    "https://www.bbc.com/news/technology-68994263": {
        "link": "https://www.bbc.com/news/technology-68994263",
        "subtitle": "BBC Analysis editor Ros Atkins looks at what what is being done to prevent minors seeing harmful content.",
        "time": null,
        "title": "Ros Atkins on... How different countries protect children online",
        "topics": [],
        "images": [],
        "videos": [],
        "author": "",
        "text": []
    },
    "https://www.bbc.com/news/articles/cxx8l5ej9z7o": {
        "link": "https://www.bbc.com/news/articles/cxx8l5ej9z7o",
        "subtitle": "The South Norwood Country Park visitor centre remains closed after a fire in 2020.",
        "time": null,
        "title": "Croydon Council criticised over fire-hit visitor centre",
        "topics": [
            "Croydon",
            "London",
            "Croydon London Borough Council",
            "South Norwood"
        ],
        "images": [
            "https://ichef.bbci.co.uk/news/480/cpsprodpb/d686/live/07b90a70-08a8-11ef-b039-1da00a34dffb.jpg.webp",
            "https://ichef.bbci.co.uk/news/480/cpsprodpb/11f0/live/794ef3c0-08a8-11ef-b039-1da00a34dffb.jpg.webp",
            "https://ichef.bbci.co.uk/news/480/cpsprodpb/ae91/live/f21057e0-08a8-11ef-82e8-cd354766a224.jpg.webp"
        ],
        "videos": [],
        "author": "Harrison Galliven,",
        "text": [
            "Residents living near a south London park have claimed they are being \u201cignored\u201d by a council over the reopening of a fire-damaged visitor centre.",
            "They say Croydon Council promised to reopen the South Norwood Country Park visitor centre but this has not happened, four years after the fire caused it to close.",
            "The Friends of South Norwood Country Park (FSNCP) have been working to reopen the centre for the past few years, as they see it as a vital community resource, and have gained 3,000 signatures on a petition.",
            "A council spokesperson said work stalled due to financial difficulties and the mayor would \u201ccontinue to work with the community to get this facility restored\u201d.",
            "FSNCP member and South Norwood resident Lucy Hopkins told the Local Democracy Reporting Service (LDRS) of the group\u2019s struggles to get the centre reopened.",
            "She said: \u201cWe\u2019ve got a really engaged community around the country park and we\u2019ve been pressuring Croydon Council for a long, long time to give us our facility back.\u201d",
            "Before its closure during the first lockdown of 2020, the centre hosted educational classes for nearby schools and acted as a base for conservation volunteers who worked to protect the park\u2019s biodiversity.",
            "It was also home to the park\u2019s only public toilets.",
            "Ms Hopkins added: \u201cFrom a personal point of view it\u2019s really important. My kids' schools are a couple of streets away and they aren\u2019t able to do any forest schooling or any sort of meaningful outdoor learning because the facility is not there any more.\"",
            "She said it was used by various volunteer and conservation groups as well as the organisers of the local Parkrun.",
            "Hopes the centre could reopen were boosted last year thanks in part to support from local Labour councillor Amy Foster and Croydon Central MP Sarah Jones.",
            "Their campaign eventually caught the attention of Croydon\u2019s mayor, Jason Perry, who visited the site in December.",
            "However, according to Ms Hopkins, support from the council has waned since this promising start.",
            "Ms Foster, councillor for the nearby Woodside ward, said it was \u201cdisappointing\u201d that work on the centre had not happened and \u201conce again, lines of communication with the council have gone silent\u201d.",
            "A spokesperson for Croydon Council said: \"The mayor and council officers met with residents at the park in February and we will continue to work with the community to get this facility restored for the benefit of locals and visitors.\"",
            "Listen to the best of BBC Radio London on Sounds and follow BBC London on Facebook, X and Instagram. Send your story ideas to hello.bbclondon@bbc.co.uk"
        ]
    },
    "https://www.bbc.com/news/uk-england-hampshire-69060099": {
        "link": "https://www.bbc.com/news/uk-england-hampshire-69060099",
        "subtitle": "Portsmouth City Council is redeveloping Hilsea Lido to encourage residents and visitors to use it.",
        "time": "2024-05-27T16:16:25.101024",
        "title": "Hilsea Lido to be transformed ahead of 90th anniversary",
        "topics": [
            "Portsmouth",
            "Hampshire & Isle of Wight"
        ],
        "images": [
            "https://ichef.bbci.co.uk/news/480/cpsprodpb/B8E6/production/_133343374_lido1.jpg.webp",
            "https://ichef.bbci.co.uk/news/480/cpsprodpb/15526/production/_133343378_lido2.jpg.webp",
            "https://ichef.bbci.co.uk/news/480/cpsprodpb/3785/production/_130231241_line976.jpg.webp"
        ],
        "videos": [],
        "author": "By Galya Dimitrova,",
        "text": [
            "Work to transform an outdoor pool ahead of its 90th anniversary next year is due to begin.",
            "Portsmouth City Council said the redevelopment of Hilsea Lido would improve the area and encourage more residents and visitors to use it.",
            "Councillor Steve Pitt said the \"iconic Portsmouth attraction\" was going to receive \"some much-needed TLC\".",
            "The work starts later and is due to be complete by spring 2025, when it will open to the public for the summer.",
            "The announcement follows community consultation events in March.",
            "Planned changes include removing fountain parts at the west end of the site, the spectator stand at the north, and the mural by My Dog Sighs. ",
            "The council said the artist would return to paint another once the lido was up and running.",
            "The plant room roof would also be removed to clear away the old pool equipment, which the council said \"will be replaced with a brand new, modern filtration system\". ",
            "The pool would be drained, ready for work to take place to stabilise the base and restore the original lagoons.",
            "Mr Pitt said it would ensure \"the pool will open next year with modern changing facilities ready for the 90th anniversary of the lido\".",
            "The project is part of the council's Transforming the Visitor Economy project, which was awarded \u00a320m in Levelling Up funding. ",
            "Alongside Hilsea Lido, the funding aims to improve the wider Hilsea Lines area along the northern coast of Portsea Island, and to connect the western shore of the city with the eastern tip.",
            "The remaining funding contributed to the now-completed terminal transformation project at Portsmouth international Port and King George V football hub.",
            "Follow BBC South on Facebook, X, or Instagram. Send your story ideas to south.newsonline@bbc.co.uk or via WhatsApp on 0808 100 2240."
        ]
    },
    "https://www.bbc.com/news/articles/cj55zmml3jqo": {
        "link": "https://www.bbc.com/news/articles/cj55zmml3jqo",
        "subtitle": "The A1 is reduced to one lane while works continue to tackle a giant chasm at the side of the road.",
        "time": "2024-05-29T16:16:40.341572",
        "title": "A1 Gateshead 'void' roadworks hit bin collections",
        "topics": [
            "Gateshead",
            "Gateshead Council",
            "National Highways",
            "Waste management",
            "A1 road"
        ],
        "images": [
            "https://ichef.bbci.co.uk/news/480/cpsprodpb/ad49/live/d8b2b9b0-1d9c-11ef-bc6b-0dd4c3aa5602.jpg.webp",
            "https://ichef.bbci.co.uk/news/480/cpsprodpb/64fe/live/6d58c170-1da4-11ef-bc6b-0dd4c3aa5602.jpg.webp"
        ],
        "videos": [],
        "author": "Pamela Tickell,",
        "text": [
            "A giant chasm that opened up alongside the UK's longest major road has caused \"significant delays\" to bin collections.",
            "Waste and recycling services in the west of Gateshead have been disrupted by roadworks on the A1 at Team Valley, the local council said.",
            "It comes after a \"void\" was discovered in a verge near Birtley, reducing the A1 to a single lane while works are carried out.",
            "Residents have been asked to leave their bins out on Saturday if they are not emptied during the week.",
            "A 4m (13ft) deep,1.5m (5ft) wide void was uncovered by the junction 65 exit slip road near Birtley last week.",
            "It followed the discovery of issues with mine workings in the area, National Highways said.",
            "Bin collections in Blaydon, Swalwell, Whickham, Sunniside, Ryton, Crawcrook, Greenside, Rowlands Gill, High Spen and Chopwell have been particularly affected by delays caused by the roadworks.",
            "Gateshead Council warned there could be further changes to collection dates if the lane restrictions continue into the weekend.",
            "National Highways said there would be daytime lane closures and full shutdowns at night between junction 66, Eighton Lodge, and junction 65 at Birtley until it was safe to reopen.",
            "Follow BBC North East on X (formerly Twitter), Facebook and Instagram. Send your story ideas to northeastandcumbria@bbc.co.uk"
        ]
    }
}