{
    "https://www.bbc.com/sport/formula1/articles/ce99jln69vno": {
        "link": "https://www.bbc.com/sport/formula1/articles/ce99jln69vno",
        "subtitle": "Ferrari\u2019s Charles Leclerc holds his nerve to convert pole position at his home Monaco Grand Prix into a controlled victory after a huge first-lap pile-up.",
        "time": "2024-05-26T13:25:48.745253",
        "title": "Monaco Grand Prix: Charles Leclerc wins after Sergio Perez crash - BBC Sport",
        "topics": [],
        "images": [
            "https://ichef.bbci.co.uk/news/1024/cpsprodpb/d9c9/live/79853980-1b81-11ef-b28f-7152a74ace54.jpg",
            "https://ichef.bbci.co.uk/news/1024/cpsprodpb/e15d/live/ae247780-1b6f-11ef-baa7-25d483663b8e.jpg",
            "https://ichef.bbci.co.uk/news/1024/cpsprodpb/6bdd/live/c00e3400-1b73-11ef-baa7-25d483663b8e.jpg",
            "https://ichef.bbci.co.uk/news/1024/cpsprodpb/cfe5/live/ca8c7790-1b58-11ef-b591-1b760fec4590.jpg",
            "https://ichef.bbci.co.uk/news/1024/cpsprodpb/99cd/live/e18115a0-1b58-11ef-b591-1b760fec4590.jpg",
            "https://ichef.bbci.co.uk/news/999/cpsprodpb/36ae/live/6005b200-1b59-11ef-b591-1b760fec4590.jpg"
        ],
        "videos": [],
        "author": "",
        "text": [
            "Ferrari\u2019s Charles Leclerc held his nerve to convert pole position at his home Monaco Grand Prix into a controlled victory after a huge first-lap pile-up.",
            "A collision between the two Haas cars and Red Bull\u2019s Sergio Perez caused a red flag and led to a race of extreme tyre management by the leaders.",
            "Leclerc controlled McLaren\u2019s Oscar Piastri, team-mate Carlos Sainz and McLaren\u2019s Lando Norris all race - without any of them making a pit stop - to take Ferrari\u2019s second win of 2024.",
            "The final laps were enlivened by a battle for fifth between Mercedes\u2019 George Russell and Red Bull\u2019s Max Verstappen, in which the Briton managed to hold out despite having tyres that were more than 50 laps older than Verstappen\u2019s.",
            "Verstappen had stopped for fresh tyres with 26 laps to go and quickly caught Russell, but despite the huge grip advantage was unable to pass.",
            "Lewis Hamilton, who had stopped for fresh tyres a lap before Verstappen, took seventh place - just behind his 2021 title rival.",
            "Leclerc\u2019s win was a story of redemption for the 26-year-old, who twice before had taken pole position at Monaco only for the win to slip through his fingers.",
            "This time, neither team nor driver made a mistake after Leclerc\u2019s blistering pace had had secured pole, before Ferrari planned a race centred on managing from the front.",
            "The top four had started on medium tyres, while Russell, Verstappen and Hamilton behind them were on the hards.",
            "But the red flag - which was caused when Kevin Magnussen\u2019s front left tyre tagged Perez\u2019s right rear, spinning the Red Bull around, the pair also collecting Nico Hulkenberg - turned the race around.",
            "Firstly, it allowed Sainz to rejoin the race in his original third-place grid position after a collision with Piastri at the first corner had caused a puncture which led to him going straight on at Casino Square.",
            "And it allowed Ferrari and McLaren to switch their cars to hard tyres while the barriers were repaired, with the expectation that they would run and run and perhaps have to get to the end if there were no more safety cars.",
            "That meant taking the tyres about 15 laps further than Pirelli had predicted they would last, but Leclerc and his pursuers were more than capable of making them last by virtue of careful driving and controlling their pace.",
            "The teams spent the race looking at gaps to rivals and wondering about pit-stop windows but the remainder of the grand prix passed without major incident and going to the end was what they were forced to do.",
            "In the closing laps, Leclerc underlined his domination of the weekend by stretching out his lead and he crossed the line seven seconds ahead of Piastri.",
            "Leclerc screamed with delight on the radio after crossing the line, before saying: \u201cI need to cool down, myself as well. Tonight will be a big night.\u201d",
            "His engineer Bryan Bozzi said the team would stay in Monaco with him to celebrate. \u201cYou\u2019d better,\u201d Leclerc said.",
            "He added after getting out of the car: \u201cNo words can explain that. It\u2019s such a difficult race. The fact that twice I have been starting on pole and we couldn\u2019t quite make it makes it even better in a way.",
            "\u201cIt means a lot. It is the race that made me dream of becoming an F1 driver. It was a difficult race emotionally, already 15 laps from the end I was hoping nothing happened.\u201d",
            "And he said his thoughts had turned to his father, who died in 2017 before Leclerc had made it to F1, in the closing laps: \u201cI have to admit that I was thinking about my dad even more than the driving, he gave everything for me to be here.\u201d",
            "If the race for the win was sufficient a demonstration of the difficulty of passing at Monaco, Verstappen put it in even starker perspective after rocketing up to Russell\u2019s tail in the closing laps, before being unable to make any progress.",
            "Verstappen\u2019s sixth place combined with Leclerc\u2019s win cut the Dutchman\u2019s championship lead to 31 points after seven of 24 races, but both men had already emphasised on Saturday that the championship was long and no conclusions should be drawn at this early stage.",
            "RB\u2019s Yuki Tsunoda, Williams\u2019 Alex Albon and Alpine\u2019s Pierre Gasly completed the top 10 and took the final points, even though Gasly\u2019s car had to be repaired in the red-flag period after a collision with team-mate Esteban Ocon at Portier.",
            "Ocon was penalised 10 seconds for causing the collision, which will be converted into a five-place grid penalty at the next race in Canada.",
            "No blame was attributed by the stewards for the Magnussen-Perez-Hulkenberg collision."
        ]
    },
    "https://www.bbc.com/news/articles/cv22l1njd9jo": {
        "link": "https://www.bbc.com/news/articles/cv22l1njd9jo",
        "subtitle": "German champions Bayer Leverkusen take on Italian side Atalanta at the Aviva Stadium on Wednesday.",
        "time": null,
        "title": "Uefa Europa League: Thousands of fans set for Dublin final",
        "topics": [
            "Republic of Ireland"
        ],
        "images": [
            "https://ichef.bbci.co.uk/news/480/cpsprodpb/0aad/live/ea6b2d50-175b-11ef-8a11-6d604e5f7bb3.jpg.webp",
            "https://ichef.bbci.co.uk/news/480/cpsprodpb/b90c/live/9c5bb5c0-1824-11ef-85cb-e963500f6f32.jpg.webp"
        ],
        "videos": [],
        "author": "",
        "text": [
            "Tens of thousands of football fans have been arriving in Dublin ahead of final of the Uefa Europa League.",
            "German Bundesliga champions Bayer Leverkusen will take on Italian side Atalanta at the Aviva Stadium in the conclusion of the second most-prestigious Europe-wide club football competition.",
            "It is the second time the event has been held in Dublin, following Porto's victory over Braga in 2011.",
            "Each club has been given 12,000 tickets each, while thousands of others were sold earlier in the year.",
            "In total 48,000 people are expected to attend.",
            "An Garda S\u00edoch\u00e1na (Irish police) has warned people to expect delays due to heavy traffic in the city centre and the area around the Aviva Stadium.",
            "",
            "The official fan festival is at Dublin Castle, it opened on Tuesday and closes at 17:00 on Wednesday.",
            "There are a series of events and activities, but the match will not be broadcast there.",
            "The official meeting point for Atalanta fans before the match is RDS Simmonscourt, while Leverkusen fans are being directed to Shelbourne Park.",
            "A giant oversized version of the Europa League trophy is on display in North Earl Street all day on Wednesday.",
            "Fans have been encouraged to use public transport or to walk to the stadium, with ticketholders entitled to free public transport all day on Wednesday.",
            ""
        ]
    },
    "https://www.bbc.com/sport/table-tennis/articles/ce7rkxrpe4do": {
        "link": "https://www.bbc.com/sport/table-tennis/articles/ce7rkxrpe4do",
        "subtitle": "There are few sportspeople who describe their choice of discipline as \u201cabsolutely stupid\u201d \u2013 but Martin Perry is not like most athletes.",
        "time": "2024-05-29T13:26:18.586898",
        "title": "Martin Perry: 'Playing table tennis with no hands is stupid - but I love it' - BBC Sport",
        "topics": [],
        "images": [
            "https://ichef.bbci.co.uk/news/1024/cpsprodpb/40cd/live/6aa390c0-0e33-11ef-b79f-f3c75733accd.jpg"
        ],
        "videos": [],
        "author": "",
        "text": [
            "There are few sportspeople who describe their choice of discipline as \u201cabsolutely stupid\u201d \u2013 but Martin Perry is not like most athletes.",
            "The table tennis player from Drumchapel in Scotland is heading to Paris as part of the ParalympicsGB team, having secured his place at the Games at the third attempt.",
            "Perry, 30, was born missing both hands and one leg, but after trying table tennis at a summer camp aged 16 has never looked back.",
            "Now, after trying and failing to make both the 2016 Paralympics in Rio and the delayed 2020 Games in Tokyo, he has finally realised a dream.",
            "\"Choosing to play table tennis when you've got no hands is nothing short of absolutely stupid, but I have so much fun when I play,\u201d he told the BBC\u2019s Sally Hurst.",
            "\u201cI travel the world, it has given me a career, a purpose, and obviously the goal of getting to the Paralympic Games.\u201d",
            "When he started at 16, Perry played with a bat strapped to his arm with Velcro in rudimentary fashion.",
            "\"I just fell in love from that day,\" he said. \"I didn't think I was going to become a Paralympian, it was about going to have fun and make new friends. Then it slowly took over my life.\"",
            "Now he has a specially modified bat, moulded to his right forearm with a rubber sleeve for grip. He also plays in a shortened running blade standing in for a false leg, to allow him to get lower to the table.",
            "It is all part of the adaptations Perry has to make in order to play table tennis. But he takes it in his stride, with a fortitude he says comes from his childhood.",
            "\"People often say I must have great resilience, but it's not something I think about,\u201d he said.",
            "\u201cIt comes from my upbringing, my family was not going to wrap me up in cotton wool - if anything, they were going to protect the world from me, I was this little boy running round with three brothers causing havoc. That is what led me to be the person I am today.\u201d",
            "Family still means a lot to Perry. As well as the challenge of reaching the Paralympics, he and wife Siobhan Forbes also recently welcomed their first child, Byra.",
            "Perry, who describes fatherhood as \u201cthe promotion I never knew I was getting\u201d, says it was Siobhan who picked him up after the disappointment of missing the Games three years ago and set him on the path to qualifying for Paris 2024.",
            "\"It was really tough mentally not qualifying for Tokyo,\u201d he said. \u201cI was playing the best table tennis I had ever at that point. It took a lot of strength to get back on the table and enjoying it.",
            "\u201cI owe a lot of that to Siobhan, she dragged me kicking and screaming to get back on the table. That setback really ignited a fire to pursue Paris.\u201d",
            "Siobhan, meanwhile, says she never doubted her husband.",
            "\"He is so determined, he will not stop at anything in life,\u201d she told BBC Sport. \u201cNot just table tennis. The only things he can't do are buttons or shoelaces.\u201d",
            "Qualification was secured by Perry at a tournament earlier this year, and he will compete in the class 6 category of the men's singles in Paris.",
            "Players in this class are able to stand, but they have severe impairments in both their arms and legs due to a range of disabilities, including absence of limbs or amputations. Some players even handle the racket with their mouths.",
            "Perry recalls being overwhelmed by emotion on realising a lifetime ambition.",
            "\"I only officially found out I was qualified while I was still competing,\u201d he said. \"I remember winning the match, I looked at my coach, I said 'I think I'm in', and he said 'yeah, you are'.",
            "\u201cI stepped over the barrier to the court, sat down and bawled my eyes out. So many years of doubting myself, hours of hard work on the table, it was 14 years of relief.\u201d",
            "He did still have the wherewithal to play a trick on his wife, for which Siobhan has just about forgiven him.",
            "\"I was more annoyed at the beginning because when he found out he was going to Paris he sent me a photo of him crying at the side of the court, so I asked 'did it not go well?', and he was like 'no, I qualified',\u201d she recalled.",
            "\u201cOnce I wasn't angry about that mean prank, I was so proud. He has done so much to make sure he qualified, he went to America in January when the baby was four weeks old, he was in training three days after she was born. He wanted to be at home, but he was out training.",
            "\"This is the height of all Para sport. He has done well in the last year, but still didn't think he was going to qualify. He went to Kazakhstan at the start of March for a tournament and it went badly, and it was hard to watch.",
            "\"I was worried for him, I know it means so much to him. But we really wanted it as a family, so it was a stressful and emotional time.",
            "\"Then for him to phone me and say he has qualified, it was tears of joy. I was embarrassed crying in public, but I'm so proud of him.\""
        ]
    },
    "https://www.bbc.com/news/articles/cd11e4v99mpo": {
        "link": "https://www.bbc.com/news/articles/cd11e4v99mpo",
        "subtitle": "Police says a British Army explosive ordnance disposal team attended the scene to see to the device.",
        "time": "2024-05-24T13:26:32.171788",
        "title": "Unexploded device 'safely detonated' in Winterton-on-Sea",
        "topics": [
            "Winterton-on-Sea"
        ],
        "images": [
            "https://ichef.bbci.co.uk/news/480/cpsprodpb/026a/live/3316a490-19bd-11ef-a841-ab8ed6d4cee2.jpg.webp"
        ],
        "videos": [],
        "author": "",
        "text": [
            "An unexploded device found on a beach has been safely detonated, police officers have said. ",
            "Norfolk Police was called to Winterton-on-Sea, near Great Yarmouth, at about 07:15 BST on Friday after receiving a report of an unexploded device. ",
            "The force said a British Army explosive ordnance disposal team from Colchester was called to the scene, and the device was detonated. ",
            "Winterton Coastguard Rescue Team assisted the police, which set up a 100m cordon around the device.",
            "Follow Norfolk news on Facebook, Instagram and X. Got a story? Email eastofenglandnews@bbc.co.uk or WhatsApp us on 0800 169 1830"
        ]
    },
    "https://www.bbc.com/news/articles/c2le985g3gyo": {
        "link": "https://www.bbc.com/news/articles/c2le985g3gyo",
        "subtitle": "Emma Wools elected in south Wales amid low turnout across country.",
        "time": null,
        "title": "Wales PCC election: First black police commissioner elected",
        "topics": [
            "Wales",
            "England and Wales elections 2024"
        ],
        "images": [
            "https://ichef.bbci.co.uk/news/480/cpsprodpb/47d7/live/5dca2880-0953-11ef-b6ce-2bc209dc2066.jpg.webp",
            "https://ichef.bbci.co.uk/news/480/cpsprodpb/8fce/live/73bee2c0-0953-11ef-b6ce-2bc209dc2066.jpg.webp",
            "/bbcx/grey-placeholder.png",
            "/bbcx/grey-placeholder.png"
        ],
        "videos": [],
        "author": "David Deans and Adrian Browne,",
        "text": [
            "Welsh voters have elected the first black female police and crime commissioner (PCC).",
            "Emma Wools was elected to serve the region of south Wales - holding the role for Labour.",
            "The contest also saw the first women PCCs elected in the country, with the Labour leader of Newport council, Jane Mudd, also winning the contest in Gwent.",
            "Labour held three of the Welsh PCCs, and Plaid Cymru's Dafydd Llywelyn held Dyfed-Powys, but there was a low turnout with only 17% of voters taking part.",
            "Andy Dunbobbin, who has been PCC since 2021, was re-elected for Labour in North Wales.",
            "PCCs are some of the best paid politicians in Wales, with the larger the force the higher the salary.",
            "The South Wales PCC is paid \u00a386,700 a year. In Gwent the salary is \u00a373,302, while in north Wales it is \u00a373,300.",
            "In Dyfed-Powys the salary is \u00a368,200.",
            "Ms Wools and Ms Mudd were selected by Labour to replace Alun Michael in south Wales and Jeff Cuthbert in Gwent, who have both stood down.",
            "The newly elected PCC for south Wales said it was an \"enormous privilege and an enormous responsibility\".",
            "\"It is a powerful opportunity to create change, promote diversity and inclusion, and advocate for underrepresented communities,\" she said.",
            "PCCs set budgets and priorities for police forces, but do not run them day-to-day.",
            "That is the ultimate responsibility of the chief constable, who PCCs can hire and fire.",
            "The elections are the first in Wales that required voters to show identification. Voting took place on Thursday with counting on Friday.",
            "In South Wales, Ms Wools received 73,128 votes, the Conservatives 43,344, Plaid Cymru 27,410 and the Lib Dems 17,908.",
            "Newport council leader Jane Mudd has said she would step down from her role at the council if she was successful in Gwent.",
            "She admitted there was a low turnout \"but we need to recognise this is a standalone election\".",
            "She told BBC Wales: \"There is a job of work on continuing to raise awareness of the role of police and crime commissioner\".",
            "Ms Mudd received 28,476 votes, followed by the Conservatives with 21,919, Plaid Cymru with 9,864 and 8,078 for the Liberal Democrats .",
            "Plaid Cymru celebrated holding Dyfed-Powys with 31,323, with the Conservatives coming second with 19,134 votes, Labour third with 18,353 and Liberal Democrats fourth with 7,719.",
            "It is the first PCC election to use a first past the post voting system. Previous elections allowed voters to express a second preference if their preferred candidate was not elected.",
            "Celebrating the Dyfed-Powys result, Plaid Cymru leader Rhun ap Iorwerth said: \"Despite trying to manipulate the result by changing the voting system, the Conservatives have been roundly defeated.\"",
            "He claimed the electorate was not \"enthused by Keir Starmer and are increasingly astonished by revelations about Vaughan Gething\u2019s donations\".",
            "In North Wales, Mr Dunbobbin took 31,950 votes, the Conservatives 26,281, Plaid Cymru 23,466 and the Liberal Democrats 7,129.",
            "Cardiff University's Ed Gareth Poole said the switch to first past the post in the election \"aided incumbents\".",
            "He said there was \"evidence of tactical voting\", and said postal votes were \"likely a majority of the vote\".",
            "The academic said on X that in two competitive races there was a large swing from Conservative to Plaid Cymru, and a Conservative to Labour swing in North Wales.",
            "Low turnout had been expected because, unlike in parts of England, the PCC elections did not take place alongside local council elections.",
            "The turnout for Thursday's elections was a slight increase on the worst turnout for a PCC election, when the roles were introduced in November 2012.",
            "The first Welsh police elections saw 14.9% taking part. No other election was held that year either.",
            "The highest turnout this year was in Dyfed-Powys at 19.2%, while the lowest was 15.63% in Gwent.",
            "It stood at 17.19% in North Wales and 16.58% in South Wales.",
            "Emma Wools, 45, from Cardiff, was a psychology graduate from what is now the University of South Wales.",
            "Ms Wools had a career in the criminal justice system before she joined the south Wales commissioner's office.",
            "She began working in the probation service in 2001, working in courts in south Wales.",
            "Before becoming deputy police and crime commissioner in 2016, she had been an assistant chief officer within the former National Offender Management Service, which was responsible for prisons and probation."
        ]
    },
    "https://www.bbc.com/news/articles/c72pn1ml84vo": {
        "link": "https://www.bbc.com/news/articles/c72pn1ml84vo",
        "subtitle": "Schoolgirl Eleanor Shenderey,16, began making the period dresses in 2020.",
        "time": null,
        "title": "Harrogate schoolgirl makes 300 historical outfits",
        "topics": [
            "Harrogate",
            "Fashion"
        ],
        "images": [
            "https://ichef.bbci.co.uk/news/480/cpsprodpb/665a/live/9ec999a0-03b9-11ef-a562-87da5f20ad4b.png.webp",
            "https://ichef.bbci.co.uk/news/480/cpsprodpb/12fe/live/5ce7a4e0-03ba-11ef-a562-87da5f20ad4b.png.webp",
            "https://ichef.bbci.co.uk/news/480/cpsprodpb/1610/live/8f6bc5e0-03ba-11ef-a562-87da5f20ad4b.png.webp",
            "https://ichef.bbci.co.uk/news/480/cpsprodpb/9365/live/e99744e0-03ba-11ef-a562-87da5f20ad4b.png.webp"
        ],
        "videos": [],
        "author": "Julia Lewis,",
        "text": [
            "A North Yorkshire schoolgirl has become a social media star after handmaking hundreds of historical outfits highlighting \"forgotten women's stories\".",
            "Eleanor Shenderey, 16, posts photos of herself wearing her costumes, and has 59,000 followers on TikTok.",
            "The schoolgirl sometimes wears the clothes while visiting historic houses, and is frequently asked to have her photo taken with other visitors. ",
            "\"I often take the dresses with me because I just think - why not? If you've got this gorgeous backdrop, why would you not want to immerse yourself in it and get dressed up?\"",
            "",
            "Eleanor was taught to sew by her grandmother, who was an art and textiles teacher.",
            "She began sewing historical costumes in 2020: \"I just haven't really stopped. I think I've just been inspired by all the beautiful things that I've seen.\" ",
            "Among her inspirations is the TV show Bridgerton: \"It's such a new type of period drama because it's not what you're used to seeing. I think it's really interesting,\" she says.",
            "The first historical piece she made was a Tudor gown, crafted out of her parents' old curtains: \"I said, 'I'll take those!'... and it's just gone from there,\" she recalls.",
            "Some outfits can take a month to complete.",
            "\"It just depends on the complexity of the costume. So, for example, if I was going to make a Regency dress, I can usually get that done within a few days - or up to a week. ",
            "\"But later Victorian dresses, such as bustle dresses, have so many layers to them, and they're so much more complicated to make, that it can take me up to a month.\"",
            "Storing the dresses can be a challenge, however, having made some 300 outfits to date.",
            "\"We don't have a spare room anymore - I've got all my costumes in there!\" she exclaims.",
            "She has not kept all 300 dresses though. Some have been sold, and others have been dismantled and remade into other costumes: \"If I'm not going to wear it, there's no use in it sitting around in the box.\"",
            "Currently she is busy making her prom dress, but says it will not be a period piece. ",
            "\"It's going to be more modern. It's not a very interesting dress: It has a corset bodice and a short skirt - so it's not the usual big costume.\"",
            "Eleanor is fascinated by history and fashion, and finds fashion to be an accessible way of telling stories.",
            "\"I think part of the reason I make the dresses is to tell this visual and social history, ",
            "\"Especially for women in the past, so much of how they communicated is through what they wore and how they presented themselves,\" says Eleanor, who is considering a career as a historian, or in curation.",
            "\"It's something I'm really interested in doing. Even if it's not solely focused on fashion, I think fashion will always play a part in it, especially because I'm so passionate about telling forgotten women's stories,\" she says.",
            "Follow BBC Yorkshire on\u00a0Facebook,\u00a0X (formerly Twitter)\u00a0and\u00a0Instagram. Send your story ideas to\u00a0yorkslincs.news@bbc.co.uk."
        ]
    },
    "https://www.bbc.com/news/world-europe-69017530": {
        "link": "https://www.bbc.com/news/world-europe-69017530",
        "subtitle": "Slovak PM Robert Fico is was shot a number of times in what officials call an assassination attempt.",
        "time": null,
        "title": "Slovak PM Robert Fico wheeled into hospital on stretcher",
        "topics": [],
        "images": [],
        "videos": [],
        "author": "",
        "text": []
    }
}