{
    "https://www.bbc.com/news/articles/c0dd94jv9jpo": {
        "link": "https://www.bbc.com/news/articles/c0dd94jv9jpo",
        "subtitle": "The ban was imposed two weeks ago in a bid to stop the spread of rioting.",
        "time": "2024-05-29T15:15:54.433589",
        "title": "New Caledonia TikTok ban lifted as state of emergency ends",
        "topics": [
            "Europe",
            "New Caledonia",
            "Azerbaijan",
            "France",
            "Emmanuel Macron"
        ],
        "images": [
            "https://ichef.bbci.co.uk/news/480/cpsprodpb/3268/live/93cbbf50-1dbe-11ef-b16b-635cf4924dd3.jpg.webp",
            "https://ichef.bbci.co.uk/news/480/cpsprodpb/94aa/live/d560bca0-1da9-11ef-80aa-699d54c46324.png.webp"
        ],
        "videos": [],
        "author": "Paul Kirby,",
        "text": [
            "France has lifted a ban on the TikTok social media app in New Caledonia, two weeks after it was imposed in a bid to stop the spread of rioting.",
            "The decision follows the end of a state of emergency, imposed when tensions spilled over this month on the tiny French-Pacific territory, and indigenous Kanaks protested over planned electoral reforms.",
            "Seven people have been killed and hundreds more hurt since violence erupted in the archipelago between Australia and Fiji.",
            "The French government had suggested earlier that the Chinese app TikTok was being used to spread disinformation, and it accused Beijing and Azerbaijan of interfering in the crisis. Many TikTok users were able to get around the ban by using VPN web-based addresses outside New Caledonia.",
            "Although the protests have not been called off and an overnight curfew remains in place in New Caledonia, the French government decided not to extend the state of emergency on Tuesday.",
            "France has deployed some 3,500 security forces personnel to maintain calm and the international airport in the capital Noum\u00e9a will remain shut until at least Sunday. However, tensions have calmed on the streets since President Emmanuel Macron made the 17,000km (10,600-mile) trip to the archipelago and promised not to force through any reforms to New Caledonia's voting system.",
            "New Caledonia has a population of about 300,000 people, including 112,000 indigenous Kanaks.",
            "In a statement on Wednesday, the French high commission in Noum\u00e9a said that the continuing presence of police and gendarmes on the ground meant that calm was returning to New Caledonia and that the ban on Tiktok could be lifted.",
            "The ban, unprecedented in France, had prompted several groups to challenge what they condemned as an attack on freedom of communication and information. However, authorities said TikTok had been used to spread incitement and hatred.",
            "French MP Claude Malhuret warned that foreign interference was also a problem: \"It's time to end our state of denial - we have to protect ourselves from it.\"",
            "France has accused Azerbaijan in particular of backing separatists in New Caledonia, by flooding social media with what it said were misleading images. Azerbaijan rejected the French allegations and accused Paris of \"neo-colonialist policies\".",
            "Among the seven people killed in the unrest were two gendarmes. And French World Cup winner Christian Karambeu has revealed that a niece and nephew were among those who died. \"We hope that there will be investigations into these murders,\" he told French radio.",
            "By not renewing the state of emergency beyond an initial 12 days, the Elys\u00e9e Palace was hoping for tensions to calm still further and for protesters to remove roadblocks, a key condition for \"concrete and serious\" talks to begin.",
            "The pro-independence group behind the protests, CCAT, does not appear ready to abandon the protests entirely. A recording has emerged of its president, Christian Tein, saying that \"80 years of colonial economy has been brought to its knees... there's no question of strongly loosening our grip\".",
            "The main pro-independence group, FLNKS, meanwhile wants France's controversial voting reforms to be scrapped.",
            "The National Assembly in Paris this month proposed granting voting rights to French residents who have lived in the territory for 10 years.",
            "Since 1998, voting in provincial and assembly elections in New Caledonia has been limited to those who were residents at the time. More than 40,000 French nationals have since moved there."
        ]
    },
    "https://www.bbc.com/news/uk-69008007": {
        "link": "https://www.bbc.com/news/uk-69008007",
        "subtitle": "Georgia Laurie will receive a King's Gallantry Medal for her bravery in saving twin sister Melissa in Mexico in 2021.",
        "time": null,
        "title": "Twin recalls moment she was saved by sister from crocodile attack",
        "topics": [],
        "images": [],
        "videos": [],
        "author": "",
        "text": []
    },
    "https://www.bbc.com/news/articles/c72pv86n5r3o": {
        "link": "https://www.bbc.com/news/articles/c72pv86n5r3o",
        "subtitle": "Boeing shareholders approved a $33m pay package for outgoing boss Dave Calhoun.",
        "time": null,
        "title": "Boeing boss's $33m pay package approved",
        "topics": [
            "Executive compensation",
            "Boeing",
            "Aviation safety",
            "Compensation"
        ],
        "images": [
            "https://ichef.bbci.co.uk/news/480/cpsprodpb/74fe/live/67c9f780-1460-11ef-a5f9-c9e97f2e93cf.jpg.webp"
        ],
        "videos": [],
        "author": "Natalie Sherman,",
        "text": [
            "Boeing shareholders have signed off on the plane-maker's plan to grant outgoing boss Dave Calhoun a 2023 pay package worth nearly $33m (\u00a325m).",
            "A majority voted in favour of the plan, which had drawn criticism as the company grapples with a crisis sparked by the mid-air blowout of a panel on one of its planes in January. ",
            "Such pay votes, held at the company's annual meetings, are not binding.",
            "A breakdown of the vote was not immediately available.",
            "Ahead of the meeting, at least one prominent shareholder advisory group had criticised the plan and it also drew attention from some investors who spoke at the event.",
            "The firm's decision to keep outgoing boss Dave Calhoun on the company's board of directors had raised questions as well, but was also approved.",
            "Mr Calhoun's compensation package included salary of $1.4m (\u00a31.1m) and stock awards worth about $30m (\u00a323m) when granted. ",
            "That compared to a package of roughly $22.6m (\u00a317m) in 2022. ",
            "In a question-and answer session after the vote, the firm was asked how the compensation for Mr Calhoun and others were \"justified\" given the severe challenges now facing the company.",
            "New board chairman Steve Mollenkopf said the board had reduced some 2024 awards for executives after the accident and moved swiftly to overhaul the design of its pay incentives.",
            "That included giving product safety the primary weight in determining performance, instead of financial factors - such as cash flow and share price - as had been the case previously, he said.",
            "But both he and Mr Calhoun acknowledged the strains facing the company, some of which Mr Calhoun described as  \"potentially existential\" in nature. ",
            "The Alaska Airlines incident revived questions about the firm's manufacturing and safety procedures and has spawned numerous investigations and lawsuits. ",
            "Just days ago, the US Department of Justice (DOJ) said it was considering whether to prosecute Boeing over deadly crashes involving its 737 Max aircraft in 2018 and 2019, after determining it had breached a deal that shielded it from criminal charges.",
            "In March, Boeing said Mr Calhoun would step down by the end of the year.",
            "The search for his replacement is a key focus of the company now, Mr Mollenkopf said. ",
            "\"The months and years ahead are critically important for our company as we take the necessary steps to regain the trust lost in recent times,\" he said. ",
            "In putting the pay package to shareholders earlier this year, the company praised how Mr Calhoun had steered the company through challenges such as Covid since 2020. ",
            "It said he had responded to the Alaska Airlines blowout \"in the right way\".",
            "\"The 737 MAX accidents and COVID have combined to create tremendous stress on the Company\u2019s manufacturing operations and supply chain,\" it said. ",
            "\"However, the Board believes that Mr. Calhoun\u2019s primary focus on safety, quality and transparency is exactly what Boeing has needed, and continues to need.\""
        ]
    },
    "https://www.bbc.com/news/videos/c299x38rgexo": {
        "link": "https://www.bbc.com/news/videos/c299x38rgexo",
        "subtitle": "The demonstration was in support of 13 students barred from graduating after taking part in Gaza campus protests.",
        "time": "2024-05-23T14:16:53.752798",
        "title": "Pro-Palestine protest at Harvard commencement ceremony",
        "topics": [],
        "images": [],
        "videos": [],
        "author": "",
        "text": []
    },
    "https://www.bbc.com/news/videos/cy66pp7n1v6o": {
        "link": "https://www.bbc.com/news/videos/cy66pp7n1v6o",
        "subtitle": "With polling day set for 4 July, and campaigning in full swing, what basics do you need to know?",
        "time": "2024-05-26T14:17:21.417856",
        "title": "General elections: How do they work and what do you need to know?",
        "topics": [],
        "images": [],
        "videos": [],
        "author": "",
        "text": []
    },
    "https://www.bbc.com/news/articles/cnlljlrzjwgo": {
        "link": "https://www.bbc.com/news/articles/cnlljlrzjwgo",
        "subtitle": "Adam Neumann had proposed to buy WeWork after it declared bankruptcy last year.",
        "time": "2024-05-28T14:17:48.417493",
        "title": "Adam Neumann drops effort to return to WeWork",
        "topics": [
            "Companies",
            "WeWork"
        ],
        "images": [
            "https://ichef.bbci.co.uk/news/480/cpsprodpb/8488/live/f4232b10-1d1c-11ef-a282-67873d6b8eca.jpg.webp"
        ],
        "videos": [],
        "author": "Natalie Sherman,",
        "text": [
            "Former WeWork boss Adam Neumann said he is moving on after trying to buy the bankrupt company that specialises in shared office spaces.",
            "Mr Neumann had revealed his interest in buying the firm earlier this year, reportedly offering some $500m (\u00a3391m). ",
            "At the time, he accused the firm of resisting the idea despite its financial issues. ",
            "WeWork recently submitted a plan to emerge from bankruptcy, which it said would help reduce its rent burden by billions of dollars.",
            "In a statement on Tuesday Mr Neumann, who now leads a new property firm called Flow, criticised his former company's plans. ",
            "\u201cFor several months, we tried to work constructively with WeWork to create a strategy that would allow it to thrive,\" he said in a statement, which was first reported by the New York Times.",
            "\"Instead, the company looks to be emerging from bankruptcy with a plan that appears unrealistic and unlikely to succeed.\u201d",
            "WeWork declined to comment.",
            "Mr Neumann made his name steering WeWork on a breakneck global expansion, which he promised would revolutionise the office property sector. ",
            "But the growth proved too costly to sustain, leaving the firm with multi-billion dollar losses.",
            "Mr Neumann was ousted in 2019, after his effort to list the company on the stock exchange revealed cracks in its business model and drew scrutiny of his leadership.",
            "His fall from grace was later portrayed in the Apple TV series WeCrashed. ",
            "Mr Neumann, whose exit from WeWork was accompanied by a significant payout, soon bounced back, winning backing from famous Silicon Valley venture capitalist firm Andreessen Horowitz for his new company.",
            "But WeWork, once privately valued at nearly $50bn (\u00a339bn) and hailed as the future of the office, continued to struggle especially after the pandemic shut down offices and gave rise to remote work, often from home. ",
            "It filed for bankruptcy last November, seeking court protection as it tried to reduce its rent burden."
        ]
    },
    "https://www.bbc.com/news/articles/czddpll245eo": {
        "link": "https://www.bbc.com/news/articles/czddpll245eo",
        "subtitle": "The warning covers as far south as Brighton, East Sussex, and as far north as Fakenham, Norfolk.",
        "time": null,
        "title": "Thunderstorm warning issued for south-east England",
        "topics": [
            "Met Office",
            "Thunderstorms",
            "Brighton"
        ],
        "images": [
            "https://ichef.bbci.co.uk/news/480/cpsprodpb/e6e0/live/80b3e790-176e-11ef-9e39-410e2d585bfa.jpg.webp"
        ],
        "videos": [],
        "author": "Christian Fuller,",
        "text": [
            "A thunderstorm warning covering parts of the south east of England has been issued.",
            "The Met Office has put out the yellow warning until 23:59 BST on Tuesday.",
            "Forecasters warned of heavy rain, flooding and lightning strikes, as well as disruption and delays to rail and road services.",
            "\u201cThere is also a slight chance that power cuts could occur and other services to some homes and businesses could be lost,\u201d a Met Office spokesman said.",
            "The warning covers as far south as Brighton, East Sussex, and as far north as Fakenham, Norfolk.",
            "The Met Office also warned that some buildings could be damaged due to hail, floodwater and strong winds.",
            "The warning states areas could see up to 20-30mm of rain falling in one hour with some places receiving 40-50mm in two to three hours.",
            "Amy Bokota, a Met Office forecaster, said: \u201cThe downpours could be slow moving, and that\u2019s the main trouble. The wind is quite light at the moment so when they do form, they could be quite slow moving and intense.",
            "\u201cWhere you see them, they could be quite intense and dramatic, but not everywhere is going to see them and some places just down the road could be completely fine and shower and thunderstorm-free.\u201d",
            "Follow BBC Sussex on Facebook, on X, and on Instagram. Send your story ideas to southeasttoday@bbc.co.uk  or WhatsApp us on 08081 002250."
        ]
    },
    "https://www.bbc.com/news/world-us-canada-69004628": {
        "link": "https://www.bbc.com/news/world-us-canada-69004628",
        "subtitle": "Pro-Palestinian students booed the comedian who has been a vocal supporter of Israel during the war in Gaza.",
        "time": null,
        "title": "Duke students walk out ahead of Jerry Seinfeld graduation speech",
        "topics": [],
        "images": [],
        "videos": [],
        "author": "",
        "text": []
    },
    "https://www.bbc.com/news/world-us-canada-69006515": {
        "link": "https://www.bbc.com/news/world-us-canada-69006515",
        "subtitle": "Crews deliberately destroyed a section of the bridge still covering the Dali cargo ship, which crashed in March.",
        "time": null,
        "title": "Baltimore bridge demolished with controlled explosions",
        "topics": [],
        "images": [],
        "videos": [],
        "author": "",
        "text": []
    }
}