{
    "https://www.bbc.com/sport/football/articles/cd11xg53wq5o": {
        "link": "https://www.bbc.com/sport/football/articles/cd11xg53wq5o",
        "subtitle": "Doncaster Rovers sign Solihull Moors midfielder Joe Sbarra.",
        "time": null,
        "title": "Joe Sbarra: Doncaster Rovers sign Solihull Moors midfielder - BBC Sport",
        "topics": [],
        "images": [
            "https://ichef.bbci.co.uk/news/1024/cpsprodpb/3708/live/9c034e50-16ec-11ef-a5f9-c9e97f2e93cf.jpg"
        ],
        "videos": [],
        "author": "",
        "text": [
            "Doncaster Rovers have made their first summer signing by bringing in Solihull Moors midfielder Joe Sbarra on a two-year deal.",
            "The 25-year-old Midlander who had been released by the Moors last week, has penned a contract which also has the option of an extra year.",
            "Both Sbarra  and Rovers will start the 2024-25 season looking to put play-off failure behind them.",
            "Rovers' League Two play-off semi-final defeat by Crewe came just five days after Solihull had lost the National League play-off final to Bromley on penalties - and the night before Moors lost at Wembley, again on spot-kicks, this time in the FA Trophy final.",
            "\"He\u2019s had quite a bit of interest in him after the three or four seasons he\u2019s had at Solihull where he\u2019s been excellent,\" said, external Rovers boss Grant McCann.",
            "\"I\u2019m really pleased with this one. We\u2019ve been chasing him for a bit. He\u2019s been among the goals.\"",
            "Sbarra, who came through the ranks at Burton Albion, scored 36 goals in his 149 appearances for Solihull, including in both the semi-final and final of the play-offs."
        ]
    },
    "https://www.bbc.com/news/articles/c06684zn1vjo": {
        "link": "https://www.bbc.com/news/articles/c06684zn1vjo",
        "subtitle": "Currently, eight EU member states recognise the State of Palestine, the most recent being Sweden in 2014",
        "time": "2024-05-22T12:10:46.574305",
        "title": "'Important step' as Ireland recognises Palestinian state",
        "topics": [
            "Israel & the Palestinians",
            "Republic of Ireland",
            "Israel-Gaza war",
            "Palestinian territories",
            "European Union"
        ],
        "images": [
            "https://ichef.bbci.co.uk/news/480/cpsprodpb/ad8a/live/7d093860-1819-11ef-91fc-5d1a434f5e40.png.webp",
            "/bbcx/grey-placeholder.png",
            "/bbcx/grey-placeholder.png",
            "/bbcx/grey-placeholder.png",
            "/bbcx/grey-placeholder.png"
        ],
        "videos": [
            ""
        ],
        "author": "",
        "text": [
            "Ireland has announced plans to officially recognise a Palestinian state.",
            "It comes as the three leaders of the coalition government - Taoiseach Simon Harris, T\u00e1naiste Miche\u00e1l Martin and Green Party Minister Eamon Ryan - held a press conference at Government buildings in Dublin on Wednesday morning.",
            "Mr Harris said that it was an \"important and historic day for Ireland and for Palestine\".",
            "Israel have recalled their envoys to Ireland, claiming that Ireland's decision will encourage terrorism and more instability.",
            "Norway and Spain have also announced on Wednesday that they will recognise a Palestinian state.",
            "Currently, eight EU member states recognise Palestinian statehood, the most recent being Sweden in 2014.",
            "It comes just days after the International Criminal Court applied for arrest warrants for Israeli Prime Minister Benjamin Netanyahu and Hamas's leader in Gaza, Yahya Sinwar, for war crimes.",
            "Speaking on Wednesday, Mr Harris said that he was \"confident that further countries will join us in taking this important step in the coming weeks\".",
            "He said that a two-state solution, whereby independent Israeli and Palestinian states exist side-by-side, was the  \"the only credible path to peace and security\u201d.",
            "Referencing the foundation of the Irish state, Mr Harris said \u201cfrom our own history we know what it means, recognition is an act of powerful political and symbolic value\u201d.",
            "He said that the decision was taken \"to offer hope and encouragement to the people of Palestine at one of their darkest hours\".",
            "The Palestinian militant group Hamas launched an unprecedented assault on Israel on 7 October, with hundreds of gunmen infiltrating communities near the Gaza Strip.",
            "About 1,200 people were killed, and more than 250 were taken to Gaza as hostages, according to Israeli tallies.",
            "More than 35,000 Palestinians in Gaza have so far been killed by the Israeli military in response, Gaza's Hamas-run health ministry says.",
            "Also on Wednesday morning, Israel announced it would recall its envoys to Ireland and Norway \"for urgent consultations\".",
            "\"I am sending Ireland and Norway a clear message: Israel will not back down against those who undermine its sovereignty and endanger its security,\" foreign minister Israel Katz said.",
            "\"Today\u2019s decision sends a message to the Palestinians and the world: terrorism pays,\" he said.",
            "\"After the Hamas terror organisation carried out the largest massacre of Jews since the Holocaust, after committing heinous sexual crimes witnessed by the world, these countries chose to reward Hamas and Iran by recognizing a Palestinian state,\" Mr Katz said.",
            "\"This distorted step by these countries is an injustice to the memory of the victims of 7/10, a blow to efforts to return the 128 hostages, and a boost to Hamas and Iran's jihadists, which undermines the chance for peace and questions Israel\u2019s right to self-defence.\"",
            "Hamas, which controls Gaza and is currently at war with Israel, said Wednesday's announcements would be a \"turning point in the international position on the Palestinian issue\".",
            "In a statement to AFP, Bassem Naim, a senior Hamas figure, said the \"brave resistance\" of the Palestinian people was behind the move.",
            "Hamas's rival, the Palestinian Authority (PA) - which controls parts of the Israeli-occupied West Bank - said Norway, Spain and Ireland had demonstrated their \"unwavering commitment\" to \"delivering the long overdue justice to the Palestinian people.\"",
            "Addressing the \"people of Israel\", Mr Harris said: \"Ireland is resolute and unequivocal in recognising the state of Israel and Israel\u2019s right to exist securely and in peace with its neighbours.\"",
            "\"Let me be clear that Ireland condemns the barbaric massacre carried out by Hamas on 7 October last,\" he said.",
            "Mr Harris called for the release of hostages taken by Hamas \"to the arms of their loved ones\", but added that \"Hamas is not the Palestinian people\".",
            "\"A two state solution is the only way out of the generational cycles of violence retribution and resentment,\" he said.",
            "T\u00e1naiste Miche\u00e1l Martin said that Ireland's decision was a \"clear and immutable statement of our deeply-held belief that there can be no peace in the Middle East until the Israeli and Palestinian peoples alike enjoy the same rights to self-determination, statehood, peace, security and dignity\".",
            "He added that the move was not \"a hostile act towards the state of Israel\".",
            "\"We acknowledge the heartbreak, loss and anguish of the Israeli people,\" he said. ",
            "Green Party leader Eamon Ryan said that Ireland had \u201clearnt the hard way, that violence against innocent civilians to try and achieve political aims, can, and must never win\".",
            "\"Whether that be a car bomb on the streets of Omagh or Jerusalem, be that a rocket landing in Tel Aviv, or a no warning blast in a Birmingham pub, be that an assault on the Kibbutz, or a bomb dropped from a jet fighter onto a refugee camp or a Gaza hospital, it is all wrong,\" he said.",
            "The Israeli embassy in Ireland has said that it views the move to recognise Palestine as \"undermining its sovereignty and security\" and as \"damaging to our bilateral relations\".",
            "It said the Israeli government has recalled its ambassador in Dublin Dana Erlich \"temporarily for consultations\".",
            "\"We are disappointed by the Irish Government's decision on recognition, which follows worrying initiatives and statements in recent months,\" it said in a statement.",
            "DUP MP Ian Paisley said the Irish government's move was an attempt to appeal to the \"extreme elements in Irish society\".",
            "In a statement, he said: \"The announcement by the Dublin Prime Minister to recognise the State of Palestine - even though he could not identify that state accurately on a map - will unfortunately only play into the hands of extremist, anti-Jewish and anti-Israel factions. ",
            "\"Ireland should brace itself for a run of abuse against people and businesses associated with Israel,\" he continued. ",
            "\"What is atrocious is that the announcement this morning did not have one word of condemnation of Hamas terrorism on 7 October.\"",
            "However, Taoiseach Simon Harris and T\u00e1naiste Miche\u00e1l Martin both condemned the \"barbaric massacre\" carried out by Hamas last October in their public statements.",
            "Both leaders also called again for the release of all hostages in Gaza.",
            "In a statement, Sinn F\u00e9in President Mary Lou McDonald TD said the recognition \"must be the first step in the government playing a leading international role in assisting the creation of an independent and sovereign Palestinian State\".",
            "\u201cThe government must follow today\u2019s announcement by utilising every tool at their disposal to hold Israel to account and to demand full adherence to international law,\u201d she said."
        ]
    },
    "https://www.bbc.com/news/articles/clm315r3ydlo": {
        "link": "https://www.bbc.com/news/articles/clm315r3ydlo",
        "subtitle": "Residents in Sussex go to the polls in local council and police and crime commissioner elections.",
        "time": null,
        "title": "Sussex: Polls open in local and PCC elections",
        "topics": [
            "England and Wales elections 2024"
        ],
        "images": [
            "https://ichef.bbci.co.uk/news/480/cpsprodpb/aab9/live/bd3ba6e0-084a-11ef-bd6c-f3e979c4f222.jpg.webp"
        ],
        "videos": [],
        "author": "Amy Walker,",
        "text": [
            "Residents in Sussex are now able to cast ballots, with 56 seats in four local councils up for re-election.",
            "Polling stations are open between 07:00 and 22:00 BST on Thursday for the local elections in Hastings, Crawley, Adur and Worthing, with the count taking place throughout the day on Friday.",
            "Voters across Sussex will also be electing Sussex's next police and crime commissioner.",
            "Anyone planning to vote in person at a polling station must bring an approved form of photo ID.",
            "With a general election expected later in 2024, the local vote is being seen as a crucial test for the government.",
            "There are elections in 107 local authorities across England, as well as 11 mayoral races.",
            "Follow BBC Sussex on Facebook, on X, and on Instagram. Send your story ideas to southeasttoday@bbc.co.uk or WhatsApp us on 08081 002250."
        ]
    },
    "https://www.bbc.com/news/articles/c2ee3ye0170o": {
        "link": "https://www.bbc.com/news/articles/c2ee3ye0170o",
        "subtitle": "Team GB confirms nine venues in seven cities where there will be large screens and activities.",
        "time": null,
        "title": "Olympic Games 2024: Fan zones to be set up across the UK",
        "topics": [
            "Edinburgh",
            "Birmingham",
            "London",
            "Southampton",
            "Manchester",
            "Liverpool",
            "Bristol"
        ],
        "images": [
            "https://ichef.bbci.co.uk/news/480/cpsprodpb/286a/live/cd22f050-177b-11ef-952e-d3a3375d552f.jpg.webp",
            "https://ichef.bbci.co.uk/news/480/cpsprodpb/474e/live/aba17da0-1773-11ef-a62a-0b5a43c99392.jpg.webp"
        ],
        "videos": [],
        "author": "",
        "text": [
            "Fan zones will be set up across the UK for people to cheer on their favourite athletes during the Paris 2024 Olympic Games this summer.",
            "Team GB said it would host the free-to-enter zones from the open ceremony on 26 July to the closing ceremony on 11 August.",
            "They will feature big screens showing the sporting action, activities, on-stage entertainment and DJ sets.",
            "There are nine confirmed fan zones which will be open in seven cities, including London, Edinburgh and Liverpool.",
            "The venues include King's Cross, Grosvenor Square and Battersea Power Station in London, the Bullring in Birmingham, Cabot Circus in Bristol and St James Quarter in Edinburgh.",
            "The others will be held at Liverpool ONE, Spinningfields in Manchester, and Westquay in Southampton.",
            "Team GB said it hoped to secure further sites across the UK as the build-up to the Olympics continues. ",
            "Appearances from past Olympians, question and answer sessions and medal celebrations with Team GB's returning athletes are also planned at the events.",
            "Listen to the best of BBC Radio London on Sounds and follow BBC London on Facebook, X and Instagram. Send your story ideas to hello.bbclondon@bbc.co.uk"
        ]
    },
    "https://www.bbc.com/news/articles/c888e0730zpo": {
        "link": "https://www.bbc.com/news/articles/c888e0730zpo",
        "subtitle": "Parts of northern India are reeling under an intense heatwave that's set to last through the week.",
        "time": null,
        "title": "Delhi: North India sizzles under intense heatwave",
        "topics": [
            "Delhi",
            "India",
            "Heatwaves"
        ],
        "images": [
            "https://ichef.bbci.co.uk/news/480/cpsprodpb/94bf/live/906e9950-1665-11ef-b8de-130b92e840e4.jpg.webp",
            "https://ichef.bbci.co.uk/news/480/cpsprodpb/592b/live/9b255330-1664-11ef-976f-87c9f89e656e.jpg.webp",
            "https://ichef.bbci.co.uk/news/480/cpsprodpb/15b3/live/58780a10-1663-11ef-a5f9-c9e97f2e93cf.jpg.webp",
            "https://ichef.bbci.co.uk/news/480/cpsprodpb/c24e/live/97fc4340-1663-11ef-976f-87c9f89e656e.jpg.webp",
            "https://ichef.bbci.co.uk/news/480/cpsprodpb/0826/live/f95eaec0-1663-11ef-976f-87c9f89e656e.jpg.webp",
            "https://ichef.bbci.co.uk/news/480/cpsprodpb/cef2/live/3aa5cda0-1664-11ef-976f-87c9f89e656e.jpg.webp",
            "https://ichef.bbci.co.uk/news/480/cpsprodpb/c9c8/live/cf63b1e0-1665-11ef-976f-87c9f89e656e.jpg.webp"
        ],
        "videos": [],
        "author": "Cherylann Mollan ,",
        "text": [
            "Northern India, including capital Delhi, is reeling under a fierce heatwave with temperatures soaring above 45C over the weekend.",
            "On Sunday, Najafgarh district in Delhi recorded a temperature of 47.8C, the highest in the country this season.",
            "The weather department has said the heat spell is likely to continue this week.",
            "The searing heat comes as India is holding its general election, the results of which will be declared on 4 June.",
            "Indian summers, which extend from March to September, are usually hot and humid.",
            "The Indian Meteorological Department (IMD) has said the country is likely to experience longer and more intense heatwaves this year.",
            "On Saturday, temperatures crossed 45C in 10 locations in the National Capital Region (NCR), which encompasses Delhi and some districts from the neighbouring states of Uttar Pradesh, Haryana and Rajasthan.",
            "The IMD has predicted that maximum temperatures in Delhi and other northern cities are likely to hover around 45-46C over Monday and Tuesday. ",
            "It has also predicted a fresh heat spell over parts of western and central India over the next few days.",
            "Many Indian states, reeling under the heatwave, are also going to the polls this week.",
            "On Monday, millions of voters will cast their votes in Maharashtra, Uttar Pradesh and Bihar while Delhi will vote on 25 May.",
            "The elections are being held in seven phases from 19 April to 1 June.",
            "Many voters have expressed discomfort stepping out in the extreme heat. They say it's difficult standing in queues, especially for senior citizens.",
            "India's election authorities have extended voting timings and have asked people to protect themselves against the heat while going to vote.",
            "Summers have always been gruelling in many parts of India - especially in the northern and central regions. ",
            "",
            "While some people use air-conditioners and water coolers to keep themselves cool, others, especially in the more distant towns, have devised their own ways of coping with the heat - from keeping water cool in earthen jugs to taking drinks made with raw mango pulp to ward off heat strokes."
        ]
    },
    "https://www.bbc.com/news/uk-england-cambridgeshire-68928666": {
        "link": "https://www.bbc.com/news/uk-england-cambridgeshire-68928666",
        "subtitle": "Polls close in an election to find new city councillors and a police and crime commissioner (PCC).",
        "time": null,
        "title": "Polls close in city councils and Cambs & Peterborough PCC elections",
        "topics": [
            "England and Wales elections 2024"
        ],
        "images": [
            "https://ichef.bbci.co.uk/news/480/cpsprodpb/11C1F/production/_132653727_b87cd193330b7182e047142b874e9e0882cdfe3b.jpg.webp",
            "https://ichef.bbci.co.uk/news/480/cpsprodpb/17BE/production/_92787060_line2.gif.webp"
        ],
        "videos": [],
        "author": "",
        "text": [
            "Polls have closed in the election for new city councillors and a county's police and crime commissioner (PCC).",
            "The elections will decide who sits on Cambridge City Council and Peterborough City Council and who will be the PCC. ",
            "Polling stations opened at 07:00 BST and closed at 22:00, with the results to be declared on Friday on the council website. ",
            "Constituents needed photo ID to vote in the poll. ",
            "Cambridge City Council has 14 of its 42 seats available to vote for. In Peterborough, just over a third of the city council's seats are up for grabs.",
            "There are three candidates standing for the Cambridgeshire and Peterborough PCC role: Edna Murphy (Liberal Democrat), current commissioner Darryl Preston (Conservative) and Anna Smith (Labour).",
            "The result of who has won the four-year term will be announced on Friday.",
            "PCCs are elected officials whose job is to help ensure police forces function effectively, but not to run those forces themselves.",
            "They hold police forces to account and scrutinise their performance on behalf of the public.",
            "Chief constables are appointed by them and they can dismiss them, if required.",
            "It is also their job to set the annual budget for their force and decide the level of the slice of council tax dedicated to police funding, known as the police precept.",
            "Got a story? Email eastofenglandnews@bbc.co.uk or WhatsApp 0800 169 1830"
        ]
    },
    "https://www.bbc.com/news/articles/cd118n3p1xpo": {
        "link": "https://www.bbc.com/news/articles/cd118n3p1xpo",
        "subtitle": "Rail services linking the UK to Europe have not stopped at Ashford or Ebbsfleet since March 2020.",
        "time": null,
        "title": "Kent business leaders want Eurostar return amid new trains",
        "topics": [
            "Broadstairs",
            "High Speed Rail",
            "Ebbsfleet",
            "Ashford",
            "Eurostar"
        ],
        "images": [
            "https://ichef.bbci.co.uk/news/480/cpsprodpb/3c5b/live/4c2d5b30-168f-11ef-976f-87c9f89e656e.jpg.webp"
        ],
        "videos": [],
        "author": "Christian Fuller,",
        "text": [
            "Business leaders in Kent are calling for Eurostar stops at stations in the county to be reinstated after the company invested in 50 new trains.",
            "Rail services linking the UK to Europe have not stopped at Ashford or Ebbsfleet since March 2020.",
            "The Kent Invicta Chamber of Commerce said Eurostar was prioritising profit over the economic support of the county.",
            "Eurostar has said its Kent stations would remain closed throughout 2024.",
            "The rail company has previously cited financial factors and the post-Brexit border situation as reasons for the Kent services not being immediately restored.",
            "The new fleet will ensure there is capacity for 30 million passengers a year by 2030, the firm added.",
            "Tudor Price, the chief executive of Kent Invicta Chamber of Commerce, said the private sector invested heavily in the area on the basis there would be an international service.",
            "\u201cThey tore up most of the Kent countryside and huge investments have been made,\u201d he told BBC Radio Kent.",
            "\u201cWe understand the business strategy \u2013 it\u2019s just not one that favours Kent.\u201d",
            "Meanwhile, Mike Bridges, of the Broadstairs Tourism and Leisure Association, said: \u201cIt\u2019s such a shame - \u00a350m on new trains, 30 million passengers predicted and none of them stopping in Kent.",
            "\u201cWe\u2019ve seven sandy bays in Broadstairs and it\u2019s a shame a lot of our European visitors bypass us.\u201d",
            "A Eurostar spokesman said: \u201cWe understand this is disappointing for the local communities, and we will continue to work closely and openly with the local councils on the future of the stations.\"",
            "Follow BBC Kent on Facebook, on X, and on Instagram. Send your story ideas to southeasttoday@bbc.co.uk  or WhatsApp us on 08081 002250."
        ]
    },
    "https://www.bbc.com/news/world-us-canada-68980823": {
        "link": "https://www.bbc.com/news/world-us-canada-68980823",
        "subtitle": "His campaign says questioning the presidential candidate's health \"is hilarious... given his competition\".",
        "time": null,
        "title": "RFK Jr in robust health despite brain worm scare, says campaign",
        "topics": [
            "Worms",
            "Health",
            "US election 2024",
            "United States"
        ],
        "images": [
            "https://ichef.bbci.co.uk/news/480/cpsprodpb/FE54/production/_133180156_rfkjr.jpg.webp",
            "https://ichef.bbci.co.uk/news/480/cpsprodpb/73F8/production/_133288692_rfkjrpushup.png.webp"
        ],
        "videos": [],
        "author": "By Mike Wendling,",
        "text": [
            "US presidential candidate Robert F Kennedy Jr says he is in \"robust health\" following reports that he suffered from a brain parasite more than a decade ago.",
            "The New York Times reported that Mr Kennedy also previously suffered from mercury poisoning and heart problems.",
            "Mr Kennedy has made health a key part of his campaign. ",
            "He has contrasted his physical fitness with that of Joe Biden and Donald Trump. ",
            "\"Questioning Mr Kennedy's health is a hilarious suggestion, given his competition,\" his campaign said in a statement Wednesday.",
            "\"Mr Kennedy travelled extensively in Africa, South America, and Asia in his work as an environmental advocate, and in one of those locations contracted a parasite,\" the campaign said. ",
            "\"The issue was resolved more than 10 years ago, and he is in robust physical and mental health.\" ",
            "The New York Times report, based on a divorce deposition, said that in 2010 Mr Kennedy experienced severe memory loss and brain fog. ",
            "He sought treatment and said in the deposition two years later that a doctor told him the issues could be \"caused by a worm that got into my brain and ate a portion of it and then died\".",
            "Worms do not eat brain tissue, experts say, but the idea is a non-medical or layman's understanding of what parasites might do if they enter the central nervous system.",
            "Dr Philip Budge, an associate professor of infectious diseases at the Washington University School of Medicine in St Louis, said that parasite larvae can migrate to the brain and create cysts, in a condition known as neurocysticercosis.",
            "\"The cysts don't absorb any brain tissue, they simply create a space for the parasite to live,\" potentially pushing aside small parts of the brain, Dr Budge said.",
            "\"The cysts can occur in many places in the body. They usually don't cause any trouble unless they are in the brain,\" he said. ",
            "And the effects of brain parasites depend on where they end up: \"It's like real estate: it's all about location location location.\"",
            "\"I'm unaware of any examples where a parasite affected cognition,\" said Dr Arnab Chatterjee, vice president of medicinal chemistry at the Center for Antiviral Medicines and Pandemic Preparedness in La Jolla, California. ",
            "Neither Dr Budge nor Dr Chatterjee have treated Mr Kennedy or have any specific knowledge of his health history.",
            "However, Dr Chatterjee noted that another condition that RFK Jr reported suffering - mercury poisoning - does have a strong link to neurological problems. ",
            "In the deposition, Mr Kennedy also said he had elevated levels of mercury in his blood due to a diet heavy in tuna fish. He reduced his fish intake and underwent treatment for the condition. ",
            "After a career as an environmental lawyer, Mr Kennedy rose to prominence as the head of anti-vaccine organisation Children's Health Defense, formerly known as the World Mercury Project.",
            "Mr Kennedy, 70, frequently talks about health on the campaign trail and has tried to contrast himself with Mr Biden, 81, and Mr Trump, 77. ",
            "However, the member of America's most famous political family has suffered from a variety of other health problems. ",
            "He is a former heroin addict and contracted hepatitis C from intravenous drug use, and has suffered from atrial fibrillation, a type of abnormal heartbeat. ",
            "The condition has put him in hospital at least four times, he told the New York Times, although he says has not had an episode for a decade.",
            "He also has a noticeably strained, raspy voice caused by spasmodic dysphonia, a disorder that causes involuntary spasms in the muscles of the voice box. ",
            "On social media, he responded to the reports of his parasite by writing: \"I offer to eat 5 more brain worms and still beat President Trump and President Biden in a debate.\"",
            "Although Mr Kennedy is mounting the most popular third-party or independent challenge in decades and could swing the result, polls show him trailing far behind the front-runners. "
        ]
    },
    "https://www.bbc.com/sport/articles/cg39dq59xzqo": {
        "link": "https://www.bbc.com/sport/articles/cg39dq59xzqo",
        "subtitle": "A list of key dates for Para-sport events in 2024.",
        "time": "2024-05-27T12:12:36.648733",
        "title": "Disability Sport calendar - BBC Sport",
        "topics": [],
        "images": [
            "https://ichef.bbci.co.uk/news/922/cpsprodpb/56a8/live/9ed08e90-1c0f-11ef-a11e-b1a4ba8bef4b.jpg"
        ],
        "videos": [],
        "author": "",
        "text": [
            "BBC Sport picks out the key sporting events of 2024.",
            "The list will be updated with further fixtures and events as they are confirmed; dates and venues are subject to change.",
            "",
            "2024",
            "JUNE",
            "1: Wheelchair Rugby League Challenge Cup final, Sheffield",
            "1-2: British National Disability and Para-cycling Road Championships, West Yorkshire",
            "1-8: Amputee Football European Championships, France",
            "4-8: French Open wheelchair tennis competition, Roland Garros",
            "6-8: Para-athletics WPA Grand Prix, Nottwil, Switzerland",
            "8: Wheelchair Rugby League Celtic Cup, Galway, Ireland",
            "13-15: Handisport Open WPA Grand Prix, Paris",
            "14-16: World Rowing Cup III, Poznan, Poland",
            "20-26: World Para Powerlifting World Cup, Tbilisi, Georgia",
            "",
            "JULY",
            "10-14: Wimbledon wheelchair tennis competition",
            "",
            "AUGUST",
            "28-8 September: Paralympic Games, Paris",
            "",
            "SEPTEMBER",
            "21-29: Para-cycling Road World Championships, Zurich, Switzerland",
            "",
            "OCTOBER",
            "13: Wheelchair Rugby League Super League Grand Final, Manchester",
            ""
        ]
    }
}