{
    "https://www.bbc.com/news/articles/c2llg18n573o": {
        "link": "https://www.bbc.com/news/articles/c2llg18n573o",
        "subtitle": "Waverley council says it is one of the few authorities that still owns and manages council homes.",
        "time": "2024-05-27T20:52:01.711688",
        "title": "Godalming housing scheme to alleviate homelessness - council",
        "topics": [
            "Godalming",
            "Waverley Borough Council"
        ],
        "images": [
            "https://ichef.bbci.co.uk/news/480/cpsprodpb/34e3/live/c589cc20-1c48-11ef-9464-1fe51922f9ad.jpg.webp"
        ],
        "videos": [],
        "author": "Tanya Gupta,",
        "text": [
            "Work has begun on a housing development in Godalming that will see two of its four homes used to alleviate homelessness.",
            "Waverley council, developers Ermine Construction and Homes England are building four one-bedroom apartments to help meet social and affordable housing need, the authority said.",
            "Planning papers said that two homes would provide rough sleeper accommodation which would be partly grant-funded by Homes England.",
            "The Surrey council said the homes would be net zero with enhanced insulation, air-source heat pumps and solar panels to provide hot water and energy.",
            "Councillor Paul Rivers said: \u201cWe are one of the few local authorities who still own and manage our council homes.",
            "\"We are proud of this, and the support we can give to all our residents, including those who are more vulnerable.\"",
            "Councillor Janet Crowe said the scheme, on brownfield land, was transforming an old garage site into affordable and sustainable new homes.",
            "Work at Aarons Hill, off Eashing Road, is expected to take about 10 months to complete, finishing early next year.",
            "Debbie Smith, provider manager for the Rough Sleepers Accommodation Programme at Homes England, said the programme would provide \"high-quality homes and support for some of the most vulnerable members of our society, who are sleeping rough or at risk of homelessness\u201d.",
            "Follow BBC Surrey on Facebook, and on X. Send your story ideas to southeasttoday@bbc.co.uk or WhatsApp us on 08081 002250."
        ]
    },
    "https://www.bbc.com/news/articles/c166pn5n974o": {
        "link": "https://www.bbc.com/news/articles/c166pn5n974o",
        "subtitle": "Health services organisations in Guernsey have urged islanders to keep their appointments.",
        "time": "2024-05-27T20:52:19.489845",
        "title": "States plea to help reduce number of missed health appointments",
        "topics": [
            "States of Guernsey"
        ],
        "images": [
            "https://ichef.bbci.co.uk/news/480/cpsprodpb/603a/live/0ab86f50-1c52-11ef-a2b9-798bff443292.jpg.webp"
        ],
        "videos": [],
        "author": "",
        "text": [
            "Health services in Guernsey have called for the community to help reduce the number of missed medical appointments.",
            "More than 5,500 clinician outpatient appointments were not used last year after patients did not attend, the States of Guernsey said.",
            "The Committee for Health & Social Care and the Medical Specialist Group (MSG) have urged islanders to \"do everything possible\" to honour their appointments.",
            "MSG Chair, Dr Steve Evans, said working with patients was a \"priority\".",
            "He said: 'We're grateful to all the patients who do come for their appointments on time but it is always a shame when someone does not turn up, as that appointment time could have been used for someone else.",
            "\"We are looking at ways to reduce missed appointments, such as sending out electronic reminders and, where appropriate, arranging follow-up appointments at the time of the first appointment.\"",
            "In 2023, 4,849 of the 82,139 appointments for adults (about 6%) were either not attended by the patient or cancelled with less than 24 hours' notice, the States said.",
            "For paediatric appointments, it was 740 out of 7,152 (about 10%).",
            "Deputy Al Brouard, said non-attendance was \"far more challenging\" to manage than cancelling or re-arranging ahead of time.",
            "He said: \" If we could really cut down on the thousands of missed appointments then it would have an obvious knock-on benefit to our efforts to maximise the capacity our services have, particularly ensuring clinicians' time is not wasted.\"",
            "Follow BBC Guernsey on X (formerly Twitter) and Facebook. Send your story ideas to channel.islands@bbc.co.uk."
        ]
    },
    "https://www.bbc.com/news/articles/clkk0k0kdn3o": {
        "link": "https://www.bbc.com/news/articles/clkk0k0kdn3o",
        "subtitle": "Ethan Entwistle, 18, died when the car he was a passenger in crashed into a tree last year.",
        "time": "2024-05-28T20:52:34.096370",
        "title": "Broadstairs: Crash victim's mum takes speed cut to council",
        "topics": [
            "Kent County Council",
            "Broadstairs",
            "Kent Police"
        ],
        "images": [
            "https://ichef.bbci.co.uk/news/480/cpsprodpb/7264/live/a71e46b0-18f8-11ef-80aa-699d54c46324.jpg.webp",
            "https://ichef.bbci.co.uk/news/480/cpsprodpb/7e77/live/846ee090-1cfc-11ef-80aa-699d54c46324.jpg.webp"
        ],
        "videos": [],
        "author": "Christian Fuller & Charlie Rose,",
        "text": [
            "The mother of a teenager who died in a crash in Kent has taken her petition calling for speed reductions to the county council.",
            "Ethan Entwistle, 18, died when the car he was a passenger in crashed into a tree in Dumpton Park Drive, Broadstairs, on 1 October 2023.",
            "His mother launched a petition urging Kent County Council to prevent future deaths by installing speed reduction measures in the \u201caccident hotspot\u201d.",
            "The council said an investigation was ongoing, and it would ensure any issues raised were resolved.",
            "Two people have been killed in crashes on the 30mph road in recent years, including Ethan, who was killed two days before his 19th birthday.",
            "Cyclist Jacqueline McFarling, 54, died in a crash on the road in January 2023.",
            "Ethan\u2019s mother, Keena Entwistle-Lewis, from Thanet, is calling for the introduction of flashing speed signs on the road.",
            "\u201cI don\u2019t want anybody else to ever feel this way,\u201d she said.",
            "\u201cIf we can stop one accident, one death \u2013 that is enough. If we can stop more, that is even better.\u201d",
            "More than 1,925 have signed the petition so far.",
            "The council said findings from its investigation would help prevent similar types of incidents occurring in the county.",
            "\u201cAny death on Kent\u2019s roads is tragic, and we send our deepest condolences to Ethan\u2019s family,\u201d a spokesman said.",
            "\u201cOne death on our roads is too many, and we will work with Kent Police and other partners to ensure any issues raised are resolved.\u201d",
            "Follow BBC Kent on Facebook, on X, and on Instagram. Send your story ideas to southeasttoday@bbc.co.uk  or WhatsApp us on 08081 002250."
        ]
    },
    "https://www.bbc.com/news/articles/c722zv1r5yro": {
        "link": "https://www.bbc.com/news/articles/c722zv1r5yro",
        "subtitle": "Last week the UN's top court delivered the latest in a series of contested rulings in a case brought by S Africa.",
        "time": "2024-05-28T20:52:49.103486",
        "title": "Israel-Gaza: What does ICJ ruling on Israel's Rafah offensive mean?",
        "topics": [
            "Israel-Gaza war",
            "Israel",
            "Gaza",
            "South Africa",
            "International Court of Justice"
        ],
        "images": [
            "https://ichef.bbci.co.uk/news/480/cpsprodpb/99b2/live/f91eb540-1d16-11ef-80aa-699d54c46324.jpg.webp"
        ],
        "videos": [],
        "author": "Dominic Casciani,",
        "text": [
            "The UN's top court, the International Court of Justice (ICJ), issued a ruling last week on Israel's military offensive in Rafah.",
            "It was the latest pronouncement by the court in a case brought by South Africa, which accuses Israel of a genocide in the Gaza Strip. Israel has vehemently denied the allegation.",
            "Since the case began, the court has delivered a series of contested rulings.",
            "The two most important concern whether or not the court has suggested there is a risk of genocide in Gaza. The second ruling - delivered on 24 May - includes hotly disputed wording over the military operations in Rafah.",
            "It is now being intensively scrutinised and argued over.",
            "In last week\u2019s order, the court ruled by 13 votes to two that Israel should: \u201cImmediately halt its military offensive, and any other action in the Rafah Governorate, which may inflict on the Palestinian group in Gaza conditions of life that could bring about its physical destruction in whole or in part.\u201d",
            "Headlines suggested this was an order to stop all military operations in Rafah - but some of the judges disagree with what it means.",
            "Five of the 15 published their own views. Three had supported the order and two had opposed it.",
            "Judge Bogdan Aurescu from Romania said he voted for the order, but revealed that he thought the court was being \u201cunclear\u201d and underlined that it could not ban Israel from taking legitimate action in self-defence.",
            "Judge Dire Tladi, from South Africa, disagreed with Aurescu, even though they had voted for the same order. He said it told Israel \u201cin explicit terms\u201d to stop its offensive in Rafah.",
            "The two judges who had opposed the order declared that whatever the others had voted in favour of, it was surely not a demand for Israel to begin a unilateral ceasefire in Rafah.",
            "Uganda\u2019s  Julia Sebutinde said the court could not \u201cmicromanage\u201d a war and Israel\u2019s Aharon Barak, temporarily-appointed for the case, said the ICJ\u2019s order was \u201cqualified\u201d so long as the country adhered to the Genocide Convention.",
            "The summary from Germany\u2019s judge, Georg Nolte, is the most revealing to where the court finds itself.",
            "The order, as he voted for it, banned military action \u201cas far as it could endanger the rights of the Palestinian people\u201d to be protected from a risk of genocide. But he stressed: \u201cThe court can play only a limited role in resolving the situation. It must be careful not to overstep the limits of what it can and should do.\u201d"
        ]
    },
    "https://www.bbc.com/news/articles/cgll0lxpj7lo": {
        "link": "https://www.bbc.com/news/articles/cgll0lxpj7lo",
        "subtitle": "Tyler Wenrich is one of five US tourists who have faced jail in Turks and Caicos for ammunition in their luggage.",
        "time": "2024-05-28T20:53:02.859007",
        "title": "US tourist caught with ammunition in Turks and Caicos fined $9,000",
        "topics": [
            "United States",
            "Turks and Caicos"
        ],
        "images": [
            "https://ichef.bbci.co.uk/news/480/cpsprodpb/9470/live/6e6d76f0-1d0e-11ef-80aa-699d54c46324.jpg.webp"
        ],
        "videos": [],
        "author": "Ana Faguy,",
        "text": [
            "Tyler Wenrich, an American tourist arrested in Turks and Caicos Islands, will avoid further jail time for bringing ammunition into the country. ",
            "He was instead ordered to a pay a $9,000 ( \u00a37,040) fine, local media say.  ",
            "Ammunition charges in Turks and Caicos carry a potential mandatory minimum sentence of 12 years in prison.  ",
            "Mr Wenrich is one of five American tourists who have been stuck in Turks and Caicos in recent months because ammunition was found in their luggage.",
            "Mr Wenrich was arrested in April after two 9mm rounds were discovered in his backpack while he was trying to board a cruise ship. ",
            "He pleaded guilty to the charges last week. ",
            "Mr Wenrich has said the ammunition was left in his bag after he had gone to a gun range with friends. ",
            "In addition to the fine, Mr Wenrich was ordered to serve three weeks behind bars. That was covered by the time he spent had in prison before he was released on bail, local media reported. ",
            "He will be able to leave the British territory once he pays the fine. ",
            "Turks and Caicos passed an amendment mandating a 12-year minimum sentence at the end of 2022 following a \"marked increase\" in homicides in 2020 and 2021 that were associated with \"international crime, gangs, the availability of firearms, and drug dealing and trafficking\", according to the UK government.",
            "As of Tuesday, no US citizen has received the mandatory minimum sentence for that offence. ",
            "Still, besides Mr  Wenrich, four other American tourists have found themselves in similar circumstances in recent months. ",
            "Officials in Turks and Caicos found 20 rifle rounds in the checked bag of Bryan Hagerich, a US tourist from Pennsylvania, in February. ",
            "On Friday Mr Hagerich was fined $6,700 (\u00a35,245) and given a one year suspended sentence. He said he was unaware the rounds were in his luggage. ",
            "He returned to the US last week.  ",
            "\"It's the hardest time of my life,\" Mr Hagerich told CBS News Pittsburgh after his return.",
            "\"Just being separated from your family as a father, as a provider. And to not be that figure in your family's life, it's a very tough pill to swallow.\"",
            "Ryan Watson, an Oklahoma man arrested on the same charges in April, is expected to plead guilty this week after officials found four rounds of hunting ammunition in his carry-on bag. ",
            "Sharitta Grier, a Florida woman facing the same fate, will see her day in court in July after officials allegedly found two bullets in her carry-on bag. ",
            "A fifth American was recently allowed to return home for unspecified medical reasons. "
        ]
    },
    "https://www.bbc.com/news/articles/cx778d7g1d2o": {
        "link": "https://www.bbc.com/news/articles/cx778d7g1d2o",
        "subtitle": "Castle Cornet's beacon will join others from across the British Isles to commemorate D-Day.",
        "time": "2024-05-28T20:53:18.496880",
        "title": "Guernsey beacon to mark 80th anniversary of D-Day",
        "topics": [],
        "images": [
            "https://ichef.bbci.co.uk/news/480/cpsprodpb/abbd/live/47f133d0-1d00-11ef-baa7-25d483663b8e.jpg.webp"
        ],
        "videos": [],
        "author": "Jack Silver,",
        "text": [
            "Castle Cornet will host a beacon to mark the 80th anniversary of D-Day next month.",
            "Beacons will be lit to commemorate the World War Two landings across the British Isles as well as at the five beaches in Normandy where the historic battles took place.",
            "Guernsey's Lieutenant-Governor Richard J Cripwell will light the beacon at 21:15 BST on 6 June in a private ceremony for islanders involved in organising the annual Liberation Day celebrations.",
            "Helen Glencross, head of Heritage Services, said: \"It is an honour to be able to join the rest of the country in marking such a significant occasion, and we are pleased to have been able to invite people central to our Liberation Day celebrations \u2013 a closely linked part of our community\u2019s history - to the event.\"",
            "The beacon will be visible from outside the castle walls and will be livestreamed on social media.",
            "Mrs Glencross said: \"The bravery and sacrifice of those people in securing the peace and freedom we enjoy today will be observed by the lighting of beacons around the United Kingdom, Channel Islands, Isle of Man and UK Overseas Territories.\"",
            "Follow BBC Guernsey on X (formerly Twitter) and Facebook. Send your story ideas to channel.islands@bbc.co.uk."
        ]
    },
    "https://www.bbc.com/news/articles/c888jg5v9v5o": {
        "link": "https://www.bbc.com/news/articles/c888jg5v9v5o",
        "subtitle": "Flexible working, additional breaks and changes to workwear are included in the policy.",
        "time": "2024-05-30T05:53:34.563777",
        "title": "Jaguar Land Rover rolls out menopause support policy",
        "topics": [
            "Gaydon",
            "Jaguar Land Rover",
            "Wolverhampton ",
            "Menopause"
        ],
        "images": [
            "https://ichef.bbci.co.uk/news/480/cpsprodpb/9796/live/4329cb00-1da0-11ef-bc6b-0dd4c3aa5602.jpg.webp"
        ],
        "videos": [],
        "author": "Alice Cullinane,",
        "text": [
            "Luxury vehicle manufacturer Jaguar Land Rover (JLR) has introduced a policy to support staff going through the menopause.",
            "From changes to workwear and flexible working, to additional breaks and access to fans, JLR said the new policy would be available from day one of employment.",
            "Feedback from workers and diversity networks helped develop the policy before it was agreed jointly with unions, the manufacturer added.",
            "Other policies included support for pregnancy loss, extended adoption and surrogacy leave, shared parental leave along with a doubled paternity pay.",
            "JLR has centres across the UK including Wolverhampton, Gaydon, Solihull and Manchester.",
            "The company said employees had the right to seek support at any time, with the schemes aiming to assist a safe and inclusive workplace. ",
            "Claire Parker, head of diversity and inclusion at JLR, said the benefits of people coming to work and feeling supported could not be understated. ",
            "\"We will continue to engage with colleagues, our employee-led networks and trade unions to ensure we are constantly evolving and improving our policies based on feedback,\" she added.",
            "Follow BBC West Midlands on Facebook, X, and Instagram, Send your story ideas to: newsonline.westmidlands@bbc.co.uk"
        ]
    },
    "https://www.bbc.com/news/articles/cn001211552o": {
        "link": "https://www.bbc.com/news/articles/cn001211552o",
        "subtitle": "Claire Hughes helped negotiate a contract for mattresses that are designed to tackle pressure ulcers.",
        "time": "2024-05-29T20:53:50.852353",
        "title": "Worcestershire nurse wins award after saving NHS \u00a31m",
        "topics": [
            "Health",
            "Worcestershire Royal Hospital",
            "NHS",
            "Worcester",
            "Worcestershire Acute Hospitals NHS Trust"
        ],
        "images": [
            "https://ichef.bbci.co.uk/news/480/cpsprodpb/ab40/live/f363c5b0-1dab-11ef-acc8-81cdbe1fe7bd.jpg.webp"
        ],
        "videos": [],
        "author": "Elliot Ball,",
        "text": [
            "A nurse has received a Regional NHS Champion Award after improving patient safety and finding a saving of \u00a31m. ",
            "Claire Hughes, the lead nurse for Tissue Viability at Worcestershire Acute Hospitals NHS Trust, arranged for a new contract to supply hybrid mattresses for hospital patients. ",
            "The new mattresses reduce the risk of patients developing pressure ulcers, also known as bedsores.",
            "According to the hospitals trust, the new contract will save \u00a31m over the next four years.",
            "it said the mattresses worked by providing a higher quality pressure-relieving surface that reduced the risk of patients developing pressure ulcers.",
            "Clinical procurement nurse lead at Worcestershire Acute Hospitals NHS Trust, Claire Moses, said: \"Claire\u2019s commitment to delivering quality care in collaboration with procurement led to the successful implementation of this contract. ",
            "\"Claire has worked beyond what is expected of her and is very worthy of this award.\"",
            "Follow BBC West Midlands on Facebook, X, and Instagram. Send your story ideas to: newsonline.westmidlands@bbc.co.uk"
        ]
    },
    "https://www.bbc.com/news/articles/c255z700vvno": {
        "link": "https://www.bbc.com/news/articles/c255z700vvno",
        "subtitle": "The nest was spotted by architect Olly Brock after he went to use his bike one morning.",
        "time": "2024-05-29T20:54:05.508400",
        "title": "First robin chicks hatch from eggs laid on a motorbike",
        "topics": [],
        "images": [
            "https://ichef.bbci.co.uk/news/480/cpsprodpb/b40b/live/18702a50-1da8-11ef-acc8-81cdbe1fe7bd.png.webp",
            "https://ichef.bbci.co.uk/news/480/cpsprodpb/71f6/live/60bdda10-1dac-11ef-a13a-0b8c563da930.png.webp"
        ],
        "videos": [],
        "author": "Jack Silver,",
        "text": [
            "Several robin eggs that were laid in a nest on a motorbike have hatched.",
            "Architect Olly Brock spotted the nest after he went to use his bike one morning earlier this month.",
            "Mr Brock said seeing the eggs hatch was \"absolutely magical\".",
            "\"The mother robin looked quite startled at what was happening underneath her and out came this tiny little thing,\" he said.",
            "Mr Brock said the robin chicks were \"quite bizarre, they look like punk rockers\".",
            "\"They've got spikey hair on their heads and beautiful little yellow beaks. And they're getting quite big already,\" he said.",
            "Mr Brock, from Vale, swapped his Kawasaki Versys for walking to work or taking the bus so as not to disturb the tiny bird and her brood.",
            "He set up a webcam to keep an eye on the nest, the live feed had visitors from around the world.",
            "He said: \"I was absolutely amazed to see we are literally all across the globe on it.",
            "\"Western Canada, all the way round to New Zealand and even Hong Kong\"",
            "Mr Brock put the interest down to people enjoying \"nature getting its own back a little bit\".",
            "Follow BBC Guernsey on X (formerly Twitter) and Facebook. Send your story ideas to channel.islands@bbc.co.uk."
        ]
    }
}