{
    "https://www.bbc.com/sport/football/articles/crgg582lgpmo": {
        "link": "https://www.bbc.com/sport/football/articles/crgg582lgpmo",
        "subtitle": "Chelsea are expected to announce Lyon boss Sonia Bompastor as Emma Hayes' successor.",
        "time": "2024-05-25T13:48:53.268915",
        "title": "Sonia Bompastor: Chelsea to announce Lyon boss as new manager - BBC Sport",
        "topics": [],
        "images": [
            "https://ichef.bbci.co.uk/news/1024/cpsprodpb/2726/live/439c8330-16bf-11ef-976f-87c9f89e656e.jpg"
        ],
        "videos": [],
        "author": "",
        "text": [
            "Chelsea are set to announce Lyon boss Sonia Bompastor as their new manager.",
            "Bompastor, 43, is lined up to replace Emma Hayes next season but the Blues agreed to delay any announcement until after Saturday's Women's Champions League final in Bilbao.",
            "Lyon were beaten 2-0 by Barcelona at the San Mames Stadium and after the game Bompastor said \"it's not the right moment to talk about it\" when asked about her future.",
            "\"I\u2019m really disappointed and that\u2019s the main thing for me,\" she added.",
            "Bompastor's assistant manager Camille Abily will also join her in west London.",
            "Hayes, 47, bows out at Chelsea after clinching a record fifth Women\u2019s Super League title in a row after a 6-0 win at Manchester United on Saturday.",
            "She ends a sensational 12-year spell in west London where she has won 14 major domestic titles, including seven WSL titles, five FA Cups and two Conti Cups.",
            "Hayes immediately began working for the United States women\u2019s national team after finishing the season with Chelsea to prepare for the summer Olympics in Paris."
        ]
    },
    "https://www.bbc.com/news/uk-england-suffolk-69059425": {
        "link": "https://www.bbc.com/news/uk-england-suffolk-69059425",
        "subtitle": "The 17-year-old's body was found in 1999, five days after she went missing following a night out.",
        "time": "2024-05-25T13:49:06.709329",
        "title": "Watch: The 25-year hunt for Victoria Hall's killer",
        "topics": [],
        "images": [],
        "videos": [],
        "author": "",
        "text": []
    },
    "https://www.bbc.com/news/uk-scotland-69073201": {
        "link": "https://www.bbc.com/news/uk-scotland-69073201",
        "subtitle": "First Minister John Swinney has told BBC Scotland News he won't back sanctions against former health secretary Michael Matheson.",
        "time": "2024-05-29T13:49:34.853069",
        "title": "Watch: FM says he won't back sanctions against Matheson",
        "topics": [],
        "images": [],
        "videos": [],
        "author": "",
        "text": []
    },
    "https://www.bbc.com/news/articles/cgllgxlg5dgo": {
        "link": "https://www.bbc.com/news/articles/cgllgxlg5dgo",
        "subtitle": "Far-right parties are on the rise and could become a powerful force in the European Parliament.",
        "time": "2024-05-25T13:50:00.843755",
        "title": "European elections: Far right eyes vote surge and ditches German AfD",
        "topics": [
            "Europe",
            "France",
            "Germany",
            "Refugees and asylum seekers",
            "Giorgia Meloni",
            "European elections 2024",
            "Europe migrant crisis",
            "Italy",
            "Migration"
        ],
        "images": [
            "https://ichef.bbci.co.uk/news/480/cpsprodpb/658b/live/fc704540-1b29-11ef-8a7a-690ae8905a48.jpg.webp",
            "https://ichef.bbci.co.uk/news/480/cpsprodpb/cd95/live/e0f670e0-19ef-11ef-88f3-ff134a9c98ae.jpg.webp",
            "https://ichef.bbci.co.uk/news/480/cpsprodpb/559b/live/df855f40-19f0-11ef-88f3-ff134a9c98ae.jpg.webp",
            "/bbcx/grey-placeholder.png",
            "/bbcx/grey-placeholder.png"
        ],
        "videos": [],
        "author": "Paul Kirby,",
        "text": [
            "Far-right parties are on the rise in much of Europe, and Italian Prime Minister Giorgia Meloni senses a big moment.",
            "\u201cWe are on the eve of a decisive election,\u201d the Brothers of Italy leader tells a packed hall in Madrid by video link. Marine Le Pen of France\u2019s National Rally is in the front row, alongside Santiago Abascal, who heads Spain\u2019s Vox party. \u201cWe are the engine of our continent\u2019s renaissance,\u201d the Italian prime minister declares, before rousing her audience to a standing ovation.",
            "The far right has won elections in Italy and the Netherlands, leads the polls in France, Austria and Belgium and has a stake in the governments of Finland and Slovakia.",
            "Now they could secure more than three in every 10 votes when the EU\u2019s 27 states vote in European elections from 6-9 June, and become a powerful force in the European Parliament.",
            "Infighting is threatening to take the gloss off the far-right surge - because of a series of scandals surrounding Germany\u2019s AfD.",
            "That is why the AfD\u2019s allies in the EU have thrown the German party out of their far-right Identity and Democracy (ID) group in the European Parliament. ",
            "They want nothing to do with a party whose top candidate, Maximilian Krah, has revealed embarrassing views about Adolf Hitler\u2019s Waffen-SS and whose number two faces accusations of taking money from Vladimir Putin\u2019s Russia - allegations he denies.",
            "That kind of association is the last thing Marine Le Pen needs. She has fought for years to detoxify her party from the extreme views of her father, who founded National Rally\u2019s predecessor and was convicted of trivialising the Holocaust. ",
            "Her party now stands at around 30% in the polls and she is favourite to become France\u2019s next president in 2027.",
            "The far right\u2019s biggest success story in Europe, Giorgia Meloni, has big hopes too. Her ambition is to create a right-wing force that will take charge in Brussels.",
            "\u201cThey will have many more people [in Parliament] and these people will be mainstreamed or normalised by their presence,\u201d says Sabine Volk, a close observer of the far right at the University of Passau in Germany.",
            "If Ms Meloni\u2019s EU grouping, the European Conservatives and Reformists (ECR), does well in the elections there is a chance they could find common ground with the centre right of European Commission President Ursula von der Leyen.",
            "Ms von der Leyen\u2019s European People\u2019s Party is likely to end up as the biggest group and she has left the door open to an alliance with the ECR as long as they are pro-Europe, pro-Ukraine and in favour of rule of law.",
            "The ECR includes not only Brothers of Italy, but also Poland\u2019s right-wing populist opposition party, Law and Justice, Spain\u2019s Vox, Riikka Purra\u2019s Finns Party - part of the Finnish government - and Jimmy Akesson\u2019s Sweden Democrats, who work with the Swedish government without being in it.",
            "It is hard to imagine them all signing up to Ursula von der Leyen\u2019s demands, especially when some centre-right parties in her group would not even countenance such an alliance. But if they did, then the European Parliament could steer policy in dramatically different directions, on green policies, migration and asylum.",
            "If the two far-right groupings - ECR and ID - were to somehow overcome their internal differences, then they could form a powerful bloc too.",
            "Sabine Volk is very doubtful of \u201cone mega-coalition\u201d of far-right parties, as is Matthias Dilling, a European politics specialist at Swansea University.",
            "\u201cThe far right in Europe has had a history of division,\u201d he says. \u201cI don\u2019t know whether we would see a single far right group as they continue to be, internally, fairly heterogeneous.\u201d",
            "The ID group, which is home to France\u2019s National Rally, also includes Italy\u2019s League, Austria\u2019s Freedom Party (FP\u00d6), Geert Wilders\u2019 Freedom Party in the Netherlands, Belgium\u2019s Vlaams Belang and the Danish People\u2019s Party.",
            "Opinions differ on what makes a party far-right, but Marine Le Pen, like Mr Wilders, objects to the label.",
            "Dutch political scientist Cas Mudde - perhaps the best-known observer of Europe\u2019s far right - says at its core it combines nativism, authoritarianism, and populism. He defines nativism as a \u201cxenophobic form of nationalism\u201d.",
            "While France\u2019s National Rally and Brothers of Italy have worked hard to shed the far-right label, Matthias Dilling says Cas Mudde\u2019s three pillars are \u201cvery clearly present\u201d in both parties.",
            "Sabine Volk says policies on immigration and anti-feminism often tie far-right movements together. Some parties might back gender equality, but ideally would prefer women to stay at home, she argues.",
            "Brothers of Italy recently pushed through a law allowing anti-abortion groups into abortion clinics to try to stop women terminating pregnancies.",
            "Although some commentators see Hungary\u2019s ruling nationalist-conservative Fidesz party as far-right, they are not in either far-right grouping.",
            "Most far-right parties have traditionally sought to challenge the EU as a supranational force, and many still do.",
            "But Ms Meloni\u2019s party has left behind its \u201conce vehement opposition to Brussels\u201d, says Prof Leila Simona Talani of King\u2019s College London. Her European Election manifesto says \u201cwe want Europe to be a political giant with a leading role internationally\u201d.",
            "Meanwhile, Austria\u2019s Freedom Party (FP\u00d6) is fighting its election campaign on the slogan \u201cStop EU madness\u201d, against a backdrop of Volodymyr Zelensky kissing the president of the European Commission and buzz phrases such as \u201casylum crisis\u201d, \u201ceco-communism\u201d and \u201ccorona-chaos\u201d. ",
            "Despite a succession of national scandals, FP\u00d6 leader Herbert Kickl is leading the EU election polls and could win national elections in the autumn.",
            "Eurosceptic rhetoric remains widespread on the far right, but there is less talk now of leaving the EU.",
            "Geert Wilders\u2019 Freedom Party did back a Dutch \u201cNexit\u201d referendum to leave the EU but now says: \u201cI see there\u2019s no longer support for a Nexit in the Netherlands\u201d.",
            "The same goes for The Finns Party, which does not actively seek a Finnish exit, or \u201cFixit\u201d from the EU any more: \u201cIt is not realistic that Finland would unilaterally leave the EU\" in the near future, it says.",
            "Sweden Democrats leader Jimmie Akesson has not dropped the idea completely, and wants to remove Sweden\u2019s EU membership from its constitution.",
            "Marine Le Pen has never been a fan of the EU either, but she no longer talks of leaving it. She has sought to accuse its officials of \u201cpromoting Islamism and wokeism\u201d and of seeking to scrap Europe\u2019s borders. Her party is now led by Jordan Bardella, who is number one on the EU election list. But a former boss of the EU\u2019s Frontex border agency, Fabrice Leggeri, is at number three.",
            "How this patchwork of nationalist politics plays out in the European Parliament after the votes on 6-9 June is hard to predict.",
            "But the parties on the far right are far better organised than before, as the Madrid rally showed. Even Argentina\u2019s President Javier Milei was there.",
            "\u201cIt\u2019s part of a long trajectory [for the far right] to form international ties and international networks,\u201d says Matthias Dilling.",
            "The question is whether they have the same ambition as Giorgia Meloni.",
            "\u201cI want to try something that\u2019s not easy but fascinating, to repeat in Europe what we\u2019ve achieved in Italy,\u201d she told Italian TV."
        ]
    },
    "https://www.bbc.com/sport/football/articles/cp448rwdww1o": {
        "link": "https://www.bbc.com/sport/football/articles/cp448rwdww1o",
        "subtitle": "Spain thrash England 4-0 to win their fifth Women's Under-17 European Championship.",
        "time": null,
        "title": "England 0-4 Spain: Lionesses thrashed in Women's Under-17 Euros final - BBC Sport",
        "topics": [],
        "images": [
            "https://ichef.bbci.co.uk/news/1024/cpsprodpb/e996/live/e2d39be0-153a-11ef-9374-79ed0315cfd8.jpg"
        ],
        "videos": [],
        "author": "",
        "text": [
            "Spain thrashed England 4-0 as they lifted the Under-17 Women's European Championship for the fifth time.",
            "Alba Cerrato finished from Celia Segura's low cross into the box as Spain opened the scoring in the 40th minute.",
            "Rachel Maltby scored an own goal just before the break, getting the last touch as a Lorena Cubo corner was swung into the box.",
            "Last year's beaten finalists increased their lead in the second half with two goals from Segura.",
            "Lua Calo threaded a dangerous ball into the box and Segura finished at the near post past England goalkeeper Hope McSheffrey.",
            "Clara Serrajordi's cross into the box was headed in by Segura as the rout was confirmed.",
            "The Young Lionesses beat Poland 2-0 in the semi-finals to reach the final for the first time but were unable to compete against a dominant and ruthless Spain side.",
            "The tournament was first held in 2008 and Germany currently hold the most titles with eight."
        ]
    },
    "https://www.bbc.com/news/world-69023928": {
        "link": "https://www.bbc.com/news/world-69023928",
        "subtitle": "The expulsion of Capt Adrian Coghill comes after his counterpart was removed from Britain last week.",
        "time": null,
        "title": "Russia gives British diplomat Adrian Coghill a week to leave Moscow",
        "topics": [
            "Foreign & Commonwealth Office",
            "Spying",
            "Russia",
            "Diplomacy",
            "Vladimir Putin"
        ],
        "images": [
            "https://ichef.bbci.co.uk/news/480/cpsprodpb/ECA5/production/_133318506_gettyimages-2152617849.jpg.webp"
        ],
        "videos": [],
        "author": "By James Landale & Sophie Abdulla,",
        "text": [
            "A British diplomat has been given a week to leave Russia in an escalation of a diplomatic spat over spying. ",
            "The Russian foreign ministry said in a statement the removal of Capt Adrian Coghill was in response to \"unfriendly anti-Russian actions\" from Britain.",
            "On 8 May, the Russian defence attach\u00e9was expelled from London for alleged espionage as an \"undeclared military intelligence officer\". ",
            "Russia says its response \"does not end with this measure\". ",
            "It added the \"initiators of the escalation will be informed about further retaliatory steps\". ",
            "It was inevitable following the UK's earlier announcement that Russia would declare Capt Coghill, a Royal Naval officer and Britain's defence attach\u00e9based at the embassy in Moscow, persona non grata. ",
            "Russian statecraft follows closely the principle of reciprocity, which means for every tit, there must be a tat. ",
            "So British diplomats in Moscow will expect further constraints. ",
            "All this would have been taken into account when the government decided last week to crackdown on Russian espionage in the UK. ",
            "Ministers would have decided that the loss of Britain's defence expert in the embassy in Moscow was worth the gain of disrupting Russian activities in the UK.",
            "Writing on X, previously known as Twitter, Defence Secretary Grant Shapps called the expulsion by Russia a \"desperate move\". ",
            "He said Russia's only issue with Capt Coghill was that he \"personified the UK's unwavering support for Ukraine in the face of his illegal and barbaric invasion\". ",
            "The removal of Col Maxim Elovik was among a number of other measures announced by the Home Office, Foreign Office and Ministry of Defence - as part of plans to \"tighten defences against alleged malign activity by Russia\" across Europe. ",
            "In April, five people were charged over conspiring to commit espionage activities in the UK on behalf of Russia under the National Security Act, the first prosecutions of this kind under the new laws.",
            "Another of the measures included the removal of diplomatic premises status from several Russian properties in the UK - including in Sussex and Highgate, which officials believe had been used for \"intelligence purposes\". ",
            "Russian diplomatic visas were also affected, with restrictions including a cap on the length of time holders can spend in the UK.",
            "Last week, Home Secretary James Cleverly said Moscow would make accusations of \"Russophobia\" while spreading \"conspiracy theories and hysteria\".",
            "Col Maxim Elovik appears to have been in the UK since at least 2014. ",
            "Prior to his posting in London, Col Elovik served as an assistant military attach\u00e9 at Russia's embassy in Washington DC.",
            "When approached for comment, a Foreign Office spokeswoman directed BBC News to Mr Shapps' X post on the matter."
        ]
    },
    "https://www.bbc.com/news/world-us-canada-68894386": {
        "link": "https://www.bbc.com/news/world-us-canada-68894386",
        "subtitle": "Protests against the Gaza war grip dozens of campuses across America, with hundreds of arrests.",
        "time": null,
        "title": "California college cancels graduation ceremony as protests over Israel's war in Gaza continue",
        "topics": [
            "Israel",
            "Israel Gaza war",
            "New York City",
            "United States"
        ],
        "images": [
            "https://ichef.bbci.co.uk/news/480/cpsprodpb/13FEF/production/_133230918_atl.jpg.webp",
            "https://ichef.bbci.co.uk/news/480/cpsprodpb/10D9/production/_133231340_gettyimages-2149596973.jpg.webp",
            "/bbcx/grey-placeholder.png",
            "/bbcx/grey-placeholder.png",
            "/bbcx/grey-placeholder.png"
        ],
        "videos": [
            ""
        ],
        "author": "By Bernd Debusmann Jr in New York and Mike Wendling,",
        "text": [
            "A leading California university has cancelled its graduation ceremony as protests over Gaza continue to spread on college campuses across the US.",
            "The University of Southern California (USC) in Los Angeles cited \"new safety measures\" in disbanding the event.",
            "Hundreds of people have been arrested on dozens of campuses where protests and encampments have sprung up in support of Palestinians in Gaza.",
            "Universities have brought in police to force students to leave.",
            "But some are also negotiating. At Columbia University in New York City, where the protests began last week, a Thursday night deadline for an end to the encampment was dropped.",
            "Talks were showing progress and would continue, the university said.  ",
            "At Atlanta's Emory University, 28 demonstrators were arrested on Thursday after refusing to leave.",
            "Emory's police force said protesters had \"pushed past\" officers protecting the area set up for commencement on Thursday morning.",
            "The force acknowledged that chemical irritants had been released as part of crowd control measures, though they said it was in response to objects being thrown at officers.",
            "Atlanta Police also confirmed using chemical irritants but denied reports they had fired rubber bullets at protesters.",
            "One protester shown on video being detained by police identified herself as Noelle McAfee, chair of Emory's philosophy department. ",
            "Ms McAfee said she was observing what she described as a peaceful protest when police began to move in and the protesters started to march.",
            "\"It went from a peaceful protest to mayhem in the matter of a minute,\" she said. She said she had frozen and been quickly detained. ",
            "The latest wave of campus protests began after officials at Columbia University called in police to clear a new protest encampment and more than 100 people were arrested. ",
            "Activists have been calling for universities to \"divest from genocide\" and to stop investing large school endowments in companies involved in weapons manufacturing and other industries supporting Israel's war in Gaza.",
            "Israel is currently facing a case brought by South Africa at the International Court of Justice alleging that it is committing genocide against the Palestinians, an accusation Israel has rejected as \"baseless\". ",
            "Chisato Mimura, a law student and protest leader at Yale University in Connecticut, told the BBC that activists were upset at President Joe Biden as well as their school officials for \"quite literally funding and equipping the weapons used in genocide\". ",
            "\"What they're doing is completely putting their full weight behind it,\" she said. \"We are well aware of the prominent role they are playing.\"",
            "Some of the protests on US campuses have been accused of antisemitism. A number of Jewish students have said they have felt unsafe at Columbia and at other universities, although other Jewish students have joined the demonstrations. ",
            "Earlier on Thursday, Minnesota Democratic congresswoman Ilhan Omar visited the campus. Her daughter, Isra Hirsi, was one of the protesters cleared from the university by police last week.",
            "\"This is a movement that started with only 70 students,\" Ms Omar told the BBC. \"And because Columbia University decided to crack down on them and violate their First Amendment [rights], this has now spread nationally and internationally.\"",
            "In other recent developments:",
            "The war began when Hamas-led gunmen carried out an unprecedented attack on southern Israel on 7 October, killing about 1,200 people - mostly civilians - and taking 253 others back to Gaza as hostages.",
            "More than 34,180 people - most of them children and women - have been killed in Gaza since then, the territory's Hamas-run health ministry says.",
            "Are you a student in the US? Please share your experiences by emailing haveyoursay@bbc.co.uk.",
            "Please include a contact number if you are willing to speak to a BBC journalist. You can also get in touch in the following ways:",
            "If you are reading this page and can't see the form you will need to visit the mobile version of the BBC website to submit your question or comment or you can email us at HaveYourSay@bbc.co.uk. Please include your name, age and location with any submission. "
        ]
    }
}