{
    "https://www.bbc.com/news/uk-england-essex-68929977": {
        "link": "https://www.bbc.com/news/uk-england-essex-68929977",
        "subtitle": "Polls to elect new councillors across Essex and a police, fire and crime commissioner close.",
        "time": null,
        "title": "Polls close in Essex council and PFCC elections",
        "topics": [
            "England and Wales elections 2024"
        ],
        "images": [
            "https://ichef.bbci.co.uk/news/480/cpsprodpb/17EE/production/_133262160_abe86801-d234-4ae8-ae6c-e84dfda6b82e.jpg.webp",
            "https://ichef.bbci.co.uk/news/480/cpsprodpb/92AA/production/_133264573_66a03da5-ed88-4f32-bef7-7716b0a70a13.jpg.webp",
            "https://ichef.bbci.co.uk/news/480/cpsprodpb/17BE/production/_92787060_line2.gif.webp"
        ],
        "videos": [],
        "author": "",
        "text": [
            "Voters have gone to the polls to elect new councillors across Essex and the county's police, fire and crime commissioner (PFCC).",
            "The outcome will decide who sits on Basildon Borough, Brentwood, Castle Point Borough, Colchester City, Epping Forest District, Harlow, Rochford District, Southend-on-Sea City and Thurrock councils.",
            "People were also be able to vote on the same day for the Essex PFCC role. ",
            "Polling stations closed at 22:00 BST. ",
            "Constituents needed to bring photo ID.",
            "There are four people standing for the Essex PFCC role: Adam Fox (Labour), Kieron Franks (Liberal Democrat), current commissioner Roger Hirst (Conservative) and Robin Tilbrook (English Democrats).",
            "The successful candidate to hold the new four-year term will be announced on Friday, with the newly-elected official taking on the role from 10 May.",
            "PFCCs must ensure police forces and fire services function effectively, but not to run these organisations themselves.",
            "They hold them to account and scrutinise their performances on behalf of the public.",
            "Chief constables and chief fire officers are appointed by PFCCs and they can dismiss them, if necessary.",
            "It is also their job to set the annual budgets for their force and service and decide the level of the slice of council tax dedicated to police and fire funding.",
            "Got a story? Email eastofenglandnews@bbc.co.uk or WhatsApp 0800 169 1830"
        ]
    },
    "https://www.bbc.com/news/articles/c900p8q1kqwo": {
        "link": "https://www.bbc.com/news/articles/c900p8q1kqwo",
        "subtitle": "Gary Alexander Baird admitted killing his wife, Susan Baird, at their home in Belfast in 2020.",
        "time": null,
        "title": "Husband pleads guilty to Susan Baird manslaughter",
        "topics": [
            "Northern Ireland"
        ],
        "images": [
            "https://ichef.bbci.co.uk/news/480/cpsprodpb/d682/live/daf2efa0-169f-11ef-90c9-3744ecf4e2fd.jpg.webp"
        ],
        "videos": [],
        "author": "Eve Rosato ,",
        "text": [
            "A man has pleaded guilty to the manslaughter of his wife by way of diminished responsibility.",
            "Gary Alexander Baird, 64, admitted killing his wife, 60-year-old Susan Baird at their home in Belfast in 2020.",
            "She died as a result of catastrophic head injuries after being attacked by Baird with a hammer at their Windermere Road home in August of that year.",
            "At Belfast Crown Court on Monday he pleaded not guilty to murder but a barrister for the prosecution accepted his manslaughter plea.",
            "Baird was remanded back into custody ahead of being sentenced on 8 July.",
            "Ahead of that sentencing psychiatric evidence will be considered.",
            "Victim impact statements will also be read at the sentencing hearing.",
            "The first trial collapsed earlier this year after jurors were dismissed due to a legal issue.",
            "That trial had heard that Susan Baird died after suffering multiple injuries, including fractures to her skull, lacerations on her brain and forehead and bruising on various parts of her body.",
            "Her injuries were so bad that she had to be identified from her dental records.",
            "Following the death of his wife, Gary Baird had been detained in Belfast City Hospital's acute mental health unit for more than a year.",
            "At 16:51 BST on 16 August 2020, Gary Baird called 999 and said: \"I've just murdered my wife.\"",
            "He told the operator he had hit her with a hammer and when asked if she was dead, Baird replied: \"I think so\".",
            "Police attended the couple's home and, after entering via an unlocked front door, they observed a heavily bloodstained Baird sitting in the kitchen with a wound to his head.",
            "They then discovered Mrs Baird who was lying slumped on a sofa in a small room off the kitchen. She was pronounced dead at the scene.",
            "Baird was arrested and when asked about his head wound, he told officers: \"I did this to myself\".",
            "Admitting he attacked his wife with a hammer then turned the weapon on himself, Baird, who is a former BBC security guard, also said \"the voices in my head told me to do it\".",
            "At the time of her death, Susan Baird worked as an administrator at Orangefield Presbyterian Church."
        ]
    },
    "https://www.bbc.com/news/articles/c06684zn1vjo": {
        "link": "https://www.bbc.com/news/articles/c06684zn1vjo",
        "subtitle": "Currently, eight EU member states recognise the State of Palestine, the most recent being Sweden in 2014",
        "time": "2024-05-22T12:08:36.418440",
        "title": "'Important step' as Ireland recognises Palestinian state",
        "topics": [
            "Israel & the Palestinians",
            "Republic of Ireland",
            "Israel-Gaza war",
            "Palestinian territories",
            "European Union"
        ],
        "images": [
            "https://ichef.bbci.co.uk/news/480/cpsprodpb/ad8a/live/7d093860-1819-11ef-91fc-5d1a434f5e40.png.webp",
            "/bbcx/grey-placeholder.png",
            "/bbcx/grey-placeholder.png",
            "/bbcx/grey-placeholder.png",
            "/bbcx/grey-placeholder.png"
        ],
        "videos": [
            ""
        ],
        "author": "",
        "text": [
            "Ireland has announced plans to officially recognise a Palestinian state.",
            "It comes as the three leaders of the coalition government - Taoiseach Simon Harris, T\u00e1naiste Miche\u00e1l Martin and Green Party Minister Eamon Ryan - held a press conference at Government buildings in Dublin on Wednesday morning.",
            "Mr Harris said that it was an \"important and historic day for Ireland and for Palestine\".",
            "Israel have recalled their envoys to Ireland, claiming that Ireland's decision will encourage terrorism and more instability.",
            "Norway and Spain have also announced on Wednesday that they will recognise a Palestinian state.",
            "Currently, eight EU member states recognise Palestinian statehood, the most recent being Sweden in 2014.",
            "It comes just days after the International Criminal Court applied for arrest warrants for Israeli Prime Minister Benjamin Netanyahu and Hamas's leader in Gaza, Yahya Sinwar, for war crimes.",
            "Speaking on Wednesday, Mr Harris said that he was \"confident that further countries will join us in taking this important step in the coming weeks\".",
            "He said that a two-state solution, whereby independent Israeli and Palestinian states exist side-by-side, was the  \"the only credible path to peace and security\u201d.",
            "Referencing the foundation of the Irish state, Mr Harris said \u201cfrom our own history we know what it means, recognition is an act of powerful political and symbolic value\u201d.",
            "He said that the decision was taken \"to offer hope and encouragement to the people of Palestine at one of their darkest hours\".",
            "The Palestinian militant group Hamas launched an unprecedented assault on Israel on 7 October, with hundreds of gunmen infiltrating communities near the Gaza Strip.",
            "About 1,200 people were killed, and more than 250 were taken to Gaza as hostages, according to Israeli tallies.",
            "More than 35,000 Palestinians in Gaza have so far been killed by the Israeli military in response, Gaza's Hamas-run health ministry says.",
            "Also on Wednesday morning, Israel announced it would recall its envoys to Ireland and Norway \"for urgent consultations\".",
            "\"I am sending Ireland and Norway a clear message: Israel will not back down against those who undermine its sovereignty and endanger its security,\" foreign minister Israel Katz said.",
            "\"Today\u2019s decision sends a message to the Palestinians and the world: terrorism pays,\" he said.",
            "\"After the Hamas terror organisation carried out the largest massacre of Jews since the Holocaust, after committing heinous sexual crimes witnessed by the world, these countries chose to reward Hamas and Iran by recognizing a Palestinian state,\" Mr Katz said.",
            "\"This distorted step by these countries is an injustice to the memory of the victims of 7/10, a blow to efforts to return the 128 hostages, and a boost to Hamas and Iran's jihadists, which undermines the chance for peace and questions Israel\u2019s right to self-defence.\"",
            "Hamas, which controls Gaza and is currently at war with Israel, said Wednesday's announcements would be a \"turning point in the international position on the Palestinian issue\".",
            "In a statement to AFP, Bassem Naim, a senior Hamas figure, said the \"brave resistance\" of the Palestinian people was behind the move.",
            "Hamas's rival, the Palestinian Authority (PA) - which controls parts of the Israeli-occupied West Bank - said Norway, Spain and Ireland had demonstrated their \"unwavering commitment\" to \"delivering the long overdue justice to the Palestinian people.\"",
            "Addressing the \"people of Israel\", Mr Harris said: \"Ireland is resolute and unequivocal in recognising the state of Israel and Israel\u2019s right to exist securely and in peace with its neighbours.\"",
            "\"Let me be clear that Ireland condemns the barbaric massacre carried out by Hamas on 7 October last,\" he said.",
            "Mr Harris called for the release of hostages taken by Hamas \"to the arms of their loved ones\", but added that \"Hamas is not the Palestinian people\".",
            "\"A two state solution is the only way out of the generational cycles of violence retribution and resentment,\" he said.",
            "T\u00e1naiste Miche\u00e1l Martin said that Ireland's decision was a \"clear and immutable statement of our deeply-held belief that there can be no peace in the Middle East until the Israeli and Palestinian peoples alike enjoy the same rights to self-determination, statehood, peace, security and dignity\".",
            "He added that the move was not \"a hostile act towards the state of Israel\".",
            "\"We acknowledge the heartbreak, loss and anguish of the Israeli people,\" he said. ",
            "Green Party leader Eamon Ryan said that Ireland had \u201clearnt the hard way, that violence against innocent civilians to try and achieve political aims, can, and must never win\".",
            "\"Whether that be a car bomb on the streets of Omagh or Jerusalem, be that a rocket landing in Tel Aviv, or a no warning blast in a Birmingham pub, be that an assault on the Kibbutz, or a bomb dropped from a jet fighter onto a refugee camp or a Gaza hospital, it is all wrong,\" he said.",
            "The Israeli embassy in Ireland has said that it views the move to recognise Palestine as \"undermining its sovereignty and security\" and as \"damaging to our bilateral relations\".",
            "It said the Israeli government has recalled its ambassador in Dublin Dana Erlich \"temporarily for consultations\".",
            "\"We are disappointed by the Irish Government's decision on recognition, which follows worrying initiatives and statements in recent months,\" it said in a statement.",
            "DUP MP Ian Paisley said the Irish government's move was an attempt to appeal to the \"extreme elements in Irish society\".",
            "In a statement, he said: \"The announcement by the Dublin Prime Minister to recognise the State of Palestine - even though he could not identify that state accurately on a map - will unfortunately only play into the hands of extremist, anti-Jewish and anti-Israel factions. ",
            "\"Ireland should brace itself for a run of abuse against people and businesses associated with Israel,\" he continued. ",
            "\"What is atrocious is that the announcement this morning did not have one word of condemnation of Hamas terrorism on 7 October.\"",
            "However, Taoiseach Simon Harris and T\u00e1naiste Miche\u00e1l Martin both condemned the \"barbaric massacre\" carried out by Hamas last October in their public statements.",
            "Both leaders also called again for the release of all hostages in Gaza.",
            "In a statement, Sinn F\u00e9in President Mary Lou McDonald TD said the recognition \"must be the first step in the government playing a leading international role in assisting the creation of an independent and sovereign Palestinian State\".",
            "\u201cThe government must follow today\u2019s announcement by utilising every tool at their disposal to hold Israel to account and to demand full adherence to international law,\u201d she said."
        ]
    },
    "https://www.bbc.com/news/articles/clm315r3ydlo": {
        "link": "https://www.bbc.com/news/articles/clm315r3ydlo",
        "subtitle": "Residents in Sussex go to the polls in local council and police and crime commissioner elections.",
        "time": null,
        "title": "Sussex: Polls open in local and PCC elections",
        "topics": [
            "England and Wales elections 2024"
        ],
        "images": [
            "https://ichef.bbci.co.uk/news/480/cpsprodpb/aab9/live/bd3ba6e0-084a-11ef-bd6c-f3e979c4f222.jpg.webp"
        ],
        "videos": [],
        "author": "Amy Walker,",
        "text": [
            "Residents in Sussex are now able to cast ballots, with 56 seats in four local councils up for re-election.",
            "Polling stations are open between 07:00 and 22:00 BST on Thursday for the local elections in Hastings, Crawley, Adur and Worthing, with the count taking place throughout the day on Friday.",
            "Voters across Sussex will also be electing Sussex's next police and crime commissioner.",
            "Anyone planning to vote in person at a polling station must bring an approved form of photo ID.",
            "With a general election expected later in 2024, the local vote is being seen as a crucial test for the government.",
            "There are elections in 107 local authorities across England, as well as 11 mayoral races.",
            "Follow BBC Sussex on Facebook, on X, and on Instagram. Send your story ideas to southeasttoday@bbc.co.uk or WhatsApp us on 08081 002250."
        ]
    },
    "https://www.bbc.com/future/article/20240523-what-a-record-breaking-hurricane-season-looks-like": {
        "link": "https://www.bbc.com/future/article/20240523-what-a-record-breaking-hurricane-season-looks-like",
        "subtitle": "Forecasters are predicting that 2024's hurricane season could be among the most active on record. To know what to expect, we spoke to veterans of a past super hurricane season.",
        "time": "2024-05-24T12:09:05.106975",
        "title": "A super-charged hurricane season is brewing \u2013 here's what it might look like",
        "topics": [
            "Extreme weather",
            "News Features",
            "Science",
            "Weather",
            "Climate change",
            "Earth",
            "Environment"
        ],
        "images": [
            "https://ichef.bbci.co.uk/images/ic/480xn/p0hzwrxr.jpg.webp",
            "https://ichef.bbci.co.uk/images/ic/480xn/p0hzws6n.jpg.webp",
            "/bbcx/grey-placeholder.png",
            "/bbcx/grey-placeholder.png"
        ],
        "videos": [],
        "author": "By Chris Baraniuk",
        "text": [
            "Forecasters are predicting that 2024's hurricane season could be among the most active on record. To understand what a super hurricane season is like, we spoke to people who have already lived through one.",
            "In one wild night, the hurricane came and went. As soon as evacuee Cheyne Weir woke up, he headed back into town. He drove past giant billboards blown bare by the wind. Then trailer park homes, each one looking like a bomb had gone off inside. He passed trees stripped of their bark, their trunks now freshly wrapped in sheet metal \u2013 roofing moulded like mere tinfoil by the wind.",
            "It was in the early hours of 27 August 2020 that Hurricane Laura ploughed through Lake Charles, Louisiana, causing damage on a scale that few of the city's residents had ever seen before. Now that the danger had passed, Weir was on his way back to his house, to find out what was left.",
            "That same morning, Denise Durel and Tami Chrisope from United Way of Southwest Louisiana, a social services charity, were also driving through the streets of the city, dodging huge pieces of fallen debris. Durel, president and chief executive, was behind the wheel while Chrisope held her smartphone out of the passenger window, capturing footage of the destruction and broadcasting it live on social media. \"Can you drive past my house?\" people kept asking, desperate to know if their home had survived.",
            "And downtown, Nic Hunter, the Mayor of Lake Charles, stepped through the heart of his city, looking around in disbelief. One of the tallest buildings in Lake Charles, a 22-storey office tower, had many windows blown out. It sat there, dishevelled. A giant block of Swiss cheese, he thought, riddled with holes.",
            "When Weir finally made it to the modern townhouse where he lived with his then-fianc\u00e9e Leighanna, he was thankful to see it was still standing. But opening the front door revealed the destruction inside. Severe damage to the roof had allowed a deluge of rainwater through. There were inches of water in the ground floor. \"I can't show you\u2026 It's bad, it's really bad,\" Weir remembers saying to his fianc\u00e9e on Facetime, declining to turn the phone around.",
            "The Atlantic hurricane season runs from 1 June to 30 November each year and 2020 holds the title of the most active hurricane season on record in terms of the number of storms. That year, there were 30 named storms. Tropical cyclones get named when they can maintain one-minute wind speeds of 39 mph (63 km/h) or more. In 2020, the tally included 13 hurricanes, six of which were major hurricanes \u2013 reaching categories 3-5 on the Saffir-Simpson Scale, with sustained windspeeds greater than 111mph (179km/h).",
            "Hurricane Laura was devastating, racking up more than $23bn (\u00a318bn) of damage and claiming the lives of 81 people, mostly in Haiti and Louisiana. Plus, Lake Charles wasn't just hit once. A little over a month later, Hurricane Delta arrived. \"Laura took a home and weakened it, Delta came through and flattened it,\" says Durel.",
            "Now, fears are growing that 2024 will bring another onslaught of extreme weather to communities in the Caribbean and US, because early forecasts indicate this year's hurricane season will also be extremely active. At this stage, weather experts expect multiple named storms to emerge and the chance of the most destructive Category 4 and 5 hurricanes making landfall is raised, they say. (Read BBC News' report on the forecast.)",
            "Climate change is increasing the likelihood of what could be classed as \"super hurricane seasons\", like the one in 2020. The people of Lake Charles can tell you what living through a super season feels like. The city became famous for having endured not just the two hurricanes but also a winter ice storm and severe flooding the following spring \u2013 not to mention the global Covid-19 pandemic, which was at its height during this period. Three years on from the storms, there are still homes in Lake Charles bereft of roofs, covered only by tarp, and some particularly badly damaged buildings yet to be torn down.",
            "\"I am a faithful and God-fearing man,\" says Hunter, the city's mayor, recalling that dreadful period. \"I started to ask God, 'What more can we go through and when will this end?'\"",
            "In April, meteorologists at Colorado State University (CSU) put out a sobering early forecast for the 2024 hurricane season. At that stage, they expected a total of 11 hurricanes, including five major hurricanes of Category 3 or higher, and more than 20 named storms in total. All of these numbers are well above the average hurricane season activity of the past 30 years.",
            "\"I can tell you right now I'm talking to an emergency management group in about 40 minutes,\" Phil Klotzbach of CSU told the BBC. \"There's very heightened interest in the season.\"",
            "Even more severe warnings have since followed that April forecast. Expect the coming hurricane season to be \"extraordinary\", said the director of the National Oceanic and Atmospheric Administration (Noaa) during a news conference in late May.",
            "Noaa's latest outlook suggests up to 13 hurricanes could emerge this year, with seven of them potentially reaching Category 3 or higher. Overall, the agency says there is an 85% chance that the season will be \"above normal\" in terms of storm activity. It adds that, this year, it will upgrade its use of unmanned sailing and underwater drones to track hurricanes in real time.",
            "Separately, The Weather Company also recently forecast a \"hyperactive\" Atlantic hurricane season.",
            "The sharpness of these projections is driven in large part by the unusually high temperature of the North Atlantic, which is currently around 1C (1.8F) higher than the average temperature for this time of year since 1991. This May, the waters of the Tropical Atlantic are as warm as you might expect them to be in August. Global sea surface temperatures have set new records every day over the past 12 months.",
            "Extra heat helps to drive the formation of large storms over the Atlantic. Plus, a crucial, cyclical change appears to be occurring in the Earth's climate \u2013 a shift from what's called El Ni\u00f1o to La Ni\u00f1a. La Ni\u00f1a means cooler waters in the south-eastern Pacific, which affects winds right across the US and over the Atlantic Ocean, too. It ultimately means less wind shear, or a smaller variance between wind speeds at different altitudes, over the Atlantic. And that lack of turbulence or disruption in the air makes it easier for hurricanes to grow into gargantuan storm systems. (Learn more about the birthplace of the most destructive hurricanes.)",
            "Climate change isn't just bringing more and bigger storms, it is also increasing the possibility of storms suddenly stepping up in power. This is a process called rapid intensification and it happened to Hurricane Laura in 2020, transforming the threat that it posed to Louisiana in the hours before it struck Lake Charles. An extraordinary case of rapid intensification also occurred in 2023 when Hurricane Lee was supercharged in just 24 hours from a Category 1 to a Category 5 storm, reaching wind speeds of 165mph (266km/h). Thankfully, Lee was nowhere near land when this happened. But meteorologists consider it a warning.",
            "\"That is the nightmare scenario,\" says Brian Tang, a hurricane researcher at the University at Albany, New York. \"The combination of a major hurricane headed towards a populated area with not enough time to evacuate.\"",
            "Michael Wehner, who studies extreme weather events at Lawrence Berkeley National Laboratory, in California, agrees that this prospect is \"terrifying\". He points to a study published in May 2024, which suggests the chances not just of rapid intensification but near-shore rapid intensification, specifically, are rising. According to the study, this is because the warming climate is reducing wind shear and increasing relative humidity \u2013 both these factors may help hurricanes to explode in power when approaching land.",
            "Not only that, the biggest storms are arguably getting even bigger. Last year, Wehner and a colleague published a paper where they argued that a new level should be added to the Saffir-Simpson hurricane wind scale, to more accurately represent the most extreme storms. Several hurricanes and typhoons already satisfy the criteria for hypothetical \"Category 6\" status, having had one-minute sustained wind speeds of more than 192mph \u2013 such as Hurricane Patricia in 2015.",
            "Our tools for communicating the scale and impact of hurricanes aren't always effective enough, suggests Wehner. He gives the examples of Hurricane Camille in 1969 and Hurricane Katrina in 2005. Both were Category 5 storms but the latter was significantly larger and more deadly.",
            "\"Katrina was enormous,\" says Wehner. \"There were people who died because they said, 'Well, I survived Camille. That was a [Category] 5, how bad can it be?' \u2013 but they just were different.\" While Camille claimed an estimated 259 lives, more than 1,800 people died during Katrina.",
            "The 2005 hurricane season is important to consider as an example of what the future might hold because it is the only season on record to have surpassed 2020 in terms of the number of hurricanes and major hurricanes. In total, after 27 named storms, including 15 hurricanes and seven major hurricanes, the 2005 season caused more than 3,400 deaths in the US and Central America, and $160bn (\u00a390bn) worth of damage. The 2020 season, by comparison, led to damages of $37bn (\u00a329bn) and around 430 deaths.",
            "When it comes to weighing up the threat posed by a hurricane, or deciding whether to evacuate or not, people sometimes fixate on the wind speeds, says Tang. But it's water that can do the most harm. \"The danger of hurricanes is the water hazards \u2013 the [storm] surge and the flooding,\" he says, as 88% of fatalities from tropical cyclones in the US are water-related.",
            "And Wehner says climate change is also making hurricanes wetter. For every degree Celsius warmer the air is, these giant storms can hold about 7% more water but, crucially, the rate at which they can dump that water out goes up much faster, at around 14-21% per degree Celsius, Wehner explains. In other words, the storms can hold a little more moisture \u2013 but produce a lot more rain.",
            "After Hurricane Laura, Cheyne Weir got an idea of how much water poured into his house when he went upstairs and saw the bathtub. It had been empty the day before when he left in a hurry. Now it was full. \"The most toxic-looking, disgusting water ever,\" he recalls.",
            "Everything in the house was soaked. The plasterboard walls were so wet that they had begun peeling and Weir found he could easily push his fingers deep into the previously rigid material. It was so humid that mould had already appeared on some of the most heavily saturated surfaces.",
            "Weir started salvaging what he could. A couple of suitcases of drenched clothes. Some treasured but now sodden books and a jacket his fianc\u00e9e had kept from high school that she loved. Their home as they knew it was gone. They never moved back.",
            "It was devastating but it could have been much worse. For one thing, the main structure of the house was still standing. But also, Weir had very nearly stayed there to try and ride out the storm. He had originally intended to do so although his fianc\u00e9e had evacuated ahead of time. But in the hours before Laura slammed into Lake Charles, he changed his mind. He was sitting in his living room, drinking a glass of whiskey and watching TV. A meteorologist, he remembers, had appeared on screen and warned people that their lives would be at risk if they stayed in the area.",
            "\"If you stay, you are going to die,\" is how Weir remembers the message coming across. \"I put my whiskey down. That got my attention.\" Multiple news outlets, including the BBC, carried the official warning that an \"unsurvivable\" storm surge was on its way.",
            "With hours to spare, Weir made it to a hotel a few hours away, took a Xanax \u2013 a mild tranquiliser \u2013 and fell asleep.",
            "Meanwhile, Durel had insisted her staff at the United Way office evacuate the day before. Some had been reluctant but thankfully all of them were out of harm's way when Laura arrived. The impact of the hurricane on Lake Charles as a community is, Durel says, hard to overstate. \"It was really just insane when you think about everything we use today that we take for granted \u2013 and all of a sudden in the snap of one storm, it all goes away.\"",
            "From running water to electricity, various basic amenities were out of action for days or months. More than three years later, there are still some households in the area reliant on electricity from generators set up in the wake of the disaster. \"Those families have an electricity bill but they also have a gas bill,\" says Durel. \"They've got an added cost burden of paying for the gas for the generators.\"",
            "Hunter notes that before Laura, the population of Lake Charles within the city limits was about 84,000 people. Official figures for 2023 suggest the population had dropped more than 10%, to 74,000. However, the city's internal estimates referred to by Hunter suggest the population is now growing again, back to about 80,000.",
            "He is well aware of the early hurricane season forecasts for 2024 and says that Lake Charles is already preparing for the worst. This means, for example, putting together \"push packages\" \u2013 pre-approved contracts with suppliers who will immediately respond in the event of a storm to deliver things like clean drinking water or generators in a matter of hours. And the city has reconfirmed agreements with neighbouring communities who could take in evacuees, perhaps to a sports hall or church, in the event of a mass exodus prior to a storm's arrival.",
            "Hunter adds that Lake Charles has spent $1m (\u00a3787,000) to improve drainage in the city in order to cope better with heavy rainfall. \"I can promise this community that we will be stronger and more resilient whenever the next storm hits,\" he says.",
            "On its website, Noaa has published guides explaining what individuals and families can do in preparation of a major storm or hurricane. This includes planning potential evacuation routes and having a kit with emergency supplies ready at all times. \"Do it now, don't wait till a day out from landfall,\" says Faith Newton at The Resiliency Initiative, a US firm that advises on emergency management.",
            "There is also information available on what to do in the days before a specific storm strikes, and how to respond in the aftermath.",
            "A big problem, though, is that low-income communities tend to be at additional risk, says Chauncia Willis-Johnson, co-founder and chief executive at the Institute for Diversity and Inclusion in Emergency Management, which is headquartered in the state of Georgia.",
            "\"In every disaster, it's the same people who are negatively impacted \u2013 usually those who have the least access to money,\" she says. It's the low-income families whose homes are weaker and more vulnerable to high-speed winds. Or who live in districts where the drainage is less capable, making those families more at risk of potentially deadly flooding. People from low-income households may also not have the resources to self-evacuate, says Willis-Johnson, which could leave them in grave danger.",
            "The Federal Emergency Management Agency (Fema) has billions of dollars available to assist people in the aftermath of major storms. Durel praises this but notes that, in the wake of Hurricane Laura, many people in Lake Charles found the system for applying for financial relief difficult to navigate. \"We have a lot of people that really should have qualified for support from our government, who did not,\" she says, estimating the number of such households to be in the \"multiple hundreds\".",
            "Fema's director of external affairs, Jaclyn Rothenberg, says she accepts that the agency's systems haven't been as accessible as they could have been in the past but that in recent years updates have been made to make the process of applying for help, or appealing refusals, easier.",
            "Rothenberg acknowledges that the threat of severe hurricanes is growing because of climate change. \"We definitely have seen the increase in extreme weather events,\" she says.",
            "About two months after Hurricane Laura, Cheyne Weir got married. He and his wife Leighanna now have a young daughter. The family lives in a new house that Weir says was built to withstand severe storms. He keeps food and water supplies ready to go, just in case. And he has everything he needs to board up the windows securely in just one hour. The way the Lake Charles community responded to Hurricane Laura makes him proud, he adds. People worked hard on repairs and helped each other through the hardest days.",
            "\"That hurricane coming through was such a life-altering thing,\" says Weir. Unsurprisingly, he's already read the early forecasts for 2024. If another super season is looming, he is determined to face it head on. The memory of Laura is ingrained.",
            "\"We can do one of two things,\" Weir says. \"We can live in fear from it \u2013 or we can be grateful for what it taught us.\"",
            "--",
            "If you liked this story,\u00a0sign up for The Essential List newsletter\u00a0\u2013 a handpicked selection of features, videos and can't-miss news, delivered to your inbox twice a week.\u00a0"
        ]
    },
    "https://www.bbc.com/news/uk-england-cambridgeshire-68928666": {
        "link": "https://www.bbc.com/news/uk-england-cambridgeshire-68928666",
        "subtitle": "Polls close in an election to find new city councillors and a police and crime commissioner (PCC).",
        "time": null,
        "title": "Polls close in city councils and Cambs & Peterborough PCC elections",
        "topics": [
            "England and Wales elections 2024"
        ],
        "images": [
            "https://ichef.bbci.co.uk/news/480/cpsprodpb/11C1F/production/_132653727_b87cd193330b7182e047142b874e9e0882cdfe3b.jpg.webp",
            "https://ichef.bbci.co.uk/news/480/cpsprodpb/17BE/production/_92787060_line2.gif.webp"
        ],
        "videos": [],
        "author": "",
        "text": [
            "Polls have closed in the election for new city councillors and a county's police and crime commissioner (PCC).",
            "The elections will decide who sits on Cambridge City Council and Peterborough City Council and who will be the PCC. ",
            "Polling stations opened at 07:00 BST and closed at 22:00, with the results to be declared on Friday on the council website. ",
            "Constituents needed photo ID to vote in the poll. ",
            "Cambridge City Council has 14 of its 42 seats available to vote for. In Peterborough, just over a third of the city council's seats are up for grabs.",
            "There are three candidates standing for the Cambridgeshire and Peterborough PCC role: Edna Murphy (Liberal Democrat), current commissioner Darryl Preston (Conservative) and Anna Smith (Labour).",
            "The result of who has won the four-year term will be announced on Friday.",
            "PCCs are elected officials whose job is to help ensure police forces function effectively, but not to run those forces themselves.",
            "They hold police forces to account and scrutinise their performance on behalf of the public.",
            "Chief constables are appointed by them and they can dismiss them, if required.",
            "It is also their job to set the annual budget for their force and decide the level of the slice of council tax dedicated to police funding, known as the police precept.",
            "Got a story? Email eastofenglandnews@bbc.co.uk or WhatsApp 0800 169 1830"
        ]
    },
    "https://www.bbc.com/news/world-us-canada-68980823": {
        "link": "https://www.bbc.com/news/world-us-canada-68980823",
        "subtitle": "His campaign says questioning the presidential candidate's health \"is hilarious... given his competition\".",
        "time": null,
        "title": "RFK Jr in robust health despite brain worm scare, says campaign",
        "topics": [
            "Worms",
            "Health",
            "US election 2024",
            "United States"
        ],
        "images": [
            "https://ichef.bbci.co.uk/news/480/cpsprodpb/FE54/production/_133180156_rfkjr.jpg.webp",
            "https://ichef.bbci.co.uk/news/480/cpsprodpb/73F8/production/_133288692_rfkjrpushup.png.webp"
        ],
        "videos": [],
        "author": "By Mike Wendling,",
        "text": [
            "US presidential candidate Robert F Kennedy Jr says he is in \"robust health\" following reports that he suffered from a brain parasite more than a decade ago.",
            "The New York Times reported that Mr Kennedy also previously suffered from mercury poisoning and heart problems.",
            "Mr Kennedy has made health a key part of his campaign. ",
            "He has contrasted his physical fitness with that of Joe Biden and Donald Trump. ",
            "\"Questioning Mr Kennedy's health is a hilarious suggestion, given his competition,\" his campaign said in a statement Wednesday.",
            "\"Mr Kennedy travelled extensively in Africa, South America, and Asia in his work as an environmental advocate, and in one of those locations contracted a parasite,\" the campaign said. ",
            "\"The issue was resolved more than 10 years ago, and he is in robust physical and mental health.\" ",
            "The New York Times report, based on a divorce deposition, said that in 2010 Mr Kennedy experienced severe memory loss and brain fog. ",
            "He sought treatment and said in the deposition two years later that a doctor told him the issues could be \"caused by a worm that got into my brain and ate a portion of it and then died\".",
            "Worms do not eat brain tissue, experts say, but the idea is a non-medical or layman's understanding of what parasites might do if they enter the central nervous system.",
            "Dr Philip Budge, an associate professor of infectious diseases at the Washington University School of Medicine in St Louis, said that parasite larvae can migrate to the brain and create cysts, in a condition known as neurocysticercosis.",
            "\"The cysts don't absorb any brain tissue, they simply create a space for the parasite to live,\" potentially pushing aside small parts of the brain, Dr Budge said.",
            "\"The cysts can occur in many places in the body. They usually don't cause any trouble unless they are in the brain,\" he said. ",
            "And the effects of brain parasites depend on where they end up: \"It's like real estate: it's all about location location location.\"",
            "\"I'm unaware of any examples where a parasite affected cognition,\" said Dr Arnab Chatterjee, vice president of medicinal chemistry at the Center for Antiviral Medicines and Pandemic Preparedness in La Jolla, California. ",
            "Neither Dr Budge nor Dr Chatterjee have treated Mr Kennedy or have any specific knowledge of his health history.",
            "However, Dr Chatterjee noted that another condition that RFK Jr reported suffering - mercury poisoning - does have a strong link to neurological problems. ",
            "In the deposition, Mr Kennedy also said he had elevated levels of mercury in his blood due to a diet heavy in tuna fish. He reduced his fish intake and underwent treatment for the condition. ",
            "After a career as an environmental lawyer, Mr Kennedy rose to prominence as the head of anti-vaccine organisation Children's Health Defense, formerly known as the World Mercury Project.",
            "Mr Kennedy, 70, frequently talks about health on the campaign trail and has tried to contrast himself with Mr Biden, 81, and Mr Trump, 77. ",
            "However, the member of America's most famous political family has suffered from a variety of other health problems. ",
            "He is a former heroin addict and contracted hepatitis C from intravenous drug use, and has suffered from atrial fibrillation, a type of abnormal heartbeat. ",
            "The condition has put him in hospital at least four times, he told the New York Times, although he says has not had an episode for a decade.",
            "He also has a noticeably strained, raspy voice caused by spasmodic dysphonia, a disorder that causes involuntary spasms in the muscles of the voice box. ",
            "On social media, he responded to the reports of his parasite by writing: \"I offer to eat 5 more brain worms and still beat President Trump and President Biden in a debate.\"",
            "Although Mr Kennedy is mounting the most popular third-party or independent challenge in decades and could swing the result, polls show him trailing far behind the front-runners. "
        ]
    },
    "https://www.bbc.com/sport/articles/c722djwgedpo": {
        "link": "https://www.bbc.com/sport/articles/c722djwgedpo",
        "subtitle": "Former UFC flyweight Geane Herrera dies aged 33.",
        "time": null,
        "title": "Geane Herrera: Former UFC fighter dies aged 33 - BBC Sport",
        "topics": [],
        "images": [
            "https://ichef.bbci.co.uk/news/1024/cpsprodpb/0cff/live/e85b4710-16c1-11ef-921b-b795a8205614.jpg"
        ],
        "videos": [],
        "author": "",
        "text": [
            "Former UFC flyweight Geane Herrera has died aged 33.",
            "Herrera made his mixed martial arts (MMA) debut in 2011 and had 13 fights across a seven-year career, with four of those coming in the UFC. ",
            "The Colombian reportedly died following a motorcycle accident, external in Tampa, Florida.",
            "\"Geane you will always be in our hearts,\" Herrera's family wrote on a GoFundMe page.",
            "\u201cGeane leaves behind a 16-year-old son, his 3-month pregnant girlfriend, mother, father, sisters, a brother and a family that loves him and will deeply miss him.\"",
            "Herrera made his UFC debut in 2015 against Ray Borg, losing by unanimous decision but he went on to beat Joby Sanchez in his next trip to the octagon.",
            "\"He was a good guy, my prayers are with him and his family during this tough time,\" Borg wrote on Instagram.",
            "'La Pulga' went on to compete in the Bare Knuckle Fighting Championship (BKFC) in 2021, winning his only bout via technical knockout."
        ]
    }
}