{
    "https://www.bbc.com/news/articles/czq5qvqz7v5o": {
        "link": "https://www.bbc.com/news/articles/czq5qvqz7v5o",
        "subtitle": "Police say DNA tests will be carried out to see if the remains are those of the 30-year-old employee.",
        "time": null,
        "title": "Japan: Bone fragments found after missing Oita steel worker search",
        "topics": [
            "Japan"
        ],
        "images": [
            "https://ichef.bbci.co.uk/news/480/cpsprodpb/dc51/live/df244e40-1373-11ef-bee9-6125e244a4cd.jpg.webp"
        ],
        "videos": [],
        "author": "Zahra Fatima,",
        "text": [
            "Suspected human bone fragments have been found inside a vessel which heats metal to more than 1,000C at a steel plant in Japan, police have said.",
            "The discovery came hours after an employee at the Nippon Steel facility in Oita, western Japan, was reported missing.",
            "Police said it was not known if the fragments belonged to the 30-year-old worker, the AFP news agency reported.",
            "DNA tests have been ordered to identify the remains, police spokesman Eijiro Kawano told AFP.",
            "The employee had reportedly begun his shift at 19:00 local time (10:00 GMT) on Monday.",
            "However, he was not reported missing until the following morning.",
            "Police say they searched the factory and within four hours found what they believed to be human remains.",
            "\"After searching together with plant workers, we spotted what appears to be fragments of human bone inside a vessel,\" Mr Kawano said.",
            "\"We don't know if these really are human bones or if they belong to the worker who went missing,\" he said.",
            "\"But if these are the man's bones, maybe the worker fell into the pot,\" he said.",
            "He added that they were investigating whether any workers had witnessed what had happened.",
            "The employee had been working 5m (16ft) above a melting pot which he was overseeing.",
            "The pot, which has a diameter of 5m and depth of around 4m, contained molten metals which are heated to more than 1,000C (1,832F).",
            "Oita's Nippon Steel factory manufactures material for ships, industrial machinery, construction materials and bridges. It mainly exports its products to China, Southeast Asia and the Middle East.",
            "Nippon Steel, which is Japan's largest steelmaker, say they are co-operating fully with investigators.",
            "The incident comes as the company is pressing on with its $14bn (\u00a312bn) takeover of US Steel. ",
            "This has become a contentious topic ahead of US elections after President Joe Biden said in March that he was opposed to any potential deal and wanted to keep US Steel domestically owned and operated."
        ]
    },
    "https://www.bbc.com/news/articles/c1366mlgr4zo": {
        "link": "https://www.bbc.com/news/articles/c1366mlgr4zo",
        "subtitle": "An electricity failure near Ashford is also causing disruption.",
        "time": null,
        "title": "Ashford: Broken down train disrupts Southeastern services in Kent",
        "topics": [
            "St Pancras railway station",
            "Maidstone",
            "Tonbridge",
            "Ashford",
            "Southeastern"
        ],
        "images": [
            "https://ichef.bbci.co.uk/news/480/cpsprodpb/9635/live/c1faa570-11d5-11ef-af63-cbaccf90b635.jpg.webp"
        ],
        "videos": [],
        "author": "Christian Fuller,",
        "text": [
            "Rail services in Kent have been disrupted by a broken down train and an electricity supply failure.",
            "Southeastern said trains in the Ashford International area were delayed until about 11:45 BST.",
            "Engineers were deployed at 07:10 to investigate the failure and to resolve the issue, the company said.",
            "Services were also unable to run towards St Pancras from Ashford International due to a broken down train between Ashford and Ebbsfleet.",
            "A limited highspeed service was running on that route, but trains were delayed as services in both directions are using the same piece of track to bypass the broken down train.",
            "Another train was used to attach to the broken down train and pull it clear of the line, a Southeastern spokesman said.",
            "At 11:37, the spokesman said: \u201cThe second set of coaches from the broken down train has now arrived at Ashford, and the line towards St Pancras is now clear.\u201d",
            "Alternative routes were available on trains via Tonbridge or Maidstone East.",
            "Follow BBC Kent on Facebook, on X, and on Instagram. Send your story ideas to southeasttoday@bbc.co.uk  or WhatsApp us on 08081 002250."
        ]
    },
    "https://www.bbc.com/news/world-us-canada-69041755": {
        "link": "https://www.bbc.com/news/world-us-canada-69041755",
        "subtitle": "The prosecution rested its case on Monday and the defence called two witnesses - then Judge Merchan cleared the room.",
        "time": null,
        "title": "Trump trial: Cohen says he stole and a witness tires the judge",
        "topics": [],
        "images": [],
        "videos": [],
        "author": "",
        "text": []
    },
    "https://www.bbc.com/news/world-us-canada-68967501": {
        "link": "https://www.bbc.com/news/world-us-canada-68967501",
        "subtitle": "Fashion's biggest night of the year featured appearences by Kim Kardashian, Dua Lipa and Doja Cat.",
        "time": null,
        "title": "Florals and two Zendayas at star-studded Met Gala",
        "topics": [],
        "images": [],
        "videos": [],
        "author": "",
        "text": []
    },
    "https://www.bbc.com/news/articles/cy77j398j59o": {
        "link": "https://www.bbc.com/news/articles/cy77j398j59o",
        "subtitle": "The new arrivals will reside in the largest lion enclosure in Europe.",
        "time": "2024-05-24T16:00:51.714926",
        "title": "Port Lympne: Safari park welcomes the birth of two lion cubs",
        "topics": [
            "Animals"
        ],
        "images": [
            "https://ichef.bbci.co.uk/news/480/cpsprodpb/57f5/live/34386420-1900-11ef-876b-c77a1c45f857.jpg.webp"
        ],
        "videos": [],
        "author": "",
        "text": [
            "A Kent safari park has announced the birth of two lion cubs.",
            "Port Lympne, in Hythe, said the new arrivals are \"doing well and looking strong\".",
            "Visitors can see the cubs, born to mum Oudrika and dad Hunter, in the largest lion enclosure in Europe.",
            "The park's Animal Director Simon Jeffery said staff are \"thrilled with the new arrivals\".",
            "Other arrivals to have made an appearance just in time for the school half-term break, include a new giraffe, named Karamojo, and a new fossa - the largest mammalian carnivore found natively on Madagascar - called Makira.",
            "Follow BBC Kent on Facebook, on X, and on Instagram. Send your story ideas to southeasttoday@bbc.co.uk  or WhatsApp us on 08081 002250."
        ]
    },
    "https://www.bbc.com/news/articles/c3ggqnelpwqo": {
        "link": "https://www.bbc.com/news/articles/c3ggqnelpwqo",
        "subtitle": "The week will be \"packed with activities\" for all ages and interests, organisers say.",
        "time": "2024-05-26T16:01:08.147142",
        "title": "Week to celebrate 'amazing wildlife' in Alderney",
        "topics": [
            "Wildlife",
            "Alderney"
        ],
        "images": [
            "https://ichef.bbci.co.uk/news/480/cpsprodpb/c944/live/af7be8e0-1848-11ef-be2b-033e2595d1e2.jpg.webp"
        ],
        "videos": [],
        "author": "",
        "text": [
            "A week focusing on celebrating wildlife in Alderney will start on Monday.",
            "Alderney Wildlife Trust (AWT) said each day would be \"packed with activities\" for all ages and included guided walks, informative talks and boat trips.",
            "It said the week aimed to educate people about nature and to build their confidence to explore the outdoors.",
            "Events will take place from Monday to Sunday 2 June.",
            "Lesley Green, AWT volunteer, said Alderney hosted \"amazing wildlife\".",
            "\"The little island has so much to offer with the bird life, marine life, beautiful butterflies, and our unique hedgehogs.\u201d",
            "Follow BBC Guernsey on X (formerly Twitter) and Facebook. Send your story ideas to channel.islands@bbc.co.uk."
        ]
    },
    "https://www.bbc.com/news/articles/czq5ezvjzeyo": {
        "link": "https://www.bbc.com/news/articles/czq5ezvjzeyo",
        "subtitle": "The future of who makes the city's biggest decisions is up for grabs and negotiations can start.",
        "time": null,
        "title": "What happens next after Bristol local election results?",
        "topics": [
            "England and Wales elections 2024",
            "Bristol City Council",
            "Bristol"
        ],
        "images": [
            "https://ichef.bbci.co.uk/news/480/cpsprodpb/0568/live/8b5a07b0-0a1c-11ef-a1c1-4f7f1af6db9c.png.webp",
            "https://ichef.bbci.co.uk/news/480/cpsprodpb/b135/live/dc7d3590-0a1c-11ef-a1c1-4f7f1af6db9c.png.webp"
        ],
        "videos": [],
        "author": "Leigh Boobyer,",
        "text": [
            "The Green Party is beginning talks to form an administration in Bristol after winning its biggest ever group of councillors in the city.",
            "The party now has 34 of the 70 seats available on Bristol City Council (BCC), with Labour on 21, after losing three councillors.",
            "The Liberal Democrats have the same number of councillors as before the local election - eight - and the Conservatives saw their numbers cut in half to seven.",
            "But no party received enough votes to be in total power of the authority - instead, the council is now in no overall control.",
            "On top of that, BCC is switching to a different model of local government, with decisions taken by committees.",
            "The Labour Party had been in power of Bristol since 2016 - with Marvin Rees as mayor - before a public referendum saw the position scrapped.",
            "Now the future of who makes the city's biggest decisions is up for grabs. So what next?",
            "Well, exactly what it says - no one is technically in control.",
            "Although the Green Party won the highest number of votes, they were two councillors shy of an overall majority.",
            "That means councillors within the party will now negotiate with councillors from other parties to find a solution.",
            "Parties which have found themselves in these positions on councils across the country have in the past selected other parties who will work with them.",
            "The BBC understands Tony Dyer could become the council's leader.",
            "Mr Dyer, who returns as the councillor for Southville, is the Green nominee for the new role.",
            "The decision on who takes on the role of leader and deputy leader, plus the roles of committee and commission chairs and vice chairs, will be taken by full council on 21 May.",
            "A list of nominated persons will be published ahead of this meeting (likely on 13 May).",
            "As of the local election, the council has switched from being run by a directly-elected mayor to a series of eight committees.",
            "The committees will run the different parts of the council, including some of their biggest services such as adult social care, housing and transport.",
            "As the city moves to uncharted ground, compromise and negotiation will be necessary in order to make the difficult decisions.",
            "Follow BBC Bristol on Facebook, X and Instagram. Send your story ideas to us on email or via WhatsApp on 0800 313 4630."
        ]
    }
}