{
    "https://www.bbc.com/news/uk-england-leicestershire-69005959": {
        "link": "https://www.bbc.com/news/uk-england-leicestershire-69005959",
        "subtitle": "A total of 17 attacks were committed by the group against cash machines, police say.",
        "time": null,
        "title": "Footage shows gang who attacked ATMs across the UK",
        "topics": [],
        "images": [],
        "videos": [],
        "author": "",
        "text": []
    },
    "https://www.bbc.com/sport/cricket/articles/cyrrdxv1mepo": {
        "link": "https://www.bbc.com/sport/cricket/articles/cyrrdxv1mepo",
        "subtitle": "Worcestershire rebrand their Worcester home as Visit Worcestershire New Road following sponsorship from the local tourist board.",
        "time": null,
        "title": "Worcestershire: Pears rename their New Road home again - BBC Sport",
        "topics": [],
        "images": [
            "https://ichef.bbci.co.uk/news/1024/cpsprodpb/de06/live/a2ea24e0-1832-11ef-b5cc-cb8b8c4cef5a.jpg"
        ],
        "videos": [],
        "author": "",
        "text": [
            "Worcestershire have renamed their Worcester home for the second time in seven years.",
            "New Road first attracted naming rights in 2017 when it was rebranded as \u2018Blackfinch New Road\u2019 in what was initially contracted to be a five-year agreement.",
            "That ended in the Covid year of 2020, since when the ground, the Pears\u2019 home since they first began playing County Championship cricket in 1899, has been without a sponsor.",
            "But the ground will now officially be known as Visit Worcestershire New Road following sponsorship from the local tourist board.",
            "\u201cWe are incredibly proud to partner with Visit Worcestershire in renaming our historic ground,\u201d said Pears chief executive Ashley Giles.",
            "\u201cThis collaboration is a perfect blend of sports and tourism, providing a unique platform to highlight what makes Worcestershire such a special place.\"",
            "The new name will be used for the first time at this weekend\u2019s first Championship home game in Worcester \u2013 against Nottinghamshire.",
            "Giles has already admitted the long-term prospects for the famously picturesque 159-year-old ground are not good, given the worsening weather \u2013 and the county\u2019s annual fight against flooding from the nearby River Severn.",
            "Although they have in recent summers been given two weeks\u2019 grace by the England and Wales Cricket Board (ECB) and have not had to host any home games until the last two weeks in April, New Road\u2019s eighth flood of the winter still meant they had to move their first two scheduled home matches this season to Kidderminster. ",
            "The Pears are resigned to the idea of having to find a new home within the next 20 years but this latest venture with \u2018Visit Worcestershire\u2019, the official \u2018local visitor economy partnership\u2019 for the county, will at least help them financially.",
            "This weekend\u2019s four-day game, starting on Friday, is the Pears\u2019 first at home since the sad passing of young Worcestershire spinner Josh Baker.",
            "The Pears have already announced that they will all play in shirts with Baker\u2019s number 33 on for the rest of the season."
        ]
    },
    "https://www.bbc.com/news/uk-68994265": {
        "link": "https://www.bbc.com/news/uk-68994265",
        "subtitle": "Time-lapse videos show swirls of green, pink and scarlet moving across and lighting up the night sky.",
        "time": null,
        "title": "Watch: Northern Lights captured glowing over Europe",
        "topics": [],
        "images": [],
        "videos": [],
        "author": "",
        "text": []
    },
    "https://www.bbc.com/news/articles/c144l158qejo": {
        "link": "https://www.bbc.com/news/articles/c144l158qejo",
        "subtitle": "Mason, 10, enjoys days out aimed at helping Lincolnshire children cope with type 1 diabetes.",
        "time": null,
        "title": "Family days out help tackle stigma around type 1 diabetes",
        "topics": [
            "Lincoln",
            "NHS",
            "Diabetes"
        ],
        "images": [
            "https://ichef.bbci.co.uk/news/480/cpsprodpb/f306/live/1499a200-1775-11ef-a62a-0b5a43c99392.jpg.webp",
            "https://ichef.bbci.co.uk/news/480/cpsprodpb/8527/live/d3c5c1e0-1775-11ef-a62a-0b5a43c99392.jpg.webp",
            "https://ichef.bbci.co.uk/news/480/cpsprodpb/a9a4/live/e8fa3960-1775-11ef-baa7-25d483663b8e.jpg.webp"
        ],
        "videos": [],
        "author": "Sarah-May Buccieri,",
        "text": [
            "Children with type 1 diabetes are benefitting from days out organised by a charity.",
            "The United Lincolnshire Hospitals Charity said the aim is to make children feel \u201cless isolated\u201d.",
            "Claire Cutts, from the children\u2019s diabetes team at the United Lincolnshire Hospital Trust, added the trips also help \u201cbreak down stigma\u201d around the condition.",
            "Mason, 10, said he sometimes \u201cfeels weird\u201d but added he \"feels the same\u201d when surrounded by others with the condition.",
            "Mason had a message for others with diabetes.",
            "He said: \u201cIf you think you are the odd one out, you are not. There are so many other people with it, and you are not weird.\"",
            "Ms Cutts added: \u201cWe want them to realise they are not alone, diabetes is normal and they are not unique.",
            "\u201cThey can do anything any other child can do.\"",
            "Follow BBC East Yorkshire and Lincolnshire on Facebook, X (formerly Twitter), and Instagram. Send your story ideas to eastyorkslincs.news@bbc.co.uk"
        ]
    },
    "https://www.bbc.com/news/uk-england-oxfordshire-69068688": {
        "link": "https://www.bbc.com/news/uk-england-oxfordshire-69068688",
        "subtitle": "Oxfordshire County Council issues guidance to help spot breaches of the law after 10,000 seizures.",
        "time": "2024-05-29T16:54:49.565547",
        "title": "Oxfordshire County Council warns against illegal disposable vapes",
        "topics": [],
        "images": [
            "https://ichef.bbci.co.uk/news/480/cpsprodpb/F478/production/_133348526_800_illegalvapes4cropped.jpg.webp",
            "https://ichef.bbci.co.uk/news/480/cpsprodpb/0E00/production/_133348530_1.jpg.webp",
            "https://ichef.bbci.co.uk/news/480/cpsprodpb/3785/production/_130231241_line976.jpg.webp"
        ],
        "videos": [],
        "author": "",
        "text": [
            "A council has warned about the dangers of illegal disposable vapes.",
            "Oxfordshire County Council has issued guidance to help people spot breaches of the law after total seizures across the county reached 10,000.",
            "The enforcement action reflects a national trend, following safety concerns and the government's proposed ban on the devices.",
            "The council said there was also evidence they were being sold by organised crime groups.",
            "Figures from the Action on Smoking and Health (ASH) charity suggest 7.6% of 11 to 17-year-olds now vape \"regularly or occasionally\", up from 4.1 per cent in 2020.",
            "The council advised people to check packaging for the following \"tell-tale signs\" that a disposable vape may be illegal:",
            "Dr Nathan Ley, cabinet member for public health, inequalities and community safety, said rechargeable vapes were \"a proven tool for adult smokers to help with quitting smoking\".",
            "But he said they should not be used by children or non-smokers due to nicotine being highly addictive and having long term effects on health.",
            "Jody Kerman, head of the council's trading standards team, said there was \"clear evidence that illegal vapes are now being deliberately sold by organised crime groups\".",
            "\"We have recently seen a very concerning but unfortunately predictable development where reasonably sophisticated concealments, secured by electromagnet, have been used in an attempt to evade detection,\" she said.",
            "Follow BBC South on Facebook, X, or Instagram. Send your story ideas to south.newsonline@bbc.co.uk or via WhatsApp on 0808 100 2240."
        ]
    },
    "https://www.bbc.com/news/articles/c4nnl8qg19jo": {
        "link": "https://www.bbc.com/news/articles/c4nnl8qg19jo",
        "subtitle": "The landslide struck in the early hours, burying 100 houses in six highland villages.",
        "time": "2024-05-24T16:55:33.178754",
        "title": "Papua New Guinea: Many feared dead in massive landslide",
        "topics": [
            "Papua New Guinea"
        ],
        "images": [
            "https://ichef.bbci.co.uk/news/480/cpsprodpb/3cdd/live/04450840-1991-11ef-b6ee-bdb02dc7c7a5.jpg.webp"
        ],
        "videos": [
            ""
        ],
        "author": "Kelly Ng,",
        "text": [
            "A massive landslide is feared to have killed hundreds of people after it struck remote villages in Papua New Guinea, local officials and aid agencies said.",
            "The landslide buried more than 100 homes after it struck around 03:00 local time Friday (17:00 GMT Thursday) in the highlands of Enga, north of the island nation in the south-west Pacific.",
            "It was not immediately clear how many people were trapped in the rubble. ",
            "Enga governor Peter Ipatas told AFP news agency it was an \"unprecedented natural disaster\".",
            "Andrew Ruing, a community leader, told Reuters news agency that people had been asleep when the landslide struck.  \"More than 300 lives have been covered by the debris and rocks,\" he said.",
            "\"Food, gardens, the people, the properties worth more than millions have been lost, covered by all these things,\" he added.",
            "Business leader Elizabeth Iarume told the Australian Broadcasting Corporation that \"the entire village had gone down.\"",
            "Villager Ninga Role also said he believed hundreds had died.  The scale of the landslide was also making it hard to rescue any survivors, he said.",
            "\"The area covered by the landslide is large and there are rocks and trees everywhere,\" Role told Reuters by phone. \"It's very difficult to get them out.\"",
            "Humanitarian organisation Care Australia said in a statement: \"While the area is not densely populated, our concern is that the death toll could be disproportionately high.\"",
            "Clearing road will take a long time and \"this will hinder assessment and relief efforts\", it said. ",
            "Papua New Guinea's Prime Minister James Marape said disaster officials had been sent to the site to \"start relief work, recovery of bodies, and reconstruction of infrastructure\".",
            "Videos show villagers scrambling over rocks to reach those buried. ",
            "People can be heard crying and yelling on a video posted by Facebook user Kindupan Kambii from Kaokalam village in Enga.",
            "Papua New Guinea's Red Cross Society said an emergency response team made up of officials from the provincial governor's office, police,  defence forces, and local NGOs has deployed to the site.",
            "Enga is more than 600km (372 miles) by road from the country's capital, Port Moresby."
        ]
    },
    "https://www.bbc.com/news/articles/c8449dxw23do": {
        "link": "https://www.bbc.com/news/articles/c8449dxw23do",
        "subtitle": "The lawsuits allege the companies preyed upon \"vulnerable\" young men like the 18-year-old Uvalde gunman.",
        "time": "2024-05-24T16:55:47.174426",
        "title": "Uvalde families sue Meta, video game creator and gunmaker",
        "topics": [
            "US gun violence",
            "Texas",
            "United States",
            "Mass shootings"
        ],
        "images": [
            "https://ichef.bbci.co.uk/news/480/cpsprodpb/5c8e/live/db5a0570-1a3a-11ef-80aa-699d54c46324.jpg.webp"
        ],
        "videos": [],
        "author": "Brandon Drenon,",
        "text": [
            "Families of the victims of the Uvalde school shooting are suing the manufacturer of the gun used in the attack, the maker of a video game and Instagram parent company Meta. ",
            "In two new lawsuits, they claim the companies helped promote dangerous weapons to a generation of \u201csocially vulnerable\u201d young men, including the 18-year old gunman.",
            "Nineteen children and two teachers were killed in the attack at Robb Elementary School. ",
            "Friday marked the second anniversary of the Texas school shooting.",
            "The dual lawsuits - filed in Texas and California - are against Activision, the developer of the military video game series \u201cCall of Duty\u201d;  Daniel Defense, the gun manufacturer known for its high-end rifles; and Meta.  ",
            "The companies are accused of being responsible for \u201cgrooming\u201d a generation of young people who live out violent video game fantasies in the real world, with easily accessible weapons of war. ",
            "The gunman, Salvador Ramos, used an AR-15 style rifle in the attack.",
            "The lawsuits contend that Meta and Activision \"knowingly exposed\" him to the gun he used at Uvalde and conditioned him to see it as the solution to his problems.",
            "The lawsuits claim that Instagram, Activision and Daniel Defense have been \"partnering\u2026in a scheme that preys upon insecure, adolescent boys\", attorneys said in a news release.",
            "\u201cThere is a direct line between the conduct of these companies and the Uvalde shooting,\u201d the statement said.",
            "\u201cThis three-headed monster knowingly exposed him to the weapon, conditioned him to see it as a tool to solve his problems and trained him to use it.\u201d",
            "According to lawsuits, the gunman had been playing Call of Duty, a war-based video game with a rifle similar to the one used in the shooting, since he was 15 years old.",
            "The lawsuit says the gunman was \"simultaneously\" the subject of \"aggressive marketing\" by Daniel Defense, which targeted the teen with ads on Instagram. ",
            "\"Instagram creates a connection between \u2026an adolescent \u2026and the gun and a gun company,\" Josh Koskoff, the plaintiffs' attorney, told the BBC's US media partner CBS, on Friday. ",
            "\"And nobody exploited Instagram for this purpose more than Daniel Defense.\" ",
            "An Activision spokesperson told CBS that the \"Uvalde shooting was horrendous and heartbreaking in every way\", adding that the company expresses its \"deepest sympathies\" to victims and their families. ",
            "\"Millions of people around the world enjoy video games without turning to horrific acts\", the spokesman said. ",
            "The BBC has reached out to Meta, Daniel Defense and Activision for comment. ",
            "Daniel Defense, which is facing other lawsuits filed by some victims' families, said in a 2022 statement that such litigation was \u201cfrivolous\u201d and \u201cpolitically motivated\u201d.",
            "On Wednesday, families of the victims reached a $2m (\u00a31.5m) settlement with the city of Uvalde.",
            "More than 370 officers from various local, state and federal departments were at Robb Elementary during the attack. ",
            "It took police more than an hour to stop the gunman, who was barricaded inside adjoining classrooms. ",
            "Additionally, the families announced that they will be taking new legal action against 92 individual officers from the state's Department of Public Safety for \"shocking and extensive failures\" during the shooting response.",
            "With files from Peter Bowes"
        ]
    },
    "https://www.bbc.com/news/articles/c977jg26j6po": {
        "link": "https://www.bbc.com/news/articles/c977jg26j6po",
        "subtitle": "The aim was to raise awareness following the death of Giorgia Green in May 2022.",
        "time": "2024-05-30T06:56:01.220228",
        "title": "Hundreds join skating event for girl who died from deodorant",
        "topics": [
            "Health",
            "Derby"
        ],
        "images": [
            "https://ichef.bbci.co.uk/news/480/cpsprodpb/a3d5/live/4190d650-1db2-11ef-a13a-0b8c563da930.jpg.webp",
            "https://ichef.bbci.co.uk/news/480/cpsprodpb/999a/live/6b5f1780-1da8-11ef-a13a-0b8c563da930.jpg.webp"
        ],
        "videos": [],
        "author": "Jude Winter,",
        "text": [
            "Hundreds of people took part in a second roller skating event to celebrate the life of a girl who died after inhaling aerosol deodorant and to raise awareness.",
            "Giorgia Green fell in love with roller skating after being introduced to it by her dad.",
            "Paul Green said his daughter, who died aged 14 on 11 May 2022, would \"100% approve\" of the event.",
            "A total of 300 people took part in the event at Rollerworld, in Derby, on Sunday, he added.",
            "\"We had a really good turnout and managed to spread awareness to a lot of people that didn\u2019t know of the situation,\" said Mr Green.",
            "\"People came along for the fun side of the event but also came away realising there is a clear and present danger so they don\u2019t end up like our daughter did.\"",
            "Giorgia had a cardiac arrest after spraying a higher than normal amount of deodorant in her bedroom.",
            "She was autistic and Mr Green said she liked to spray deodorant on blankets, as she found the smell comforting.",
            "A coroner concluded Giorgia's death as \"misadventure\", with her medical cause of death recorded as \"unascertained but consistent with inhalation of aerosol\".",
            "The first roller skating event was held to mark the anniversary of her death in 2023.",
            "Mr Green said he had wanted to create an event in Giorgia's memory that she would have approved of herself.",
            "\"She would have loved it,\" he said.",
            "\"Everybody that knew us and Giorgia said she was there. You could feel the Giorgia vibe in the whole building, the atmosphere was just incredible and something she would have 100% approved. ",
            "\"When I skate around at Rollerworld, I often feel like she is right next to me skating.\"",
            "The Green family said they would continue the skating events to spread awareness to more people.",
            "\"Despite all the time, effort and energy spreading awareness, we are constantly meeting people that didn\u2019t know something like this can happen,\" Mr Green added.",
            "\"It\u2019s not that we\u2019re failing, it is a fact that there is still a huge percentage of people that need to be aware of dangers with aerosol.\"",
            "Follow BBC Derby on Facebook, on X, or on Instagram. Send your story ideas to eastmidsnews@bbc.co.uk or via WhatsApp on 0808 100 2210."
        ]
    },
    "https://www.bbc.com/news/articles/cgrrd9j487lo": {
        "link": "https://www.bbc.com/news/articles/cgrrd9j487lo",
        "subtitle": "The RNLI are urging beachgoers to know the dangers of using inflatable beach toys and dinghies.",
        "time": "2024-05-28T16:56:15.219962",
        "title": "Reculver: Girl, 10, adrift on inflatable dingy rescued by RNLI",
        "topics": [
            "RNLI",
            "Whitstable",
            "Reculver",
            "Herne Bay",
            "Birchington-on-Sea"
        ],
        "images": [
            "https://ichef.bbci.co.uk/news/480/cpsprodpb/482c/live/abf53820-1cf3-11ef-8fd8-8194490efeeb.jpg.webp"
        ],
        "videos": [],
        "author": "Christian Fuller,",
        "text": [
            "A 10-year-old girl on an inflatable dinghy had to be rescued after she was blown out to sea off the Kent coast.",
            "A coastguard helicopter located the child near Reculver, between Herne Bay and Birchington, and winched her to safety on Sunday afternoon.",
            "The dinghy was found nearly two miles (3.21km) east of Reculver and three quarters of a mile offshore.",
            "Whitstable RNLI said the incident highlighted the dangers of using inflatable beach toys and dinghies.",
            "\u201cWith the summer months and the holiday season almost upon us, and people heading for the beaches, we cannot stress enough the dangers people need to be aware off when venturing on or into the water,\u201d water safety adviser Rachel Goff said.",
            "\u201cOffshore breezes and ebb tides can rapidly...carry people out to sea and, as with this incident, the casualty was located a considerable distance from the shore.\u201d",
            "The RNLI advised beachgoers to take note of the weather and tidal conditions before entering the water.",
            "Ms Goff added: \u201cIf people must use inflatable beach toys then the advice that has always been given here at Whitstable RNLI is that they should be held with a line by someone on shore and children should never be left unsupervised.",
            "\u201cIn addition, those using paddleboards or indeed any form of small craft should always wear some form of buoyancy aid and carry a means of communication such as a phone or radio in a waterproof bag.",
            "\u201cBy taking a few simple precautions we hope that all can enjoy a happy day at the beach rather than it end in a possible tragedy.\u201d",
            "Follow BBC Kent on Facebook, on X, and on Instagram. Send your story ideas to southeasttoday@bbc.co.uk  or WhatsApp us on 08081 002250."
        ]
    }
}