{
    "https://www.bbc.com/news/uk-politics-68942296": {
        "link": "https://www.bbc.com/news/uk-politics-68942296",
        "subtitle": "Voters have cast their ballots for local councillors, mayors, and police and crime commissioners.",
        "time": null,
        "title": "Polls close and counting begins in local elections across England and Wales",
        "topics": [
            "England and Wales elections 2024"
        ],
        "images": [
            "https://ichef.bbci.co.uk/news/480/cpsprodpb/264E/production/_133260890_polling.png.webp",
            "https://ichef.bbci.co.uk/news/480/cpsprodpb/1FCD/production/_105914180_line976-nc.png.webp",
            "https://ichef.bbci.co.uk/news/480/cpsprodpb/1FCD/production/_105914180_line976-nc.png.webp"
        ],
        "videos": [],
        "author": "By Jennifer McKiernan,",
        "text": [
            "Polls have now closed in local elections across England and Wales.",
            "Millions of votes have been cast for 107 councils and 11 mayors in England, as well as 37 police and crime commissioners (PCCs).",
            "There has also been a by-election for a new MP in Blackpool South, following the resignation of former Conservative Scott Benton.",
            "Counting has begun and the first results are expected just after midnight.",
            "The results will be seen as the final test of public opinion before Rishi Sunak sets a date for the general election later this year.",
            "With the Conservatives trailing 15 to 20 points behind Labour for the last six months, Tories are braced for poor results.",
            "The scale of the Conservative losses will give an indication of whether Labour could get a foot in the door of Downing Street  - or whether the Tories can mount an electoral fightback.",
            "If the results are particularly bad for the Conservatives, Tory MPs unhappy with Mr Sunak's leadership could begin moves to replace him with another leader.",
            "Both Labour and Conservatives are defending about 1,000 council seats each.",
            "Losing 480 seats would match the Conservatives' worst local elections result in 1995 - two years before Labour's landslide general election win.",
            "In terms of winning control of councils, watch for Redditch, in Worcestershire and Harlow, in Essex potentially changing hands from Tories to Labour.",
            "Some councils count overnight Thursday into Friday but others wait until morning, so results will continue to come in over the weekend, with the last due on Sunday afternoon.",
            "The winner of the Blackpool South by-election is expected to be announced in the early hours of Friday morning.",
            "Mayoral results - including those in Greater London, West Midlands and Greater Manchester - will be announced on Friday and Saturday. ",
            "London Assembly election declarations will also come through on Saturday.",
            "A few final results for police commissioners and councils are expected on Sunday.",
            "There are no elections in Scotland or Northern Ireland."
        ]
    },
    "https://www.bbc.com/sport/football/articles/crgyg7nn9jdo": {
        "link": "https://www.bbc.com/sport/football/articles/crgyg7nn9jdo",
        "subtitle": "As Manchester City lift a record fourth consecutive Premier League title, BBC Sport looks at where they rank in the best teams.",
        "time": "2024-05-23T12:30:36.771440",
        "title": "Best Premier League dynasties: Manchester City, Manchester United, Arsenal or Chelsea? - BBC Sport",
        "topics": [],
        "images": [
            "https://ichef.bbci.co.uk/news/1024/cpsprodpb/cb7d/live/db5c0190-18d7-11ef-a806-31280dfedfab.jpg",
            "https://ichef.bbci.co.uk/news/1024/cpsprodpb/9376/live/ae020ed0-12d1-11ef-82e8-cd354766a224.jpg",
            "https://ichef.bbci.co.uk/news/1024/cpsprodpb/c1c5/live/d030ab10-12d1-11ef-bee9-6125e244a4cd.jpg",
            "https://ichef.bbci.co.uk/news/1024/cpsprodpb/3bcd/live/f1e905e0-12d1-11ef-82e8-cd354766a224.jpg",
            "https://ichef.bbci.co.uk/news/1024/cpsprodpb/9222/live/0e07f790-12d2-11ef-b9d8-4f52aebe147d.jpg"
        ],
        "videos": [],
        "author": "",
        "text": [
            "A record fourth consecutive Premier League title cements Pep Guardiola's Manchester City as one of the best Premier League teams in years.",
            "So how do City compare to some of the other great Premier League dynasties?",
            "Manchester United, Arsenal and Chelsea have all previously had seasons to savour.",
            "Read our list and then rank them below.",
            "Alex Ferguson's first great Manchester United team, the Red Devils won seven of the first nine Premier League titles.",
            "The highlight was undoubtedly the 1998-99 Treble of Premier League, FA Cup and Champions League.",
            "Almost half of the team came from the 'Class of 92' with stars from the academy like David Beckham, Gary and Phil Neville, Nicky Butt, Ryan Giggs and Paul Scholes.",
            "Eric Cantona, Peter Schmeichel, Roy Keane, Andy Cole and Dwight Yorke were some of the other icons of the time.",
            "Arsene Wenger's Arsenal were the first team to consistently challenge Manchester United for the title, winning it in 1997-98 and again in 2001-02 (a Double-winning season) and 2003-04.",
            "They managed eight top-two finishes in a row from 1999 until 2005.",
            "The Gunners' legacy of this timeframe was the incredible 'Invincibles' season of 2003-04 when they became the first, and still only, team to go unbeaten in a Premier League campaign.",
            "French stars Thierry Henry, Patrick Vieira and Robert Pires, as well as Dutchman Dennis Bergkamp, were aided by England defenders Ashley Cole and Sol Campbell in a side that made history.",
            "Jose Mourinho helped establish Chelsea as one of the Premier League's top teams when he arrived in 2004.",
            "And his personality - as he became known as 'the Special One' following a slight misquote from his opening Chelsea news conference - shook up the Premier League.",
            "He led them to two Premier League titles, and a second-placed finish, in his three full seasons in charge before a fractious exit - which would become a running theme in his managerial career.",
            "Stalwarts of the side included England trio Frank Lampard, John Terry and Joe Cole, plus goalkeeper Petr Cech, holding midfielder Claude Makelele and striker Didier Drogba.",
            "This was seen as Ferguson's second great United team.",
            "After three seasons without a Premier League title, they went on to win three in a row and four in five years.",
            "They lifted their second (and most recent) Champions League trophy in this time, beating Chelsea on penalties in 2007-08.",
            "Cristiano Ronaldo and Wayne Rooney were the attacking stars of this team, with Ronaldo leaving after the third consecutive title. Goalkeeper Edwin van der Sar was finally a worthy replacement for Schmeichel, Rio Ferdinand was impressive at the back and Giggs and Scholes were still going strong.",
            "And finally, Guardiola's current City side, who are the first team to win four top-flight titles in succession, that takes their tally to six in seven.",
            "That run started off with a record 100-point haul in 2017-18 and 98 points the following season.",
            "Last season they managed the Treble of winning Premier League, FA Cup and Champions League titles.",
            "City's dominance, with just one Liverpool title puncturing the run, has been helped by their sensational form in the run-in in most of the campaigns.",
            "Kevin de Bruyne, Ederson, Bernardo Silva, John Stones and Kyle Walker have been there for all the titles, with Sergio Aguero and then Erling Haaland banging in the goals. "
        ]
    },
    "https://www.bbc.com/news/uk-politics-69046339": {
        "link": "https://www.bbc.com/news/uk-politics-69046339",
        "subtitle": "Kati Mackinlay describes visiting her husband Craig in hospital.",
        "time": null,
        "title": "Kati Mackinlay: I knew Craig was 'hearing me' in hospital",
        "topics": [],
        "images": [],
        "videos": [],
        "author": "",
        "text": []
    },
    "https://www.bbc.com/travel/article/20240508-celebrity-chef-alexandre-mazzias-favourite-ways-to-enjoy-marseille-during-the-olympics-and-beyond": {
        "link": "https://www.bbc.com/travel/article/20240508-celebrity-chef-alexandre-mazzias-favourite-ways-to-enjoy-marseille-during-the-olympics-and-beyond",
        "subtitle": "Michelin-starred chef Alexandre Mazzia will be a torchbearer when the Paris 2024 Olympics kick off in his hometown of Marseille. Here is his guide to the city, from sunsets to seafood.",
        "time": null,
        "title": "Celebrity chef Alexandre Mazzia's favourite ways to enjoy Marseille during the Olympics and beyond",
        "topics": [
            "City",
            "Cultural Activities",
            "Features"
        ],
        "images": [
            "https://ichef.bbci.co.uk/images/ic/480xn/p0hvzfsb.jpg.webp",
            "https://ichef.bbci.co.uk/images/ic/480xn/p0hvzljy.jpg.webp",
            "/bbcx/grey-placeholder.png",
            "/bbcx/grey-placeholder.png",
            "/bbcx/grey-placeholder.png",
            "/bbcx/grey-placeholder.png",
            "/bbcx/grey-placeholder.png"
        ],
        "videos": [],
        "author": "By Ellen Himelfarb",
        "text": [
            "Michelin-starred chef Alexandre Mazzia will be a torchbearer when the Paris 2024 Olympics kick off in his hometown of Marseille. Here is his guide to the city, from sunsets to seafood.",
            "A sultry city and the gateway to the South of France, Marseille thrives on fusion \u2013 of cultures, flavours and colliding landscapes. The city's seafaring traditions date back to the Ancient Greeks, and life still concentrates around the old port, on tight cobbled streets.",
            "While the post-industrial docklands unfold to the north, many Marseillaise have settled in the hillside communities rippling southward, facing the seaside roadway called the corniche. This coastal road is a source of natural beauty and unexpected social connection, \"where people stop on their scooters to greet you, or honk their horns or sing aloud,\" says Michelin-starred chef Alexandre Mazzia, who has called Marseille home since his teen years. A former professional basketball player, Mazzia still enjoys a game by the beach in the Montredon neighbourhood. \"It's so close to the sea,\" he says. \"The ball sometimes flies away in the wind. But I love the natural brightness and the clean sea air \u2013 there's something so carefree about it.\"",
            "In summer 2024, the Paris Olympic Games descend on Marseille. The pristine Roucas-Blanc marina is set to host Olympic sailing, windsurfing and kitesurfing while footballers will face off at the nearby 67,000-seat Stade V\u00e9lodrome. Mazzia, who is set to serve as an Olympic torchbearer on 8 May, runs his avant garde modern French restaurant AM on a quiet lane in between the two venues, along with his popular lunchtime food truck Michel par AM, serving croques, frites and chicken brochettes.",
            "Before setting out for the Olympic Village in Paris where he has been appointed one of the official chefs, Mazzia took us on a journey to the places he feels best reflect the warmth of his adopted hometown. Here are his picks for making the most of a weekend in this splendid seaside city.",
            "Marseille's stunning position on the French Riviera facing the Mediterranean means there's no shortage of scenic lookouts. Mazzia gets his sunset fix at Pointe Rouge Beach, a sunbather magnet with a popular boating club. But he also comes here to set off on his favourite evening promenade.",
            "\"Just behind the small parking lot is a footpath that runs further south along the shoreline,\" he says. The path hugs the seawall around seaside Montredon, until it reaches a restaurant called Les Tamaris, in the tiny waterfront La Madrague neighbourhood. \"The sea out here is a little rougher because of the currents,\" says Mazzia. \"But the terrace at Tamaris sits up on a hill in the breeze with a view of the entire bay of Marseille.\" The kitchen turns out a popular anchovy pizza and platters of grilled octopus, steamed mussels and clams harvested from the limestone coves offshore. And in the distance, diners can see \"La Bonne M\u00e8re\" \u2013\u00a0the Marseillaise nickname for the magnificent Notre-Dame de la Garde basilica \u00a0\u2013\u00a0and a glittery, energetic section of the corniche.",
            "Website: restaurantlestamaris.com",
            "Address: 40 Boulevard la Calanque de Samena, 13008 Marseille",
            "Phone: +33491733910",
            "Instagram: @restaurant_les_tamaris_samena",
            "A decade ago everyone was talking about MUCEM, the Museum of Civilisations of Europe and the Mediterranean, shrouded in steel latticework by French architect Rudy Ricciotti. Accessed by elevated walkways that straddle the ancient port, the museum stages bold exhibitions of historic artefacts and contemporary sculpture, often in dialogue with each other.",
            "\"That is the obvious choice, with quite incredible architecture as well,\" says Mazzia, \"but what\u2019s even more representative of the city and its history is the Vieille Charit\u00e9, and it\u2019s often missed by visitors.\" This Baroque almshouse sits behind iron gates in the Panier district, a tangle of medieval cobbled streets near the port. At the centre of the deep courtyard is a domed temple with Corinthian pillars; around the perimeter, colonnades made from pink molasse stone house various galleries and libraries \u2013\u00a0like a centre for poetry and a museum of African and Amerindian artefacts. \"And it\u2019s all free to visit,\" says Mazzia. \"I think it\u2019s quite representative of us as an architectural melting pot and I enjoy the cultural context, in discussion with the working-class history of the Panier.\"",
            "Website: vieille-charite-marseille.com",
            "Address: 2 Rue de la Charit\u00e9, 13002 Marseille",
            "Phone: +33 491145880",
            "Marseille has been in boom mode since its tenure as European Capital of Culture in 2013, when its honeyed stone buildings were de-sooted and outdoor art popped up around the historic waterfront. But young families and arty types choose to settle in the cosier neighbourhoods south of the old centre.",
            "By day, Mazzia recommends exploring Les Goudes, an arid chunk of coastline with a low-rise stucco community of pastis bars and wandering roosters. \"It has the air of an old fishing village at the very edge of the city but still within the 8th arrondissement,\" he says. \"The next stop beyond is Calanques National Park,\" with its scrubby, jagged cliffs and deep, almost fjord-like swimming coves.",
            "A dearth of lodging, outside a few flat shares, makes it nearly impossible to stay here. Instead, Mazzia recommends the stately Ch\u00e2teau Beaupin hotel, near Point Rouge beach. Set back from the water with its own pool and private club, the 19th-Century manor is a spiritual mash-up of city and country. \"It\u2019s near Les Goudes and the sea,\" says Mazzia. \"On a simple, quiet street that\u2019s also in reach of the dramatic scenery of the massif (mountain).\"",
            "Website: chateau-beaupin.com",
            "Address: 37 Avenue Beau Pin, 13008 Marseille",
            "Phone: +33 698675818 ",
            "Instagram: @chateaubeaupin_marseille",
            "When craving seafood, or Marseille\u2019s traditional bouillabaisse fish soup, any number of skilled chefs can deliver the goods. So Mazzia narrows it down by atmosphere. He\u2019s a regular of La Bo\u00eete \u00e0 Sardine, a kitschy seafood bar across from Saint-Vincent de Paul church in the town centre. \"The owner, Fabien Rugi, is a great guy, and a little eccentric \u2013\u00a0which I appreciate,\" says Mazzia. \"And I love a platter of pearly-skinned fresh fish, barely grilled and glistening with olive oil.\" His preferred entr\u00e9e is a bowl of fish soup with a plate of fries. \"I put the frites in the soup, in place of the usual toast and rouille,\" he says. \"It reminds me of my childhood and the little peculiarities that Marseille is all about \u2013 my Marseille.\"",
            "Website: laboiteasardine.com",
            "Address: 2 Bd de la Lib\u00e9ration, 13001 Marseille",
            "Phone: +33491509595",
            "Instagram: @laboiteasardinemarseille",
            "\u00a0",
            "Notre-Dame de la Garde basilica can be seen from pretty much every corner of Marseille, thanks to its golden Virgin Mary statue that stands 162m over the city. The views from the church itself are a massive draw, but most Marseillaise recommend coming late, just before the 18:00 closing, to watch the sky turn pink and the city lights bounce off the water.",
            "Start walking downhill through the Bompard neighbourhood to understand why this is Mazzia\u2019s favourite destination after dark. \"You can watch the cars parading by on the corniche below,\" he says. \"And it feels like you\u2019re between two worlds \u2013\u00a0the peaceful world of the mountaintop and the methodical back-and-forth of the ocean drive.\"",
            "Bompard is one of Marseille\u2019s most desirable neighbourhoods, with narrow streets, cafes and a calm vibe that belies the madness of the traffic below. \"I like these places that feel a bit timeless, that allow you to breathe a little more,\" says Mazzia. The winding streets descend to a handsome seafront promenade.",
            "Marseille's rollercoaster hills are part of its charm. The most memorable streets shoot downward from the plateaus to the city centre \u2013\u00a0like Rue d\u2019Aubagne, a source for vintage homewares and African handicrafts, brought over by new citizens from the Maghreb.\u00a0",
            "\"It crosses right through the Noailles neighbourhood, which is really special because it is both African and Asian,\" says Mazzia. He singles out Tam-ky, an Asian grocer off Rue d\u2019Aubagne that carries fresh herbs from Thailand, tapioca boba from Taiwan and ginger sweets from China. \"I also like Maison Empereur, a home-goods shop at the very end of the road,\" he says. \"The old-fashioned kitchenware is made by artisans with excellent craftsmanship and savoir-faire.\"\u00a0",
            "Address: 5 Rue Halle Delacroix, 13001 Marseille",
            "Phone: +33491540086",
            "Instagram: @tamky_noailles\u00a0",
            "Website: empereur.fr",
            "Address: 4 Rue des R\u00e9colettes, 13001 Marseille, France",
            "Phone: +33491540229",
            "Instagram: @maisonempereur\u00a0",
            "BBC Travel's\u00a0The SpeciaList\u00a0is a series of guides to popular and emerging destinations around the world, as seen through the eyes of local experts and tastemakers.",
            "--",
            "For the best of BBC.com in your inbox every Friday, sign up to The Essential List newsletter for a handpicked selection of features, videos and can't-miss news.\u00a0",
            "For more Travel stories from the BBC, follow us on Facebook, X and Instagram.\u00a0"
        ]
    },
    "https://www.bbc.com/news/articles/c4nnz3ze3l7o": {
        "link": "https://www.bbc.com/news/articles/c4nnz3ze3l7o",
        "subtitle": "The film-maker famously lived on a diet of McDonald\u2019s food for an entire month for the 2004 movie.",
        "time": "2024-05-24T12:32:02.514185",
        "title": "Morgan Spurlock dead: Super Size Me director dies at 53",
        "topics": [
            "Film"
        ],
        "images": [
            "https://ichef.bbci.co.uk/news/480/cpsprodpb/737e/live/d4733890-19e9-11ef-80aa-699d54c46324.jpg.webp",
            "https://ichef.bbci.co.uk/news/480/cpsprodpb/e389/live/e2f149c0-19df-11ef-96c0-29950cf02be4.jpg.webp",
            "https://ichef.bbci.co.uk/news/480/cpsprodpb/aebc/live/1aea5060-19ea-11ef-a13a-0b8c563da930.jpg.webp",
            "https://ichef.bbci.co.uk/news/480/cpsprodpb/beb0/live/b6a7be70-19e0-11ef-88f3-ff134a9c98ae.jpg.webp"
        ],
        "videos": [],
        "author": "Ian Youngs,",
        "text": [
            "Oscar-nominated documentary maker Morgan Spurlock, best known for his 2004 fast food film Super Size Me, has died at the age of 53.",
            "Super Size Me saw Spurlock live on a diet of McDonald\u2019s food for an entire month to test the health impact on his body.",
            "It sparked a huge debate and earned him an Oscar nomination for best documentary.",
            "He directed more than 20 films and documentaries in total, including 2008's Where in the World is Osama bin Laden, and the 2013 One Direction tour movie This Is Us.",
            "He died of complications from cancer, his family said in a statement via his publicist.",
            "Spurlock's brother and collaborator Craig said: \u201cIt was a sad day, as we said goodbye to my brother Morgan.",
            "\u201cMorgan gave so much through his art, ideas, and generosity. The world has lost a true creative genius and a special man.\"",
            "As well as directing Super Size Me, Spurlock was the film\u2019s star and guinea pig as he ate dozens of Big Macs and Chicken McNuggets and drank gallons of cola.",
            "He put on 25lb (11kg) and was told by doctors his health was at risk if he did not end his 30-day experiment.",
            "Spurlock was seen describing himself feeling ill and low in energy, while medical concerns were raised about his blood pressure and cholesterol.",
            "The film also asked searching questions of the US food industry and suggested a healthier alternative could be available with political will.",
            "Its release prompted McDonald's to release a statement defending its menus and denouncing Spurlock's movie as \"unrealistic\".",
            "The company took out adverts in five British newspapers saying its food should be eaten as \"part of a balanced diet\".",
            "But McDonald\u2019s scrapped its Super Size option that year.",
            "After that film, Spurlock tackled subjects including the US war in Afghanistan with Where in the World is Osama bin Laden; consumer marketing in The Greatest Movie Ever Sold; and elder care and gambling in CNN series Morgan Spurlock\u2019s Inside Man.",
            "He was nominated for an Emmy award in 2010 for The Simpsons 20th Anniversary Special: In 3-D! On Ice!",
            "In 2017, as allegations of sexual misconduct swept Hollywood, he penned a confessional essay referring to himself as \"part of the problem\".",
            "He said he had been accused of rape and had paid to settle a claim of sexual harassment.",
            "He also admitted cheating on \"every wife and girlfriend I have ever had\".",
            "He then stepped down from the production company he had co-founded in 2004.",
            "In 2019, he returned to screens with a sequel to Super Size Me, opening his own chain in order to find out how the fast food industry had changed."
        ]
    },
    "https://www.bbc.com/news/articles/czvv41zvxngo": {
        "link": "https://www.bbc.com/news/articles/czvv41zvxngo",
        "subtitle": "The former Labour leader will stand against the party he led from 2015 to 2020 to contest Islington North.",
        "time": "2024-05-29T22:32:33.958337",
        "title": "Jeremy Corbyn starts bid to be elected as an independent London MP",
        "topics": [
            "London",
            "Diane Abbott",
            "Labour Party",
            "Jeremy Corbyn"
        ],
        "images": [
            "https://ichef.bbci.co.uk/news/480/cpsprodpb/96f8/live/cc87aa80-1df9-11ef-a20b-89e48726b96a.jpg.webp"
        ],
        "videos": [],
        "author": "Susana Mendonca,",
        "text": [
            "Former Labour leader Jeremy Corbyn has launched his campaign to contest the Islington North seat - against the party he led from 2015 to 2020.",
            "He will stand as an independent candidate in the general election on 4 July. ",
            "Mr Corbyn has represented the north London constituency since 1983, but was blocked from standing for Labour by the party's governing body.",
            "Local Labour councillor Praful Nargund has been selected as the party's candidate for the seat. ",
            "Mr Corbyn was suspended as a Labour MP in 2020 for his response to a report into anti-Semitism in the party.",
            "Launching his campaign at a community centre in Crouch Hill, he accused Labour of \"denying democracy\" by not allowing him to stand for the party. ",
            "\"Labour members were denied a vote. If you shut down that democratic voice then you\u2019ve got problems. That\u2019s why I\u2019ve decided I will run,\" he said.",
            "He also said he had sent a message of support to Diane Abbott amidst the uncertainty over whether she will be allowed to stand for Labour and attempt to defend her Hackney North and Stoke Newington seat.",
            "Sir Keir Starmer has denied the party has decided to bar her from standing.",
            "A complete list of candidates standing in Islington North will be available on the BBC website after nominations close.",
            "So far, apart from Mr Corbyn and Labour, the Liberal Democrats have selected Vikas Aggarwal, the Greens have chosen Sheridan Kates, and Reform UK have chosen Martyn Nelson.",
            "The Conservatives are yet to select a candidate.",
            "Listen to the best of BBC Radio London on Sounds and follow BBC London on Facebook, X and Instagram. Send your story ideas to hello.bbclondon@bbc.co.uk"
        ]
    },
    "https://www.bbc.com/sport/articles/cpdd52nz3e3o": {
        "link": "https://www.bbc.com/sport/articles/cpdd52nz3e3o",
        "subtitle": "",
        "time": null,
        "title": "Teenager Darbey excited for Paralympic debut - BBC Sport",
        "topics": [],
        "images": [
            "https://ichef.bbci.co.uk/news/1024/cpsprodpb/ea89/live/5e66d900-16cd-11ef-89f4-cbe1e4ef5150.jpg"
        ],
        "videos": [],
        "author": "",
        "text": [
            "Welsh teenager Rhys Darbey says it feels like the hard work has paid off after he was officially selected for the 2024 Paralympic Games.",
            "The 16-year-old from Flintshire is one of 26 swimmers named by ParalympicsGB.",
            "It will be only his second major international event after taking silver at the Para Swimming World Championships last year.",
            "The Paris Paralympics begin on 28 August.",
            "\"I'm feeling pretty excited,\" Darbey told BBC Sport Wales.",
            "\"I've been swimming eight sessions a week for two hours, getting up at half five in the morning Monday to Saturday. Then doing two or three gym sessions in the afternoons. So it's quite tiring.\"",
            "Darbey was only classified in the S14 category two years ago and feels he can still improve a lot.",
            "But his love of water was shown within his first few months of being born.",
            "\"When I was three or four months old, my mum took me swimming,\" he continued.",
            "\"Then I was swimming on my own by nine months.",
            "\"By six or seven I'd joined the swimming club and then I just started going to every meet I could because I just loved racing.",
            "It is this love of racing that has got Darbey to the cusp of a debut Paralympics.",
            "It is his motivation for the long hours of training in the pool and it is helping him get the most out of the big moments that come his way.",
            "His silver at his debut World Championships came when he was not expected to medal.",
            "Even at the recent British Championships and Paris Trials, the men's S14 200m individual medley final was his last remaining chance to get the nomination standard.",
            "He took it.",
            "\"I feel I can really lock in when it comes to a big moment,\" he continued. \"I'm really good at stepping up.",
            "\"When I dive in the water I feel it just clears my head of everything else that's going on.\"",
            "His love of the big occasion is echoed by his coach, Craig Breeze.",
            "\"He's a proper racer,\" explained Breeze. \"We'll get him knuckled down to some quality training and there's more to come.",
            "\"I've coached Rhys from the age of about nine. We're dead excited for him and over the moon. He's a great lad to coach.\"",
            "After watching London 2012 as a five-year-old, Darbey is now preparing for his own Paralympic experience - and he is not an athlete to overlook."
        ]
    },
    "https://www.bbc.com/sport/tennis/articles/cgllrg92jd0o": {
        "link": "https://www.bbc.com/sport/tennis/articles/cgllrg92jd0o",
        "subtitle": "World number one Novak Djokovic beats Tallon Griekspoor to advance to the semi-finals of the Geneva Open.",
        "time": "2024-05-23T12:33:01.120924",
        "title": "Novak Djokovic: World number one reaches Geneva Open semi-finals - BBC Sport",
        "topics": [],
        "images": [
            "https://ichef.bbci.co.uk/news/1024/cpsprodpb/4845/live/afaf7190-1930-11ef-8a72-cf6b35b58dd8.jpg"
        ],
        "videos": [],
        "author": "",
        "text": [
            "World number one Novak Djokovic beat Tallon Griekspoor to advance to the semi-finals of the Geneva Open on Thursday.",
            "Djokovic accepted a wildcard to the ATP 250 tournament in the hope of building momentum for the French Open, which starts on Sunday.",
            "The 37-year-old claimed a 7-5 6-1 victory against his Dutch opponent and will face Czech Tomas Machac in the last four.",
            "Djokovic saved four sets points at 0-40 down in the 10th game before going on to break the world number 27 and then serve out the set.",
            "He found his groove in the second set, which lasted just 25 minutes, breaking serve three times to become the oldest semi-finalist in Geneva tournament history.",
            "\"I thought that the first set could have gone his way easily because I think he was the better player for most of the first set,\" Djokovic said.",
            "\"I was lucky to find some really good serves and from that moment onwards really played some good solid tennis. The second set was really good.\"",
            "The 24-time Grand Slam champion will head to Roland Garros after this tournament in the hope of defending his French Open crown.",
            "The Serbian will start his campaign at the year's second Grand Slam against French wildcard Pierre-Hugues Herbert.",
            "Djokovic is yet to win a trophy in 2024."
        ]
    },
    "https://www.bbc.com/sport/athletics/articles/c72py65qxn9o": {
        "link": "https://www.bbc.com/sport/athletics/articles/c72py65qxn9o",
        "subtitle": "British sprinter Daryll Neita tells BBC Sport she believes she can win her first individual global medals when she contests the 100m and 200m at Paris 2024.",
        "time": null,
        "title": "Daryll Neita: GB sprinter targets sprint medals at Paris 2024 - BBC Sport",
        "topics": [],
        "images": [
            "https://ichef.bbci.co.uk/news/2048/cpsprodpb/d279/live/9754a8c0-0e38-11ef-b79f-f3c75733accd.jpg"
        ],
        "videos": [
            "//emp.bbc.com/emp/SMPj/2.52.1/iframe.html"
        ],
        "author": "",
        "text": [
            "As far as season-opening races go, beating the reigning world 100m champion is not a bad place to start.",
            "Such a statement performance is only amplified in an Olympic year but, with less than three months until Paris 2024, Daryll Neita remains focused on enjoying her journey.",
            "That was evident at the Suzhou Diamond League, the 27-year-old beaming as she cruised to an impressive 200m victory in 22.62 seconds, with American Sha'Carri Richardson - also a world medallist over that distance - among those trailing behind.",
            "She will aim to build further momentum when she competes over 100m at the next Diamond League meeting in Doha on Friday, live on BBC Two from 17:00 BST.",
            "\"It's nice when you shock yourself,\" the British sprinter tells BBC Sport.",
            "\"My coach has been working me so hard, so I went into the race expecting to win and wanting to win, but time-wise I had no idea what was going to happen. To cross the line feeling so good is probably why I showed that emotion.",
            "\"It was a good run against a strong line-up and it gives me a lot of confidence going into the summer. I'm in a great place.\"",
            "Neita is succeeding in staying grounded in the present despite her grand ambitions.",
            "Following a training block which she describes as an \"insane winter operation\" with coach Marco Airale in Italy, the London-born athlete is determined to maintain her upward trajectory and believes that can lead to a place on the Olympic podium.",
            "Having won five global medals as an ever-present in the British women's 4x100m team - including bronze at both the Rio 2016 and Tokyo 2020 Games - she will seek to replicate that success in both the 100m and 200m in Paris. ",
            "\"My goals are through the roof. I don\u2019t put limits on myself at all,\" Neita says.",
            "\"100% I am aiming for individual medals this summer. I don\u2019t see why anyone shouldn't believe they can; everyone should aim to be the best.",
            "\"It would mean the world to me. I have put in so much work to be in this position. It would be all of that hard work and dedication paying off.",
            "\"I just believe it\u2019s possible. It would be the best feeling ever.\"",
            "Described as a 'supercar' by coach Airale, with whom she has worked since her move to Italy two years ago, Neita secured the first individual international medals of her career in 2022 with European and Commonwealth 100m bronze.",
            "It is only three years since she finished eighth in her first global final at the Tokyo Olympics, but she demonstrated her exciting progress by finishing within 0.24 seconds of the podium among a star-studded 200m line-up at last summer's World Championships. ",
            "\"I'm just really proud of my journey and I'm enjoying it, that's probably the main thing,\" Neita says.",
            "\"I\u2019m not someone who is too focused on the past or future, I like to be in the present. When you're in the present moment, good things happen.",
            "\"For me it's about staying on that high vibration, taking the positives from everything that happens, and seeing the glass as half-full all the time.\"",
            "It is a journey which started when Neita, the second-fastest British woman in history, was scouted at a school sports day - an opportunity without which she believes she \"wouldn\u2019t be where I am now\".",
            "Keen to \"give back\", she recently launched an initiative close to her heart - the Daryll Neita Athletics Community - to provide the next generation with those invaluable opportunities, as she also aims to produce inspiring performances on the track.",
            "There has been a focus on increasing power and strength over recent months to build the foundations for a potentially exhausting Olympic schedule; Neita would race six times over five consecutive days should she achieve her aim of making both individual finals, before the relays are contested.",
            "Her rivals certainly caught a glimpse of that hard work in last month's curtain-raiser in China, which will only fuel her belief as she builds towards her shot at Olympic glory. ",
            "\"This part of the season is all about going out there, learning from your races and building towards the summer because Paris is the main goal,\" says Neita.",
            "\"Every time you go out there you can learn something new. Everything leading up to Paris is a stepping stone - but you have to enjoy the process.\""
        ]
    }
}