{
    "https://www.bbc.com/sport/football/articles/cp33mx2xk61o": {
        "link": "https://www.bbc.com/sport/football/articles/cp33mx2xk61o",
        "subtitle": "West Ham are set to appoint Julen Lopetegui as their new manager later this week and the Spaniard will succeed David Moyes.",
        "time": null,
        "title": "West Ham set to appoint Julen Lopetegui as new manager  - BBC Sport",
        "topics": [],
        "images": [
            "https://ichef.bbci.co.uk/news/2048/cpsprodpb/b6d8/live/4dc9f530-1684-11ef-862e-b1715029deec.jpg"
        ],
        "videos": [],
        "author": "",
        "text": [
            "West Ham are set to appoint Julen Lopetegui as their new manager later this week.",
            "The former Spain and Real Madrid coach was identified as the Hammers\u2019 first choice to replace outgoing boss David Moyes and, earlier this month, agreed to take up the role.",
            "Now the Premier League season is over, Lopetegui\u2019s contract will be signed, allowing him to take over for the start of pre-season, which includes a two-week trip to the United States for matches against Crystal Palace and Wolves.",
            "Ironically, Lopetegui spent the second half of the 2022-23 season with Wolves, guiding the club to safety. However, he left on the eve of the new campaign after issues over transfer funding failed to be resolved.",
            "Moyes revealed after Sunday's 3-1 defeat at Manchester City that he has already received job offers but is likely to spend some time with his family after getting only three weeks off last summer.",
            "The Scot has agreed media commitments with BBC Sport and Talksport at this summer\u2019s European Championships.",
            "Former Spain and Real Madrid coach Lopetegui won the Europa League with Sevilla in 2020 before moving to Wolves two years later."
        ]
    },
    "https://www.bbc.com/news/articles/c2898j1x28eo": {
        "link": "https://www.bbc.com/news/articles/c2898j1x28eo",
        "subtitle": "The Dublin-NY portal has been switched off due to \u00a0\"inappropriate behaviour\".",
        "time": null,
        "title": "Dublin-NY portal users 'ruining the fun for everyone'",
        "topics": [
            "Europe",
            "Republic of Ireland",
            "Dublin"
        ],
        "images": [
            "https://ichef.bbci.co.uk/news/480/cpsprodpb/3a9f/live/9cd2af90-12f7-11ef-becd-8790c9a7ab5d.jpg.webp",
            "https://ichef.bbci.co.uk/news/480/cpsprodpb/493c/live/9105f930-12f5-11ef-82e8-cd354766a224.png.webp",
            "https://ichef.bbci.co.uk/news/480/cpsprodpb/f916/live/edc043f0-12f6-11ef-b9d8-4f52aebe147d.jpg.webp"
        ],
        "videos": [],
        "author": "Kevin Sharkey,",
        "text": [
            "Dubliners have been expressing annoyance over the temporary suspension of a live video \"portal\" between the city and New York.",
            "The continuous live stream, which allows users in each city to see each other and interact, was switched off on Tuesday night due to \"inappropriate behaviour\".",
            "On Wednesday, a message on the blank screen stated: \u201cPortal is asleep - back up soon\u201d.",
            "Incidents, which have been shared extensively across social media platforms, involved users \"mooning\", displaying swearwords, and flashing various body parts.",
            "One Dublin user displayed a video of the 9/11 attacks in New York.",
            "The artist behind the art installation, Benediktas Gylys, has appealed for \"family friendly\" behaviour from visitors.",
            "\"I think everyone should think of a seven-year-old child that is in New York that wants to experience and that wants to connect to Dublin and wave to people there,\" Mr Gylys told Irish broadcaster RT\u00c9.",
            "\"So that was my only request for the lovely people of Ireland.\"",
            "Speaking beside the installation, Lucy Sky Moore O\u2019Gorman told BBC News NI that there had been \"disgraceful behaviour\" from a minority of users.",
            "\u201cThere\u2019s no need for it, it\u2019s just ruining the fun for everyone else,\" she said.",
            "She had brought her younger sister to the portal and they were \"very disappointed\" to see it suspended.",
            "\"I\u2019ve shown her the videos and she was very excited to see it and now she doesn\u2019t believe it\u2019s real at all,\" Ms O'Gorman added.",
            "Dublin City Council said it had hoped to have a solution in place by Wednesday, but the preferred solution, which would have involved blurring, was not satisfactory.",
            "The team behind the project is currently trying to find a way to prevent any further interactions involving anti-social behaviour.",
            "The council anticipates the portal will be restored later this week.",
            "Describing the project as \"a global phenomenon\", the council also stressed that \u201cthe overwhelming majority of people\" interacting with the installation had behaved appropriately.",
            "In New York, promoters have also been addressing local problems after a woman \"flashed\" in front of the screen.",
            "More staff and barriers have now been positioned at the site outside the Flatiron Building in Manhattan."
        ]
    },
    "https://www.bbc.com/sport/football/articles/cyrl37rdnl6o": {
        "link": "https://www.bbc.com/sport/football/articles/cyrl37rdnl6o",
        "subtitle": "Aston Villa captain John McGinn believes their loss to Olympiakos in the Europa Conference League is a \"learning curve\".",
        "time": null,
        "title": "John McGinn says Aston Villa's Conference League exit a 'learning curve' - BBC Sport",
        "topics": [],
        "images": [
            "https://ichef.bbci.co.uk/news/1024/cpsprodpb/dfbe/live/657c99b0-0e4d-11ef-a10e-175832b7a9ed.jpg"
        ],
        "videos": [
            "//emp.bbc.com/emp/SMPj/2.52.1/iframe.html"
        ],
        "author": "",
        "text": [
            "John McGinn believes Aston Villa's Europa Conference League campaign has been a  \"learning curve\" despite suffering a semi-final exit to Olympiakos.",
            "Unai Emery's side missed out on a place in the final after going down 6-2 on aggregate against the Greek side.",
            "Villa travelled to the Karaiskakis Stadium needing a memorable turnaround, having lost the first leg 4-2 on home soil, but were unable to overturn the deficit.",
            "\"I think it has been a big learning curve for us,\" McGinn told TNT Sports. \"It's not been a smooth journey.",
            "\"We got to the semi-final and were down to the bare bones a wee bit. However, those of us that were out there across the two legs lost to the better team, and the scoreline shows that.\"",
            "Despite falling in the Conference League, Villa will secure Champions League football next season if Tottenham lose to Burnley on Saturday or if Emery's side beat Liverpool on Monday.",
            "\"For us going into more European competition next season, we need to learn how to manage moments a lot better,\" added Villa captain McGinn.",
            "\"Of course we wanted to do better this year and get to a European final, but we will do everything we can to get ourselves back into this position and get to a final.\"",
            "Emery says Villa are having an \"amazing season\" after playing in Europe for the first time since 2010.",
            "\"My message is clear,\" Emery told TNT Sports. \"Move on and we have to try and finish the season. ",
            "\"[We are] doing an amazing season, particularly if we manage to achieve the last objective. Even without it [Champions League] we are in Europe, in the Europa League.",
            "\"This is an experience for us at Aston Villa after a long time [of not being in Europe] and again we are going to compete in Europe next year. Of course we are a little bit disappointed, a little bit frustrated, but we have to move on quick.\""
        ]
    },
    "https://www.bbc.com/news/articles/c103e9d6np6o": {
        "link": "https://www.bbc.com/news/articles/c103e9d6np6o",
        "subtitle": "The four candidates running for PCC in Sussex discuss their approach to tackling violent crime.",
        "time": null,
        "title": "Sussex police and crime commissioner candidates address violent crime response",
        "topics": [
            "England and Wales elections 2024",
            "Hastings"
        ],
        "images": [
            "https://ichef.bbci.co.uk/news/480/cpsprodpb/5490/live/93231b10-0316-11ef-acb8-5334c69195a0.png.webp",
            "https://ichef.bbci.co.uk/news/480/cpsprodpb/9ef3/live/e6505bb0-0314-11ef-acb8-5334c69195a0.png.webp",
            "https://ichef.bbci.co.uk/news/480/cpsprodpb/23c3/live/093d65f0-0315-11ef-acb8-5334c69195a0.png.webp",
            "https://ichef.bbci.co.uk/news/480/cpsprodpb/d02b/live/de911a70-0316-11ef-acb8-5334c69195a0.png.webp"
        ],
        "videos": [],
        "author": "Lucinda Adam,",
        "text": [
            "The four candidates standing to be Sussex\u2019s next police and crime commissioner (PCC) have given their views after a mother called Sussex Police\u2019s response to a violent assault on her teenage sons \u201cwoeful\u201d.",
            "Jo Docherty from St Leonards said her son and stepson were attacked by a gang as they walked behind the White Rock Theatre in Hastings on Sunday.",
            "She rang 999 but when she said her sons were on their way to A&E with their father, she was asked to redial 101 to report the crime.",
            "Sussex Police said it was investigating the attack.",
            "The attack has left one victim with a perforated eardrum, the other with extensive bruising, and both psychologically traumatised.",
            "Ms Docherty said she felt let down that no immediate response was sent.",
            "She said: \u201cTo me that felt like a failure in the police\u2019s part because the perpetrators of the assault were still very much in the area. They could have been arrested there and then, the police station is literally a minute from where the assault happened.\u201d",
            "Paul Richards, Labour\u2019s PCC candidate, said: \u201cI want foot patrols all the time so that when an incident like this happens they can respond swiftly, just like they used to when we had bobbies on the beat.\u201d",
            "Liberal Democrat Jamie Bennett said: \u201cKids are being attacked and you\u2019re told it\u2019s not an emergency, don\u2019t phone 999, we haven\u2019t got the resources to do it basically. We don\u2019t have the numbers of not just PCs but PSCOs to actually respond to things.\u201d",
            "Green Party candidate Jonathan Kent said: \u201cI would be utterly incandescent if it was my child and I got that response. When I met the chief constable and her deputy I asked them for a statement of values. It\u2019s not just what they do, it\u2019s how they think about the job, how they go about it, and they could not give me a basic statement of the values that underpin policing in Sussex.\u201d",
            "Sussex\u2019s current PCC, Conservative Katy Bourne, who\u2019s standing for re-election, said she felt \u201cupset\u201d for Ms Docherty and had contacted Chief Constable Jo Shiner about the incident.",
            "She said: \u201cI\u2019ve asked her very swiftly to look into this and to understand the response. My disappointment is that she hasn\u2019t been kept informed.",
            "\"So rest assured to Jo [Docherty] and the family, my job is to be her voice in policing. I will be looking into this and the chief constable will come back to her personally.\u201d",
            "In a statement Sussex Police said officers are investigating and have carried out CCTV and house-to-house inquiries in the area. They\u2019re appealing for witnesses.",
            "Voters across Sussex will go to the polls on Thursday 2 May to vote for their PCC alongside local elections.",
            "You can hear our full BBC Sussex live debate here.",
            "Follow BBC Sussex on Facebook, on X, and on Instagram. Send your story ideas to southeasttoday@bbc.co.uk  or WhatsApp us on 08081 002250."
        ]
    },
    "https://www.bbc.com/news/uk-england-beds-bucks-herts-68944810": {
        "link": "https://www.bbc.com/news/uk-england-beds-bucks-herts-68944810",
        "subtitle": "Work on the site is expected to finish later this year.",
        "time": null,
        "title": "Luton and Dunstable hospital building 'takes shape' in timelapse video",
        "topics": [],
        "images": [],
        "videos": [],
        "author": "",
        "text": []
    },
    "https://www.bbc.com/news/uk-northern-ireland-68972341": {
        "link": "https://www.bbc.com/news/uk-northern-ireland-68972341",
        "subtitle": "A man in his 20s was taken to hospital after he was found with a nail through each hand at a fence.",
        "time": null,
        "title": "Bushmills: Tour guide describes nail attack as 'dark incident'",
        "topics": [],
        "images": [],
        "videos": [],
        "author": "",
        "text": []
    },
    "https://www.bbc.com/news/articles/cn0vel3v1rko": {
        "link": "https://www.bbc.com/news/articles/cn0vel3v1rko",
        "subtitle": "The contest on 2 May is the first ballot since plans for a city congestion charge were dropped.",
        "time": null,
        "title": "Congestion still major issue in Cambridge City Council election",
        "topics": [
            "Housing",
            "England and Wales elections 2024",
            "Cambridge"
        ],
        "images": [
            "https://ichef.bbci.co.uk/news/480/cpsprodpb/64ae/live/1e0bbdd0-03b3-11ef-90bc-51a31677bb51.jpg.webp",
            "https://ichef.bbci.co.uk/news/480/cpsprodpb/832e/live/663333d0-03aa-11ef-9170-254bfa1f73e4.jpg.webp",
            "https://ichef.bbci.co.uk/news/480/cpsprodpb/ef2d/live/6bead350-03aa-11ef-9170-254bfa1f73e4.jpg.webp",
            "https://ichef.bbci.co.uk/news/480/cpsprodpb/4533/live/91bb7580-03aa-11ef-9170-254bfa1f73e4.jpg.webp",
            "/bbcx/grey-placeholder.png"
        ],
        "videos": [],
        "author": "Emma Howgego,",
        "text": [
            "Fourteen councillors will be elected to a city council on 2 May in the first elections since plans for a congestion charge in the area were dropped.",
            "Cambridge City Council is run by Labour and one third of seats are up for election this year.",
            "The proposals for a congestion charge in Cambridge were abandoned last year after local politicians withdrew their support. ",
            "In 2023 the Secretary of State for Levelling Up, Housing and Communities, Michael Gove, announced plans to build 150,000 new homes near the city by 2050.",
            "In last year's council elections the Conservative Party, who opposed the congestion charge, saw an increase in votes - although the party failed to win any seats. This rise went against the national picture where the Conservative vote dropped significantly.  ",
            "In a subsequent by-election in July 2023, the Tories secured their only council seat in the King's Hedges ward, Cambridge. ",
            "After plans for a congestion charge were abandoned, Mr Gove's housing pledge has become one of the biggest issues for voters.",
            "The BBC has spoken to representatives from the city's four main political groups on the topics. They are listed below in alphabetical order by surname. ",
            "Tim Bick is the leader of the Liberal Democrat group at the Cambridge City Council. He said it was \"undeniable\" that the area needs more housing. However he said that the government should not interfere and instead leave it to local councils to come up with housing plans. ",
            "Yet when it comes to infrastructure such as water, he said there was \"scope for partnership\". ",
            "He also highlighted the housing in the Trumpington area as a good example of a development \"based on need\". ",
            "In regards to the city's transport challenges he said there were many options to look at. However he ruled out a congestion charge, adding \"there is no point in bringing forward proposals that don't fly a second time\". ",
            "Mike Davey is the leader of the Labour group at the authority. ",
            "He said the original plans announced by Mr Gove were \"nonsensical\". He highlighted that Cambridge was important to national governments as a \"net contributor\" to the UK economy. ",
            "Whilst he accepted that growth in the city was important he said that the existing local plan for 50,000 homes already requires two new reservoirs. ",
            "He said that congestion and housing needed to be looked at together, as they were interlinked, but he emphasised any solutions proposed by Labour would not involved a congestion charge.  ",
            "Zachary Marsh, the associate chairman for Cambridge City Conservatives, said it was important that more homes were built in the city so more people could own their home. He said this needs to be done with community consent.",
            "\"I'm pleased the government has acknowledged there are clear barriers with regards to water that need to be solved first.\"",
            "With regards to transport he said that the Conservative Party was always against plans to charge motorists. ",
            "He said the short-term focus should be providing more bus services and the long-term focus should be to look at light rail as \"evidence shows internationally people who won't get on buses will get on light rail\". ",
            "Sarah Nicmanis is the Green Party's prospective parliamentary candidate for the Cambridge. ",
            "She said residents were \"traumatised\" by the congestion charge debate, and that the party was in favour of alternative charges such as a workplace parking levy and a tourist tax. She argued that these would put the financial burden on businesses and tourists who could afford to pay it. ",
            "With regard to housing, Ms Nicmanis criticised the water credits scheme put forward by Mr Gove in the government's recent report and suggested it was similar to the carbon credits system, which she said had not had \"much success or accountability\". ",
            "Ms Nicmanis was also concerned about the lack of funding for the NHS and police as the population grows with an increase in housing.  ",
            "The local elections will take place on 2 May. A full list of candidates standing in all wards of Cambridge are available on the city council website.  ",
            "Follow East of England news on Facebook, external, Instagram, external and X, external. Got a story? Email eastofenglandnews@bbc.co.uk or WhatsApp us on 0800 169 1830"
        ]
    },
    "https://www.bbc.com/news/articles/c2qvy05g1gqo": {
        "link": "https://www.bbc.com/news/articles/c2qvy05g1gqo",
        "subtitle": "The couple shared a video debuting Hailey's bump in a white, lace dress.",
        "time": null,
        "title": "Hailey and Justin Bieber announce pregnancy",
        "topics": [
            "Justin Bieber"
        ],
        "images": [
            "https://ichef.bbci.co.uk/news/480/cpsprodpb/0ffc/live/fcb02b20-0e49-11ef-b3b4-5746bf611902.jpg.webp"
        ],
        "videos": [],
        "author": "Lucy Clarke-Billings,",
        "text": [
            "Hailey and Justin Bieber have announced they are expecting their first child.",
            "The couple shared a video and images of Hailey, 27, debuting her bump in a white lace dress. ",
            "Famous faces including US reality star Kim Kardashian and model Gigi Hadid posted their congratulations under the announcement on Instagram. ",
            "Hailey and Justin, 30, got married in a secret ceremony in New York in 2018.",
            "The couple announced the news on their respective Instagram pages with corresponding posts.",
            "Both begin with a short, romantic video clip of the couple kissing. Other shots zoom in on Hailey's stomach, which are accentuated in her form-fitting gown.",
            "Neither of the couple's respective Instagram posts feature any text other than each other's Instagram usernames.",
            "A representative for Hailey confirmed to The Associated Press on Thursday that the model is just over six months pregnant.",
            "In a press release, fashion house Yves Saint Laurent said the video and photoshoot were from the Biebers' vow renewal ceremony on Thursday in Hawaii.",
            "Hailey is the daughter of actor Stephen Baldwin, while Justin was discovered as a singer aged 13 and went on to become a pop sensation with hits including Baby, Love Me and Yummy.",
            "In addition to modelling, Hailey is the founder of a skincare line, Rhode.",
            "Last year, Justin was forced to cancel the remaining dates of his Justice world tour amid his ongoing recovery from Ramsay Hunt syndrome, a condition that can cause facial paralysis.",
            "The Canadian singer unexpectedly stepped on stage at Coachella last month to perform 2020 hit single Essence, alongside Wizkid, during a set by Nigerian star Tems."
        ]
    },
    "https://www.bbc.com/sport/football/articles/cqln8zddll2o": {
        "link": "https://www.bbc.com/sport/football/articles/cqln8zddll2o",
        "subtitle": "Liverpool boss Jurgen Klopp says he would vote to scrap video assistant referees because of how the system currently works.",
        "time": null,
        "title": "Jurgen Klopp: Liverpool boss says he would vote to scrap VAR - BBC Sport",
        "topics": [],
        "images": [
            "https://ichef.bbci.co.uk/news/1024/cpsprodpb/db88/live/4dba5410-142f-11ef-976f-87c9f89e656e.jpg"
        ],
        "videos": [
            "",
            ""
        ],
        "author": "",
        "text": [
            "Outgoing Liverpool manager Jurgen Klopp says he would vote to scrap video assistant referees (VAR) as officials \"are not able to use the technology properly\".",
            "Premier League clubs will vote on whether to scrap VAR from next season at their annual general meeting on 6 June.",
            "VAR was introduced in 2019 to help support on-field officials with key match decisions, but there have been a number of controversial incidents involving the technology.",
            "\"I don't think they're [the club] voting against VAR, I think they'll vote about how it gets used, because that's definitely not right,\" Klopp said.",
            "\"In the way they do it, I would vote against it, because these people are not able to use it properly.\"",
            "Liverpool were involved in one of VAR's most contentious moments this season.",
            "Referees' body PGMOL admitted the decision to disallow Luis Diaz's goal in Liverpool's 2-1 loss to Tottenham Hotspur in September was \"a significant human error\".",
            "Video assistant referee Darren England did not overrule when Liverpool's Diaz was wrongly flagged offside.",
            "Klopp asked for the game to be replayed, while Liverpool called for a \"review with full transparency\" of VAR.",
            "Despite this, BBC Sport understands Liverpool are in favour of keeping VAR.",
            "However, when asked if he would vote to get rid of the system, Klopp said: \"I do not think VAR is the problem, but the way we use it is the problem. So, you cannot change the people obviously, it's clear. You need them. ",
            "\"So yes, I would vote for scrapping VAR.\"",
            "Klopp said it has been the \"most intense\" week of his life as he prepares to take charge of Liverpool for the last time.",
            "The 56-year-old German will leave the club after Liverpool's Premier League season finale against Wolves at Anfield at Sunday.",
            "\"Saying goodbye I don't think is ever nice but saying goodbye without feeling sad or hurt, that would just mean the time we spent together was not great, and we had a great time,\" Klopp said.",
            "Klopp, who was appointed Liverpool manager in October 2015, led the club to seven major trophies.",
            "He won the Champions League in 2019 before leading Liverpool to their first league title in 30 years in the 2019-20 season.",
            "Asked about his legacy at Liverpool, Klopp said: \"I know we could have won more, but I can't change that. ",
            "\"Missing the title by a point shows you are really good. The nearly-wins will not be in the history books, but you can't see it like that. You cannot do any better, or any different.",
            "\"Could someone else have done better? Probably. But I couldn't. The rest will be judged by the people, and I'm sure most think we were absolutely fine.\"",
            "Liverpool are certain to finish third this season regardless of the result against Wolves."
        ]
    }
}