{
    "https://www.bbc.com/news/uk-69030277": {
        "link": "https://www.bbc.com/news/uk-69030277",
        "subtitle": "Viral images of nails attached to playground equipment in an Oxfordshire village have sparked misinformation about where the vandalism took place.",
        "time": null,
        "title": "Playground nails: The truth behind a viral scare",
        "topics": [],
        "images": [],
        "videos": [],
        "author": "",
        "text": []
    },
    "https://www.bbc.com/news/world-69013071": {
        "link": "https://www.bbc.com/news/world-69013071",
        "subtitle": "The US Secretary of State Antony Blinken has played a rendition of Neil Young's Rockin' in the Free World with a local band on his surprise trip to Kyiv.",
        "time": null,
        "title": "Antony Blinken plays guitar in basement bar on trip to Kyiv",
        "topics": [],
        "images": [],
        "videos": [],
        "author": "",
        "text": []
    },
    "https://www.bbc.com/news/world-africa-69000857": {
        "link": "https://www.bbc.com/news/world-africa-69000857",
        "subtitle": "The Duke and Duchess of Sussex unveiled a partnership with Giants of Africa, an NGO which uses sport to empower young people.",
        "time": null,
        "title": "Prince Harry and Meghan in Nigeria: Dunking it like a Duke",
        "topics": [],
        "images": [],
        "videos": [],
        "author": "",
        "text": []
    },
    "https://www.bbc.com/sport/cricket/articles/c3ggl3g6pzdo": {
        "link": "https://www.bbc.com/sport/cricket/articles/c3ggl3g6pzdo",
        "subtitle": "England captain Heather Knight is backing her side to be 'ruthless' in the upcoming one-day international series against Pakistan.",
        "time": "2024-05-22T15:24:03.955314",
        "title": "England v Pakistan: Heather Knight wants another dominant series win - BBC Sport",
        "topics": [],
        "images": [
            "https://ichef.bbci.co.uk/news/1024/cpsprodpb/b56b/live/dcef6120-183a-11ef-b29c-db4f2723162a.jpg"
        ],
        "videos": [],
        "author": "",
        "text": [
            "England v Pakistan, first one-day international ",
            "Date: 23 May Venue: The Incora County Ground, Derby Time: 13:00 BST",
            "Coverage: Ball-by-ball radio commentary on BBC Radio 5 Sports Extra, live text commentary and in-play clips on the BBC Sport website and app.",
            "England captain Heather Knight hopes her side can continue to win \"ruthlessly\" in their upcoming one-day international series against Pakistan. ",
            "The hosts cruised to a 3-0 clean sweep in the preceding T20 series, and the first of three ODIs starts in Derby on Thursday. ",
            "While most of the emphasis has been on the shortest format, with the T20 World Cup approaching in October, Knight says there is still plenty to play for in the ODIs. ",
            "\"For us it's all about improving as a team, regardless of the format,\" said Knight, 33.",
            "\"We want to keep winning series and win them ruthlessly, as we did in the T20s.\" ",
            "England only played six ODIs in 2023, but won both the series against Australia and Sri Lanka, and concluded their tour of New Zealand in April with a 2-1 series win. ",
            "The next 50-over World Cup takes place in India in 2025, while three ODIs will be part of the multi-format Ashes in January. ",
            "England have committed to playing more aggressively under head coach Jon Lewis, and Knight wants to see her side maintain the same approach in the longer format.  ",
            "\"Our aim is to always be positive but in ODIs you do have that added time to read situations,\" she added.",
            "\"I don't think we got that tempo right in New Zealand, so hopefully we can show how we want to play here.\"",
            "Opener Tammy Beaumont and seamer Kate Cross join the squad after missing the T20 series, while England will have to find a way to balance the side with all-rounder Nat Sciver-Brunt still unable to bowl.",
            "England played three spinners in the T20s, with Sarah Glenn, Sophie Ecclestone and Charlie Dean all in excellent form.",
            "\"We've not really played all three of them at the same time in 50-over cricket, but collectively they've been so good, it would be so hard to leave one of them out,\" said Knight.",
            "\"But with our batting we want to be positive and have that depth, so the balance of the side is something we're going to consider.\" "
        ]
    },
    "https://www.bbc.com/news/uk-england-essex-68896242": {
        "link": "https://www.bbc.com/news/uk-england-essex-68896242",
        "subtitle": "How important are various areas of council business to younger voters?",
        "time": null,
        "title": "Local Elections 2024: What matters most to Basildon Man's descendants?",
        "topics": [
            "England and Wales elections 2024",
            "Basildon"
        ],
        "images": [
            "https://ichef.bbci.co.uk/news/480/cpsprodpb/2244/production/_133227780_dc1438de-5dc1-42a7-a102-a8fe6f1e550e.jpg.webp",
            "https://ichef.bbci.co.uk/news/480/cpsprodpb/E1AC/production/_133227775_04d0c16b-07c4-4b1e-a7dc-d9e8aca56eda.jpg.webp",
            "https://ichef.bbci.co.uk/news/480/cpsprodpb/BA9C/production/_133227774_947e8bfd-68e1-42ab-aeda-df79e43fbe50.jpg.webp",
            "https://ichef.bbci.co.uk/news/480/cpsprodpb/108BC/production/_133227776_af062896-b32d-4d4c-92cc-001b04b734bb.jpg.webp",
            "/bbcx/grey-placeholder.png",
            "/bbcx/grey-placeholder.png",
            "/bbcx/grey-placeholder.png",
            "/bbcx/grey-placeholder.png"
        ],
        "videos": [],
        "author": "By Laurence Cawley & Simon Dedman,",
        "text": [
            "For many years \"Basildon Man\" was used in political circles to exemplify a type of median voter who was hard-working and determined to get ahead in life. What do his Generation Z descendants - currently studying at South Essex College's Basildon campus - care about most ahead of this year's local government elections?",
            "Later this week voters will decide who fills all 42 seats on Basildon Borough Council.",
            "The council, which has been Conservative-led since 2021 when there was no party with overall control, is responsible for services like bin collections, parks, public housing and local planning applications.",
            "What do the next crop of voters - some of whom will be voting for the first time - care about most? ",
            "Plumbing and heating student Joshua Glass, 18, says he wishes politics was taught to children from primary school age, because \"people my age often don't know a lot about it\".",
            "He says one of his chief concerns at the moment is the cost of living because \"a lot of people are struggling with it\".",
            "He says more money needs to go into facilities for younger people.",
            "\"I was speaking about this recently with a friend and all we could think of were a couple of gyms,\" he says. ",
            "\"I want my area to be as nice and safe as it can be. That's what matters to me.\"",
            "Asked whether he will vote in the local elections, Mr Glass says: \"Possibly. I've asked my parents about it to find out how they would vote, but I think I need to do a bit more research before I decide who I will vote for.\"",
            "James Claydon, 23, is studying for an electrical installation qualification at the college.",
            "He is disillusioned with the current political scene and feels the main political parties are \"as bad as each other\", and claims politicians \"all have their own little agendas\".",
            "He feels the future for his generation is \"bleak\" because of the \"price of houses, inflation and the fact wages are staying the same\".",
            "At the local level, his biggest concerns include the cost of living, immigration and knife crime.",
            "However, Mr Claydon, who still lives at home with his parents, says he does not think he will vote in the local elections.",
            "Electrical installation student Chloe Green, 18, has just secured an apprenticeship.",
            "She says although politics matters and \"impacts the whole country and where I live\", she feels uninformed and doubts she will be voting in the forthcoming elections.",
            "\"Even if my parents did tell me a bit about it, I don't feel like it is appropriate for me to just follow them because I am my own person,\" she says.",
            "Despite this, she says she has felt first hand the impact of rising prices.",
            "\"Inflation has massively affected me and my family,\" she says. ",
            "Asked what issues she would like politicians to focus on, she says: \"Ambulances, healthcare and residential care are really big issues and are important to me.\"",
            "\"I think politicians should be focusing on our country as a whole instead of what is going outside,\" says Justin Rowe, 18. \"For example, we've got things like homelessness, knife crime, hunger on the streets and people unable to afford housing.",
            "\"I think we should help ourselves out before we help others out and I feel like you can only do one or the other.\"",
            "The plumbing and heating student feels housing and inflation are the key issues of the day.",
            "\"I would be interested to hear from local politicians about what more they could do for us,\" he says.",
            "Mr Rowe says he does not look at political leaflets pushed through the letterbox. ",
            "\"They are too confusing and boring,\" he says. \"They should be talking to us on social media.\"",
            "As with some of his fellow students, 20-year-old plumbing and heating student Oliver Johnson wants politicians to focus more on domestic issues rather than foreign affairs.",
            "Inflation, in particular, is an issue he has experienced first hand as a new driver, paying \u00a31,600 in insurance this year.",
            "Despite saying he would be unlikely to vote in the council elections, he rated some local authority services as being very important.",
            "He gave street cleaning, bin collections and environmental health the maximum 10-of-out-10 score. ",
            "Charlie Elliott, 21, is three years into a four-year plumbing course and works with his father. He describes himself as an \"undecided voter\".",
            "He says the local elections have not been well publicised beyond the \"odd leaflet through the door\" and is not sure he will vote, because \"I don't really know what I would be voting for\".",
            "\"A lot of politicians just say things people want to hear,\" he says. \"How often does what they say will actually happen? I don't think it is as often as we would like.\"",
            "Like Mr Johnson, Mr Elliott gave some areas of council business the maximum score in terms of importance.",
            "Keeping streets clean, supporting people in housing need and dealing with rubbish and recycling were all deemed vitally important by Mr Elliott.",
            "So will he be voting then? For the time being, he says, he remains unsure.",
            "Got a story? Email eastofenglandnews@bbc.co.uk or WhatsApp 0800 169 1830"
        ]
    },
    "https://www.bbc.com/sport/articles/c4n1gzgvlg8o": {
        "link": "https://www.bbc.com/sport/articles/c4n1gzgvlg8o",
        "subtitle": "After achieving her goal of becoming world number one, Telemark skier Jasmin Taylor is turning her attention to next year's World Championships.",
        "time": null,
        "title": "Jasmin Taylor: Skiier sets new goals after reaching number one status - BBC Sport",
        "topics": [],
        "images": [
            "https://ichef.bbci.co.uk/news/1024/cpsprodpb/f8dd/live/f64b1aa0-1449-11ef-9b12-1ba8f95c4917.jpg"
        ],
        "videos": [],
        "author": "",
        "text": [
            "Telemark skier Jasmin Taylor is looking ahead to next year's World Championships after achieving her goal of becoming world number one.",
            "The 30-year-old from Ipswich capped a successful season by winning the parallel sprint and overall titles at the World Cup finals in March. ",
            "She has achieved more than 50 podium finishes in her career after winning Britain's first World Championship Telemark medal back in 2015.",
            "\"It feels like fate sometimes, but it's been quite the adventure - it's worn me out as well, but I wouldn't change it. I've had a great time,\" she told BBC Radio Suffolk.  ",
            "\"I'm gearing up already for next season and next year is a World Championship year as well. ",
            "\"I can be quite hit and miss with the world champs but I'm at a point now where I'm taking it season by season and just seeing how I feel at the end of each one and if I want to continue.\"",
            "Taylor first became interested in skiing while working on a school project as a 10-year-old and once raised over \u00a32,000 at a car boot sale to help her continue in the sport.",
            "She admitted she had briefly considered whether there was any more to achieve following her success at the World Cup finals in France.",
            "\"I thought 'is that me done, do I call it a day here and end on a high' because it would be a great way to end, but there's something in me that feel I still have more to give,\" she said.",
            "\"I'm actually excited to work on the elements I need to improve - what gets me out of bed in the morning is that I've got stuff to work on and ways that I can still get better.\"",
            "Telemark includes alpine skiing, cross-country and ski-jumping elements.",
            "Taylor has won four World Championship medals, the most recent a bronze at Murren in 2023.  ",
            "She added: \"You feel you can get better but you never have that guarantee in sport.",
            "\"How can you follow a season like that? Well, you have no idea if you can in terms  of outcome, but in terms of what I put in, I can do better. So I will do my utmost to focus on that.\" "
        ]
    },
    "https://www.bbc.com/news/articles/cx03vydl5nxo": {
        "link": "https://www.bbc.com/news/articles/cx03vydl5nxo",
        "subtitle": "The two-time winner talks Eurovision, protests in Sweden and why she wants to write a song about tax.",
        "time": null,
        "title": "Two-time Eurovision queen Loreen wants to write a boring song",
        "topics": [
            "Sweden",
            "Eurovision Song Contest",
            "Music"
        ],
        "images": [
            "https://ichef.bbci.co.uk/news/480/cpsprodpb/d2cf/live/446a0840-0eaf-11ef-82e8-cd354766a224.jpg.webp",
            "https://ichef.bbci.co.uk/news/480/cpsprodpb/7f77/live/7cb5f560-0eaf-11ef-b9d8-4f52aebe147d.jpg.webp",
            "https://ichef.bbci.co.uk/news/480/cpsprodpb/2ce0/live/91a5c2c0-0eaf-11ef-82e8-cd354766a224.jpg.webp",
            "/bbcx/grey-placeholder.png"
        ],
        "videos": [],
        "author": "Mark Savage,",
        "text": [
            "The nails are out.",
            "Loreen isn't even performing today. She's meeting the press, mostly on Zoom, from a hotel room in Sweden. ",
            "Nonetheless, she's in full stage gear: Draped in black, with her hair carefully toussled and her trademark talons. ",
            "Today, they're three inches long and shaped like icicles, reflecting sunlight onto the walls.",
            "That's the sort of dedication it takes to win Eurovision twice - something that Loreen achieved with victories in Baku, Azerbaijan, in 2012 and last year in Liverpool.",
            "Since last year's contest, her winning entry, Tattoo, has been streamed 493 million times on Spotify, making it the third-biggest Eurovision song of all time.",
            "Loreen will be back at the contest this weekend, performing her new song Forever during the grand final, before setting off on a massive European tour.",
            "Ahead of that, she spoke to the BBC about Forever, her attempts to write a boring song, and the demonstrations that have overshadowed this year's contest.",
            "",
            "So you\u2019re back with a new song. Tell us everything.",
            "I created this song specifically for Eurovision on Saturday. I had a narrative in my head, I knew what the performance needed to look like and then I said, \u201cOkay, I need a song for this\u201d.",
            "So you hadn\u2019t written any music at that point?",
            "Exactly. So I went into the studio with my team and the funny thing was, I said \u201cLet's find the right chords\" and they just came. Then I took the mic and it was like [makes a coo-ing noise like a pigeon] \u201cYou make me feel like forever\u201d.",
            "And it was like, there you go, that\u2019s the song.",
            "Can I just say how much I enjoyed your pigeon impression?",
            "I don\u2019t know why I do that! It just does something to the energy in the room. Sometimes I make noises without knowing why.",
            "It\u2019s a good way to communicate. If you don\u2019t have the perfect word, you can convey the feeling.",
            "[Loreen coos like a pigeon]",
            "You\u2019ve said that Forever is a continuation of the story from Tattoo. Is that a narrative that\u2019s going to run through your new album?",
            "Well, there's a whole suite of songs. My album is definitely going to be a journey. There\u2019s some crying, some joy, I want all of those feelings to be. I might even have a song that is so boring that you\u2019re like, \u201cHuh, what is this?\u201d",
            "What would a boring Loreen song sound like?",
            "Oh God, something with no passion, no drama.",
            "Give us an example. What counts as a dreary day for you?",
            "It would probably be like, \u201cLoreen, gather up your receipts, we need to see your accountant.\u201d",
            "Well, The Beatles have a song called Taxman, so why not you?",
            "That\u2019s a really good idea! Wouldn\u2019t it be funny if I had a song on the album called Tax Return?",
            "And the lyrics can be about how Eurovision has put you in debt.",
            "I wouldn\u2019t call it an expensive performance, though. More like super expensive!",
            "Take me back to last year. You arrived in Liverpool having already won Eurovision once. Did that put pressure on you to win again\u2026 or was it the opposite and the pressure was off?",
            "Oh no, I always feel pressure. The reason why is that I\u2019m very aware that people are giving up their time to watch these performances. They have paused their lives to focus on this one point in time, and for me not to pressure myself for those three moments is a disrespect. I'm not going to waste people's time.",
            "How unusual is that? Don\u2019t most artists create music to fulfil something inside themselves?",
            "The way I see it, I can create all by myself - but what I create would not exist if it wasn't for a connection. Everything is about connection.",
            "But at the end of the day, Eurovision is competition. How did you feel as the votes came in?",
            "The thing is, I was sitting there and I thought, \u201cI can\u2019t control this. I have to let it be what it is going to be.\u201d",
            "But let me tell you, the energy in that room was crazy. Everyone was so nervous, and that made me nervous too.",
            "The vote was very close. In the end, there wasn\u2019t much separating you and the Finnish contestant K\u00e4\u00e4rij\u00e4. Did you hug it out afterwards?",
            "I was actually a bit sad when I won \u2013 because when I stood up, I wanted to go over to K\u00e4\u00e4rij\u00e4 and congratulate him. I knew how he\u2019d be feeling. Sitting there, you're so vulnerable. But there were so many people around him that I couldn't find my way through.",
            "But we spoke afterwards. He was like, \u201cWhen are you coming to Finland to have a drink with me?\u201d",
            "",
            "After you won, an interviewer asked how you planned to celebrate and you replied, \u201cI\u2019m going to sleep\u201d.",
            "I\u2019m not a party chick at all. When I\u2019m on tour people get frustrated because I\u2019m like, \u201cDo you know what, I\u2019m going to go to bed now\u201d and people are going, \u201cWhat do you mean? The party\u2019s just started!\u201d",
            "Off stage, this year\u2019s contest has become very politicised, with a lot of criticism of Israel. What do you make of the protests that are happening in Sweden?",
            "I understand that. All of us are affected by what\u2019s going on [but] we don\u2019t know what to do because it\u2019s such a complex situation. Some react with aggression, some cry, some shut down. We are different in that way, so I understand where it [the protesting] comes from.",
            "Israel\u2019s contestant, Eden Golan, has been booed. How do you think that will affect her performances?",
            "It's not the way. It\u2019s not helping anybody. We are creators. Me, her, anybody.",
            "I understand that people think they\u2019re making a change. They\u2019re feeling, \u201cWhat can I do? This [situation] is not fair\u201d. But we need to find a constructive way of doing things, in our hearts.",
            "What's your advice to this year's contestants?",
            "Be in the moment. That's really important. ",
            "But also, we need a break from all the distortion that's going on in the world, everything that's traumatising people. If artists can create a positive energy, when millions of people are watching, we might change the balance of things.",
            "Finally, you\u2019ve just announced a massive European tour. Twenty different cities. How much are you looking forward to that?",
            "I\u2019m so excited. I want to play play in a billion different cities! We're gonna have some amazing gatherings, and I\u2019m going to take care of you guys. I can\u2019t wait."
        ]
    },
    "https://www.bbc.com/news/videos/cp99yl8grevo": {
        "link": "https://www.bbc.com/news/videos/cp99yl8grevo",
        "subtitle": "Video shows flames and smoke rising from the barn, and people nearby are advised to close windows.",
        "time": null,
        "title": "Fire crews called to large barn fire near Hopton",
        "topics": [],
        "images": [],
        "videos": [],
        "author": "",
        "text": []
    },
    "https://www.bbc.com/sport/articles/c511354replo": {
        "link": "https://www.bbc.com/sport/articles/c511354replo",
        "subtitle": "Molly McCann will face Bruna Brasil in a strawweight bout at UFC 304 in Manchester on 27 July.",
        "time": null,
        "title": "UFC 304: Molly McCann to fight Bruna Brasil in Manchester  - BBC Sport",
        "topics": [],
        "images": [
            "https://ichef.bbci.co.uk/news/1024/cpsprodpb/de95/live/42060ce0-168c-11ef-9b12-1ba8f95c4917.jpg"
        ],
        "videos": [],
        "author": "",
        "text": [
            "Molly McCann will face Bruna Brasil in a strawweight bout at UFC 304 in Manchester on 27 July.",
            "Liverpool's McCann, 34, dropped down from flyweight in February, beating Diana Belbita to halt a two-fight losing streak.",
            "Brazil's Brasil, 30, lost to Loma Lookboonmee three months ago and has won one of her three fights in the UFC.",
            "The event at Manchester's Co-op Live Arena is headlined by Birmingham's Leon Edwards, who will defend his welterweight title against American Belal Muhammad.",
            "Manchester's interim heavyweight champion Tom Aspinall puts his belt on the line against American Curtis Blaydes in the co-main event.",
            "McCann, who has won seven of her 12 UFC bouts since debuting in the promotion in  2018, joins fellow Liverpudlian Paddy Pimblett on a card for the first time in two years.",
            "Pimblett is taking on American Bobby Green in a lightweight contest.",
            "Other bouts confirmed include Manchester's Muhammad Mokaev facing Portugal's Manel Kape at flyweight, and Ipswich's Arnold Allen taking on Georgian featherweight Giga Chikadze."
        ]
    }
}