{
    "https://www.bbc.com/news/world-europe-69019752": {
        "link": "https://www.bbc.com/news/world-europe-69019752",
        "subtitle": "Robert Fico is no longer in a life-threatening condition after being shot several times, the deputy prime minister has said.",
        "time": null,
        "title": "Slovakia PM shot in apparent assassination attempt",
        "topics": [],
        "images": [],
        "videos": [],
        "author": "",
        "text": []
    },
    "https://www.bbc.com/news/world-asia-india-68553175": {
        "link": "https://www.bbc.com/news/world-asia-india-68553175",
        "subtitle": "Critics says a slew of new films points to an emerging genre that aligns with the ruling BJP\u2019s ideology.",
        "time": null,
        "title": "Bollywood and India elections: When reel and real cross paths",
        "topics": [
            "Asia",
            "India Election 2024",
            "Propaganda",
            "Narendra Modi",
            "Bollywood",
            "India"
        ],
        "images": [
            "https://ichef.bbci.co.uk/news/480/cpsprodpb/161BB/production/_133255509_untitleddesign-3.jpg.webp",
            "https://ichef.bbci.co.uk/news/480/cpsprodpb/F073/production/_133255516_capture.jpg.webp",
            "/bbcx/grey-placeholder.png",
            "/bbcx/grey-placeholder.png",
            "/bbcx/grey-placeholder.png",
            "/bbcx/grey-placeholder.png"
        ],
        "videos": [],
        "author": "By Zoya Mateen and Meryl Sebastian,",
        "text": [
            "\"All of Kashmir was, is and will remain a part of India,\" says actor Kiran Karmarkar in a recent hit film on the government's 2019 decision to revoke Indian-administered Kashmir's autonomy.",
            "A stocky man dressed in a starched white kurta, Karmarkar looks the part as Indian Home Minister Amit Shah in Article 370 - the film named after the constitutional provision that conferred special privileges on the Himalayan region, which is claimed by both India and Pakistan.",
            "The scene is a real-to-reel depiction of Mr Shah's speech in the parliament moments after his Bharatiya Janata Party (BJP)-led government announced it was doing away with the law.",
            "When the film released in February, some critics called it \"thinly veiled\" propaganda which \"justified many questionable actions\" of the government.",
            "But the film was endorsed by top BJP leaders, including Prime Minister Narendra Modi and Defence Minister Rajnath Singh. ",
            "Made on a budget of approximately 200m rupees ($2.39m, \u00a31.9m), the film eventually grossed over 1.1bn rupees worldwide.",
            "Since Mr Modi first came to power in 2014, the Hindi film industry has produced several films referencing government policies. But in the past four years, experts say a lot them have begun to explicitly steer towards propaganda - in 2019, a biopic of Mr Modi released just as polls closed.",
            "Five years on, as the country heads to another election, a clutch of films - all centred around the BJP's Hindu nationalist ideology - are in the pipeline or have been released.",
            "Two of them - Accident or Conspiracy: Godhra and The Sabarmati Report - are based on the deadly anti-Muslim riots that broke out in Gujarat in 2002. Veer Savarkar, a biopic celebrating the legacy of the controversial 20th-Century Hindu nationalist leader, includes a dialogue that claims India would have been free of British rule much earlier if it wasn't for independence leader Mahatma Gandhi. ",
            "Film critics say the slew of releases points to the solidifying of a new genre of films that plainly aligns with the ruling party's ideology. They add that not all of them work at the box-office, but the stories with their outright fabrications of key events play a part in shaping public perception.",
            "\"Cinema has been weaponised for ideology on a scale not seen before,\" says Nandini Ramnath, film critic at Scroll.in. \"These films seek to challenge what we think we know about historical personages or important historical incidents. They are out to create a new alt-history.\"",
            "This has also sparked concerns about the future of Bollywood, one of India's few cultural spaces whose appeal cuts across religious and political divisions, making it a unique binding force.",
            "Filmmakers behind these projects, however, reject the claim. \"My films are not political, they are of human interest,\" says Sudipto Sen, director of The Kerala Story - the 2023 film which claimed to tell the \"true story\" of Hindu and Christian women lured into converting to Islam and joining the Islamic State (IS) group. ",
            "Sen says his views don't reflect that of any political party and claims that his film angered many because of its \"exposition of the truth\". But when the film released, the Supreme Court ordered the makers to add a disclaimer that it was a fictionalised account and did not have \"authentic data\" to back its claim of 32,000 such conversions.",
            "Of course, this is not the first time Bollywood has tapped into nationalism and sold it to a willing audience. The industry has a history of high-octane patriotic, sometimes jingoistic, films. These films dramatise stories of heroes fighting a cast of villains - ranging from malevolent terrorists and corrupt politicians to tyrant colonisers.",
            "Indians also love to watch hyper-fictionalised films based on military victories, many of which show Pakistan as the \"enemy\" in what's supposed to be a reflection of real-life fault lines. ",
            "\"Bollywood does not always get the facts right - in fact, it almost never does,\" says Ruchika Sharma, who teaches history at Delhi University. \"The industry has always taken liberties with storytelling to create the perfect legend.\" ",
            "But filmmakers, she adds, are now coming up with their own parallel versions of history that are not rooted in facts and amount to \"a destruction of the historical genre\".",
            "\"There is also a deliberate creation of binaries and the depictions have become dangerously sectarian.\"",
            "She is particularly critical of Samrat Prithviraj, a 2022 film about a 12th-Century Hindu king who was killed in a battle against Muhammad of Ghor, a ruler from a region now in Afghanistan. ",
            "Ms Sharma says the film's constant reference to him as a Muslim invader was \"jarring and completely ahistorical\" because early Sanskrit texts describe him in \"deeply casteist terms\" and not on the basis of his religion.",
            "\"Every century of India's history is capable of giving us a drama as epic as the Game of Thrones,\" she adds. \"Yet we want to be stuck in this Hindu-Muslim divide.\"",
            "Prithviraj didn't do well, but box-office records show films made on religiously polarising topics often succeed.  ",
            "\"Politics of religion has become the most potent form of mass politics in cinema,\" says Shailesh Kapoor, head of Ormax Media which closely tracks film industry trends. ",
            "He says the tipping point came when The Kashmir Files and The Kerala Story, made on a small budget, surpassed all expectations and became big hits.",
            "The Kashmir Files claimed to tell the \"true story\" of the exodus of Kashmiri Hindus during armed insurgency in the region in the 1990s. ",
            "Just like Article 370, the film was lauded by ministers and declared tax-free in some BJP-ruled states even as critics said it grossly exaggerated political realities to push a partisan view. They pointed out that government data showed militants killed about 200 Hindu Pandits, but the movie put the number at 4,000. ",
            "Despite controversies, Mr Kapoor says these films managed to get a lot of new audiences to cinemas. \"This additional audience base widens the box-office potential of these films.\"",
            "In contrast, critics say films that question power are reducing in number. Director Dibakar Banerjee, known for films with social commentary, told Deadline earlier this year that Netflix revoked its plan to release his film Tees - he linked it to concerns about the backlash over Tandav, an Amazon series the BJP accused of \"deliberately mocking Hindu gods\". ",
            "Netflix did not respond to our query about Tees, but in a statement to the BBC said \"we have an incredibly broad range of Indian films and TV shows, all of which speak to our longstanding support for creative expression\".",
            "Ms Ramnath says some of the new range of cinema works because it claims to explore \"an uncomfortable reality\". ",
            "\"Crafted like thrillers, these films act as exposes of perceived historical wrongs that have been ignored by secular filmmakers,\" she says. ",
            "But others are too mediocre to work simply on the basis of their political bent. \"Films like these need certain elements to succeed, like intrigue, excitement and slickness of production,\" she adds.",
            "It's an assessment Mr Kapoor agrees with - he says while filmmakers are capitalising on popular political sentiments, there's a limit to how much the formula could work. ",
            "Others worry about the enduring impact of the trend.",
            "\"No matter how much you say 'it's just a film', it has an impact on the popular imagination. That's the power of cinema,\" Ms Sharma says. \"And if even one person believes that what is shown, on some level, is true, then it's worrying.\""
        ]
    },
    "https://www.bbc.com/news/articles/c2vv6e3q347o": {
        "link": "https://www.bbc.com/news/articles/c2vv6e3q347o",
        "subtitle": "It is part of National Highways plans to replace England's concrete road surfaces with asphalt.",
        "time": null,
        "title": "Hampshire: M27 and M3 overnight road closures",
        "topics": [
            "National Highways",
            "Winchester",
            "Hampshire & Isle of Wight"
        ],
        "images": [
            "https://ichef.bbci.co.uk/news/480/cpsprodpb/2c20/live/53d44df0-1697-11ef-9b16-15114b27fe47.jpg.webp"
        ],
        "videos": [],
        "author": "Curtis Lancaster,",
        "text": [
            "Sections of the M27 and M3 will be closed overnight for repair and maintenance works, National Highways has warned.",
            "Parts of the motorways in Hampshire will be shut between 21:00 and 06:00 BST from Monday to Thursday.",
            "The M3 southbound to M27 eastbound link road, and the eastbound M27 from junction 4, near Chilworth to junction 8, near Hedge End, will be affected.",
            "It is part of a two-year \u00a383m project to replace England's concrete road surfaces with asphalt.",
            "The roads operator said it was continuing to make good progress with phase one of the scheme. ",
            "It recently started drainage repairs, while 90% of the central reservation has been excavated.",
            "The work includes:",
            "Diversion information has been issued by National Highways.",
            "Follow BBC South on Facebook, X (Twitter), or Instagram. Send your story ideas to south.newsonline@bbc.co.uk or via WhatsApp on 0808 100 2240."
        ]
    },
    "https://www.bbc.com/sport/football/69019462": {
        "link": "https://www.bbc.com/sport/football/69019462",
        "subtitle": "Thursday's back pages",
        "time": null,
        "title": "Thursday's back pages - BBC Sport",
        "topics": [],
        "images": [
            "https://ichef.bbci.co.uk/news/2048/cpsprodpb/FEE3/production/_133315256_gnpohdgwsaauwgy.jpg",
            "https://ichef.bbci.co.uk/news/2048/cpsprodpb/17FCB/production/_133315289_gnpmtj6xsaa5jy3.jpg",
            "https://ichef.bbci.co.uk/news/2048/cpsprodpb/186B/production/_133315260_gnpm_vlwgaamqpv.jpg",
            "https://ichef.bbci.co.uk/news/831/cpsprodpb/14D03/production/_133315258_gnpoo8mwcaadyzx.jpg",
            "https://ichef.bbci.co.uk/news/2048/cpsprodpb/668B/production/_133315262_gnpocsvxmaalimk.jpg",
            "https://ichef.bbci.co.uk/news/2048/cpsprodpb/B4AB/production/_133315264_gnpmozdwcaa_8my.jpg"
        ],
        "videos": [],
        "author": "",
        "text": []
    },
    "https://www.bbc.com/news/articles/c2e0dq2e328o": {
        "link": "https://www.bbc.com/news/articles/c2e0dq2e328o",
        "subtitle": "Gloucester has no party with overall control but the Liberal Democrats are now the biggest party.",
        "time": null,
        "title": "Conservative reign at Gloucester City Council ended by Liberal Democrats",
        "topics": [
            "England and Wales elections 2024",
            "Gloucester City Council",
            "Gloucester"
        ],
        "images": [
            "https://ichef.bbci.co.uk/news/480/cpsprodpb/a592/live/3d08e5d0-097d-11ef-9b90-ff7daccd3723.jpg.webp"
        ],
        "videos": [],
        "author": "",
        "text": [
            "For the first time in two decades, the Conservatives have lost control of Gloucester City Council as the Liberal Democrats become the biggest party.",
            "The council has ended up with no party gaining enough of a majority to take overall control.",
            "The Liberal Democrats ended the day with 17 seats with the Conservatives second at 11.",
            "Labour have seven while independent councillors have four seats.",
            "One who could not serve beyond this election was the council's Conservative leader Richard Cook. ",
            "He stood down following treatment for cancer.",
            "Mr Cook said he was proud of the regeneration projects underway around the city centre.",
            "The last time the city council went to the polls, Labour were reduced to just three councillors.",
            "Gloucester\u2019s parliamentary seat has often been seen as a bellwether for general elections. ",
            "It has been held by Conservative Richard Graham since 2010, and at the last general election he had a majority of 10,277.",
            "Follow BBC Gloucestershire on Facebook, X and Instagram. Send your story ideas to us on email or via WhatsApp on 0800 313 4630."
        ]
    },
    "https://www.bbc.com/sport/football/69024720": {
        "link": "https://www.bbc.com/sport/football/69024720",
        "subtitle": "Friday's back pages",
        "time": null,
        "title": "Friday's back pages - BBC Sport",
        "topics": [],
        "images": [
            "https://ichef.bbci.co.uk/news/584/cpsprodpb/0C13/production/_133319030_express.jpg",
            "https://ichef.bbci.co.uk/news/576/cpsprodpb/5A33/production/_133319032_star.jpg",
            "https://ichef.bbci.co.uk/news/547/cpsprodpb/14C63/production/_133319058_metro.jpg",
            "https://ichef.bbci.co.uk/news/574/cpsprodpb/8CFB/production/_133319063_mirror.jpg",
            "https://ichef.bbci.co.uk/news/867/cpsprodpb/15C03/production/_133319098_times.jpg",
            "https://ichef.bbci.co.uk/news/580/cpsprodpb/C40F/production/_133319105_telegraph.jpg",
            "https://ichef.bbci.co.uk/news/598/cpsprodpb/79D7/production/_133319113_the_i_newspaper.jpg"
        ],
        "videos": [],
        "author": "",
        "text": []
    },
    "https://www.bbc.com/sport/boxing/articles/c0433ynnpxzo": {
        "link": "https://www.bbc.com/sport/boxing/articles/c0433ynnpxzo",
        "subtitle": "Former UFC fighter Darren Till makes his boxing debut against former WBC middleweight champion Julio Cesar Chavez Jr on 20 July.",
        "time": null,
        "title": "Mike Tyson vs Jake Paul: Ex-UFC fighter Till to make boxing debut - BBC Sport",
        "topics": [],
        "images": [
            "https://ichef.bbci.co.uk/news/1024/cpsprodpb/9169/live/53e4be80-11fe-11ef-996a-ebe39743bd77.jpg"
        ],
        "videos": [],
        "author": "",
        "text": [
            "Former UFC fighter Darren Till will make his boxing debut against former WBC middleweight champion Julio Cesar Chavez Jr on 20 July.",
            "The bout is on the undercard of Mike Tyson v Jake Paul at AT&T Stadium in Arlington, Texas.",
            "The fight will be over six rounds and at a catchweight of 190lbs.",
            "Till, 31, was released by the UFC in March 2023 after eight years with the promotion.",
            "\"I\u2019m very happy with my opponent,\" Till said.",
            "\"He is a great fighter who I respect, but make no mistake about it, I am coming to knock him out in the first round.\"",
            "Till lost his final three fights with the UFC and has been inactive since a defeat against middleweight champion Dricus du Plessis in December 2022.",
            "The Liverpudlian competed at welterweight and middleweight during his time as a mixed martial artist.",
            "Till has followed a host of MMA fighters into boxing in recent times, including Tyron Woodley, Nate Diaz and Anderson Silva, who are all former opponents of Paul's.",
            "Chavez Jr - the son of former three-division world boxing champion Julio Cesar Chavez - has won 53 of his 61 fights but has not competed since 2021.",
            "\"I'm motivated and eager to re-establish myself as one of the greats,\u201d said Chavez Jr.",
            "Ireland's Katie Taylor and American Amanda Serrano will rematch in the co-main event. Taylor won by split decision when the pair fought at Madison Square Garden in 2022.",
            "Undefeated prospects Ashton 'H20' Sylve and Floyd Schofield have also been added to event for a 10-round lightweight contest.",
            "The fight night will be the first boxing event live on streaming giant Netflix."
        ]
    },
    "https://www.bbc.com/news/articles/cd1332qwej2o": {
        "link": "https://www.bbc.com/news/articles/cd1332qwej2o",
        "subtitle": "The vacant site in Sheffield is set to be bulldozed in order to build a six-storey tower.",
        "time": null,
        "title": "Sheffield building to be demolished to make way for tower",
        "topics": [
            "Sheffield"
        ],
        "images": [
            "https://ichef.bbci.co.uk/news/480/cpsprodpb/0024/live/611c4530-1160-11ef-bce7-0526764f7697.jpg.webp"
        ],
        "videos": [],
        "author": "Roland Sebestyen,",
        "text": [
            "Plans to tear down an empty building in order to construct a six-storey tower have been given the green light in Sheffield. ",
            "The new building in Broad Street will include 15 one-bedroom apartments and a commercial unit.",
            "According to developers, it will increase \"the supply of much-needed housing\" in the area.",
            "Sheffield City Council's planning and highways committee approved the plans two years after the application was submitted.",
            "To make way for the new building, near the Park Square roundabout, the vacant commercial premises in \"a poor state of repair\" will be removed, the Local Democracy Reporting Service said.",
            "The flats would be accessible via a lift and a main staircase, planning documents said, with a commercial unit on the ground floor. ",
            "In its application, the developer said: \u201cThe proposed development of 15 one-bed apartments will increase the supply of much-needed housing in the area which will help reduce the demand for housing in other more sensitive areas of the city.\u201d",
            "Follow BBC Yorkshire on\u00a0Facebook,\u00a0X (formerly Twitter)\u00a0and\u00a0Instagram. Send your story ideas to\u00a0yorkslincs.news@bbc.co.uk."
        ]
    }
}