{
    "https://www.bbc.com/news/articles/c254rkg111lo": {
        "link": "https://www.bbc.com/news/articles/c254rkg111lo",
        "subtitle": "The elections were held on Thursday along with those for six council areas in Surrey.",
        "time": null,
        "title": "Surrey Police and Crime Commissioner Lisa Townsend re-elected",
        "topics": [
            "England and Wales elections 2024",
            "Surrey Police"
        ],
        "images": [
            "https://ichef.bbci.co.uk/news/480/cpsprodpb/9cfd/live/cc79a1a0-097d-11ef-9b90-ff7daccd3723.jpg.webp",
            "https://ichef.bbci.co.uk/news/480/cpsprodpb/eef9/live/7f913510-096e-11ef-a01f-c1a4caf722f2.jpg.webp"
        ],
        "videos": [],
        "author": "Emily Coady-Stemp,",
        "text": [
            "Surrey's Conservative Police and Crime Commissioner Lisa Townsend has been re-elected for a second term.",
            "Mrs Townsend, who has held the role since 2021, got 95,538 votes after residents went to the polls on Thursday.",
            "She said: \"I\u2019m absolutely thrilled that the residents of Surrey have recognised what we\u2019ve been doing for them over the last three years.\"",
            "Also standing was Labour's Kate Chinn (42,813 votes), Independent Alex Coley (42,052) and Liberal Democrat Paul Kennedy (82,213).",
            "Turnout overall for the Police and Crime Commissioner (PCC) election was 29.9%. ",
            "It was highest in Mole Valley (39.7%), Elmbridge (37.9%) and Woking (37%) and lowest in Surrey Heath (20.22%), Spelthorne (21.1%) and Guildford (23%).",
            "Mrs Townsend, 44, said she was \"absolutely thrilled\" to be the first PCC to be re-elected in Surrey. ",
            "She added: \"We know it\u2019s a difficult backdrop. The government\u2019s been in power now for 14 years.\"",
            "Mrs Townsend, who lives in Runnymede, is a former researcher in the House of Commons and has been director of a communications company.",
            "Alongside the PCC vote, elections were taking place in six council areas in Surrey, with results expected through the evening on Friday.",
            "The PCC oversees the work of Surrey Police, holding the chief constable to account and outlining the priorities of the force in a Police and Crime Plan.",
            "PCC elections are held every four years.",
            "Follow BBC Surrey on Facebook, and on X. Send your story ideas to southeasttoday@bbc.co.uk or WhatsApp us on 08081 002250."
        ]
    },
    "https://www.bbc.com/news/articles/cyxxkekrpq2o": {
        "link": "https://www.bbc.com/news/articles/cyxxkekrpq2o",
        "subtitle": "An investigation is under way after a 45-year-old man died following a collision between two gliders.",
        "time": "2024-05-26T12:58:15.835161",
        "title": "Man dies after gliders collide at Northamptonshire airfield",
        "topics": [
            "Northamptonshire Police"
        ],
        "images": [
            "https://ichef.bbci.co.uk/news/480/cpsprodpb/1693/live/a8859720-1b22-11ef-86a0-77058d76b5e2.jpg.webp"
        ],
        "videos": [],
        "author": "Brian Farmer,",
        "text": [
            "An investigation has begun after a 45-year-old man died following a collision between two gliders at an airfield, police have said.",
            "Emergency services were called to the airfield in Hinton-in-the-Hedges, Northamptonshire at about 16:00 BST on Saturday, police said in a statement.",
            "Officers said they were investigating alongside the Air Accidents Investigation Branch.",
            "They have appealed for anyone with mobile phone footage to come forward.",
            "\"Police, fire, and the ambulance service attended the airfield at Hinton-in-the-Hedges shortly before 16:00 [on Saturday] , following reports that two aircraft had collided as they came into land,\" police said.",
            "\"Northamptonshire Police and the Air Accidents Investigation Branch (AAIB) have launched an investigation to establish the circumstances around the incident to understand the cause of the collision. ",
            "\"They will remain at the site while this takes place.\"",
            "The police statement added: \"Anyone who may have information that could help with the investigation, including mobile phone footage, is asked to call Northamptonshire Police.\" ",
            "Hinton Airfield is a \"small private airfield\", the airfield's website says.",
            "The website indicates that activities on offer include gliding and skydiving.",
            "Follow Northamptonshire news on Facebook, Instagram and X. Got a story? Email eastofenglandnews@bbc.co.uk or WhatsApp us on 0800 169 1830"
        ]
    },
    "https://www.bbc.com/sport/golf/articles/c4n11n017lno": {
        "link": "https://www.bbc.com/sport/golf/articles/c4n11n017lno",
        "subtitle": "Two-time champion Justin Thomas is \"excited\" by his early tee-time on Thursday because he can then watch Leeds United's play-off semi-final against Norwich.",
        "time": null,
        "title": "US PGA Championship: Justin Thomas to watch Leeds United play-off after opening round - BBC Sport",
        "topics": [],
        "images": [
            "https://ichef.bbci.co.uk/news/1024/cpsprodpb/4eb0/live/03ac4350-1241-11ef-957c-3b937dcaac3e.jpg"
        ],
        "videos": [],
        "author": "",
        "text": [
            "Justin Thomas will switch his attention from trying to win a third US PGA Championship title to watching Leeds United's play-off semi-final when he finishes his opening round on Thursday.",
            "The American is a minority investor in the English Football League club, who host Norwich City at Elland Road in the second leg of the Championship play-off.",
            "Thomas will tee off in round one at Valhalla in his home city of Louisville, Kentucky at 12:53 BST, with the Leeds game kicking off at 20:00.",
            "\"I'm very excited about my tee-time on Thursday - that has worked out nicely,\" said the 31-year-old, who won the US PGA in 2017 and 2022.",
            "Thomas and good friend Jordan Spieth became investors last summer after being converted into Leeds fans by English golfer Matt Fitzpatrick's caddie Billy Foster.",
            "\"We've definitely become a lot closer over the last year, and he's given us a lot of insight and knowledge in terms of Leeds and sending us videos from games,\" said Thomas.",
            "\"I like the fact that they're playing at Elland Road. I know that they're a tough team to beat there, so I'm excited to watch.\"",
            "Leeds, who have failed to gain promotion from all five of their previous play-off attempts, drew the first leg 0-0 at Carrow Road. ",
            "The winner will face West Bromwich Albion or Southampton at Wembley for a place in the Premier League.",
            "Thomas was at Valhalla as a seven-year-old fan when Tiger Woods won the US PGA in 2000. He had turned professional by the time it returned in 2014, but missed out on qualification.",
            "\"Watching Tiger here in 2000 in person is a large part of my love for professional golf and wanting to win majors and golf tournaments,\" he said.",
            "\"I obviously don't remember a lot, being seven years old. But just hearing the roars - you're on one side of the course, you hear it on another side of the course - that's pretty cool to hear.",
            "\"How it all ended and me being a Tiger fan, it was about as perfect a week as I could have imagined.\"",
            "To have a perfect week this week for himself, Thomas will need to find the form that lifted him to the 2022 US PGA title at Southern Hills. ",
            "He was ranked fifth in the world after his second major triumph but is now 31st and enduring another inconsistent season on the PGA Tour with three top-10s in 2024 offset by three missed cuts in his past seven events.",
            "In seven majors since his victory, Thomas has missed four cuts and failed to finish inside the top 35 in the other three.",
            "He can expect huge home support, though.",
            "\"I played nine holes with him [on Monday],\u201d said Ryder Cup team-mate Spieth, who has won The Open, US Open and Masters and is aiming to beome the sixth player to complete a career Grand Slam.",
            "\u201cIt felt different. There was a massive amount of support for him already, and I know that will continue as the week goes on.",
            "\u201cIf there's one tournament this year that he would want to win, it would be this one, and it would be one of the coolest moments of his life.\""
        ]
    },
    "https://www.bbc.com/sport/football/articles/crgg8j5x550o": {
        "link": "https://www.bbc.com/sport/football/articles/crgg8j5x550o",
        "subtitle": "Arsenal defender Lotte Wubben-Moy withdraws from the England squad for the upcoming Euro 2025 qualifiers against France with a foot injury.",
        "time": null,
        "title": "Lotte Wubben-Moy withdraws from England squad with foot injury - BBC Sport",
        "topics": [],
        "images": [
            "https://ichef.bbci.co.uk/news/1024/cpsprodpb/f28a/live/e2dc1ee0-16d0-11ef-89f4-cbe1e4ef5150.jpg"
        ],
        "videos": [],
        "author": "",
        "text": [
            "Arsenal defender Lotte Wubben-Moy has withdrawn from the England squad for the upcoming Euro 2025 qualifiers against France with a foot injury.",
            "Wubben-Moy, 25, missed Arsenal's final four games of the Women's Super League (WSL) season, last featuring on 14 April.",
            "The remaining 27 players will report for duty at St George\u2019s Park on Monday, 27 May to prepare for the double-header against Les Bleues on 31 May and 5 June.",
            "It is expected that Wubben-Moy will return to the squad after a \"period of recuperation\" for the July qualifiers against the Republic of Ireland and Sweden.",
            "England, who won Euro 2022, sit second and two points behind leaders France in their qualification group, having picked up four points from their opening two games.",
            "Wubben-Moy made her debut for the Lionesses in 2021 and has won 12 caps, scoring once."
        ]
    },
    "https://www.bbc.com/news/world-us-canada-69024951": {
        "link": "https://www.bbc.com/news/world-us-canada-69024951",
        "subtitle": "Several fires are burning across the country, with a few dangerously close to towns and cities.",
        "time": null,
        "title": "Canada wildfires force thousands to evacuate",
        "topics": [],
        "images": [],
        "videos": [],
        "author": "",
        "text": []
    },
    "https://www.bbc.com/news/uk-69040119": {
        "link": "https://www.bbc.com/news/uk-69040119",
        "subtitle": "Rishi Sunak apologises for the infection of around 30,000 people with contaminated blood products, and the failure to address the problem.",
        "time": null,
        "title": "Rishi Sunak: 'Unequivocal apology' for victims of infected blood scandal",
        "topics": [],
        "images": [],
        "videos": [],
        "author": "",
        "text": []
    },
    "https://www.bbc.com/sport/boxing/articles/c199nxrenexo": {
        "link": "https://www.bbc.com/sport/boxing/articles/c199nxrenexo",
        "subtitle": "Joe Joyce will face fellow Briton Derek Chisora in a heavyweight fight in London on 27 July.",
        "time": "2024-05-23T12:59:49.264061",
        "title": "Joe Joyce vs Derek Chisora: Heavyweights to fight in London in July - BBC Sport",
        "topics": [],
        "images": [
            "https://ichef.bbci.co.uk/news/1024/cpsprodpb/59a8/live/c5ad01e0-18e2-11ef-b374-753f4dd92fb2.jpg"
        ],
        "videos": [],
        "author": "",
        "text": [
            "Joe Joyce will face British heavyweight rival Derek Chisora on 27 July in London.",
            "Joyce, 38, is in the midst of a rebuild after successive defeats to Zhilei Zhang last year while Chisora has not fought since August 2023.",
            "Chisora, who made his pro debut in 2007, has 47 fights compared to Joyce's 18, with 13 losses.",
            "The 40-year-old veteran of the sport says he intends to have three more fights before retirement.",
            "\"Joe is not going to win,\" Chisora said at a news conference.",
            "\"He can train as much as he wants, but when it comes to the real grind of it, I'm more vicious than him.",
            "\"I fear no man. There's no feeling each other out in the first round - I'm going in.\"",
            "Despite only being two years younger than Chisora, Olympic silver medallist Joyce turned professional late after a lengthy amateur career.",
            "Joyce stormed through the rankings, securing a position as the WBO's mandatory challenger before succumbing to shock defeats by China's Zhang.",
            "His promoter Frank Warren expects a classic affair at the O2 Arena, with both fighters known to be big hitters and relentless operators in the ring.",
            "\"This is a proper old-school heavyweight fight that seems to have been a long time in the making,\" said Warren.",
            "\"I remember it being talked about strongly even before we teamed up with Joe and it has always struck me as a natural and obvious fight to make.",
            "\"Two top London heavies fighting it out for a place back at the top table promises to deliver a cracking scrap.",
            "\"The winner is right back in business, with no real place to go for the loser.\"",
            "Joyce returned to action in March, stopping Kash Ali in 10 rounds."
        ]
    },
    "https://www.bbc.com/sport/cycling/articles/cy9985ngp5vo": {
        "link": "https://www.bbc.com/sport/cycling/articles/cy9985ngp5vo",
        "subtitle": "Dutch cyclist Lorena Wiebes wins the RideLondon Classique title after winning each of the race's three stages.",
        "time": "2024-05-26T13:00:02.731961",
        "title": "RideLondon Classique: Lorena Wiebes wins title after a three-stage clean sweep - BBC Sport",
        "topics": [],
        "images": [
            "https://ichef.bbci.co.uk/news/1024/cpsprodpb/428b/live/d9e7b6a0-1b80-11ef-b28f-7152a74ace54.jpg"
        ],
        "videos": [],
        "author": "",
        "text": [
            "Dutch rider Lorena Wiebes clinched the RideLondon Classique title after winning each of the race's three stages.",
            "Wiebes, 25, headed into the third stage on Sunday with a 20-second lead over Belgium's world champion Lotte Kopecky in the general classification.",
            "Wiebes took the 91.2km third stage, which ended on The Mall in London, in two hours, seven minutes and 17 seconds.",
            "It is the third time Wiebes has won the title in her career.",
            "\"Hat-tricks are always hard to do,\" she said. \"I am happy to be unbeatable in London.\"",
            "Her compatriot Charlotte Kool finished second in the third stage with Kopecky third, both riders recording the same time as Wiebes.",
            "Wiebes' overall time in the general classification was nine hours, 46 minutes and 33 seconds. ",
            "Kool finished 25 seconds slower in second overall, while Kopecky came third a further second behind.",
            "Alongside the professional riders, more than 21,500 cyclists rode in a mass participation cycle on Sunday."
        ]
    },
    "https://www.bbc.com/sport/football/articles/crggnkezmd4o": {
        "link": "https://www.bbc.com/sport/football/articles/crggnkezmd4o",
        "subtitle": "Grimsby Town sign defender Tyrell Warren following the expiry of his contract at Barrow.",
        "time": "2024-05-28T13:00:16.759129",
        "title": "Tyrell Warren: Defender joins Grimsby Town after leaving Barrow - BBC Sport",
        "topics": [],
        "images": [
            "https://ichef.bbci.co.uk/news/1024/cpsprodpb/6da5/live/bbff1240-1d11-11ef-baa7-25d483663b8e.jpg"
        ],
        "videos": [],
        "author": "",
        "text": [
            "Grimsby Town have signed defender Tyrell Warren following the expiry of his contract at Barrow.",
            "Warren spent two years at Barrow and played 18 times for the Bluebirds last season, scoring twice.",
            "The 25-year-old full-back, a graduate of Manchester United's academy, is the Mariners' first signing of the summer.",
            "\u201cWe\u2019re delighted, we\u2019ve moved quickly to get it done,\" Mariners boss David Artell told the club website., external",
            "\"He\u2019s got an impressive pedigree coming through Manchester United, he\u2019s now found his feet in professional football and done well under Pete (Wild) at Barrow.",
            "\u201cWe feel as though there\u2019s even more to come, so we\u2019re looking forward to developing him and making even better than he already is, we\u2019re really excited.\u201d",
            "Grimsby narrowly avoided relegation from the Football League last season, finishing 21st in League Two."
        ]
    }
}