{
    "https://www.bbc.com/news/articles/c722e7j2x5no": {
        "link": "https://www.bbc.com/news/articles/c722e7j2x5no",
        "subtitle": "Mr Zelenksy said there needed to be \"tangible coercion of Russia\" into peace by Kyiv's allies.",
        "time": "2024-05-27T17:34:13.712681",
        "title": "Ukraine war: Force Russia to make peace, Zelensky urges West",
        "topics": [
            "War in Ukraine",
            "Volodymyr Zelensky",
            "Russia",
            "Moscow",
            "Ukraine"
        ],
        "images": [
            "https://ichef.bbci.co.uk/news/480/cpsprodpb/f424/live/473ae060-1c35-11ef-80aa-699d54c46324.jpg.webp"
        ],
        "videos": [],
        "author": "Matt Murphy, in London,",
        "text": [
            "Ukrainian President Volodymyr Zelensky has urged Western leaders to pressure Russia into peace using \"all means\" necessary. ",
            "Speaking in Spain, Mr Zelensky said there needed to be \"tangible coercion of Russia\" , which was seeking to \"destroy Ukraine and move on\". ",
            "Mr Zelensky has long said he will not negotiate with Russia directly until Moscow's forces leave all Ukrainian territory, including Crimea. ",
            "His call, however, comes as Russia makes gains against Ukraine, with Kyiv suffering from a shortage of Western-supplied weapons.",
            "",
            "Russia, President Zelensky said, was dropping some 3,200 guided aerial bombs on Ukraine each month. ",
            "\"How do you fight that?\" he asked reporters in Madrid where he met Prime Minister Pedro S\u00e1nchez. ",
            "The Ukrainian leader rejected the idea of inviting Russia to a planned peace summit in Switzerland next month. ",
            "The summit is expected to include representatives of more than 90 countries. ",
            "Delegates will try to chart a course for a just and lasting peace in Ukraine based on 10 demands set forth by Kyiv calling for the return of all invaded territory, reparation payments for war-related damages and the creation of a special tribunal to prosecute Russian war crimes, a plan that Moscow has flatly rejected.",
            "Kremlin spokesman Dmitry Peskov says Russian President Vladimir Putin is ready for talks but only \"to achieve the objectives now being achieved via the special military operation\", as Russia describes the Ukraine war. ",
            "In Madrid, Mr Zelensky urged Western leaders to lift bans on donated weapons being used to strike internationally recognised Russian territory. ",
            "Most Western countries, including the US, have insisted Kyiv focuses its attacks on Russian forces occupying Ukrainian territory.  ",
            "\"We need to work together and put pressure not only on Russia, but also on our partners to give us the opportunity to defend ourselves against Russia,\" the Ukrainian leader said. ",
            "One of the conditions for receiving billions of pounds worth of aid from Western allies, is for Kyiv to outline its own vision for how this war should end.",
            "It\u2019s why President Zelensky previously published a \u201c10-point peace plan\u201d which includes the complete withdrawal of Russian forces and guarantees against future Russian aggression.",
            "It is what Kyiv has always called for, but the tone has changed.",
            "The summit in Switzerland is generating urgency for President Zelensky. He wants to galvanise international momentum behind his terms.",
            "Until now it has mostly been Ukraine calling for a complete Russian retreat, and the West has tried to support it in that endeavour. The summit could be his only chance to make it a non-negotiable for his allies, too, and keep the negotiating table at bay.",
            "The more nations turn up, the more political pressure could be felt by the Kremlin.",
            "Or at least that is the hope.",
            "Russian President Vladimir Putin has said any kind of peace deal would have to \u201creflect the reality on the battlefield\u201d. That reality involves his troops continuing to wage a major cross-border offensive into Ukraine\u2019s north-eastern Kharkiv region. More villages are being captured as a result.",
            "As has been the case for the past 18 months, his soldiers are not just capturing territory, they are keeping hold of it. Russia, or Vladimir Putin, isn\u2019t having to compromise on anything, yet.",
            "But what Kyiv argues is that any compromise or grey area plays into Moscow\u2019s hands. It points to previous failed ceasefires during Russia\u2019s decade of aggression, as well as the argument that Mr Putin will want to take the whole of Ukraine eventually, as the world\u2019s gaze turns elsewhere.",
            "Ukrainian commanders are claiming to be in control of the situation, and President Zelensky resuming international travel possibly reflects that.",
            "What will have also fuelled his trip to Madrid, is his constant need to combat war fatigue and secure continued military and humanitarian aid.",
            "An announced $1bn (\u00a3783m) package from Spain shows Mr Zelensky\u2019s diplomacy can still bear fruit.",
            "President Putin launched a full-scale invasion of Ukraine in February 2022.",
            ""
        ]
    },
    "https://www.bbc.com/sport/football/articles/cyjj7dy08zdo": {
        "link": "https://www.bbc.com/sport/football/articles/cyjj7dy08zdo",
        "subtitle": "Marcus Rashford's England squad omission can \"fuel\" the striker to bounce back to his best, Manchester United manager Erik ten Hag says.",
        "time": "2024-05-23T17:34:29.361577",
        "title": "Marcus Rashford: England omission can fuel Manchester United striker says Erik Ten Hag - BBC Sport",
        "topics": [],
        "images": [
            "https://ichef.bbci.co.uk/news/829/cpsprodpb/decd/live/1d651f00-1927-11ef-b5cc-cb8b8c4cef5a.jpg"
        ],
        "videos": [
            "//emp.bbc.com/emp/SMPj/2.52.1/iframe.html",
            "//emp.bbc.com/emp/SMPj/2.52.1/iframe.html",
            "//emp.bbc.com/emp/SMPj/2.52.1/iframe.html"
        ],
        "author": "",
        "text": [
            "Marcus Rashford's omission from England's Euro 2024 squad can \"fuel\" the striker to bounce back to his best, Manchester United manager Erik ten Hag says.",
            "Gareth Southgate left Rashford out of his expanded European Championship squad, stating the 26-year-old has simply not played well enough this season.",
            "After scoring a career-high 30 goals for United in 2022-23, Rashford\u2019s form has collapsed this term.",
            "The forward has managed just eight goals and has not found the net since before the March international break.",
            "United are known to be willing to listen to offers for Rashford this summer.",
            "However, Ten Hag is confident his dip in output will be temporary.",
            "\u201cThat is a career,\u201d said the Dutchman. \u201cIt has ups and downs.",
            "\u201cBut a down can also be fuel. That is what I see in training because he looks good.",
            "\u201cHe is highly talented and he will be highly motivated. He has already had a big career. I am sure he will get over this and get even more goals.\u201d",
            "Ten Hag refused to answer questions about his own future before the FA Cup final meeting with Manchester City at Wembley.",
            "It has been suggested a heavy defeat will trigger Ten Hag\u2019s exit, with any loss likely to reduce the compensation they would have to pay the 54-year-old given it would mean United miss out on European qualification completely.",
            "\u201cI have nothing to say on that,\u201d said Ten Hag, when asked if this weekend would mark his last game as United boss. ",
            "\"I am focusing on my job, which is first to win the game and then keep going on the project.\u201d"
        ]
    },
    "https://www.bbc.com/news/uk-politics-68991699": {
        "link": "https://www.bbc.com/news/uk-politics-68991699",
        "subtitle": "The Labour leader tells the BBC money earmarked for the plan would be better spent elsewhere.",
        "time": null,
        "title": "Rwanda asylum scheme is a gimmick, says Keir Starmer",
        "topics": [],
        "images": [],
        "videos": [],
        "author": "",
        "text": []
    },
    "https://www.bbc.com/sport/football/articles/c72p2d0lyddo": {
        "link": "https://www.bbc.com/sport/football/articles/c72p2d0lyddo",
        "subtitle": "Bolton manager Ian Evatt reflects on the club's journey from 'dark places' to the League One play-off final.",
        "time": null,
        "title": "Ian Evatt eyes glory with Bolton Wanderers in League One play-off final - BBC Sport",
        "topics": [],
        "images": [
            "https://ichef.bbci.co.uk/news/819/cpsprodpb/f75a/live/dbf00b00-1383-11ef-9c28-613aabc13dcb.jpg",
            "https://ichef.bbci.co.uk/news/1024/cpsprodpb/ce52/live/6c653e80-1384-11ef-9c28-613aabc13dcb.jpg"
        ],
        "videos": [],
        "author": "",
        "text": [
            "Ian Evatt says his Bolton side will enjoy the chance to win promotion back to the Championship after going to some \u201cdark places\u201d in the past few years.",
            "Wanderers will face Oxford United in the League One play-off final on Saturday, with about 36,000 of their supporters expected to make the trip to Wembley.",
            "That comes five years to the week since Bolton went into administration amidst a crisis which saw players go on strike over unpaid wages.",
            "There were also winding-up orders over a \u00a31.2m tax bill, the deduction of 12 points, a second successive relegation, and the threat of liquidation.",
            "Evatt arrived at the club just as they were about to pull out of the nosedive, under new owners Football Ventures, and even though they were 17th after 24 games, he sparked a revival that saw them grab third place and promotion from the bottom division.",
            "Since then, Wanderers have finished ninth, fifth and then third, and last season won the EFL trophy - with a 4-0 thumping of Plymouth.",
            "Evatt believes that the optimism and feel-good factor around the club feels sweeter because of what has gone before.",
            "\u201cMoments and occasions like this do give you the chance to have some perspective, and think about the journey so far,\u201d he told BBC Radio Manchester.",
            "\u201cWe\u2019ve progressed every year, the statistics show that, and we\u2019ve built a football department which is ready for the next level. It\u2019s something we\u2019re extremely proud of.",
            "\u201cTouching on the supporters as well, the connection we\u2019ve built with them, to sell 30-odd thousand tickets in a 10-day window in a cost-of-living crisis speaks volumes to what they think of us and what we think of them. That togetherness will be key on Saturday.",
            "\u201cIt\u2019s great to witness how this club has grown again, and we are one game away from achieving our primary goal.",
            "\u201cIf we\u2019re not enjoying it we\u2019re all doing the wrong thing. It\u2019s hard to get to these games, it\u2019s hard to achieve what we\u2019ve achieved. We have to enjoy it because we\u2019ve been to some dark places in the not-too-distant past.\u201d",
            "Last season\u2019s winning trip to Wembley gave his team the template for success, Evatt believes. ",
            "\u201cIt\u2019s something we can look at and try to replicate,\" he said. ",
            "\u201cIt\u2019s not just the performance, which was exceptional, but our preparation for that was pretty smooth.",
            "\u201cWhat we did pre-game and in terms of travel arrangements we know works, so it gives us a head start in arranging all of those things. ",
            "\"We\u2019ve got good memories there, which can never be a bad thing.\u201d"
        ]
    },
    "https://www.bbc.com/news/world-asia-india-68920953": {
        "link": "https://www.bbc.com/news/world-asia-india-68920953",
        "subtitle": "Politicians are roping in influencers to woo voters like never before. But is this a good thing?",
        "time": null,
        "title": "Lok Sabha 2024: The influencers driving India's big election",
        "topics": [
            "Asia",
            "India Election 2024",
            "Narendra Modi",
            "Social media influencers",
            "India"
        ],
        "images": [
            "https://ichef.bbci.co.uk/news/480/cpsprodpb/17B1/production/_133256060_influencerindex5.jpg.webp",
            "https://ichef.bbci.co.uk/news/480/cpsprodpb/4104/production/_133244661_social_election_story_640.jpg.webp",
            "https://ichef.bbci.co.uk/news/480/cpsprodpb/13E83/production/_103693518_086b2036-0a30-4a6f-a4a0-94c46832b58f.jpg.webp",
            "https://ichef.bbci.co.uk/news/480/cpsprodpb/B3F1/production/_133256064_beerbiceps.jpg.webp",
            "/bbcx/grey-placeholder.png",
            "/bbcx/grey-placeholder.png"
        ],
        "videos": [
            ""
        ],
        "author": "By Cherylann Mollan,",
        "text": [
            "Just weeks before the first ballot was cast in this year's Indian election, Prime Minister Narendra Modi was at an event in Delhi rubbing shoulders with people known by names like BeerBiceps and Curly Tales.",
            "The event - an awards show, congratulating some of the country's top social media stars on their work - was an acknowledgement of the power of the influencer which a few years ago may have seemed unimaginable.",
            "And as politicians prepared to battle it out for India's billion votes, these influencers were being lined up to play a crucial role in reaching the young, the disinterested and the disillusioned. ",
            "But even as some celebrate social media's democratisation of the media - a place where any one can share their views freely - others paint a darker picture, one where threats are rife, and the truth can be set aside for the right pay cheque.",
            "A decade ago, you would have struggled to find anyone calling themselves an \"influencer\".",
            "But now, says Vinay Deshpande, co-founder of Rajneethi, a political management consultant firm, \"it's become a profession\".",
            "\"I know teenagers who are doing this part-time to earn pocket money.\"",
            "Pocket money underplays the earning potential somewhat, however. At the lower end, people can charge around 2,000 rupees ($24; \u00a319) a day, but top influencers can pull in about 500,000 rupees for a post - equivalent to the monthly salary of someone in top-level management.",
            "The creator of the Ranting Gola channel revealed to the BBC that political parties and election management firms have offered as much as \"100,000 to 500,000 rupees for a single campaign\". ",
            "It is no small amount - but then, it could turn the tide in a candidate's favour.",
            "Mr Deshpande says they have helped an opposition candidate win an assembly election by pushing out content through a curated list of local influencers with a small but active following.",
            "\"Social media content is powerful and can influence the way a person feels about an issue,\" Mr Deshpande says. \"It gives social currency to a belief or opinion - but this can lead to a lack of critical thinking about an issue,\" he adds.",
            "Preethi Aggarwal, 25, is one of those who turns to apps like Instagram, YouTube and Twitter to help her understand the news.",
            "Like thousands of others, Ms Aggarwal follows a bunch of \"political influencers\", or people who talk about politics on social media to \"really understand what's going on\".",
            "\"News can get boring and complicated sometimes. I think these people [influencers] make it fun and easier to understand,\" she says, adding the context and their own perspective help her form her opinions.",
            "But the problem is, whose perspective is she getting?",
            "YouTuber Samdish Bhatia reveals numerous politicians have reached out to him, especially in the months before this election, offering him millions of rupees to interview them. ",
            "\"But they wanted me to share questions in advance or get the video approved before it's published,\" he says, adding that he declined the offers because he \"likes to maintain editorial control\".",
            "The particular trend for longer form, slightly chummy interviews - where politicians get to show off their human side - is particularly vulnerable to management, says Joyojeet Pal, an associate professor at the University of Michigan.",
            "\"Many of these interviews are carefully managed by politicians,\" Mr Pal says.",
            "But even if they aren't, a gentler style of questioning can also blur the line between interview and promotion, says Mr Pal. ",
            "\"If your questions aren't holding power to account, then the interview just becomes a platform for easy publicity.\"",
            "But for Mr Pal, this is just one of the problems he sees with politics on social media.",
            "In a recent research paper, he examined some of India's top influencers and who they interviewed, finding BJP leaders were featured more often than opposition leaders.",
            "His research also found an overall drop in the number of accounts posting content critical of the incumbent government in recent years, while the amount of pro-BJP content had increased.",
            "\"This hints at a growing hesitancy among people to be openly critical of the  government whereas there seems to be more confidence in putting up polarising content or content that supports the government's ideologies,\" Mr Pal says.",
            "\"And this is dangerous for democracy,\" he adds. ",
            "Influencers supporting the opposition certainly suggested they were working in a hostile environment.",
            "A number who post content that's critical of the government declined to speak to the BBC for this piece citing fear of repercussions by the government. They also run their channels under pseudonyms to keep their identities secret.",
            "The Ranting Gola told the BBC that she has often received comments that are abusive or threatening because of the videos she posts and that her Instagram account has been disabled numerous times, even though the platform hasn't given her a clear reason for doing so.",
            "She also only spoke to the BBC on the condition that her name not be revealed.",
            "The BJP government has denied allegations that it has clamped down on dissent and free speech.",
            "But even pro-BJP YouTuber Sham Sharma told the BBC that freedom of speech could be a problem in India:",
            "But even given these concerns, opposition parties are using the same influencer system to reach voters in what they say is a difficult environment.",
            "\"The mainstream media has been taken over by the BJP,\" alleges Supriya Srinate, who heads social media for the Congress party.",
            "\"Our funds have been frozen; we have no money to advertise,\" she adds, referring to action taken by India's tax department weeks before the elections. Congress leaders have accused the government of political vendetta, but the government has denied the allegation and said that the federal department was doing its job independently.",
            "Influencers, Ms Srinate argues, are a good way to reach voters as a result of these alleged hurdles, explaining the Congress has been working with \"volunteers\" who believe in the party's ideology and want to share its work on social media.",
            "Ankit Lal, former political advisor of the opposition Aam Aadmi Party (AAP), agrees that influencers have helped democratise the publicity landscape.",
            "Akash Banerjee, a former journalist who runs the YouTube channel, The DeshBhakt, argues that influencers are also able to push boundaries more than the traditional media can. ",
            "He cites the video 'Is India becoming a dictatorship?' - made by popular content creator Dhruv Rathee, who is based in Germany - which takes on the government directly, and has been viewed about 24 million times on YouTube so far. The government hasn't reacted to the video yet.",
            "\"After the video, the term 'dictatorship' has popped up more in conversations, and this is something that has never happened before,\" Mr Banerjee says. ",
            "\"Our job as influencers may not be to open the window and check if it's really raining, but we owe it to the nation to take a look outside the window and let people know if dark clouds are approaching and that they can do something about it by voting.\""
        ]
    },
    "https://www.bbc.com/sport/football/68953007": {
        "link": "https://www.bbc.com/sport/football/68953007",
        "subtitle": "Struggling to name Wednesday's Premier League footballer? Here's the answer...",
        "time": null,
        "title": "Premier League quiz: The answer - BBC Sport",
        "topics": [],
        "images": [
            "https://ichef.bbci.co.uk/news/1024/cpsprodpb/4E76/production/_133268002_gettyimages-500682046.jpg",
            "https://ichef.bbci.co.uk/news/2048/cpsprodpb/13AC7/production/_130238508_bbc_sport_yellow_footer.png",
            "https://ichef.bbci.co.uk/news/2048/cpsprodpb/7768/production/_119786503_everything_you_need_to_know_banner.png",
            "https://ichef.bbci.co.uk/news/2048/cpsprodpb/C588/production/_119786505_bbc_sport_yellow_footer.png"
        ],
        "videos": [
            "//emp.bbc.com/emp/SMPj/2.52.1/iframe.html"
        ],
        "author": "",
        "text": [
            "Latest gossip column",
            "Follow your Premier League club for news, analysis, fan views, podcasts and more",
            "Our coverage of your Premier League club is bigger and better than ever before - follow your team and sign up for notifications in the BBC Sport app to make sure you never miss a moment"
        ]
    },
    "https://www.bbc.com/news/uk-england-hampshire-69023750": {
        "link": "https://www.bbc.com/news/uk-england-hampshire-69023750",
        "subtitle": "Martin Muncaster presented the regional programme, which used to be known as South at Six, between 1961 and 1964.",
        "time": null,
        "title": "BBC South Today's first presenter Martin Muncaster dies aged 89",
        "topics": [
            "Petersfield",
            "Hampshire & Isle of Wight"
        ],
        "images": [
            "https://ichef.bbci.co.uk/news/480/cpsprodpb/102E9/production/_133318266_muncaster1.jpg.webp",
            "https://ichef.bbci.co.uk/news/480/cpsprodpb/15109/production/_133318268_muncater2.jpg.webp",
            "https://ichef.bbci.co.uk/news/480/cpsprodpb/120FD/production/_133318937_muncaster3.jpg.webp",
            "https://ichef.bbci.co.uk/news/480/cpsprodpb/3785/production/_130231241_line976.jpg.webp"
        ],
        "videos": [],
        "author": "",
        "text": [
            "The presenter of the first BBC regional television programme for the south of England has died, aged 89.",
            "Martin Muncaster presented the nightly news programme South Today, which used to be known as South at Six, between 1961 and 1964. ",
            "He previously described the experience as a \"terrific feeling of starting something brand new\" and \"one of the happiest times of my whole career\".",
            "Mr Muncaster died at his home in Steep, near Petersfield.",
            "With a broadcasting career spanning three decades, Mr Muncaster presented for a range of broadcasting networks including ITN and LBC with programmes including the BBC's Come Dancing and Songs of Praise. ",
            "He had his own video production company and was a regular contributor to the BBC Radio 4 Waterlines series.",
            "He even painted several commissions for the Royal Family in the 1940s, including a landscape for King George VI which now hangs at Balmoral.",
            "In one of his final television interviews, Mr Muncaster said that being the face of BBC news in the south had brought him \"a terrific feeling of starting something new\".",
            "\"We were really pioneering, everything was new, and we were extremely young,\" he said.",
            "\"That's why I got noticed in the street, because I was the best known face in the south of England.",
            "\"It was quite exciting to go out there into the New Forest or Brighton, or somewhere, and create a story from probably nothing.\"",
            "He moved to BBC South from ITV's Southern Television, which had started broadcasting in 1958.",
            "\"I'd been there two-and-a-half years, and therefore the BBC thought that was a bit of a catch,\" he said.",
            "After nearly five years at South Today, Mr Muncaster moved to BBC Radio in London and went on to have a varied career as a presenter and filmmaker.",
            "But he had fond memories of his time presenting South at Six, describing it as \"one of the happiest times of my whole career\".",
            "Follow BBC South on Facebook, X, or Instagram. Send your story ideas to south.newsonline@bbc.co.uk or via WhatsApp on 0808 100 2240."
        ]
    },
    "https://www.bbc.com/news/articles/cv2274gdk10o": {
        "link": "https://www.bbc.com/news/articles/cv2274gdk10o",
        "subtitle": "A letter has urged chief constables to think about pausing \"non-priority arrests\".",
        "time": null,
        "title": "Police urged to consider making fewer arrests over prison space",
        "topics": [],
        "images": [
            "https://ichef.bbci.co.uk/news/480/cpsprodpb/241a/live/312ab0a0-17dc-11ef-b05e-ff3f18d4ed49.jpg.webp"
        ],
        "videos": [],
        "author": "Hannah Miller,",
        "text": [
            "Police are being instructed to consider making fewer arrests because of the lack of space in prisons. ",
            "A letter from the National Police Chiefs Council (NPCC) circulated last week urges chief constables to think about \"pausing\" so-called \"non-priority arrests\". ",
            "It also suggests halting planned operations where a large number of arrests could take place to \"ease the pressure within the criminal justice system\".",
            "It comes as court cases are being delayed and some prisoners are being released early due to overcrowding in prisons. ",
            "The government said the impact of the pandemic and barristers' strike was putting pressure on jails, but Labour said the Conservative \"mismanagement\" of the criminal justice system \"cannot go on\". ",
            "The NPCC letter dated 14 May, first reported in the Times, said: \"Consideration is to be given to pausing non-priority arrests and any planned operations, where large numbers of arrests may take place to ease the pressure within the criminal justice system.\"",
            "",
            "It goes on to suggest a risk assessment should be completed as part of the decision-making process. ",
            "\"Public protection remains a priority and a considered threat, harm and risk assessment is to be completed when considering any pause of policing operations,\" the letter says.",
            "The letter also informs chief constables the government was activating Operation Early Dawn - an emergency measure still in place allowing the delay of court cases of some suspects due to prison overcrowding - in all English regions the next day. ",
            "But it warns the measure is \"not a sustainable long-term option for policing\" and any further deterioration \"risks public safety\". ",
            "The document is signed by Leicestershire Police Chief Constable Rob Nixon, the NPCC criminal justice lead, and Surrey Police Deputy Chief Constable Nev Kemp, the NPCC custody lead. ",
            "They write that on 13 May, 282 prisoners were held overnight in cells across the country. No comparison figures are quoted. ",
            "It goes on to say that on 23 May it is anticipated that pressures on prison cells will begin to ease, as a new early release scheme comes into effect allowing some prisoners to be freed up to 70 days early. ",
            "The scheme was first introduced by the government in October, initially allowing release up to 18 days early, before then increasing this to up to 60 days in March.",
            "In a statement released in response to the Times story, Gavin Stephens, the chair of the NPCC, said: \u201cWe are working closely with criminal justice system partners to manage demand in the system and ensure that the public are safe.",
            "\u201cPolicing will always arrest anyone that they need to in order to keep the public safe, including policing protests and events and ensuring that people are arrested as expected.\u201d",
            "Labour's shadow justice secretary Shabana Mahmood said: \"It beggars belief that police are being told to sit on their hands and ignore crime because the Conservatives have mismanaged the criminal justice system so badly.",
            "\"Rishi Sunak's rap sheet now reads: the rushed early release of domestic abusers on to our streets, deliberate delays to trials and victims waiting years for justice. The public will be absolutely dumbfounded. This cannot go on.\"",
            "A government spokesperson stressed \"public safety will always be its first priority\". ",
            "The spokesperson said: \"That is why we have backed our police with the officers and resources they need to keep our streets safe and are introducing new laws to lock up the most dangerous offenders for longer while delivering the biggest prison expansion programme in 100 years.",
            "\u201cWe continue to see pressure on our jails following the impact of the pandemic and barristers\u2019 strike and have initiated a previously used operational measure to securely transfer prisoners between courts and custody.\u201d"
        ]
    },
    "https://www.bbc.com/sport/football/articles/c4n1g8d91l8o": {
        "link": "https://www.bbc.com/sport/football/articles/c4n1g8d91l8o",
        "subtitle": "Manager Thomas Tuchel confirms he will leave Bayern Munich this summer despite holding talks about a potential U-turn to stay.",
        "time": null,
        "title": "Thomas Tuchel: Bayern Munich boss to leave despite U-turn talks - BBC Sport",
        "topics": [],
        "images": [
            "https://ichef.bbci.co.uk/news/964/cpsprodpb/8462/live/d0563750-1438-11ef-aaba-c118de1aaa36.jpg"
        ],
        "videos": [],
        "author": "",
        "text": [
            "Manager Thomas Tuchel has confirmed he will leave Bayern Munich this summer despite holding talks about a potential U-turn to stay.",
            "It was announced in February the German, 50, would depart with a year left on his contract after a difficult campaign, in which Bayern were beaten to the Bundesliga title by Bayer Leverkusen.",
            "A petition from fans called for Tuchel to stay but the former Chelsea manager says talks \"did not reach an agreement\".",
            "\"Our agreement from February still stands,\" said Tuchel, who was appointed in March 2023.",
            "Tuchel's final game in charge will be a trip to Hoffenheim on Saturday in Bayern's last match of the Bundesliga season.",
            "After it was announced he would leave, Bayern beat Arsenal in the Champions League quarter-finals but then suffered a dramatic exit in the semi-finals against Real Madrid.",
            "Bayern have struggled to appoint a replacement for Tuchel since February, while Tuchel has also been linked with, external replacing Manchester United manager Erik ten Hag.",
            "The German side wanted to appoint their former midfielder Xabi Alonso but he opted to stay at Leverkusen, while Ralf Rangnick held talks before deciding to remain with the Austrian national team.",
            "Leverkusen's Bundesliga win ended a run of 11 straight titles for Bayern."
        ]
    }
}