{
    "https://www.bbc.com/sport/football/articles/cpeeyqwwzn5o": {
        "link": "https://www.bbc.com/sport/football/articles/cpeeyqwwzn5o",
        "subtitle": "Sweden midfielder Kristoffer Olsson says he will play football again after blood clots on the brain left him without motor or verbal skills.",
        "time": "2024-05-27T13:45:48.854471",
        "title": "Kristoffer Olsson 'will play football again' after blood clots on the brain - BBC Sport",
        "topics": [],
        "images": [
            "https://ichef.bbci.co.uk/news/1024/cpsprodpb/9622/live/576fe900-1c2e-11ef-a13a-0b8c563da930.jpg"
        ],
        "videos": [],
        "author": "",
        "text": [
            "Sweden midfielder Kristoffer Olsson says he will play football again after blood clots on the brain left him without motor or verbal skills.",
            "Olsson, 28, who plays for Danish side FC Midtjylland, collapsed at home in February and was put on a ventilator in hospital. ",
            "He was transferred to a specialist neurology centre and is continuing his recovery in rehab.",
            "Speaking to Swedish daily Aftonbladet, external, he said: \"I feel great. I'm going to be able to play football again.",
            "\"I can move well, I can run and my memory is good. I'm getting better every day. ",
            "\"I've had tubes and things on me the whole time but now I just have this little thing that helps me pee - that's all that's left.\"",
            "In April, the club said he was \"making significant progress\" and had \"regained motor function and his verbal abilities\".",
            "Tests showed he had suffered a number of blood clots because of a rare inflammation of the blood vessels in his brain.",
            "Referring to the first few weeks after his collapse, he said: \"I was basically dying. I was not contactable and I have no memories from that time.\"",
            "He added: \"I've got through the worst part. I've had to think, be positive and have patience with everything.\"",
            "The Swede came through Arsenal's academy and made one appearance for the Gunners before joining Midtjylland after a successful loan spell in 2015.",
            "He watched on from the stands when Midtjylland won the Danish championship on 26 May."
        ]
    },
    "https://www.bbc.com/sport/football/articles/cpwwej4wp30o": {
        "link": "https://www.bbc.com/sport/football/articles/cpwwej4wp30o",
        "subtitle": "French World Cup winner Christian Karembeu says his niece and nephew have been killed during violence in New Caledonia.",
        "time": "2024-05-27T13:46:03.822049",
        "title": "Christian Karembeu family members killed in New Caledonia violence - BBC Sport",
        "topics": [],
        "images": [
            "https://ichef.bbci.co.uk/news/1024/cpsprodpb/ab68/live/7bdf86b0-1c51-11ef-a2b9-798bff443292.jpg"
        ],
        "videos": [],
        "author": "",
        "text": [
            "French World Cup winner Christian Karembeu says his niece and nephew have been killed during violence in New Caledonia.",
            "Seven people have been killed during trouble in the French Pacific territory, where Karembeu was born, following controversial voting reforms.",
            "Karembeu, 53, is a strategic advisor and ambassador for Greek club Olympiakos, who play Fiorentina in Wednesday's Europa Conference League final in Athens.",
            "\"I lost members of my family. That's why I remained silent, because I'm in mourning. Two people in my family were shot in the head,\" ex-Middlesbrough midfielder Karembeu told Europe 1., external",
            "\"We hope that there will be investigations into these murders.\"",
            "Protests in New Caledonia, a group of islands between Australia and Fiji, have been led by the indigenous Kanak community, of whom Karembeu is a member.",
            "Currently, voting in the territory is restricted to indigenous Kanaks and those who arrived from France before 1998.",
            "The planned reform would see more French residents - including any who have been in New Caledonia for at least 10 years - able to vote.",
            "Karembeu moved to mainland France at the age of 17 to pursue a professional football career and won 53 caps for the national team including in the 1998 World Cup win.",
            "He also played for Nantes, Sampdoria, Real Madrid, Olympiakos, Servette and Bastia."
        ]
    },
    "https://www.bbc.com/sport/football/articles/cx774qp4q9qo": {
        "link": "https://www.bbc.com/sport/football/articles/cx774qp4q9qo",
        "subtitle": "US investment fund Oaktree take over Inter Milan after the club's owners missed a 395 million euro (\u00a3336.5m) debt repayment deadline.",
        "time": null,
        "title": "Inter Milan: US firm takes over Italian club after missed payment - BBC Sport",
        "topics": [],
        "images": [
            "https://ichef.bbci.co.uk/news/1024/cpsprodpb/83d7/live/7df37e10-1829-11ef-80aa-699d54c46324.jpg"
        ],
        "videos": [],
        "author": "",
        "text": [
            "Inter Milan have been taken over by US investment fund Oaktree after the Serie A champions' Chinese owners Suning missed a 395 million euro (\u00a3336.5m) debt repayment deadline.",
            "Oaktree announced on Wednesday it has \"assumed ownership\" of Inter after Suning failed to repay a three-year loan that expired on 21 May.",
            "Suning, which acquired the club in 2016, relinquishes control three days after Simone Inzaghi's Inter team lifted the Serie A trophy.",
            "\"As the new ownership group, we understand the great responsibility towards the community and the historical legacy of Inter,\" Oaktree managing director Alejandro Cano said in a statement.",
            "\"Our initial focus is operational and financial stability. We have great respect for Inter Milan's management team and look forward to working closely with them to provide strong leadership for the club.\"",
            "Oaktree said it had provided Inter's holding companies with rescue capital in May 2021 to \"stabilise the club's financial situation and enable it to continue operating, including to pay its players and employees\".",
            "On Saturday, in a letter to fans, Inter chairman Steven Zhang - the 32-year son of Suning's founder Zhang Jindong - said attempts to find an agreement with Oaktree had been unsuccessful.",
            "Inter sealed their 20th Italian title with five games to spare when they defeated arch-rivals and nearest challengers AC Milan in April."
        ]
    },
    "https://www.bbc.com/news/world-us-canada-69004629": {
        "link": "https://www.bbc.com/news/world-us-canada-69004629",
        "subtitle": "New Jersey Democrat Robert Menendez is on trial for bribery, fraud, extortion and acting as a foreign agent.",
        "time": null,
        "title": "Key moments in US Senator Robert Menendez's corruption saga",
        "topics": [],
        "images": [],
        "videos": [],
        "author": "",
        "text": []
    },
    "https://www.bbc.com/news/articles/cgeeyvkep4yo": {
        "link": "https://www.bbc.com/news/articles/cgeeyvkep4yo",
        "subtitle": "The AP decries the seizure of its camera, which Israel says was producing footage used by Al Jazeera.",
        "time": null,
        "title": "Gaza: Israel reverses shut down of Associated Press live feed",
        "topics": [
            "Middle East",
            "Press freedom",
            "Israel & the Palestinians",
            "Israel-Gaza war",
            "Israel",
            "Palestinian territories",
            "United States"
        ],
        "images": [
            "https://ichef.bbci.co.uk/news/480/cpsprodpb/5f1c/live/5a2eede0-178c-11ef-b123-3fd061ca42e1.jpg.webp"
        ],
        "videos": [],
        "author": "David Gritten,",
        "text": [
            "Israel has returned broadcasting equipment belonging to the Associated Press, hours after seizing it in southern Israel and shutting down the US news agency's live feed of Gaza.",
            "Communications Minister Shlomo Karhi reversed the decision, which has led to mounting international pressure.",
            "The White House expressed concern, while the Foreign Press Association said it was  alarmed by \u201cthe latest in a series of chilling steps by the Israeli government to stifle the media\u201d. The UN condemned the move, calling it \"shocking\".",
            "AP\u2019s vice-president Lauren Easton said it \"decries in the strongest terms the actions of the Israeli government\".",
            "Mr Karhi said the equipment was confiscated because it was violating a new media law by providing images for broadcasts on the Qatar-based Al Jazeera network, which it has banned.",
            "His recent statement on X read: \"Since the Ministry of Defence wishes to examine the matter of the broadcasts from these locations in Sderot regarding the risk to our forces, I have now ordered to cancel the operation and return the equipment to the AP agency, until a different decision is made by the Ministry of Defence.\"",
            "Mr Karhi claims the images allegedly shared were transmitting \"positions of our forces in the northern Gaza Strip while putting them at risk in accordance with security opinions and the government's decision\".",
            "Earlier this month, the ministry shut down Al Jazeera's operations in Israel, accusing it of being a \"Hamas mouthpiece\" and harming national security.",
            "Al Jazeera rejected the allegation that it was and denounced the ban as a \"criminal act\u201d that violated human rights. It was also condemned by journalism organisations as a blow to press freedom.",
            "Al Jazeera has continued operations in the occupied West Bank and Gaza Strip, which foreign journalists have been banned from entering since the start of the war between Israel and Hamas in October.",
            "The Associated Press reported that officials from the Israeli communication ministry seized its camera broadcasting a general view of northern Gaza from the southern town of Sderot on Tuesday afternoon. ",
            "The officials \u201chanded the AP a piece of paper, signed by Communications Minister Shlomo Karhi, alleging it was violating the country\u2019s foreign broadcaster law\u201d, it said, adding that the agency had rejected a verbal order to cease the live transmission last Thursday.",
            "The agency stressed that it complied with Israel\u2019s military censorship rules, which prohibit broadcasts of details like troop movements that could endanger soldiers.",
            "However, the communications ministry accused the AP of broadcasting footage of Gaza from the balcony of a house in Sderot that included \u201cthe activity of Israel Defense Forces combat soldiers and their location\u201d.",
            "\"Even though communications ministry inspectors warned them that they were breaking the law and that they should remove Al Jazeera as a recipient of their content and not transfer their broadcast to Al Jazeera, they continued to do so,\u201d a statement said.",
            "\"The law and directives do not distinguish between Al Jazeera itself and the suppliers who transfer materials to the [news agency] from Israel.\"",
            "The AP report quoted Ms Easton as saying that \u201cthe shutdown was not based on the content of the feed but rather an abusive use by the Israeli government of the country\u2019s new foreign broadcaster law\u201d.",
            "\u201cWe urge the Israeli authorities to return our equipment and enable us to reinstate our live feed immediately so we can continue to provide this important visual journalism to thousands of media outlets around the world,\u201d she added.",
            "White House Press Secretary Karine Jean-Pierre described the report as \u201cconcerning\u201d and said it believed journalists had the ability and right to do their jobs.",
            "Israeli opposition leader Yair Lapid said the confiscation of a major US media outlet\u2019s equipment was \u201can act of madness\u201d.",
            "The Foreign Press Association in Jerusalem warned the seizure would block AP from providing crucial images of northern Gaza to hundreds of the agency's clients around the world.",
            "\u201cIsrael\u2019s move today is a slippery slope. Israel could block other international news agencies from providing live footage of Gaza. It could also allow Israel to block media coverage of virtually any news event on vague security grounds,\u201d it added.",
            "Media watchdog Reporters Without Borders accused Israel of \u201coutrageous censorship\u201d.",
            "On 9 May, communication ministry inspectors raided a studio being used by Al Jazeera in the northern Israeli city of Nazareth and confiscated a camera and other equipment.",
            "It came four days after the ministry closed Al Jazeera\u2019s offices in occupied East Jerusalem, stopped the network\u2019s broadcasts on Israeli cable and satellite companies, and blocked access to its websites in Israel.",
            "In April, the Israeli parliament approved a new media law allowing foreign networks considered a threat to national security to be \"temporarily\" banned for a period of 45 days at a time, which could be renewed."
        ]
    },
    "https://www.bbc.com/news/uk-england-hampshire-69022936": {
        "link": "https://www.bbc.com/news/uk-england-hampshire-69022936",
        "subtitle": "Sarah Olive lost her belly-button after a hernia and tummy tuck operation six years ago.",
        "time": null,
        "title": "'My belly-button tattoo gives me confidence back'",
        "topics": [],
        "images": [],
        "videos": [],
        "author": "",
        "text": []
    },
    "https://www.bbc.com/sport/football/articles/c2jdj4lmzj0o": {
        "link": "https://www.bbc.com/sport/football/articles/c2jdj4lmzj0o",
        "subtitle": "Vote for the Goal of the Season in association with Match of the Day.",
        "time": null,
        "title": "Vote for the Goal of the Season - BBC Sport",
        "topics": [],
        "images": [],
        "videos": [],
        "author": "",
        "text": [
            "Vote below from a selection of goals for the Goal of the Season."
        ]
    },
    "https://www.bbc.com/news/world-asia-india-68653573": {
        "link": "https://www.bbc.com/news/world-asia-india-68653573",
        "subtitle": "India\u2019s PM is eyeing a record third term - his home minister is the brains behind his election wins.",
        "time": null,
        "title": "Amit Shah: The quiet, feared strategist behind Modi\u2019s rise",
        "topics": [
            "Asia",
            "India Election 2024",
            "Narendra Modi",
            "India"
        ],
        "images": [
            "https://ichef.bbci.co.uk/news/480/cpsprodpb/273E/production/_133264001_0893e3bc-17b0-48d6-b01f-6da0c589c706.jpg.webp",
            "https://ichef.bbci.co.uk/news/480/cpsprodpb/72FB/production/_112953492__90021446_test_grey_line_new-nc.png.webp",
            "https://ichef.bbci.co.uk/news/480/cpsprodpb/1310A/production/_133209087_gettyimages-1544758836resizedgradient.jpg.webp",
            "https://ichef.bbci.co.uk/news/480/cpsprodpb/2B52/production/_133209011_gettyimages-1145719640gradient.jpg.webp",
            "https://ichef.bbci.co.uk/news/480/cpsprodpb/72FB/production/_112953492__90021446_test_grey_line_new-nc.png.webp",
            "https://ichef.bbci.co.uk/news/480/cpsprodpb/72FB/production/_112953492__90021446_test_grey_line_new-nc.png.webp",
            "https://ichef.bbci.co.uk/news/480/cpsprodpb/C792/production/_133209015_gettyimages-1377475758gradient.jpg.webp",
            "https://ichef.bbci.co.uk/news/480/cpsprodpb/72FB/production/_112953492__90021446_test_grey_line_new-nc.png.webp",
            "https://ichef.bbci.co.uk/news/480/cpsprodpb/163D2/production/_133209019_gettyimages-50858962gradient.jpg.webp",
            "https://ichef.bbci.co.uk/news/480/cpsprodpb/72FB/production/_112953492__90021446_test_grey_line_new-nc.png.webp",
            "https://ichef.bbci.co.uk/news/480/cpsprodpb/D34A/production/_133209045_gettyimages-106365661gradient.jpg.webp",
            "https://ichef.bbci.co.uk/news/480/cpsprodpb/72FB/production/_112953492__90021446_test_grey_line_new-nc.png.webp",
            "https://ichef.bbci.co.uk/news/480/cpsprodpb/72FB/production/_112953492__90021446_test_grey_line_new-nc.png.webp",
            "https://ichef.bbci.co.uk/news/480/cpsprodpb/16F8A/production/_133209049_gettyimages-859826510gradient.jpg.webp",
            "https://ichef.bbci.co.uk/news/480/cpsprodpb/72FB/production/_112953492__90021446_test_grey_line_new-nc.png.webp",
            "/bbcx/grey-placeholder.png"
        ],
        "videos": [
            "",
            "",
            ""
        ],
        "author": "By Geeta Pandey,",
        "text": [
            "Narendra Modi will find out in June if he's won a record third term in a row as India's prime minister. After a decade in power he is omnipresent - but frequently seen at his side is a less talked-about politician, who has helped mastermind the extraordinary rise of the Bharatiya Janata Party (BJP). ",
            "Amit Shah - often called India's \"second most powerful man\" - is a formidable old friend, Mr Modi's closest confidant and the brains behind his election juggernaut.",
            "A hardline Hindu nationalist popularly known as Amitbhai, Mr Shah has charted numerous election wins for the BJP. He lacks the star power of the PM and is a more private man. But he is an excellent organiser and campaign strategist, a shrewd politician - and like Mr Modi, a hugely polarising figure. ",
            "His supporters view him as the \"great defender of the Hindu faith\" but those who dare cross him find a feared adversary.",
            "Critics say he is the driving force behind some of India's most controversial legislation, including scrapping Kashmir's partial autonomy - which had been a BJP manifesto pledge for decades - and a new citizenship law that has been described as deeply discriminatory towards Muslims.",
            "Speaking to the BBC, friends and colleagues who have known him since his school days and early career - even those who stood by him while he was briefly jailed - provided a rare insight into his early life. They described what they saw as the secret of his extraordinary success,  spoke of his deep loyalty and affection for party workers, and appetite for hard work. ",
            "Amit Shah first burst onto the national stage a decade ago when he engineered a remarkable turnaround for the BJP in India's most electorally crucial state.",
            "For years, Uttar Pradesh had been seen as unattainable, but in the 2014 general election the party won an unprecedented 71 of its 80 seats. ",
            "\"Shah has a God's gift - a brain sharper than Chanakya,\" says Yatin Oza, a lawyer and former BJP politician who worked closely with Amit Shah for decades until the two fell out, comparing him to the iconic Indian strategist behind the spread of the subcontinent's first empire 2,000 years ago. And as Amit Shah's friends and rivals would all agree, his skills are put to brilliant use at election time. ",
            "He built on the 2014 success with historic state assembly election wins in 2017 and 2022. And in the 2019 general election, he led the party to a second, even bigger landslide.",
            "Yatin Oza says he knew from the start that someday Amit Shah would \"be at the helm\". ",
            "\"I saw that spark in him, that political shrewdness in him. I saw a horse going to win big races.\" ",
            "Devang Dani, a BJP councillor in Ahmedabad who has known Mr Shah for more than 30 years, says his \"priority has always been to ensure his candidate wins\".",
            "\"Whether it's the village council or the parliament, no election is too small. For Amitbhai, every war has to be won. It's because of Modi and Shah that the BJP went from two seats in the 1984 election to 303 in 2019.\" ",
            "This photo from the day the 2019 election results were announced captures one of Amit Shah's career highlights - he beamed as his car rolled into the party office in Delhi. His remarkable journey from student politician to the higher echelons of power seemed complete.",
            "Amit Shah was born in Mansa, a small town in Gujarat state, on 22nd October 1964. His father, Anilchandra, owned a small business making PVC pipes and his mother Kusumben was a housewife. ",
            "Childhood friend Sudhir Darji talks of Amit Shah's \"strong connection with his ancestral land\" and his regular visits to Mansa. He gives us a tour of the family grounds where Amit Shah lived, playing cricket and marbles with friends, until the age of 16 before his parents moved to Ahmedabad, Gujarat's largest city. We are escorted into Mr Shah's old family complex through his uncle's home - a spacious and shuttered middle class dwelling - next door. ",
            "At the nearby primary school the two boys attended, the playground, classrooms, toy cupboard and school bell haven't changed in half a century. As a child, Mr Darji says, Amit Shah was quite mild-mannered - he was bullied a fair bit by other students who would break his slate and steal his lunch. The two boys were also regularly summoned to the principal's office for behaving badly.",
            "Amit Shah first met Narendra Modi in 1982 in Ahmedabad when he joined the right-wing Hindu Rashtriya Swayam Sevak Sangh (RSS), the ideological fountainhead of the BJP. ",
            "Mr Modi, an RSS pracharak (preacher) at the time, advised his younger colleague to join the BJP's student wing, the ABVP.",
            "The two formed an immediate bond and as Mr Modi rose through the ranks, so did Mr Shah. Supporters describe them as \"two wheels of a car\" and compare them to the brothers Ram and Lakshman from the Hindu epic Ramayana. ",
            "Senior journalist Kingshuk Nag, editor of the Times of India in Gujarat in the early 2000s, says the two were a perfect fit - Narendra Modi who thrived on public adulation was the face, Amit Shah a \"private, shy person\" who kept away from the limelight.",
            "He worked behind the scenes, building his base, winning friends and followers, and beating rivals and opponents in elections.",
            "\"Shah's importance lies in the fact that he's able to deliver the goods for Modi. He can do a lot of things that Modi can't. He is useful to Modi - he is the road roller who flattens the obstacles in his way,\" Mr Nag says.",
            "Many of his critics did not want to talk about him openly, saying they genuinely feared him. Some bureaucrats have said they are unnerved by his \"eerie gaze, stony eyes and dead face\". ",
            "Amit Shah learned his political trade in his home state and over the years he established himself as Narendra Modi's right-hand man.",
            "\"He was good at spotting talent and backed young people he believed had potential,\" says RD Desai, a close aide who has known him since 1987. \"But for more than a decade and a half after joining politics, he did not contest a single election, saying I have to build the organisation first.\"",
            "That's an insight many of his early colleagues stress - Amit Shah always plays the long game.",
            "He was first elected to the Gujarat assembly in 1997 when Narendra Modi picked him as a candidate from Sarkhej constituency. He held it in 1998, 2002 and 2007 and after the seat's dissolution in 2008, he moved to nearby Naranpura. He did not contest the 2014 general election, but was elected MP for Gandhinagar in 2019 and is standing there this year too. ",
            "The religious riots that swept Gujarat in February 2002 and their aftermath provided the backdrop against which the Modi-Shah relationship flourished. More than 1,000 people were killed, most of them Muslims.",
            "Mr Modi, who was then Gujarat chief minister, was criticised for not doing enough to prevent the carnage. He denied any wrongdoing and was later cleared by courts too.",
            "A few months after the riots when the BJP won the state elections in a very polarised Gujarat, Amit Shah was given charge of a dozen ministries.",
            "The state police and prosecution, which reported to Mr Shah's home ministry, were criticised by the Supreme Court for their shoddy investigations into some of the riots cases. Describing it as \"a miscarriage of justice\", India's top court moved trials in two high-profile cases out of Gujarat. The Gujarat government also admitted in court that there had been \"lapses on the part of the state police in registering cases and on the part of the prosecution in recording the evidence of witnesses\".",
            "Over the years, Amit Shah himself was accused of a role in the riots, but the allegations, which he denied, were never properly investigated.",
            "Senior journalist Rajiv Shah, who owned an apartment in Sarkhej, wrote in the Times of India that when he asked him to work towards restoring peace in the area after the riots, Mr Shah asked him whether his house was in the Hindu or Muslim-majority area? ",
            "\"When I told him the location, he replied, 'Don't bother. Nothing will happen to you. Whatever incidents happen will take place on the other side'.\" ",
            "The BBC contacted Mr Shah's office about this but did not receive a response. ",
            "Amit Shah's life began unravelling in 2008 when he was accused in the 2005 extra-judicial killing of Sohrabuddin Sheikh, a Muslim civilian, and his wife Kausar Bi. ",
            "Mr Shah denied the accusations calling them \"politically motivated\", but he was arrested and charged with murder and kidnapping in 2010. ",
            "The timing couldn't have been more inopportune for him - until then, he had been widely seen as a future successor to Narendra Modi as chief minister. But he had to resign as state home minister and spent more than three months in jail. ",
            "When Mr Shah was freed on bail, the court ordered him to leave Gujarat to stop him from influencing witnesses.",
            "Last December, he recalled his prison stint, saying it was \"a tough period\" and how he went \"from being the jail minister to an inmate in five minutes\".",
            "Hitesh Barot, who first met Amit Shah in 1988 in the RSS, says it was \"God testing him, but he came out on top. He had nothing to do with the case, it was fake\". Mr Desai, who visited him in Delhi soon after his release, says \"Shah changed adversity into opportunity\". ",
            "\"He said 'I will use this time to establish myself in Delhi and evict the Congress party from power and put Modi on the throne'.\"",
            "In December 2014, six months after Narendra Modi became prime minister, the court cleared Amit Shah. Judge MB Gosavi said he accepted that the charges against him were politically motivated.",
            "Although the federal police in their charge sheet in July 2010 had accused Mr Shah of interference in the investigation, they never appealed against his acquittal, leading to allegations that they were influenced by the BJP coming to power, a charge the party denies.",
            "Mr Shah's acquittal was also surrounded by an unsavoury row. Days earlier, the judge hearing his case suffered a fatal heart attack. Family members alleged his death was suspicious and that there had been an attempt to bribe him. None of this was ever proved and the Supreme Court dismissed calls for an investigation. ",
            "Mr Shah's office did not respond to BBC questions over the family's allegations. ",
            "Just like his leader and mentor, Amit Shah has often spoken about righting \"historical blunders\" that began when India became independent in 1947.",
            "Scrapping Kashmir's special status and introducing the controversial Citizenship Amendment Act (CAA), which allows non-Muslim religious minorities from Pakistan, Bangladesh and Afghanistan to seek Indian citizenship, were attempts to \"right those wrongs\".",
            "The legislation attracted global condemnation - and came as instances of violence against Muslims, India's biggest religious minority with a population of more than 200 million, have been rising since 2014. ",
            "In 2019, human rights activists and the US State Department criticised Mr Shah for describing illegal Muslim immigrants as \"termites\" and threatening to \"throw them into the Bay of Bengal\". At election rallies, he routinely speaks of \"us and them\" - them being Muslims. ",
            "Some analysts see his language as strident campaigning, but Mr Oza believes they are deeply held personal beliefs. ",
            "\"I really don't know why but I saw it the day I first met him. And till today, his anger, his prejudice, his dissatisfaction towards Muslims has been the same. His hatred and policy of non-acceptance remains the same and very firm and very rigid.\" ",
            "Mr Shah's office did not respond to our questions on this but his childhood friend Sudhir Darji disagrees. \"He'll never say or do anything against Muslims. His aim is to take everyone forward, together.\"",
            "Residents of Juhapura, Gujarat's biggest Muslim ghetto that falls in his constituency, however, told the BBC their MP had neglected them. We put this point to Mr Shah's office too, but did not hear back.",
            "Narendra Modi and Amit Shah often accuse their rivals of corruption, but in 2017, the BJP had to rally around Mr Shah to defend his only son - businessman Jay Amit Shah - after a news portal called The Wire accused him of corruption. ",
            "Shah junior - and his father - denied that his business had grown 16,000 times since the BJP came to power. He called the report \"false, derogatory and defamatory\" and sued The Wire. The case has still not been settled.",
            "Opposition leaders also accused Mr Shah of nepotism in January 2021 when his son was appointed secretary of the Board of Control for Cricket in India (BCCI), the cash-rich governing body of India's most popular sport. ",
            "While Mr Shah has defended his son, PM Modi remained silent. And that, some say, is an indication of how important he is to Mr Modi.",
            "The prime minister is 73 and in good health. So it's unlikely there'll be a vacancy for the top job soon. But Amit Shah's name crops up whenever the question - after Modi, who? - arises. ",
            "At 60, age appears on the home minister's side, although he's had several health scares in recent years.",
            "If he harbours any prime ministerial ambition, he hasn't articulated it. And no-one expects Mr Shah to cross the PM, who he has worked with for more than four decades. ",
            "\"He is Modi's right-hand man and commander-in-chief. Modi trusts him fully and it's a given that Shah would never try to cross him,\" says Mr Nag. ",
            "Mr Oza says for Amit Shah \"it's always, if it's not Modi, then it's no-one else\". ",
            "All videos by Anshul Verma"
        ]
    },
    "https://www.bbc.com/news/world-us-canada-69017002": {
        "link": "https://www.bbc.com/news/world-us-canada-69017002",
        "subtitle": "There will be no live audience at June's Atlanta event, which will mark the pair's first on-stage clash in four years.",
        "time": null,
        "title": "Biden and Trump agree to June and September debates as RFK vies to qualify",
        "topics": [
            "US election 2024",
            "Donald Trump",
            "US politics",
            "United States",
            "Joe Biden"
        ],
        "images": [
            "https://ichef.bbci.co.uk/news/480/cpsprodpb/1343/production/_133313940__133236516_gettyimages-1229228819.jpg.webp"
        ],
        "videos": [
            "",
            ""
        ],
        "author": "By Anthony Zurcher,",
        "text": [
            "Joe Biden and Donald Trump have agreed to hold two presidential TV debates in June and September, setting the stage for primetime political duels that could shake up the White House race.",
            "CNN will host the first forum on 27 June in the key swing state of Georgia.",
            "ABC will host the second one on 10 September. ",
            "The announcement came after President Biden, a Democrat, laid out his terms for debating his Republican predecessor ahead of November's election.",
            "CNN said there would be no audience at June's debate in Atlanta, which will be moderated by hosts Jake Tapper and Dana Bash. It is scheduled unusually early for an election year. ",
            "ABC said its presenters, David Muir and Linsey Davis, would moderate the second debate, but the network has not specified a location.",
            "Robert F Kennedy Jr, who is running as an independent, accused the two major candidates of colluding to exclude him. ",
            "But later on Wednesday he said on X, formerly Twitter, that he would meet the requirements to qualify for the CNN debate. ",
            "Mr Trump said on his social media platform Truth Social that he had also accepted an invitation from Fox News for a third bout on 2 October. However, Mr Biden's campaign chairwoman, Jen O'Malley Dillon, said the president had \"made his terms clear for two one-on-one debates, and Donald Trump accepted those terms\". ",
            "Mr Biden proposed two televised debates in June and September. His rival quickly accepted, before suggesting they debate every month.",
            "\"We believe there should be more than just two opportunities for the American people to hear more from the candidates themselves,\" the Trump campaign said.",
            "Both candidates have traded barbs on social media, with Mr Trump stating: \"Just tell me when. Let's get ready to rumble!!!\"",
            "Mr Biden said Mr Trump was \"free on Wednesdays\" - a reference to his criminal trial in New York, while Mr Trump claimed his rival was the \"worst debater\" who \"can't put two sentences together\".",
            "Mr Biden's proposal of two debates breaks several established traditions. ",
            "It bypasses the presidential debate commission, which since 1988 has scheduled timings and had already set dates and locations for debates in the autumn. There are typically three such TV clashes.",
            "Mr Biden's team wants the two debates to be conducted with no live audience - another break with tradition. ",
            "Candidates would take turns answering questions from an agreed-upon moderator from a major news network, and the non-speaking candidate's microphone would be deactivated.",
            "Ms Dillon said raucous partisan crowds were not \"conducive to good debates\". ",
            "But Mr Trump called for large audiences, saying \"it's just more exciting\" with a crowd.",
            "Speaking to conservative radio host Hugh Hewitt, he also said the debates should last two hours, and the two rivals should be required to stand for the duration. ",
            "The first 2020 forum between the two candidates was marred by frequent interruptions and cross-talk. The second was cancelled when Mr Trump caught Covid and refused to take part by video link.",
            "CNN's rules state that participants must appear on enough state ballots to gain the minimum 270 electoral votes required to win a US presidential election, and they must receive at least 15% support in four separate recognised polls -  a high bar for a third-party hopeful like Robert F Kennedy Jr.  ",
            "Mr Kennedy's campaign says he is now officially on the ballot in six states and has collected enough signatures to qualify for the ballot in eight more. All those states combined bring him closer to the electoral threshold, but only to 185.",
            "His latest polling figures also appear to be slightly below the CNN guidelines, even though he is polling better than any third-party candidate since Ross Perot in 1996. ",
            "CNN has not yet commented on his claims of qualifying.",
            "Earlier on Wednesday Mr Kennedy accused his opponents of trying to freeze him out \"because they are afraid I would win\". He has previously argued that White House elections are rigged in favour of the two main parties.",
            "Mr Biden laughed when a reporter asked him on Wednesday if he wished to debate the independent candidate.",
            "By moving the debates earlier in the presidential campaign calendar, Mr Biden's proposal could lower any impact the TV clashes have on the outcome of the November presidential election, giving both candidates more time to recover from any poor performance.",
            "Some past incumbent presidents - including Mr Trump, Barack Obama, George HW Bush and Ronald Reagan - have had shaky showings in their first general election debate before regaining their footing in subsequent meetings.",
            "A June debate would take place before both the Republican and Democratic national conventions, while the September debate would be at least a month before election day. Surveys indicate many Americans do not begin paying attention to US presidential campaign news until the autumn.",
            "Mr Biden also proposed a July vice-presidential debate that would take place after Mr Trump's running mate was nominated at the Republican convention in the summer.",
            "The election-year presidential debates are typically broadcast on multiple US networks. At least 73 million Americans watched the first 2020 debate between Mr Trump and Mr Biden.",
            "Mr Trump declined to participate in any Republican primary debates during this campaign, a point noted by Mr Biden in the video his campaign released announcing the debate proposal.",
            "Mr Biden had minimal opposition in his bid for nomination this year, and the Democratic party held no primary debates."
        ]
    }
}