{
    "https://www.bbc.com/news/world-us-canada-69023319": {
        "link": "https://www.bbc.com/news/world-us-canada-69023319",
        "subtitle": "The president's address comes as polls suggest disillusion with him among young African American voters.",
        "time": null,
        "title": "Morehouse: College divided over Biden's upcoming graduation speech",
        "topics": [
            "Georgia",
            "Donald Trump",
            "US politics",
            "United States",
            "Joe Biden"
        ],
        "images": [
            "https://ichef.bbci.co.uk/news/480/cpsprodpb/17305/production/_133318949_gettyimages-1237668137-1.jpg.webp"
        ],
        "videos": [],
        "author": "By Ana Faguy,",
        "text": [
            "As one of the nation's most preeminent historically black colleges prepares to host President Joe Biden, students say controversy surrounding his visit has overshadowed their graduation. ",
            "Mr Biden will travel to Morehouse College in Atlanta, Georgia, on Sunday to deliver the school's commencement address, a tradition complicated by criticism over his handling of the Israel-Gaza war, which has sparked nationwide college protests.",
            "The speech's audience and setting - a battleground state critical to Mr Biden's re-election - also bring into focus the looming November presidential election. Morehouse, one of 107 historically black colleges and universities (HBCUs) in the US, and the only all-male HBCU, offers Mr Biden a chance to address young black men - a crucial group of voters whose support for the Democratic president has eroded. ",
            "While the college has seen a handful of demonstrations against the war in Gaza, they have not reached the size and scope of others. But frustration grew in April after students' concerns at protests went unanswered and Mr Biden was announced as their graduation speaker.",
            "Some students and faculty called for the president's invitation to be rescinded.",
            "The college responded by giving students and faculty an opportunity to voice concerns at forums on campus. But Morehouse President David Thomas made clear that Mr Biden would be the speaker. ",
            "\"It makes me feel like it's no longer about me,\" said Marq Riggins, a Morehouse 2024 graduate who said he's not enthusiastic about the remarks. \"He's coming here to take pictures with us.'' ",
            "In a procedural step on Thursday, faculty at Morehouse voted on giving Mr Biden an honorary degree during Sunday's graduation. Some media reports indicated opposition among faculty, but ultimately they voted in favour of the honorary degree, 50-38. ",
            "Mr Riggins is not alone in his frustration and distrust of the president.",
            "A 13 May poll from the New York Times, the Philadelphia Inquirer and Siena College that examined swing states found the president behind with multiple constituencies he is courting, including younger voters, voters in Georgia and young black voters.  ",
            "Black voters are a critical voting bloc for Democrats, especially in Georgia, where about a third of the population is black. Mr Biden won Georgia in 2020 by a mere 12,000 votes - one of the slimmest state margins in his victory over former President Donald Trump.",
            "The White House has dismissed recent polls, pointing instead to low black unemployment. Ahead of his November rematch with Mr Trump, Mr Biden also is touting student debt cancellation, infrastructure investments, and more than $16bn in federal funding and investments in HBCUs to black voters. ",
            "Steve Benjamin, who leads the White House Office of Public Engagement, told reporters on Thursday he travelled to Morehouse last week to learn from students and faculty \"what they wanted to hear on their very special commencement day\".",
            "Mr Benjamin said many students wanted to talk about the Middle East, reconnecting communities and wealth creation. He added that the president believes in free speech and that extends to those who wish to protest at the event. ",
            "\"I wouldn't be opposed to being disruptive,\" said Mr Riggins, the student. \"It's a sloppy mess of political agendas.\" ",
            "Brycen Barnes, a Morehouse graduating senior, said he is supportive of Mr Biden's visit, but doesn't necessarily want it to be a campaign stop.",
            "\"I don't view it as a necessarily bad thing,\" he said. \"I'm glad we're having a president [speak to us]. I want it to be genuine that he's coming here, I don't want it to be political.\"",
            "Meanwhile, Mr Biden sat for two interviews on black radio stations, including one in Atlanta where he told listeners that Mr Trump hurt black people during his time in office.  ",
            "\"Black unemployment, uninsurance rates went up under Trump,\" Mr Biden said. \"Trump's tax plan reinforced discrimination. Typical white households got double the cut of the typical black household. They botched Covid-19 response, leaving black people dead and black-owned businesses shuttered.\" ",
            "Karoline Leavitt, a campaign spokesperson for Mr Trump, countered that Mr Biden is being forced to buy multimillion-dollar ads to get support from \"what he thought was his vote base\". ",
            "\"Black and Hispanic voters, like all Americans, are worse-off now than they were under President Trump - by a lot - and every poll reflects that reality,\" Ms Leavitt told the BBC. \"They have less money and higher prices for everything while being forced to live under a weak President who puts illegal immigrants' interests ahead of theirs.\" ",
            "On Thursday, Mr Biden marked the 70th anniversary of Brown v Board of Education, the historic ruling that found school segregation to be unconstitutional. Derrick Johnson, president of the National Association for the Advancement of Colored People (NAACP), dismissed questions about Mr Biden and black voters, saying that opinion polls have been wrong in the past. ",
            "After the commencement, the president will travel to Detroit to address a NAACP chapter dinner. ",
            "Former US congressman Cedric Richmond, a senior adviser to the Democratic National Committee who organised Mr Biden's visit to Morehouse, said it will give the president a chance to directly address young black people.",
            "\"Students understand how worthy it is or what a big moment it is for a president to be addressing their institution,\" Mr Richmond told the BBC. ",
            "But if Morehouse students choose to protest against Mr Biden, as students have at other graduations across the country, Mr Thomas repeatedly has said he'll shut down the ceremony. "
        ]
    },
    "https://www.bbc.com/news/world-us-canada-68956659": {
        "link": "https://www.bbc.com/news/world-us-canada-68956659",
        "subtitle": "NYU students were arrested after administrators asked for assistance to disperse \"illegal encampments\".",
        "time": null,
        "title": "Pro-Palestinian protests in New York after university makeshift camp shut down",
        "topics": [],
        "images": [],
        "videos": [],
        "author": "",
        "text": []
    },
    "https://www.bbc.com/news/uk-politics-68983071": {
        "link": "https://www.bbc.com/news/uk-politics-68983071",
        "subtitle": "The re-elected Conservative Tees Valley mayor says many Tories are fighting \"like rats in a sack\".",
        "time": null,
        "title": "Rishi Sunak to blame for Tory 'chaos', Ben Houchen says",
        "topics": [
            "England and Wales elections 2024",
            "Conservative Party",
            "Mayor of the Tees Valley",
            "Rishi Sunak"
        ],
        "images": [],
        "videos": [
            "",
            ""
        ],
        "author": "By Chas Geiger & Joanna Morris,",
        "text": [
            "Rishi Sunak bears ultimate responsibility for a Conservative Party mired in \"chaos\", Ben Houchen has said. ",
            "The newly re-elected Tees Valley mayor said \"lots of\" Tories were \"fighting each other like rats in a sack\" and the blame \"ultimately lies with Rishi\".",
            "His comments will come as a blow to the prime minister, still reeling from disastrous local election results.",
            "He had hailed Lord Houchen's victory as a sign the Tories could still win the general election. ",
            "The Conservatives lost 474 council seats, the Blackpool South by-election and the West Midlands mayoral race.",
            "Mr Sunak's woes deepened on Wednesday with the surprise defection of Dover MP Natalie Elphicke to Labour in protest at his record on housing and stopping small boat crossings. ",
            "Asked if the prime minister was to blame for the Conservatives' problems, Lord Houchen told BBC Radio Tees: \"Ultimately it always rests on the shoulders of the leader, all responsibility goes back to the top, it's the same in my job as well. ",
            "\"Ultimately, you're the one responsible for it. But there are lots of people who are involved in the problems with the Conservative Party. It's a bit of chaos at the minute, right, isn't it?",
            "\"There's lots of people fighting with each other in the Conservative Party, there are defections going on, and ultimately the public do not vote for parties who are not united and are not presenting a united front and also aren't talking to the public.",
            "\"If they're fighting with each other like rats in a sack instead of saying to the public 'this is what we're going to do for you', that doesn't win elections.",
            "\"Obviously, it ultimately lies with Rishi but there are lots of people that need to get their act together, stop messing about and start talking to the public about what they can offer them, rather than just fighting with each other,\" Lord Houchen added. ",
            "There was a general disillusionment with politics at the moment rather than a desire to vote Labour, but the \"way through is getting narrower by the day\", he warned. ",
            "\"If the government actually got on and delivered some real things and showed themselves to be competent... then there is a way through to be able to get some of that respect back, some of that confidence back from the public, and to help reduce what is a very large gap at the minute,\" he said. ",
            "Mr Sunak travelled to Darlington last Friday to celebrate Lord Houchen's re-election, saying it was evidence of \"the Conservatives delivering\" and \"levelling-up in action\".",
            "The prime minister said the people of Teesside \"knew it was Ben and the Conservatives that delivered for them and they stuck with you at this election. And I know that come the general election, they're going to stick with us too.\"",
            "Lord Houchen thanked Mr Sunak for his support, saying: \"I could not have delivered the things we've delivered in this region without you, prime minister.\"",
            "Labour said Lord Houchen had run his campaign as a \"pseudo-independent\" by not branding himself as a Conservative or mentioning Mr Sunak in his campaign literature. ",
            "In his BBC interview, the mayor acknowledged that \"on the doorstep, lots of people\" told him they would vote for him personally while also voting for other parties, because they \"did see me slightly separately from the Conservative Party\".  ",
            "He vowed to fight for government funding for a new hospital to replace North Tees hospital in Stockton-on-Tees, an ageing estate he said had a lifespan of \"five to eight years, maximum\".",
            "\"We need a new hospital, that is accepted by everybody. That work has to happen now, it's a priority locally.\"",
            "A government spokesperson said \u00a319m had been invested in North Tees and Hartlepool NHS Foundation Trust in recent years to upgrade emergency departments, speed up access to diagnostic tests and improve critical infrastructure.   ",
            "\"Going forward, new schemes will be considered through a rolling programme of capital investment in hospital infrastructure to upgrade NHS facilities across the country,\" the spokesperson added. ",
            "Lord Houchen also outlined his plans for a new tram system in parts of Teesside, and said people under 21 in the region would now benefit from \u00a31 bus fares.",
            "Asked how he would tackle child poverty, he said he would focus on tackling the cause rather than the symptoms and concentrate on creating high-paid jobs. ",
            "The Conservative Party has been approached for comment.  "
        ]
    },
    "https://www.bbc.com/sport/football/articles/cv22p3138gpo": {
        "link": "https://www.bbc.com/sport/football/articles/cv22p3138gpo",
        "subtitle": "In her first BBC Sport column, Wales goalkeeper Olivia Clark looks forward to their Euro 2025 qualifying games against Ukraine.",
        "time": "2024-05-28T20:55:43.733941",
        "title": "Olivia Clark column: Wales goalkeeper on club, country and golf - BBC Sport",
        "topics": [],
        "images": [
            "https://ichef.bbci.co.uk/news/1536/cpsprodpb/5003/live/4e4b6a30-1d27-11ef-a13a-0b8c563da930.jpg"
        ],
        "videos": [
            "//emp.bbc.com/emp/SMPj/2.52.1/iframe.html",
            "//emp.bbc.com/emp/SMPj/2.52.1/iframe.html"
        ],
        "author": "",
        "text": [
            "In her first BBC Sport column, Bristol City goalkeeper Olivia Clark looks forward to Wales' Euro 2025 qualifying games against Ukraine in Llanelli on Friday, 31 May and in Poland on Tuesday, 4 June",
            "It is great to be away with Wales, I love every second of being on international duty.",
            "Wales has been a real constant in my football career and I have learned so much going from being third, second and currently first-choice goalkeeper.",
            "I never take being number one for granted, it is something that can always change, but I am striving to keep that shirt and to just play as much as I can.",
            "The Wales goalkeepers all push each other and whoever plays is supported by the others.",
            "Laura O'Sullivan is an amazing example of that - no-one has been a bigger supporter of mine in the past year.",
            "We learned a lot in the last two games and we are working hard, we all know what the end goal is, we are desperate for major tournament qualification.",
            "It is obviously early days for us with our new manager Rhian Wilkinson, but I have really enjoyed having her here.",
            "She has not made loads of changes, some of the changes we, as players, knew were things that needed tweaking. Rhian has put her own stamp on things but it is still a similar atmosphere. We are a family here and you can see her Canadian background with her coaching style.",
            "It has been cool so far to work with her and something I've really enjoyed.",
            "It was really disappointing to be relegated from the Women's Super League with Bristol City. It is extremely hard to compete at that level against some of the clubs and the resources they have.",
            "Bristol City are about homegrown players and we had the youngest squad in the league, but at times we lacked experience in the big games.",
            "The season did not work out how we wanted it to. We knew it would be hard from day one but we were still hopeful we could have a good season.",
            "It will be interesting to see how the Championship has progressed now. It is hard to explain it but for a number of reasons, going away to Durham can be harder than going and playing Arsenal at the Emirates.",
            "For me, next season the goal is to play and to be happy and feel settled at a football club. My future at the moment is unclear.",
            "I love Bristol City and I have enjoyed my time there so much. But wherever my future lies I want to end up at a good club with ambition that has a long-term goal to be in the WSL.",
            "People overlook the fact your real life is a factor as well in considering where you want to play. I have lived in three different cities in five years and my home is up north and I have kept moving further down south and away from home.",
            "You must make sacrifices for football, but I do want to be happy as well. It is a really important time in my career.",
            "I started playing golf about two months ago and I love it! I love golf now, the next Gareth Bale, that's me.",
            "I hated it when I started playing, because golf is actually really hard. But once I start something, I cannot be bad at it. That is not my personality, I have to be good at it, with absolutely everything.",
            "I started to absolutely love golf and I have tried to have a few lessons and I have joined a women\u2019s golf group. It is a perfect activity for days off from football.",
            "I have started a TikTok about learning to play golf, Ffion Morgan got me into it and my first golf video kind of went viral, so I've stuck with it. Ffion is the TikTok Queen. I cannot match her content!",
            "But a lot of girls do play golf or want to, but they would be scared to go to a golf club. When you do go to one it is a very male-dominated environment so just playing with women and seeing other women play, it is kind of cool. I hope I can encourage a few more to give it a try.",
            "It is so nice to have a social life that is not football. Football is my life and all my friends are footballers, everything in my life is football-based. ",
            "It is hard to meet people outside of football and joining the golf group has allowed me to meet other people from different walks of life and we just have a nice time having a round of golf.",
            "It was my boyfriend who encouraged me to give it a try. I hated it and we had an argument, but I have stuck it out and now I really enjoy it.",
            "In terms of my football, I think golf is good for hand-eye co-ordination, but it has definitely taken some getting used to.",
            "I used to play cricket so when I started I swung the club like a cricket bat, I wouldn't recommend playing both sports, there is a real technique overlap."
        ]
    },
    "https://www.bbc.com/news/articles/cnll5z5yendo": {
        "link": "https://www.bbc.com/news/articles/cnll5z5yendo",
        "subtitle": "Samuel Alito was asked to recuse himself after political flags were seen flying outside his houses.",
        "time": "2024-05-30T02:55:58.945994",
        "title": "Justice Samuel Alito rejects call to skip Trump cases amid flags row",
        "topics": [
            "US Supreme Court",
            "Donald Trump",
            "United States"
        ],
        "images": [
            "https://ichef.bbci.co.uk/news/480/cpsprodpb/9ebf/live/41be6240-1def-11ef-a13a-0b8c563da930.jpg.webp",
            "https://ichef.bbci.co.uk/news/480/cpsprodpb/ea8f/live/58c09da0-1e2b-11ef-80aa-699d54c46324.jpg.webp",
            "/bbcx/grey-placeholder.png",
            "/bbcx/grey-placeholder.png"
        ],
        "videos": [],
        "author": "Mike Wendling,",
        "text": [
            "US Supreme Court Justice Samuel Alito has rejected calls to remove himself from crucial election-year cases after a controversy over flags outside his homes.",
            "Justice Alito, a conservative, said in a letter to Democratic senators that the flags in question had been flown by his wife.",
            "An upside-down US flag and a pine tree, or 'Appeal to Heaven', flag were pictured outside his home in suburban Virginia and a holiday home in New Jersey.",
            "Both were carried during the US Capitol riot of 6 January 2021, when supporters of Donald Trump stormed Congress.",
            "Justice Alito said the matter did not affect his impartiality in cases involving Mr Trump and Capitol rioters.",
            "\u201cMy wife is fond of flying flags,\u201d he wrote in a letter to two senators who asked him to remove himself from key cases. \u201cI am not.\u201d",
            "Justice Alito said the upside-down US flag, which is sometimes used to signify distress, was raised by his wife, Martha-Ann Alito, after a dispute with neighbours in January 2021 \u2013 shortly after the US Capitol riot.",
            "\u201cAs I have stated publicly, I had nothing whatsoever to do with the flying of that flag,\u201d Justice Alito wrote.",
            "\u201cI was not even aware of the upside-down flag until it was called to my attention. As soon as I saw it, I asked my wife to take it down, but for several days, she refused.\u201d",
            "The New York Times, which first reported on the upside-down flag, published a blow-by-blow account of the neighbourhood dispute on Tuesday.",
            "According to the paper, a local couple put signs outside their home with messages including \u201cTrump Is a Fascist\u201d and \u201cYou Are Complicit\u201d and another about Mr Trump that included a profanity.",
            "The couple and the Alitos exchanged words several times. Justice Alito told Fox News that he and his wife were on a neighbourhood walk when a male outside the home with the Trump signs directed an obscene epithet at them.",
            "At one point police were contacted, the newspaper said, but no crime was recorded and no arrests made.",
            "Justice Alito said in his letter on Wednesday that his wife \"was greatly distressed at the time due, in large part, to a very nasty neighbourhood dispute in which I had no involvement\".",
            "The 'Appeal to Heaven' flag was seen outside the Alito holiday home more than two years later, in 2023. The Supreme Court justice said it was one of many historical, themed and sport team flags that his wife put up outside the house.",
            "The pine tree flag dates to the American Revolutionary War and was flown by vessels outfitted by George Washington, said Ted Kaye, secretary of the North American Vexillological Association. ",
            "\"It's a revered Revolutionary War flag,\" the flag expert said. And the pine tree itself was long seen as a symbol of New England.",
            "But from around 2015, the Appeal to Heaven flag was \"repurposed to represent Christian nationalism\", Mr Kaye said. He was referring to a right-wing Christian movement that is often defined as a belief that America's values and identity should be rooted in Christianity. ",
            "House of Representatives Speaker Mike Johnson flew the pine tree flag outside his office. The banner also flew as part of a flag display on a plaza in San Francisco until city officials took it down over the weekend, local media reported.",
            "According to the US Flag Code, a set of advisory rules about the display of the national banner, the American flag should only be turned upside down in the event of \u201cextreme danger to life or property\u201d.",
            "After the flag stories emerged, Senators Richard Durbin and Sheldon Whitehouse, both Democrats, wrote to Justice Alito to ask him to remove himself from key cases that the Supreme Court is set to rule on.",
            "The cases include a crucial ruling on whether Mr Trump has immunity from prosecution, and whether criminal charges of obstructing an official proceeding were properly used in Capitol riot cases.",
            "The senators said that the justice had \u201ccreated reasonable doubt about his impartiality\u201d and that \u201chis recusal in these matters is both necessary and required\u201d.",
            "But in his response, Justice Alito - who was appointed in 2006 by Republican President George W Bush - said the two incidents did \u201cnot meet the applicable standard for recusal\u201d.",
            "A clause in the US Constitution says  a judge \"shall disqualify himself in any proceeding in which his impartiality might reasonably be questioned\". The decision is up to Supreme Court justices themselves to make."
        ]
    },
    "https://www.bbc.com/news/articles/c3ggl4qqlq1o": {
        "link": "https://www.bbc.com/news/articles/c3ggl4qqlq1o",
        "subtitle": "Waiting times hit a new high although there are improvements in cancer and A&E waits in Wales.",
        "time": "2024-05-23T20:56:15.068976",
        "title": "NHS Wales waiting lists for hospital treatment hit new record",
        "topics": [
            "Wales",
            "NHS Wales"
        ],
        "images": [
            "https://ichef.bbci.co.uk/news/480/cpsprodpb/7066/live/b7b27790-18f7-11ef-98b8-c3ef7cd58821.jpg.webp"
        ],
        "videos": [],
        "author": "Steve Duffy,",
        "text": [
            "Waiting lists for hospital treatment have hit a new record highs in Wales, according to the latest official figures.",
            "There were 768,899 patient pathways on the list in March, a rise of nearly 6,400 on the month.",
            "The number of individual patients waiting for treatment is also a record - 599,100.",
            "This accounts for those patients who are waiting for more than one treatment after being referred by their GP.",
            "There was also a rise in those patients waiting more than a year, although those waiting more than two years continue to fall.",
            "A Welsh government spokesperson said: \u201cWe will continue to focus on reducing waiting times and improving access to NHS care and services for people throughout Wales.\"",
            "A&E waiting times improved over the month but the ambulance performance against the response time for life-threatening calls worsened over the month.",
            "Cancer waiting times - against the target for starting treatment within two months of suspicion - was the best monthly peformance for two years.",
            "The figures show 60.5% of patients started treatment within the target of 62 days.",
            "This remains below the 75% target, however.",
            "There has also been a continued rise in the number of long waits for first outpatient appointments.",
            "This has now been rising for the last six months, with the target that no-one should be waiting more than 12 months having been set for December 2022.",
            "There are still 61,100 people waiting.",
            "",
            "For emergency waiting times, 70.3% of patients were seen at A&E within the four hour target.",
            "This was an improvement on the previous month.",
            "When just major A&E units are looked at, to allow a comparison with England, then 59.4% were seen within four hours, slightly worse than in England.",
            "There were more than 3,000 people attending A&E units each day, a rise on the previous month.",
            "The average wait was two hours and 40 minutes, seven minutes quicker than the previous month.",
            "On the longest treatment waits, these can be adjusted to allow a comparison with England.",
            "The figures show on consultant-led specialisms, nearly 143,300 patient pathways were waits of more than a year. That's 20.9% of the overall waiting list in Wales.",
            "One in five of these are orthopaedic patients.",
            "But in England, only 4.1% of patient pathways are 12-month waits.",
            "There are also more than 20,600 patient pathways of more than two years.",
            "This has been reducing over the last two years but in England there are only 232 patient pathways this long.",
            "Sam Rowlands, Conservative health spokesman called the figures \"atrocious\" and said they showed why Labour could not be trusted to run the health service.",
            "\u201cUnlike in England where progress is being made to cut waiting lists, the Labour Welsh government are taking us back to square one with the longest NHS waits on record,\" he said.",
            "Plaid Cymru said waiting lists remained \"stubbornly high\".",
            "Health spokesman Mabon ap Gwynfor said: \"They are a symptom of a system that is collapsing because of 25 years of policy failure by a Labour government - a failure to train and recruit enough GPs, nurses, and allied health professionals; a failure to fix social care by not valuing dedicated care workers enough.\"",
            "Prof Jon Barry, director in Wales at the Royal College of Surgeons, said: \u201cDespite efforts from staff to clear the backlog, there remains a long way to go to get waits back on an acceptable footing. ",
            "\"In the meanwhile, patients continue to have their lives put on hold and we are particularly concerned about patients waiting for more than a year for treatment.\"",
            "Dr Rob Perry, Welsh vice president at the Royal College of Emergency Medicine, added: \u201cWhoever forms the next Westminster government must commit to providing the devolved nations with the resources and support they need so they can deliver the UK-wide improvement in emergency medicine which our members want, and our patients need and deserve.\u201d",
            "The Welsh government said emergency departments had recorded their busiest April on record.",
            "\"Despite this, performance in emergency departments improved against the four and 12-hour targets in April,\" said a spokesperson.",
            "\u201cBut ambulance performance is not where we want it to be.",
            "\"The average response to amber calls did improve, however, and more than 80% of red 999 calls received a response in 15 minutes.",
            "\"We have been clear with health boards about the need to release ambulance crews from emergency departments quickly to support faster response times to those in most need.\u201d",
            "Figures showed more than 23,000 hours were \"lost\" in April by ambulances having to wait longer than 15 minutes outside major A&E units in Wales to hand over patients."
        ]
    },
    "https://www.bbc.com/news/articles/cd13w7dp7dzo": {
        "link": "https://www.bbc.com/news/articles/cd13w7dp7dzo",
        "subtitle": "PC Christopher Corker denies causing Arthur Holscher-Ermert's death in Peacehaven in April 2022.",
        "time": null,
        "title": "Sussex Police officer pleads not guilty over crash that killed man",
        "topics": [
            "Worthing",
            "Sussex Police",
            "Peacehaven"
        ],
        "images": [
            "https://ichef.bbci.co.uk/news/480/cpsprodpb/765d/live/6af59e90-0ec6-11ef-ae5b-6f3cb4b494be.jpg.webp"
        ],
        "videos": [],
        "author": "Lauren Collins & PA Media,",
        "text": [
            "A Sussex Police officer has denied causing the death of a man who was hit by a patrol car in East Sussex. ",
            "Arthur Holscher-Ermert, 27, died after being hit by a police car in Peacehaven just after 23:10 BST on 30 April 2022. ",
            "During a hearing at the Old Bailey in London, PC Christopher Corker, 40, of Shandon Road in Worthing denied causing death by dangerous driving. ",
            "He also denied causing death by careless or inconsiderate driving and was released on unconditional bail. ",
            "A trial date remains set for 5 August at the Old Bailey. ",
            "Follow BBC Sussex on Facebook, on X, and on Instagram. Send your story ideas to southeasttoday@bbc.co.uk  or WhatsApp us on 08081 002250."
        ]
    },
    "https://www.bbc.com/news/articles/cer3v1z81lpo": {
        "link": "https://www.bbc.com/news/articles/cer3v1z81lpo",
        "subtitle": "Olivia and Noah keep their spots as England and Wales' most popular baby names.",
        "time": null,
        "title": "Baby names: Charles drops out of top 100 most popular names for boys",
        "topics": [
            "Parenting",
            "Office for National Statistics",
            "Names"
        ],
        "images": [
            "https://ichef.bbci.co.uk/news/480/cpsprodpb/cf48/live/f9a96630-145c-11ef-9b12-1ba8f95c4917.jpg.webp",
            "https://ichef.bbci.co.uk/news/480/cpsprodpb/9103/live/54429b20-145d-11ef-9b12-1ba8f95c4917.jpg.webp"
        ],
        "videos": [],
        "author": "Michael Sheils McNamee,",
        "text": [
            "Charles - the name of Britain's ruling monarch - has dropped out of the top 100 most popular names for baby boys, new official figures show. ",
            "Olivia and Noah remain England and Wales' most popular baby names.",
            "There has also been a flurry of European-style entries surging up the list, which covers 2022. ",
            "French names Ottilie and Elodie, the Greek Ophelia and Irish Maeve, have steeply increased in popularity as names for girls. ",
            "While Charles has dropped off the list across England and Wales, it still clings on to the 100th spot in a count of only England. ",
            "In a count of both nations the name's popularity has been on the slide in recent years. ",
            "In 2021, there were 639 babies named Charles meaning it ranked 91st. ",
            "It is worth noting the newest figures cover 2022, so would not take into account any possible surge in popularity linked to the Coronation of King Charles III in May 2023. ",
            "Among his children, William was down three places to 24th, while Harry dropped out of the top 10 - down eight places to 15th. ",
            "King Charles' grandchildren on the list include George (third), Louis (48th), Charlotte (26th) and Archie (11th) - with Lilibet, the name of Prince Harry's daughter, not featuring in the top 100. ",
            "Elizabeth placed 60th on the list of names for girls, while Victoria, which last featured in the top 100 in 2017, missed out again this time. ",
            "The data from the Office of National Statistics shows 4,586 babies called Noah, marking its second year in top spot, with 3,289 Olivias - making it the most popular name for girls for the seventh year in a row.",
            "Amelia, Isla, Ava and Lily made up the rest of the top five for girls - with Isabella rising four places to ninth, pushing Willow to 11th.",
            "Names leaving the top 100 most popular names for girls were Beatrice, Anna, Holly, Heidi and Amber. ",
            "In the decade since 2012, girls names to have made big climbs include Margot (up 565 places), Ottilie (up 791 places) and Maeve (up 642 places). ",
            "The biggest climber in that time has been Nova - up a staggering 1,629 places.",
            "Muhammad, George, Oliver and Leo complete the top five for boys - with Leon, Elias, Musa, Axel and Ibrahim all new entries in the top 100. ",
            "Taking the joint-100th spot alongside Ibrahim, Axel has climbed 534 places in the decade up to 2022. ",
            "Scotland's most recent baby names cover 2023 and were released in March - with Luca and Isla the most popular names. Charles placed joint 182nd. ",
            "Northern Ireland's most popular names last year were Noah as a boy's name and Isla as a girl's name. Charles placed joint 200th."
        ]
    }
}