{
    "https://www.bbc.com/sport/cycling/articles/c2x38p42j6vo": {
        "link": "https://www.bbc.com/sport/cycling/articles/c2x38p42j6vo",
        "subtitle": "Sophie Unwin and Jenny Holl lead home a British podium clean sweep at the Para-Cycling Road World Cup in Ostend.",
        "time": null,
        "title": "Para-Cycling Road World Cup: Sophie Unwin and Jenny Holl lead British clean sweep - BBC Sport",
        "topics": [],
        "images": [
            "https://ichef.bbci.co.uk/news/1024/cpsprodpb/18a4/live/c5673f10-0b28-11ef-bd3d-a7f6267e907a.jpg"
        ],
        "videos": [],
        "author": "",
        "text": [
            "Paralympic silver medallists Sophie Unwin and Jenny Holl led a British podium clean sweep on the final day of the Para-Cycling Road World Cup in Ostend.",
            "The pair, who won the women\u2019s B time trial gold on Friday, added the road race to their list of honours.",
            "They finished in two hours 10.36 seconds, with team-mates Lizzi Jordan and Danni Khan edging out Lora Fachie and Corrine Hall in a sprint for second, two minutes and 37 secs behind the winners.",
            "There was also gold for Fin Graham in the C3 race, edging out France\u2019s Thomas Peyroton Dartet in a dramatic sprint to the line with fellow Briton Jaco van Gass five seconds adrift in third place.",
            "Archie Atkinson added road race silver to his time trial bronze in the C4 event, finishing in the same time as France\u2019s Kevin Le Cunff, but the Frenchman was given the nod.",
            "There was also a silver for Daphne Shrager who lost out by three seconds to Switzerland\u2019s Flurina Rigling in the women\u2019s C2 race, and also for Fran Brown in the C1 event. Matthew Robertson took a bronze in the men\u2019s C2.",
            "It means the GB team finished with 16 medals before the next round of racing in Maniago, Italy in a fortnight."
        ]
    },
    "https://www.bbc.com/news/articles/cyx66z4d1k2o": {
        "link": "https://www.bbc.com/news/articles/cyx66z4d1k2o",
        "subtitle": "Islanders are advised against swimming at a beach due to water samples showing high E. coli levels.",
        "time": null,
        "title": "High levels of E. coli found in Jersey bay",
        "topics": [
            "Pollution",
            "Beaches"
        ],
        "images": [
            "https://ichef.bbci.co.uk/news/480/cpsprodpb/569d/live/96eed6f0-12aa-11ef-8caa-950ae8a78cc2.jpg.webp"
        ],
        "videos": [],
        "author": "",
        "text": [
            "Islanders are being advised against swimming at a beach in Jersey due to water samples showing high levels E. coli.",
            "Environment officials said the cause of the high levels at Greve de Lecq was unknown and it was being investigated by the pollution control team.",
            "The government said the Infrastructure and Environment team would put up signage in the area as soon as possible.",
            "\"Anyone who has been swimming there and starts to feel unwell or has health concerns should speak to their doctor,\" it said.",
            "It said 16 bays around Jersey were regularly monitored for their quality by the government between May and September each year.",
            "Follow BBC Jersey on X (formerly Twitter) and Facebook. Send your story ideas to channel.islands@bbc.co.uk."
        ]
    },
    "https://www.bbc.com/news/articles/cj7mgprvkn2o": {
        "link": "https://www.bbc.com/news/articles/cj7mgprvkn2o",
        "subtitle": "Frank Barker appreciated the role GNAAS played in aiding injured motorcyclists, his family say.",
        "time": null,
        "title": "Calderbridge undertaker donates \u00a380k to GNAAS in will",
        "topics": [
            "Great North Air Ambulance Service",
            "Calder Bridge",
            "Penrith",
            "Cumbria"
        ],
        "images": [
            "https://ichef.bbci.co.uk/news/480/cpsprodpb/0c67/live/c3758b20-0def-11ef-9769-838acb24f160.jpg.webp",
            "https://ichef.bbci.co.uk/news/480/cpsprodpb/7b75/live/f3ee4bc0-0def-11ef-9769-838acb24f160.jpg.webp"
        ],
        "videos": [],
        "author": "Jason Arunn Murugesu,",
        "text": [
            "A former undertaker has left more than \u00a380,000 to the Great North Air Ambulance Service (GNAAS) in his will. ",
            "Frank Barker, from Calderbridge in Cumbria, died aged 92 in 2022 and had a \"passion\" for motorbikes.",
            "He appreciated the role GNAAS played in aiding injured motorcyclists, according to relatives.",
            "Mr Barker's cousin and executor of his will, Sally Ingall, said: \"It's nice to know Frank's contribution will help GNAAS continue to operate.\"",
            "Ms Ingall recently visited the air service's base in Penrith alongside her son, Bryan Ingall.",
            "Mr Barker left \u00a380,872.32 to GNAAS. He ran his own joinery and undertaker business and spent the majority of his life in Calderbridge. ",
            "He had a home filled with several motorbikes, said Mr Ingall. ",
            "\"He built a few classic race bikes, which were used by a number of people, and he used to go to the Manx Grand Prix and TT races in the Isle of Man,\" said Mr Ingall. ",
            "\"He knew everybody around the area, and I didn\u2019t hear anyone say a bad word about him.\"",
            "Ms Ingall said it would be \"wonderful\" if the money played a role in saving someone's life one day. ",
            "Follow BBC Cumbria on X (formerly Twitter), Facebook and Instagram. Send your story ideas to northeastandcumbria@bbc.co.uk."
        ]
    },
    "https://www.bbc.com/news/uk-england-derbyshire-69016315": {
        "link": "https://www.bbc.com/news/uk-england-derbyshire-69016315",
        "subtitle": "The Alliance of British Drivers says bus lanes are \"a total waste of space\".",
        "time": null,
        "title": "Call to axe Derby bus lanes that issued 70,000 fines in two years",
        "topics": [
            "Derby City Council",
            "Derby"
        ],
        "images": [
            "https://ichef.bbci.co.uk/news/480/cpsprodpb/D76B/production/_132874155_buslane.png.webp",
            "https://ichef.bbci.co.uk/news/480/cpsprodpb/B070/production/_125886154_gettyimages-1068455156.jpg.webp",
            "https://ichef.bbci.co.uk/news/480/cpsprodpb/5CA5/production/_98171732_line976.jpg.webp"
        ],
        "videos": [],
        "author": "By Nigel Slater,",
        "text": [
            "A call has been made to scrap bus lanes in a city centre after more than 70,000 fines were issued to motorists for driving in them in just two years.",
            "The Alliance of British Drivers called bus lanes \"a total waste of space\" after a Freedom of Information request on the issue to Derby City Council.",
            "It revealed that 73,899 fines had been issued - 41,224 in 2022 and 32,675 in 2023.",
            "The authority said enforcement was necessary to make bus travel \"easier\".",
            "The Local Democracy Reporting Service (LDRS) said a \"huge proportion\" of the fines - 52,059 in total - came from the \"bus gate\" situated at Corporation Street.",
            "Income from the enforcement has generated at least \u00a32.5m, the LDRS added, based on each fine resulting in a \u00a335 charge - the discounted rate if paid within a certain timeframe.",
            "Brian Gregory, policy director at the Alliance of British Drivers, said he believed the huge proportion of fines at Corporation Street suggested there was something \"wrong with the signage\". ",
            "\"We think bus lanes are a total waste of space. Most times bus lanes are empty\", he added.",
            "\"They are just of way of making city centre mobility even worse and jamming traffic into smaller spaces increases emissions, driver frustration and stress. ",
            "\"In Liverpool they had taken the bus lanes out and seen improvements in traffic flow. It's far better not to have them.\"",
            "The council has insisted on \"numerous occasions\" that its signage for the bus lane meets national standards, the LDRS said.",
            "A spokesperson for the authority added: \"Bus lanes are introduced with the goal of making it easier for citizens to travel by bus and enforcement is necessary to ensure that this is possible. ",
            "\"There are approximately 400,000 vehicle trips made every day with the city, demonstrating that the vast majority of drivers comply with the restrictions and do not receive penalties.",
            "\"Enforcement of bus lanes cannot be implemented to raise revenue and has to be justified. Money from penalty charges is used, as required by law, to support the costs involved in operating enforcement systems. Any further revenue generated is used to support programmes for repairs and maintenance across a range of highways, transport and parking programmes within the city.",
            "\"Many of our bus lanes have signage exceeding the national requirements and have been reviewed to maintain consistency and clarity for road users.\"",
            "Follow BBC Derby on Facebook, on X, or on Instagram. Send your story ideas to eastmidsnews@bbc.co.uk or via WhatsApp on 0808 100 2210."
        ]
    },
    "https://www.bbc.com/sport/articles/ce433l9712lo": {
        "link": "https://www.bbc.com/sport/articles/ce433l9712lo",
        "subtitle": "BBC Sport's F1 correspondent Andrew Benson answers your questions before this weekend's Emilia Romagna Grand Prix.",
        "time": null,
        "title": "F1 Q&A before Imola: Norris, Verstappen, McLaren, Red Bull, Sainz, Ricciardo - BBC Sport",
        "topics": [],
        "images": [
            "https://ichef.bbci.co.uk/news/2048/cpsprodpb/e0a5/live/08371f20-112f-11ef-bee9-6125e244a4cd.jpg",
            "https://ichef.bbci.co.uk/news/2048/cpsprodpb/d45b/live/0e567db0-11ca-11ef-8ea4-ed28e4b26da0.jpg"
        ],
        "videos": [],
        "author": "",
        "text": [
            "Formula 1 heads to Italy this weekend for round seven of the 2024 season.",
            "It is the first time F1 has returned to Imola in two years, after the 2023 race was cancelled because of flooding.",
            "Last time out in Miami, Britain's Lando Norris secured his maiden F1 win.",
            "BBC Sport's F1 correspondent Andrew Benson answers your questions before the Emilia Romagna Grand Prix.",
            "With the large number of upgrades coming to teams across the grid at Imola, could we see a closer grid for the rest of the season? \u2013 Luke",
            "Everyone in Formula 1 always says that the longer a set of regulations is left in place, the closer the grid will become.",
            "But, at the front of the field, there has not been much evidence of that so far under these current rules, which were introduced with a specific plan to close the grid up, and are now in their third season. Red Bull have started this season with an even bigger advantage than they had last year.",
            "However, Lando Norris\u2019 victory for McLaren in Miami did provide some hope that things might be about to change.",
            "McLaren had a major upgrade on their car for Miami and there was some evidence that Norris had similar - or perhaps even better - pace than Max Verstappen even before the Red Bull driver\u2019s collision with a cone, which the team said damaged the car.",
            "On the three laps between Norris being released by Sergio Perez\u2019s pit stop, and Verstappen hitting the cone just before his pit stop, the McLaren was on average a little quicker than the Red Bull.",
            "Could this be evidence McLaren could now challenge Red Bull from time to time? Norris believes he can win again this year. And Ferrari have their own significant upgrade coming for this weekend\u2019s Emila Romagna Grand Prix, even if they are playing down its potential publicly.",
            "Give it a couple more races, then, and there might be a clearer answer to this question.",
            "The sprint qualifying/races produce more exciting viewing for fans, so why is there so much resistance from teams and drivers for sprint weekends? \u2013 Kevin",
            "First, let\u2019s just deal with the general perception of the sprint weekends in F1.",
            "The drivers are actually split on them. Max Verstappen has made no secret of his disdain for the sprint format. But Lewis Hamilton is very much for it - he said in Miami that he \u201cloved it\u201d and \u201cwe need more in my opinion\u201d.",
            "Most of the others are in the middle - they quite enjoy the sprint but would not want it every weekend.",
            "The teams, meanwhile, are mostly in the final category. They are happy to have some sprints - remember, they voted for them to happen. But many of them, too, don\u2019t want them to become the norm.",
            "People recognise that there is more competitive track action over a sprint weekend, and that has benefits for the audience.",
            "But the sprint has a flip side. There are large gaps between sessions - \u201ca lot of hanging around\u2019, as Hamilton has put it - and there are still questions as to whether the sprint race has much meaning.",
            "And by and large, people like the flow of a traditional grand prix weekend, the feeling that there is a building momentum to the main race.",
            "Ideally, many would prefer two-day weekends, with one practice session before a qualifying and then the grand prix. But the circuits don\u2019t want that - they need the extra day to generate revenue.",
            "If anyone is to challenge Red Bull next season, who would it be and can we expect any surprises for next season? \u2013 Lucy",
            "The answer to this question feeds into the earlier one. Next year is the last year of the current regulations before a big change in 2026, with new chassis and engine rules.",
            "The project is so big for 2026 that most teams will simply go into next year with a development of this year\u2019s car. In that context, big changes in relative performance level from this year to next are not that likely.",
            "But 2024 is only six races old, and there are another 18 races over which performance levels will play out. And Norris says he is \u201c100%\u201d confident McLaren will be title challengers next season.",
            "Which current drivers in the paddock do you think are most vulnerable to losing their seats mid-season? \u2013 Guy",
            "The two big candidates here are Williams\u2019 Logan Sargeant and RB\u2019s Daniel Ricciardo.",
            "Sargeant is looking very much like a driver whose time in F1 is coming to an end. Unless he turns things around, the only question seems to be whether it will be during the season or at the end of it.",
            "Williams are said to be keen to replace him before the end of the season with Mercedes protege Andrea Kimi Antonelli, who is racing in Formula 2 for the first time this season.",
            "But Antonelli is only 17 and at the moment does not qualify for the super licence all drivers need in F1. Senior sources have told BBC Sport that there is next to no chance of the Italian racing in F1 before his 18th birthday, which is on 25 August.",
            "That means he could be in a Williams by the Dutch or Italian Grands Prix after the summer break.",
            "However, this plan depends also on Mercedes\u2019 driver strategy, as it\u2019s unlikely Williams would want to take Antonelli for a part-season only for him to move to Mercedes for 2025. So if he drives for Williams this year it is likely to be only if he will also stay for next season.",
            "As for Ricciardo, he took some pressure off himself with his strong qualifying performance in the sprint in China - which he repeated in Miami - but his overarching level is still below team-mate Yuki Tsunoda\u2019s.",
            "He needs to change that if he is not to risk being replaced by reserve driver Liam Lawson at some point this season.",
            "Do you think we have too many races per season these days? Fewer races gave an increasing level of excitement building up to the weekend. - Richard",
            "Pretty much everyone in F1 thinks that there are too many grands prix in a season.",
            "For one thing, the calendar is exhausting for everyone involved. For another, there is the feeling that grands prix risk losing their lustre if there are too many.",
            "Most think the sweet spot would be around 18-20 races.",
            "But the people who decide on this - Liberty Media, and F1\u2019s bosses Greg Maffei and Stefano Domenicali - don\u2019t agree. Their business plan is for at least this many races. So there is little prospect of change.",
            "Who do you think will partner Nico Hulkenberg at Sauber/Audi next season? \u2013 Rupert",
            "The driver Audi want is Carlos Sainz. However, he is also an option at Mercedes and Red Bull. And he is in no hurry to make up his mind.",
            "Audi are somewhat down the pecking order, too, and there are plenty of dominoes to fall yet.",
            "Take Mercedes, for example. They have made little secret of the fact that they are trying to tempt Max Verstappen to leave Red Bull. Verstappen is under contract to 2028 but has ways of getting out if he chooses to do so, as explained in this article. ",
            "This seems less likely for 2025 than it does for 2026. But that is option one. If Mercedes don\u2019t get Verstappen for next year, their choice is between Sainz (or someone similar) or promoting Antonelli.",
            "Red Bull, meanwhile, may not change at all. If they lose Verstappen, they have a drama. But they may yet decide to replace Sergio Perez with Sainz if Verstappen stays.",
            "For Sainz, both these options are more interesting competitively than Audi. But they may also be much more short term. So he may decide to commit to a long-term future at Audi.",
            "If they can\u2019t get Sainz, Audi could do a lot worse than stick with Valtteri Bottas. He is, after all, a proven winner who was not that far off Lewis Hamilton when they were Mercedes team-mates and occasionally straight beat him."
        ]
    },
    "https://www.bbc.com/news/articles/cv22xd5g15ro": {
        "link": "https://www.bbc.com/news/articles/cv22xd5g15ro",
        "subtitle": "P&O says new passengers face delays boarding Ventura in Southampton while the ship is\u00a0deep-cleaned.",
        "time": "2024-05-25T20:50:46.321758",
        "title": "P&O Ventura: Hundreds sick with norovirus, say cruise passengers",
        "topics": [
            "Southampton",
            "Hampshire & Isle of Wight"
        ],
        "images": [
            "https://ichef.bbci.co.uk/news/480/cpsprodpb/af07/live/0436a630-19da-11ef-9ba7-277177fca3e5.jpg.webp",
            "https://ichef.bbci.co.uk/news/480/cpsprodpb/8dba/live/4f6edd90-1aa0-11ef-9f6b-a78290a673f4.jpg.webp",
            "https://ichef.bbci.co.uk/news/480/cpsprodpb/7d2c/live/949c08f0-19df-11ef-96c0-29950cf02be4.jpg.webp",
            "https://ichef.bbci.co.uk/news/480/cpsprodpb/0a4c/live/58084e00-1aa5-11ef-8cce-e122938ac703.jpg.webp"
        ],
        "videos": [],
        "author": "Charlotte Andrews,",
        "text": [
            "The number of people taken ill on a cruise ship following an outbreak of norovirus was in the hundreds, passengers have told the BBC.",
            "Port health officials were due to meet P&O Cruises vessel Ventura for an inspection after it docked in Southampton earlier.",
            "P&O said new passengers would face delays in boarding on Saturday while the ship was deep-cleaned.",
            "The cruise company has not confirmed the total number of cases but apologised to those affected.",
            "Ventura docked in Southampton at about 05:00 BST, where just under 3,000 passengers disembarked after a two-week voyage around the Canary Islands.",
            "Leaving the ship with her family, Hollie Taylor, from New Milton in Hampshire, described the \u00a38,500 holiday as \"absolutely horrendous\".",
            "\"There were constantly areas blocked off because people had been vomiting all over the hallways,\" she told the BBC.",
            "Ms Taylor said her sons had become ill a couple of days into the trip and were \"violently sick\" for about 24 hours.",
            "She and her husband James said they believed up to 600 people on board had fallen ill. ",
            "\"We didn't report it [their sons' sickness] because what's the point?\" Ms Taylor added.",
            "On Wednesday, P&O said 0.64% of people on board Ventura had symptoms of norovirus after sanitation measures had been put in place.",
            "A spokeswoman for the company said at the time it showed \"the efficacy of our extensive protocols\" but would not provide a total number of cases reported since the start of the outbreak.",
            "Enhanced sanitation protocols had been put in place on board following the outbreak, P&O has said.",
            "Unwell passengers had also been asked to isolate for longer, according to Southampton Port Health Authority (SPHA).",
            "Ventura is scheduled to leave Southampton again at 21:00 BST for a seven-night cruise to Spain and Portugal.",
            "New passengers were being contacted in advance to make sure those with symptoms did not get on the ship, the SPHA said.",
            "In addition, boarding has been delayed by four hours to allow for a deep clean of guest cabins, public areas and crew areas.",
            "Commercial cleaners would sanitise the ship before new passengers were allowed on, P&O's spokeswoman said.",
            "The company previously confirmed it would be using fogging, which involves spraying special disinfectant into a sealed room as a mist-type vapour.",
            "Ventura would then be checked by a port health officer.",
            "\"Carnival UK [P&O Cruises' parent company] are cooperating fully with the investigation,\" SPHA added.",
            "Alex Woolfenden, who was due to board the vessel on Saturday afternoon with his three-year-old son, wife and her elderly parents, said the situation had left him \"stressed\".",
            "He said more than \u00a38,000 had been spent on their trip, which was a belated honeymoon for the couple from North Wales.",
            "Mr Woolfenden told the BBC he was having second thoughts about boarding and felt like he was \"caught between a rock and a hard place\".",
            "\"P&O are putting their profits before safety of guests, especially as we have two vulnerable groups,\" he said.",
            "\"Could you imagine having to isolate with a three-year-old in a cabin for the whole time?\"",
            "P&O previously said the health and wellbeing of its guests and crew was its \"absolute priority\".",
            "Ventura would remain at a \"heightened level of response\" for its next voyage to manage the \"elevated\" number of cases, SPHA confirmed.",
            "Follow BBC South on Facebook, X (Twitter), or Instagram. Send your story ideas to south.newsonline@bbc.co.uk or via WhatsApp on 0808 100 2240."
        ]
    },
    "https://www.bbc.com/news/articles/crgg4kv0682o": {
        "link": "https://www.bbc.com/news/articles/crgg4kv0682o",
        "subtitle": "The jury in Mr Trump's hush-money case will soon begin deliberations. So what could happen next?",
        "time": "2024-05-28T20:50:59.191572",
        "title": "If Trump is convicted, what happens next?",
        "topics": [
            "Indictments of Donald Trump",
            "Donald Trump",
            "US politics",
            "United States",
            "Michael Cohen"
        ],
        "images": [
            "https://ichef.bbci.co.uk/news/480/cpsprodpb/0918/live/de1ef380-1916-11ef-9b6b-6f2320ba1a46.jpg.webp",
            "/bbcx/grey-placeholder.png"
        ],
        "videos": [
            ""
        ],
        "author": "Holly Honderich,",
        "text": [
            "Thirty-four charges, 12 jurors, one often exasperated judge and a parade of witnesses.",
            "After nearly five weeks, both the prosecution and the defence have rested in Donald Trump\u2019s history making hush-money case.",
            "Closing arguments will begin on Tuesday, and then the jury will start deliberations. After that, it is anyone\u2019s guess when they will return and what they\u2019ll decide.",
            "But if he is found guilty on even one count - just one of a few possible outcomes - Mr Trump would become the first former US president with a criminal conviction, and the first major party candidate to run for the White House as a felon.",
            "Here are some key issues to consider if a guilty verdict is delivered.",
            "Mr Trump has been free on bail throughout the trial. If the verdict is guilty, he will probably still be able to leave the court as a free man until Justice Juan Merchan schedules a sentencing hearing.",
            "The judge has several factors to consider in sentencing, including Mr Trump\u2019s age (77), lack of previous conviction and possibly his violations of the court\u2019s gag orders.",
            "The sentence could involve a fine, probation or supervision, or possibly prison time.",
            "Mr Trump would almost certainly appeal against a guilty verdict, a process that could take months or even longer.",
            "His legal team would then face the Appellate Division in Manhattan, and possibly the Court of Appeals.",
            "This all means it would be highly unlikely that Mr Trump will leave the court in handcuffs, and he would be expected to remain free on bail while he appeals.",
            "The evidence of adult film star Stormy Daniels, whose alleged sexual encounter with Mr Trump is at the heart of the case, could be one reason.",
            "\u201cThe level of detail that was provided [by Ms Daniels] is really not necessary to the telling of the story,\" said Anna Cominsky, a professor at New York Law School. ",
            "\"On the one hand, her detail makes her credible and as a prosecutor, you want to provide enough detail so the jury believes what she has to say. On the other hand, there's a line, where it could become irrelevant and prejudicial.\"",
            "Mr Trump\u2019s defence team twice called for a mistrial during Ms Daniels\u2019 testimony, motions that were denied by the judge.",
            "Beyond that, the novel legal strategy taken by the District Attorney in this case may also provide grounds for appeal.",
            "Falsifying business records can be a lower-level misdemeanour in New York, but Mr Trump faces more serious felony charges because of a supposed second crime, an alleged illegal attempt to influence the 2016 election.",
            "Prosecutors have broadly alleged that violations of federal and state election laws, along with tax fraud, apply to this case. But they have not specified to the jury exactly which one was broken. ",
            "Legal experts say there are questions around the scope and application of the federal law that could form a basis for appeal. Never before has a state prosecutor invoked an uncharged federal crime, and there\u2019s a question if the Manhattan District Attorney has the jurisdiction to do so.",
            "It is possible, though highly unlikely, that Mr Trump would serve time behind bars in the event of a guilty verdict.",
            "The 34 charges he faces are all class E felonies in New York, the lowest tier in the state. Each charge carries a maximum sentence of four years.",
            "There are several reasons why Justice Merchan could choose a lesser punishment, including Mr Trump\u2019s age, his lack of previous convictions, and the fact that the charges involve a non-violent crime.",
            "It is also possible that the judge would weigh the unprecedented nature of the case, perhaps choosing to avoid putting a former president and current candidate behind bars.",
            "There is also a question of practicality. Mr Trump, like all former presidents, is entitled to lifelong protection from the Secret Service. This means that some agents would need to protect him in prison.",
            "Even so, it would in all likelihood be extremely difficult to run a prison system with a former president as an inmate. It would be a huge security risk and expensive to keep him safe.",
            "\u201cPrison systems care about two things: security of the institution and keeping costs down,\u201d said Justin Paperny, director of the prison consulting firm White Collar Advice.",
            "With Mr Trump, \u201cit would be a freak show\u2026 no warden would allow it\u201d, he said.",
            "Yes. The US Constitution sets out relatively few eligibility requirements for presidential candidates: they must be at least 35, be a \u201cnatural born\u201d US citizen and have lived in the US for at least 14 years. There are no rules blocking candidates with criminal records.",
            "But a guilty verdict still could sway November\u2019s presidential election. A poll from Bloomberg and Morning Consult earlier this year found that 53% of voters in key swing states would refuse to vote for the Republican if he were convicted.",
            "Another poll, from Quinnipiac University this month, showed 6% of Trump voters would be less likely to vote for him - consequential in such a tight race.",
            "No. Presidents can issue pardons for those who have committed federal offences. The hush-money case in New York is a state matter, meaning it would be out of Mr Trump\u2019s reach if he were to become president again.",
            "The same is true for Mr Trump\u2019s case in Georgia, where he has been accused of criminally conspiring to overturn his narrow defeat by President Joe Biden in the state during the 2020 election. This case is currently tied up in appeals.",
            "Pardon powers are unclear for Mr Trump\u2019s two federal cases - one concerning the alleged mishandling of classified documents, and the other on conspiring to overturn the 2020 election.",
            "In the first, a Trump-appointed judge in Florida has indefinitely postponed the  trial, saying setting a date before resolving questions about evidence would be \u201cimprudent\u201d. The second outstanding federal case also was delayed while an appeal from Mr Trump plays out.",
            "Neither are likely to take place before the November election, but even if they did, constitutional scholars disagree on whether a president\u2019s pardon power includes himself. Mr Trump could be the first to try.",
            "With reporting from Madeline Halpert and Kayla Epstein"
        ]
    },
    "https://www.bbc.com/news/articles/c2x3yjepgv8o": {
        "link": "https://www.bbc.com/news/articles/c2x3yjepgv8o",
        "subtitle": "Inspectors found managing people on probation was \"insufficient\".",
        "time": null,
        "title": "South East probation services requires improvement",
        "topics": [],
        "images": [
            "https://ichef.bbci.co.uk/news/480/cpsprodpb/4804/live/87d71f30-0e11-11ef-b7ff-7fa14435b140.jpg.webp"
        ],
        "videos": [],
        "author": "",
        "text": [
            "Probation services in Kent, Surrey and Sussex have been rated as \"requiring improvement\" overall following an inspection.",
            "His Majesty\u2019s Inspectorate of Probation said the quality of work to manage people on probation was \"insufficient\" and found particularly \"concerning\" results in the standard of court reports and public protection.",
            "The inspector said there were strengths in the area\u2019s overall strategic arrangements and statutory victim work was delivered to a high standard.",
            "A Probation Service spokesperson said they were taking \"immediate action\" to address the concerns.",
            "The spokesperson said more than \u00a3155m a year is being invested into the Probation Service and 4,000 trainee probation officers had been hired since 2021.",
            "Chief inspector of probation Martin Jones said staffing in the region was in a \"fragile position\".",
            "Mr Jones said despite improvements to staffing numbers through proactive recruitment, significant gaps were still present.",
            "He said: \"National recruitment limitations and insufficient salaries to cope with the cost of living in the region were hampering the region\u2019s ability to resource the service appropriately.\"",
            "Mr Jones said there were also \"limits\" with experience and \"deficits\" with training.",
            "Inspectors said improvements were needed in assessing and managing the risks people on probation pose to the community.",
            "Inspectors found statutory victim work in the region was \u2018outstanding\u2019 and said all victims in reviewed cases were able to make relevant contributions before perpetrators were released.",
            "The region\u2019s leadership team was also found to be resilient, innovative and responsive to challenges faced.",
            "Mr Jones said the region \"will be disappointed\" with findings and said the current recruitment model \"is unlikely to address the issues it faces\".",
            "He said: \"Achievements have been made by the region, but it continues to face challenges going forward.",
            "\"If the staffing difficulties can be addressed and there is a focus on the quality of casework and embedding learning, the region can progress on a continued positive trajectory.\u201d",
            "Follow BBC Surrey on Facebook, and on X. Send your story ideas to southeasttoday@bbc.co.uk or WhatsApp us on 08081 002250."
        ]
    }
}