{
    "https://www.bbc.com/news/uk-politics-68978076": {
        "link": "https://www.bbc.com/news/uk-politics-68978076",
        "subtitle": "The now-former Conservative MP sits behind the Labour leader in the Commons.",
        "time": null,
        "title": "Watch: Natalie Elphicke takes seat on Labour benches",
        "topics": [],
        "images": [],
        "videos": [],
        "author": "",
        "text": []
    },
    "https://www.bbc.com/news/uk-england-derbyshire-69039026": {
        "link": "https://www.bbc.com/news/uk-england-derbyshire-69039026",
        "subtitle": "Mark Frost is jetting off to the UEFA Europa League Final in Dublin for a volunteering award prize.",
        "time": null,
        "title": "Football volunteer wins trip to Europa League final",
        "topics": [
            "Ilkeston"
        ],
        "images": [
            "https://ichef.bbci.co.uk/news/480/cpsprodpb/5AF2/production/_133328232_45a88deda860d4efc6caf5ebb7c3baee557757ed.jpg.webp",
            "https://ichef.bbci.co.uk/news/480/cpsprodpb/F732/production/_133328236_gettyimages-2153296782.jpg.webp",
            "https://ichef.bbci.co.uk/news/480/cpsprodpb/5CA5/production/_98171732_line976.jpg.webp"
        ],
        "videos": [],
        "author": "By Jude Winter & Andy Twigge,",
        "text": [
            "A Derbyshire football club volunteer has won a trip to Wednesday's UEFA Europa League Final in Dublin as a reward for the work he does for his club. ",
            "Mark Frost, 51, won a volunteer of the season award for his commitment Ilkeston Town Football Club.",
            "The national award was introduced to celebrate volunteers who dedicate time to grassroots and non-elite football.",
            "Mr Frost said: \"It's taken time to sink in, I'm really looking forward to it.\"",
            "Mr Frost first walked through the gates of Ilkeston Town 12 years ago and has since dedicated his spare time to helping the club, with his good deeds including playing Santa at Christmas to marking out pitches for the club's 33 youth teams.",
            "The 51-year-old was nominated by Ilkeston Town for the Pitching In Volunteer of the Year award. ",
            "Pitching In is a grassroots sport investment programme and sponsor of the Trident Leagues, which includes Ilkeston Town's Northern Premier league. ",
            "Mr Frost gave up full time work to look after his son Matthew, who was born with a heart defect and lost a leg after a post-operative infection resulted in a heart attack.",
            "\"This football club helped me in very dark times\", he said. ",
            "\"When Matthew was poorly, this club really helped me and gave me some focus, which has been so rewarding.",
            "\"I'm not in it for the praise and the thank yous, I'm in it for football. To be recognised by people in football through peers I really respect, what an honour. ",
            "\"To hear people from the league saying what they said about me and Ilkeston Town Football Club, it meant a real lot to me.\"",
            "As part of his prize, Mr Frost will have a kick about session with former Premier League players Diego Forlan and Robert Pires on Thursday, after Wednesday's final in Dublin. ",
            "He added: \"I've been to get some new glistening boots for it but the majority of my game time will be in the technical area as my playing days are done. The new white boots I bought are shinier than my forehead!\"",
            "\"I'm looking forward to it now, it's definitely sinking in more everyday.\"",
            "Follow BBC Derby on Facebook, on X, or on Instagram. Send your story ideas to eastmidsnews@bbc.co.uk or via WhatsApp on 0808 100 2210."
        ]
    },
    "https://www.bbc.com/news/uk-england-oxfordshire-68987008": {
        "link": "https://www.bbc.com/news/uk-england-oxfordshire-68987008",
        "subtitle": "Protest camps, described as \"liberated zones\", have been set up near Oxford University campuses.",
        "time": null,
        "title": "Gaza protests: Oxford University students deliver Gaza demands",
        "topics": [],
        "images": [],
        "videos": [],
        "author": "",
        "text": []
    },
    "https://www.bbc.com/news/articles/cx030v84l3vo": {
        "link": "https://www.bbc.com/news/articles/cx030v84l3vo",
        "subtitle": "They dress in traditional clothing every day, own vintage furniture and limit time with technology.",
        "time": null,
        "title": "Norfolk couple in their 20s live like it is the 1940s",
        "topics": [
            "Ditchingham"
        ],
        "images": [
            "https://ichef.bbci.co.uk/news/480/cpsprodpb/7eb0/live/95ae9810-15c6-11ef-9dec-0b62d9933342.jpg.webp",
            "https://ichef.bbci.co.uk/news/480/cpsprodpb/f588/live/b5b4fd20-15c6-11ef-94ed-2b112af4ab2b.jpg.webp",
            "https://ichef.bbci.co.uk/news/480/cpsprodpb/e959/live/c37ebc00-15c8-11ef-9b12-1ba8f95c4917.jpg.webp",
            "https://ichef.bbci.co.uk/news/480/cpsprodpb/a320/live/f43b9c80-1502-11ef-976f-87c9f89e656e.jpg.webp",
            "https://ichef.bbci.co.uk/news/480/cpsprodpb/cc5a/live/981cd710-1454-11ef-976f-87c9f89e656e.jpg.webp",
            "https://ichef.bbci.co.uk/news/480/cpsprodpb/6655/live/ae84f900-15c7-11ef-976f-87c9f89e656e.jpg.webp"
        ],
        "videos": [],
        "author": "Zoe Dennis,",
        "text": [
            "A couple in their 20s have decided to live their lives as if it were the 1940s.",
            "Liberty Avery, 24, and Greg Kirby, 29, from Ditchingham in Norfolk, dress in traditional clothing every day and own vintage furniture from the era.",
            "They go on 40s-themed holidays, own a 1942 American Jeep and, of course, dressed in 40s finery for their wedding day.",
            "Mr Kirby said: \"It's just a simple life, really.\"",
            "\"We tried to make our wedding as 40s as possible; traditional, as perhaps our grandparents would've done it,\" he added. ",
            "\"They wouldn't have necessarily spent a huge amount, so we didn't, either.\"",
            "The couple had a traditional church wedding, went to a pub for food and had a dance in the local village hall to celebrate.",
            "They also spent a week in Brighton for their honeymoon.",
            "\"The reaction to us when walking down the street is generally positive,\" Ms Avery said.",
            "\"We do get the odd joke but it's a nice way to meet people because people do approach us.\" ",
            "She admitted she was very shy growing up and felt people approaching her has helped.  ",
            "The couple limit their time with technology as much as possible, playing board games in the evening and going to traditional dances at the weekend. ",
            "Ms Avery, a vintage dressmaker, also likes to bake using 1940s recipes and kitchenware from that period.",
            "But she admitted they do occasionally take short breaks from the era.",
            "\"The old movies can be quite heavy, so Greg encourages us to watch something more recent now and again,\" she said. ",
            "The couple also conceded it was sometimes challenging to take care of delicate, old fabrics.",
            "But Mr Kirby, a barber, said: \"We find the clothes from that time period both comfortable and flattering.",
            "\"It means you're not just buying clothes for the season and throwing them away.",
            "\"We like to try and repair clothes, give it a new life and it looks just as good as 80 years ago.\" ",
            "They met when she was an apprentice at a hair salon and he walked in for an appointment. ",
            "Their love for the decade grew as their relationship blossomed. ",
            "\"He hasn't been able to get rid of me since,\" she laughed. ",
            "Follow Norfolk news on Facebook, Instagram and X. Got a story? Email eastofenglandnews@bbc.co.uk or WhatsApp us on 0800 169 1830"
        ]
    },
    "https://www.bbc.com/news/uk-england-dorset-68928118": {
        "link": "https://www.bbc.com/news/uk-england-dorset-68928118",
        "subtitle": "BBC Dorset's Political Reporter Tristan Pascoe hears from the key players ahead of council elections.",
        "time": null,
        "title": "Local elections 2024: Dorset Council group leaders talk politics at the pub",
        "topics": [
            "England and Wales elections 2024",
            "Dorset",
            "Dorset Council"
        ],
        "images": [
            "https://ichef.bbci.co.uk/news/480/cpsprodpb/DE49/production/_133250965_de27-42.jpg.webp",
            "https://ichef.bbci.co.uk/news/480/cpsprodpb/12C69/production/_133250967_de27-39.jpg.webp",
            "https://ichef.bbci.co.uk/news/480/cpsprodpb/9411/production/_133250973_de27-40.jpg.webp",
            "https://ichef.bbci.co.uk/news/480/cpsprodpb/17A89/production/_133250969_de27-41.jpg.webp",
            "https://ichef.bbci.co.uk/news/480/cpsprodpb/45F1/production/_133250971_de27-43.jpg.webp",
            "/bbcx/grey-placeholder.png"
        ],
        "videos": [],
        "author": "By Tristan Pascoe,",
        "text": [
            "Some say politics shouldn't be discussed at the pub, but with local elections coming up on Thursday, I headed to The Langton Arms in Tarrant Monkton to hear from some of Dorset Council's key players.",
            "At this Thursday's local elections all 82 seats on Dorset Council are up.",
            "The Unitary Authority was only created in 2019 - previously, the County Council it replaced had been Conservative controlled for all but eight of its 136 year history.",
            "In 1993 the Liberal Democrats took control, and held it for eight years.",
            "With dismal polling for Conservatives nationally, the Lib Dems believe that they are poised to take control of the council.",
            "Along with Rishi Sunak's low personal approval rating, poor national polling is making it hard for local Tory candidates and activists to want to be aligned to the national Conservative brand.",
            "79 of the 82 Tory candidates standing have chosen to call themselves \"Local Conservatives\". ",
            "Council leader Spencer Flower recently told Conservative MPs in Dorset to stay away when they'd asked how they could help during the local election campaign.",
            "He said the branding on the leaflets is nothing new: \"It's a local election about local services and I am proud of our record, not making any cuts to frontline services and not using up our reserves to balance the budget\".",
            "The Lib Dems control a number of councils in the surrounding area - including Bournemouth Christchurch and Poole Council, where the administration has had to identify \u00a344m of savings in setting their budget for this year. ",
            "I asked Lib Dem group leader on the council Nick Ireland, what he would do differently if he was in charge.",
            "\"We're not planning to make any cuts at all.  We're planning to build housing, because we can. There are lots of ways we can build for our residents. They've got to be available for \"social rent\", not affordable rent as defined by the Government. No one can afford that. We've had five years where Dorset Council hasn't built a single house. That's five years wasted.\"",
            "If the Conservatives lose just a handful of the forty three seats they are defending, then smaller parties like the Greens and the Independents group have already said that they'd join forces to support a Lib Dem administration.",
            "Claire Sutton is leader of the Green group, which currently has five seats.",
            "\"My group, the Greens has already worked collaboratively with colleagues. We have to be using the skills across the chamber.  And have the best people in the positions to which they're best suited,\" she said.",
            "Cllr Les Fry leads the four members of the group, Independents For Dorset.",
            "He said: \"Leave the politics behind. Have the best people in the best roles. Work together, make Dorset a better place for everybody.\"",
            "Paul Kimber, who represents Portland, is the only Labour and Co-operative Councillor.",
            "He said: \"The biggest single issue is getting money into Dorset because our RSG (Rate Support Grant) from the Government is so low. How can it be that we get \u00a3700k (seven hundred thousand) a year when some inner London boroughs get millions?\"",
            "My meeting with the council group leaders was convivial, with much consensus between them on a number of issues  - the need for housing, the cost of living crisis, the spiralling cost of social care - and the Bibby Stockholm at Portland Port, which none of my guests wished to see it stay a second longer once the that the original 18 month contract to host the migrant barge expires later this year.",
            "This is a fascinating contest.",
            "Electorally, Dorset has pretty much always been a \"sea of blue\". But if the political tide really is turning here, the result of what could be a very tight election will certainly be one to watch.",
            "Follow BBC South on Facebook, X, or Instagram. Send your story ideas to south.newsonline@bbc.co.uk or via WhatsApp on 0808 100 2240."
        ]
    },
    "https://www.bbc.com/sport/articles/c97747e5zj7o": {
        "link": "https://www.bbc.com/sport/articles/c97747e5zj7o",
        "subtitle": "BBC Sport speaks to rivals turned friends Eddie Hearn of Matchroom and Frank Warren of Queensberry before Saturday's five-versus-five card in Riyadh.",
        "time": "2024-05-30T08:13:58.178049",
        "title": "Matchroom vs Queensberry 5v5: Eddie Hearn v Frank Warren relive their rivalry - BBC Sport",
        "topics": [],
        "images": [
            "https://ichef.bbci.co.uk/news/1024/cpsprodpb/2a27/live/4e8e94c0-1e87-11ef-a13a-0b8c563da930.png",
            "https://ichef.bbci.co.uk/news/1024/cpsprodpb/fbf7/live/8147d2d0-1d03-11ef-aa99-97704ba0321a.jpg"
        ],
        "videos": [
            "//emp.bbc.com/emp/SMPj/2.52.1/iframe.html"
        ],
        "author": "",
        "text": [
            "In the early evening of Wednesday, 15 November, a handshake between two major promoters in London may have changed British boxing for the better, forever.",
            "Matchroom\u2019s Eddie Hearn and Queensberry boss Frank Warren exchanged pleasantries in a tiny Wembley Arena dressing room as they came face-to-face for the very first time.",
            "It was a surprisingly cordial meeting when you consider Hearn and Warren had traded verbal jabs - mainly through interviews with boxing YouTube channels - for several years.",
            "\"When you go 12 or 13 years without meeting or talking, you never think it's coming but it's one of the best things we've ever done in all honesty,\" Hearn tells BBC Sport while sitting beside Warren.",
            "They were brought together by the super-rich Saudi Arabia organisers to work on a card headlined by heavyweight Anthony Joshua in December.",
            "\"It was like 'forget the past, we've got to do this for the good of our companies, for the good of our fighters, the sport',\" Hearn says.",
            "The pair buried the hatchet on a rivalry which dates back to the 1980s, when Hearn's father Barry was at the helm for Matchroom, and have since worked together on more high-profile cards in Saudi.",
            "\"It's been quite enlightening for me. I\u2019ve been around for a long, long time and it's put a bit of a spring in my step. I'm enjoying it,\" Warren adds.",
            "Their budding bromance will be put to the test on Saturday, however, when the promoters pit fighters from their respective stable against each other in the unprecedented five-versus-five event in Riyadh.",
            "Just six months ago, nobody would have predicted Hearn and Warren would be playing a friendly and bizarrely captivating game of Jenga at April's news conference.",
            "Their relationship now is far less fragile than the building block game. ",
            "\"We're quite likeminded in a lot of things which I've found quite refreshing. I'm enjoying Eddie's company,\" Warren says.",
            "It is a rivalry steeped in history, ever since a young Hearn would listen to his father arguing with Warren on the phone.",
            "Hearn Sr - who until then had focused largely on snooker - capitalised when Warren was shot by a masked assailant in November 1989 and wealthy backers pulled their funding from the promoter.",
            "Boxers jumped ship to Matchroom but Warren's resilience saw him fight back. He orchestrated the 1993 rematch between Nigel Benn and Chris Eubank and two years later signed a lucrative contract with broadcasters Sky.",
            "History appeared to repeat itself years later when a fresh-faced Hearn Jr burst on to the scene and disrupted the market.",
            "Armed with prospects including Kell Brook and Tony Bellew - who would later become world champions - Hearn signed an exclusive deal with Sky Sports in 2012 which lasted nine years.",
            "As Warren and Hearn went about their business separately, fans and fighters suffered. ",
            "Some crossover fights materialised, such as Kid Galahad crossing the divide to face Queensberry's Josh Warrington in a featherweight world-title fight in 2019. ",
            "But the super-fight between Joshua and Tyson Fury and a light-heavyweight domestic dust-up between Joshua Buatsi and Anthony Yarde are just two examples of how promoter conflict prevented some high-profile match-ups from taking place. ",
            "That all changed when energy-rich Saudi Arabia entered the boxing foray.",
            "Now there was enough space - and money - for both Hearn and Warren to sit at the top table as Turki Alalshikh, chairman of Saudi Arabia's general entertainment authority, and Warren's son, Queensberry CEO George Warren, insisted on co-operation.",
            "\"It took someone with a bit of sense to bang our heads together and say 'guys we can do something really special',\" Hearn says.",
            "He soon realised the Hearns and Warrens were not all that different.",
            "\"There are a lot of similarities with the families,\" he adds. \"We\u2019re both from working class backgrounds. Frank started well doing in business, then his son George came through in a similar upbringing to me and we both made it in the sport.\"",
            "Hearn has secured the services of Deontay Wilder for a heavyweight tussle with fellow big-hitter Zhilei Zhang in this weekend's main event.",
            "Queensberry's Daniel Dubois will face heavyweight Filip Hrgovic in a world-title final eliminator and Liverpool featherweight Nick Ball will challenge WBA world champion Raymond Ford.",
            "A middleweight contest between Hamzah Sheeraz and Austin 'Ammo' Williams and a light-heavyweight bout between Willy Hutchinson and Craig Richards complete the line-up.",
            "\"We'd be fools to mess this up,\" Warren says of the collaboration as Hearn nods along.",
            "\"Our respective fighters are getting tremendous opportunities, making lots of money.\"",
            "Despite plans for more joint promotions already being in motion, Hearn and Warren insist the rivalry is still as fierce as ever.",
            "Warren will not even contemplate the thought of a Queensberry loss, comparing the event to a football derby.",
            "\"The respect won't go away but it's like the equivalent of the Scottish Old Firm game or Tottenham v Arsenal. That's what it is and we want to win it,\" he says.",
            "Hearn will always find that competitive edge \"whether it's Jenga, table tennis or a kickabout in the garden\".",
            "And if he is unable to secure bragging rights, he will have to answer to his father, who told him \"make sure you win - you've got to win\", says Hearn."
        ]
    },
    "https://www.bbc.com/sport/boxing/articles/cy63ywplg4no": {
        "link": "https://www.bbc.com/sport/boxing/articles/cy63ywplg4no",
        "subtitle": "Boxer Cindy Ngamba tells BBC Sport about her journey from Cameroon to England and the challenges she has faced earning a spot at the 2024 Paris Olympics.",
        "time": null,
        "title": "Boxer Cindy Ngamba on fighting for British citizenship and at Paris Olympics - BBC Sport",
        "topics": [],
        "images": [
            "https://ichef.bbci.co.uk/news/1024/cpsprodpb/123a/live/f1fb9200-0895-11ef-ba53-bb3837db9ae5.jpg",
            "https://ichef.bbci.co.uk/news/977/cpsprodpb/b928/live/3b882730-0896-11ef-ba53-bb3837db9ae5.jpg"
        ],
        "videos": [],
        "author": "",
        "text": [
            "Nothing in life has come easy for Cindy Ngamba.",
            "Since moving to the UK aged 10, Cameroon-born boxer Ngamba, who will compete at the 2024 Paris Olympics, has had to overcome obstacles at every turn, on a personal and professional level.",
            "After 15 years in England, the country she now proudly calls home, Ngamba is still fighting to be granted a visa and UK citizenship.",
            "Without a British passport, Ngamba cannot fight for Team GB in this summer's Olympics.",
            "But her dream of being at the Games remains intact after she won a scholarship with the IOC refugee team.",
            "Before earning refugee status, Ngamba's right to remain in the UK was precarious.",
            "At 20, Ngamba was on the verge of being deported after attending what she thought was a routine signing-on process to let authorities know she was still in the country.",
            "Ngamba was arrested, along with her brother Kennet, and sent from Manchester to a detention camp in London, for reasons she is still yet to get complete clarity on.",
            "She was released the next day following a phone call with her uncle who lives in Paris and works for the government.",
            "\"Imagine thinking you're just going to sign then go back to your house to go about your day and then you're put in the back of a van with handcuffs on,\" Ngamba told BBC Sport.",
            "\"I got sent to London and when I was there I spoke with loads of females. Some told me they had been there for many months and years. Some were going to be sent back to their country the next day and I'm thinking 'am I going to be sent back next?'\"",
            "Ngamba is unable to return to Cameroon due to her sexuality - homosexuality in the country is punishable with up to five years in prison.",
            "She has made a life in England, working her way through school and graduating from Bolton University with a degree in criminology.",
            "Following a difficult time at school where she struggled to adapt, boxing became Ngamba's outlet when she found Elite Boxing gym in Bolton, aged 15.",
            "\"Everything was different back at home compared to the UK so I kind of went into my shell,\" Ngamba said.",
            "\"I was a big girl and I got bullied for my weight and my language, just the way I spoke with my accent. I was just very quiet and reserved.\"",
            "Ngamba had to wait two years to lace up her gloves, with the coaches limiting her involvement in the gym to just skipping and cardio. But once the middleweight was given her chance, she quickly developed a fearsome reputation.",
            "The 25-year-old has won National Amateur titles in three separate weight classes - the first person to achieve that feat since Natasha Jonas.",
            "GB Boxing wanted to add Ngamba to their ranks for the Olympic programme, even writing a request to the Home Office to grant her citizenship.",
            "\"The contract that I needed to sign to get on the [Olympic] programme said you had to be a British citizen,\" Ngamba said.",
            "\"They couldn't help me and they had to let me go and it was devastating for me, but I knew that I had been through worse.",
            "\"It's not like I'm messing about here in the UK, I'm willing to work hard for it. I've gone through the same pathway that any British citizen kid would do.\"",
            "Ngamba's success in the amateur ranks has led to invitations to train with some of the best in the professional game.",
            "IBF welterweight champion Jonas, former undisputed light-welterweight champion Chantelle Cameron, undisputed super-middleweight champion Savannah Marshall and Olympic gold medallist Lauren Price are among those she has done sparring rounds with.",
            "\"These are the role models that I've been able to get in the ring with,\" Ngamba said.",
            "Ngamba won her Olympic qualifier in Italy in March to secure a quota spot and was named in the Refugee Olympic Team as a result.",
            "The IOC refugee team only select 22 athletes across all sports and she was the first ever boxer in refugee team to qualify for the Games.",
            "\"The way I see it is that all those setbacks, coming to the UK, my childhood, the paper situation and my boxing, it just makes me stronger mentally and physically,\" Ngamba said.",
            "\"I believe I can achieve anything that I put my mind to because I've gone through worse with my paper situation.\""
        ]
    },
    "https://www.bbc.com/sport/golf/articles/ckr5dzydp70o": {
        "link": "https://www.bbc.com/sport/golf/articles/ckr5dzydp70o",
        "subtitle": "Rory McIlroy says there is \"no strain\" in his relationship with Tiger Woods but admits they do not \"see eye-to-eye\" on the sport's future.",
        "time": null,
        "title": "Rory McIlroy denies fall-out with Tiger Woods over future of golf - BBC Sport",
        "topics": [],
        "images": [
            "https://ichef.bbci.co.uk/news/1024/cpsprodpb/f5a7/live/939ab4f0-0eaf-11ef-a74a-7d16df1ac31c.jpg"
        ],
        "videos": [],
        "author": "",
        "text": [
            "Rory McIlroy says there is \"no strain\" in his relationship with Tiger Woods but admits they have different views on the future of men's professional golf.",
            "The disagreement arises from ongoing negotiations on a possible deal between the PGA Tour and the Saudi Arabian backers of LIV Golf.",
            "World number two McIlroy, who has softened his stance on the breakaway LIV tour, revealed he is now a member of the \u201ctransaction subcommittee\u201d that is trying to do a deal.",
            "However, McIlroy said on Wednesday that he will not be returning to the PGA Tour's policy board after it \"got pretty complicated and pretty messy\".",
            "The Telegraph reported, external that 15-time major winner Woods voted against McIlroy re-joining the board.",
            "\u201cI would say, I mean, I think friends can have disagreements or not see things - I guess not - not see eye to eye on things but have disagreements on things,\u201d McIlroy said. ",
            "\u201cI think that's fine. But no, I wouldn't say - we had a really good talk last Friday for 45 minutes just about a lot of different things.",
            "\u201cNo, there's no strain there. I think we might see the future of golf a little bit differently, but I don't think that should place any strain on a relationship or on a friendship.\u201d",
            "Woods and 2013 Masters winner Adam Scott are also on a five-member subcommittee that will be negotiating with Saudi Arabia\u2019s Public Investment Fund (PIF).",
            "McIlroy, speaking after carding an opening four-under 67 at the Wells Fargo Championship, added: \"I've already had calls with that group - I had a really good hour and a half Zoom with those guys on Sunday. ",
            "\"We went through a 150-page doc about the future product model and everything.",
            "\u201cYeah, I'm not on the board, but I'm in some way involved in that transaction committee. I don't have a vote so I don't - you know, I don't have I guess a meaningful say in what happens in the future.\"",
            "On the PGA Tour policy board, McIlroy backtracked somewhat on his comments on Wednesday when he also said there was \"a subset of people on the board that were maybe uncomfortable with me coming back on for some reason\".",
            "A day later he asserted it had more to do with red tape. ",
            "\u201cI don't necessarily think or believe that people didn't want me involved. It was more just the process of how I could get involved again, right?\" he said."
        ]
    },
    "https://www.bbc.com/sport/69032222": {
        "link": "https://www.bbc.com/sport/69032222",
        "subtitle": "Aston Villa eye Conor Gallagher, Tottenham keen on Ivan Toney, Real Madrid want Mac Allister, plus more.",
        "time": null,
        "title": "Sunday's gossip: Gallagher, Toney, McKenna, De Zerbi, Mac Allister, Branthwaite, Greenwood, Silva - BBC Sport",
        "topics": [],
        "images": [
            "https://ichef.bbci.co.uk/news/1024/cpsprodpb/10006/production/_133324556_-50421f73-307a-4d36-8239-3093634b6edb.png",
            "https://ichef.bbci.co.uk/news/2048/cpsprodpb/C588/production/_119786505_bbc_sport_yellow_footer.png",
            "https://ichef.bbci.co.uk/news/2048/cpsprodpb/C588/production/_119786505_bbc_sport_yellow_footer.png"
        ],
        "videos": [],
        "author": "",
        "text": [
            "Aston Villa are interested in Chelsea's 24-year-old England midfielder Conor Gallagher and might use Colombia forward Jhon Duran, 20, as part of the deal. (Telegraph - subscription), external",
            "Brentford and England forward Ivan Toney, 28, is wanted by Tottenham as one of two attacking signings this summer. (Football Insider), external",
            "Ipswich manager Kieran McKenna is a leading candidate to replace Mauricio Pochettino at Chelsea, whose future is undecided. (Guardian), external",
            "Outgoing Brighton manager Roberto de Zerbi is Bayern Munich's top target to replace Thomas Tuchel. (Bild), external",
            "Bayern Munich and De Zerbi have decided they will not be working together. (Fabrizio Romano), external",
            "Real Madrid want Liverpool's 25-year-old Argentina midfielder Alexis Mac Allister, although they have not made an offer. (Sun), external",
            "Fenerbahce and Besiktas want to appoint former Chelsea and Manchester United manager Jose Mourinho. (Goal), external",
            "Newcastle, Everton and Crystal Palace are interested in 22-year-old English midfielder Kasey McAteer, who is about to enter the final year of his contract at Leicester City. (Football Insider), external",
            "Everton are preparing to receive offers for 21-year-old English defender Jarrad Branthwaite, with Manchester United, Manchester City and Tottenham interested. (Mail), external",
            "Manchester United want to sell 22-year-old English forward Mason Greenwood, who has been linked with Napoli, Juventus and Atletico Madrid after impressing on loan at Getafe. (Talksport), external",
            "Napoli have made contact with Manchester United over a move for Greenwood. (Athletic - subscription), external",
            "Borussia Dortmund are also keen on Greenwood. (Mirror), external",
            "Incoming Liverpool manager Arne Slot has prioritised the signing of 20-year-old Portugal defender Antonio Silva from Benfica. (Give Me Sport), external",
            "RB Leipzig have set the release clause for 20-year-old Slovenia forward Benjamin Sesko, who has been linked with Arsenal, at \u00a356m. (Sky Sports Germany), external",
            "Manager Xavi says he still has Barcelona's backing despite reports that he may be sacked. (Times - subscription), external",
            "Saturday's gossip column",
            "Visit your Premier League club's page with all the latest news, analysis and fan views, and sign up for notifications",
            "Our coverage of your Premier League club is bigger and better than ever before - follow your team and sign up for notifications in the BBC Sport app to make sure you never miss a moment"
        ]
    }
}