{
    "https://www.bbc.com/news/articles/ce4383v4wwno": {
        "link": "https://www.bbc.com/news/articles/ce4383v4wwno",
        "subtitle": "Kami Rita Sherpa scaled the world's tallest mountain for a 29th time while a Briton marked his 18th.",
        "time": null,
        "title": "Mount Everest: Record summits made by Nepali and British climbers",
        "topics": [
            "Asia",
            "Mount Everest",
            "Nepal"
        ],
        "images": [
            "https://ichef.bbci.co.uk/news/480/cpsprodpb/4c5e/live/c265e0b0-10e0-11ef-bf67-6fa69c5064ee.jpg.webp",
            "https://ichef.bbci.co.uk/news/480/cpsprodpb/6e88/live/a7e29da0-10e0-11ef-bf67-6fa69c5064ee.jpg.webp"
        ],
        "videos": [],
        "author": "Frances Mao,",
        "text": [
            "Mount Everest saw two record-breaking climbs on Sunday with a Nepali sherpa making the most ever summits and a British climber setting the record for a foreigner.",
            "Kami Rita Sherpa, 54, scaled the world's tallest mountain for a 29th time while British man Kenton Cool marked his 18th peak.",
            "Sherpa, already the world-record holder, beat his own landmark in setting the new standard.",
            "A guide for over two decades, he first climbed the summit in 1994 and has made the peak almost every year since.",
            "The climbing season has just started on Mount Everest, which is expecting hundreds of climbers to make the trek over the coming weeks.",
            "Sherpa reached the 8,849m (29,000ft) summit on Sunday at about 07:30 local time (1:45GMT).",
            "Last week, he had posted to Instagram from Everest base camp saying he was back to try a 29th summit \"to the top of the world\".",
            "\"One man's job, another man/woman's dream\", he wrote.",
            "The sherpa has previously told media how his climbs are just work - but he did do the trek twice last year to reclaim his crown from long-time rival and compatriot Pasang Dawa Sherpa.",
            "Local authorities said Mr Cool, from Gloucestershire, had also summited on Sunday.",
            "The British man is also a mountaineering guide and has previously played down his achievements, telling AFP news agency in 2022 that \"so many of the Sherpas have so many more ascents\".",
            "Lhakpa Sherpa is the woman who has made the most ever climbs of Mount Everest, crowd-funding her world-record 10th climb in 2022.",
            "Nepal's government has issued about 400 mountaineering permits to climbers this year for the spring season which runs from April to June. Almost all climbers are accompanied by a local guide meaning about 800 people are expected to make the ascent.",
            "More than 600 people made it to the peak last year. But it was also one of the deadliest climbing seasons- with 18 deaths recorded on the mountain."
        ]
    },
    "https://www.bbc.com/sport/cycling/articles/clm3jd9y0d9o": {
        "link": "https://www.bbc.com/sport/cycling/articles/clm3jd9y0d9o",
        "subtitle": "Tadej Pogacar stretches his Giro d'Italia lead with victory in the stage-seven time trial as Geraint Thomas drops to third overall.",
        "time": null,
        "title": "Giro d'Italia: Tadej Pogacar wins stage seven to stretch lead - BBC Sport",
        "topics": [],
        "images": [
            "https://ichef.bbci.co.uk/news/1024/cpsprodpb/2c1b/live/2930c030-0ef2-11ef-9773-439c762454e2.jpg"
        ],
        "videos": [],
        "author": "",
        "text": [
            "Tadej Pogacar stretched his Giro d'Italia lead as he powered to victory in the stage-seven time trial, while Geraint Thomas dropped to third overall.",
            "The Slovenian once again illustrated his status as the overwhelming Giro favourite, flying up the final climb to overhaul Filippo Ganna's time.",
            "Pogacar trailed double world time trial champion Ganna by 47 seconds at the foot of the climb but claimed his second stage win of the week by 17 seconds after a blistering run to the finish line.",
            "The 25-year-old finished the 40.6km stage in 51 minutes 44 seconds.",
            "Welshman Thomas, who began the day second overall, fell to third after losing two minutes to Pogacar on the day.",
            "Bora-hansgrohe rider Dani Martinez finished one minute 49 seconds behind Pogacar but it was enough to see him jump above his former Ineos team-mate Thomas into second, two minutes and 36 seconds off the leader's pink jersey overall.",
            "Thomas said: \"I just tried to ride within myself and then when it was time to go, I felt OK but just lacked a bit. I couldn't get right on top of it over those kickers. It is what it is, just one of those days.\"",
            "Pogacar, who was racing in his first time trial since the World Championships in Glasgow last August, said he took it slow in the opening stages.",
            "\"It was a lot of preparation for this and a lot of ups and downs since last year, but I'm super happy today,\" Pogacar said.",
            "\"I felt good. I started with a bit of an easier pace to get used to the TT bike and paced myself to the climb.",
            "\"Then the climb was full gas and I'm super happy with today's day on the bike.\"",
            "1. Tadej Pogacar (Slo/UAE Team Emirates) 51mins 44secs",
            "2. Filippo Ganna (Ita/Ineos Grenadiers) +17secs",
            "3. Magnus Sheffield (US/Ineos Grenadiers) +49secs",
            "4. Thymen Arensman (Ned/Ineos Grenadiers) +1min",
            "5. Maximilian Schachmann (Ger/Bora-hansgrohe) +1min 05secs",
            "6. Antonio Tiberi (Ita/Bahrain-Victorious) +1min 21secs",
            "7. Luke Plapp (Aus/Jayco AlUla) +1min 45secs",
            "8. Dani Martinez (Col/Bora-hansgrohe) +1min 49secs",
            "9. Mikkel Bjerg (Den/UAE Team Emirates) +1min 56secs",
            "10. Geraint Thomas (GB/Ineos Grenadiers) +2mins",
            "1. Tadej Pogacar (Slo/UAE Team Emirates) 24hrs 12mins 36secs",
            "2. Dani Martinez (Col/Bora-hansgrohe) +2mins 36secs",
            "3. Geraint Thomas (GB/Ineos Grenadiers) +2mins 46secs",
            "4. Ben O'Connor (Aus/Decathlon) +3mins 33secs",
            "5. Luke Plapp (Aus/Jayco AlUla) +3mins 42secs",
            "6. Alexey Lutsenko (Kaz/Astana Qazaqstan) +3mins 49secs",
            "7. Cian Uijtdebroeks (Bel/Team Visma-Lease a Bike) +3mins 50secs",
            "8. Antonio Tiberi (Ita/Bahrain-Victorious) +4mins 11secs",
            "9. Filippo Zana (Ita/Jayco AlUla) +4mins 41secs",
            "10. Lorenzo Fortunato (Ita/Astana Qazaqstan) +4mins 44secs"
        ]
    },
    "https://www.bbc.com/news/world-europe-68998812": {
        "link": "https://www.bbc.com/news/world-europe-68998812",
        "subtitle": "At least 17 people have been injured in Russia's city of Belgorod, near the border with Ukraine.",
        "time": null,
        "title": "Russian apartment block collapses explosion",
        "topics": [],
        "images": [],
        "videos": [],
        "author": "",
        "text": []
    },
    "https://www.bbc.com/news/articles/c8vzd6yjrmgo": {
        "link": "https://www.bbc.com/news/articles/c8vzd6yjrmgo",
        "subtitle": "Double amputee Hari Budha Magar aims to climb the highest peaks on all seven continents.",
        "time": null,
        "title": "Hari Budha Magar: Gurkha Everest climber sets sights on new peaks",
        "topics": [
            "Mountaineering",
            "Mount Everest",
            "Gurkhas",
            "Canterbury"
        ],
        "images": [
            "https://ichef.bbci.co.uk/news/480/cpsprodpb/0ee8/live/34b17f30-1433-11ef-9bd5-e996843d1de6.jpg.webp",
            "https://ichef.bbci.co.uk/news/480/cpsprodpb/07fe/live/5231f550-1436-11ef-aaba-c118de1aaa36.jpg.webp",
            "https://ichef.bbci.co.uk/news/480/cpsprodpb/6b44/live/ab11ef40-143b-11ef-b0d8-137e1a51c92d.jpg.webp"
        ],
        "videos": [],
        "author": "Bob Dale,",
        "text": [
            "A former Gurkha who became the first double above the knee amputee to climb Everest is targeting a new record.",
            "Hari Budha Magar, originally from Nepal but now living in Canterbury, Kent, plans to climb the highest peak on each of the seven continents.",
            "Mr Magar lost both legs while serving with the British Army in Afghanistan in 2010.",
            "He climbed Everest in May 2023, as part of a six week expedition.",
            "As well as Everest, he climbed Mont Blanc in Europe in 2019 and Kilimanjaro in Africa in 2020, leaving him four peaks to reach his target.",
            "In June 2024 he will set off for Denali, formerly Mount McKinley, in Alaska, North America.",
            "He will then plan expeditions Aconcagua in the Argentinian Andes, Mount Vinson in Antarctica and Puncak Jaya, which is in Papua, Indonesia, for the Oceania summit. ",
            "Mr Magar said: \"Limitations are put on those with a disability all the time. Yet most of the time a disability is not life-limiting, it shouldn't stop us from chasing our dreams.",
            "\"Through my challenges, I want to raise awareness of disability and positively change the way people with disabilities are perceived and how they perceive themselves.\"",
            "Mr Magar has also completed multiple sky dives, kayaked around the Isle of Wight, paraglided and bungee jumped.",
            "He is now raising money to fund his expeditions.",
            "Follow BBC Kent on Facebook, on X, and on Instagram. Send your story ideas to southeasttoday@bbc.co.uk or WhatsApp us on 08081 002250."
        ]
    },
    "https://www.bbc.com/news/world-latin-america-68969337": {
        "link": "https://www.bbc.com/news/world-latin-america-68969337",
        "subtitle": "Aerial footage shows devastating scenes in Brazil as landslides and massive flooding kill dozens.",
        "time": null,
        "title": "Brazil: Images show devastating impact of Rio Grande do Sul floods",
        "topics": [],
        "images": [],
        "videos": [],
        "author": "",
        "text": []
    },
    "https://www.bbc.com/news/uk-northern-ireland-68973494": {
        "link": "https://www.bbc.com/news/uk-northern-ireland-68973494",
        "subtitle": "Fans turned out for Cliftonville FC across Belfast after the team's 45-year wait for Irish Cup success.",
        "time": null,
        "title": "Fans turn out to celebrate Cliftonville's Irish Cup win",
        "topics": [],
        "images": [],
        "videos": [],
        "author": "",
        "text": []
    },
    "https://www.bbc.com/news/uk-68998809": {
        "link": "https://www.bbc.com/news/uk-68998809",
        "subtitle": "The UK's foreign secretary has said there are no plans to copy the US and potentially stop some arms sales to Israel.",
        "time": null,
        "title": "UK arms exports change would make Hamas stronger, says Cameron",
        "topics": [],
        "images": [],
        "videos": [],
        "author": "",
        "text": []
    },
    "https://www.bbc.com/sport/football/articles/c2jj4nx0x29o": {
        "link": "https://www.bbc.com/sport/football/articles/c2jj4nx0x29o",
        "subtitle": "England defender Esme Morgan is to leave Manchester City this summer \"subject to international clearance\", the club confirm.",
        "time": "2024-05-27T19:40:58.637123",
        "title": "Esme Morgan: England defender to leave Manchester City this summer - BBC Sport",
        "topics": [],
        "images": [
            "https://ichef.bbci.co.uk/news/955/cpsprodpb/0f20/live/a7a17170-1c0e-11ef-a11e-b1a4ba8bef4b.jpg"
        ],
        "videos": [],
        "author": "",
        "text": [
            "England defender Esme Morgan will leave Manchester City this summer \"subject to international clearance\".",
            "The 23-year-old, who has eight caps for the Lionesses, looks set to join a club outside the Women's Super League.",
            "Neither City nor Morgan have confirmed her destination but the club said she would be leaving pending clearance and a work permit.",
            "It is likely Morgan will be joining a club in the USA, with BBC Sport understanding that she is set to join National Women's Soccer League side Washington Spirit.",
            "Morgan will link up with former Barcelona manager Jonatan Giraldez in Washington. Giraldez is taking over at Spirit after guiding the Spanish side to victory in the Champions League final on Saturday.",
            "Morgan came through the youth ranks at City, making her professional debut in 2017 and going on to appear in 87 senior matches across all competitions.",
            "She won the Women's FA Cup and League Cup with City, and was part of the team that came second to Chelsea in the WSL this season, missing out on the title on the final day.",
            "\"For nine years I have been lucky to live a dream and have the honour of playing for my club,\" Morgan said in a statement posted to X, external.",
            "\"I'm incredibly thankful for the support of everyone at Man City throughout my journey from the academy to first team, continually opening doors for me to develop as a player and as a person, and always with the right timing.\"",
            "Morgan made her senior England debut in October 2022 and was part of the squad that reached the final of the 2023 Women's World Cup."
        ]
    },
    "https://www.bbc.com/news/articles/c722q818ek7o": {
        "link": "https://www.bbc.com/news/articles/c722q818ek7o",
        "subtitle": "Boss, a labrador, and springer spaniel Ozzie learn to search for firearms, drugs, and cash.",
        "time": "2024-05-30T15:41:12.103720",
        "title": "Guernsey Police train dogs to search for drugs and guns",
        "topics": [],
        "images": [
            "https://ichef.bbci.co.uk/news/480/cpsprodpb/3e67/live/8f4ffd50-1e91-11ef-82d2-170b0b292a3d.jpg.webp"
        ],
        "videos": [],
        "author": "Jack Silver,",
        "text": [
            "Two police dogs have been taking part in a training exercise searching for drugs, cash and firearms.",
            "Officers from the force were teaching springer spaniel Ozzie and labrador Boss to search for the items at Beau Sejour Leisure Centre.",
            "They also carried out a building search in the theatre section of the centre, which officers said would help them become familiar with \"larger buildings\".",
            "In June, the Guernsey Police Dog Section will be perform an interactive demo in St Peter Port as part of the police's summer recruitment drive.",
            "Follow BBC Guernsey on X (formerly Twitter) and Facebook. Send your story ideas to channel.islands@bbc.co.uk."
        ]
    }
}