{
    "https://www.bbc.com/news/articles/c2jjvpxxgr5o": {
        "link": "https://www.bbc.com/news/articles/c2jjvpxxgr5o",
        "subtitle": "The Conservatives are pushing for six TV debates, but Labour officials will only commit to two run by the BBC and ITV.",
        "time": "2024-05-24T11:14:33.261187",
        "title": "Keir Starmer agrees to TV election debates with Rishi Sunak",
        "topics": [
            "Keir Starmer",
            "Rishi Sunak",
            "General election 2024 "
        ],
        "images": [],
        "videos": [
            ""
        ],
        "author": "Sam Francis,",
        "text": [
            "Labour leader Sir Keir Starmer has agreed to take part in televised election debates with Prime Minister Rishi Sunak.",
            "The Conservatives are pushing for six TV debates, one each week of the campaign, but Labour officials will only commit to two - run by the BBC and ITV.",
            "Writing in the Telegraph, Mr Sunak claimed the Labour leader does not have the \"courage\" to face him.",
            "Speaking to the BBC, Sir Keir said: \"I can do one debate or 100, I know what Sunak is going to say.",
            "\"Of course there will be live TV debates, but I want to talk for as long as I can to voters directly and take my message to them and hear from them.",
            "\"At the end the power is with those voters.\"",
            "Labour sources told the BBC they will \"not be tearing up the format established in previous elections just to suit this week's whims of the Tory Party\".",
            "They indicated Sir Keir would be willing to take part in the two debates with the largest potential audiences - BBC and ITV.",
            "The senior Labour figure told the BBC Sir Keir wanted to take part in two head-to-head debates, rather than including smaller parties.",
            "The source added they did not believe debates on other TV channels with smaller audiences was a valuable use of campaign time.",
            "Writing for The Telegraph, Mr Sunak said: \"There are big issues at stake in this election. Do we continue cutting taxes or raise taxes on working households as Labour would do?",
            "\"Do we prioritise energy security and your family's finances in our approach to net zero or put environmental dogma first as Sir Keir Starmer and Ed Miliband would. And, above all, how do we give this country the secure future it deserves?",
            "\"I want to debate these issues with Sir Keir Starmer. But he doesn't want to because he doesn't have a plan and doesn't have the courage to say what he wants to do.\"",
            "Liberal Democrat leader Sir Ed Davey has said he wants to be included in any televised debates - saying it would be \"the most democratic thing\" to see all party leaders together.",
            "He said people wanted to hear \"fresh voices\" and accused the Tories of \"running scared\".",
            "Televised leaders' debates in the UK began in 2010, when there were three, featuring Labour prime minister Gordon Brown, Conservative leader David Cameron and Lib Dem leader Nick Clegg."
        ]
    },
    "https://www.bbc.com/news/articles/cldd6x6gglxo": {
        "link": "https://www.bbc.com/news/articles/cldd6x6gglxo",
        "subtitle": "The international body upgrades its UK growth forecast and says rates could fall to 4.5% by the end of 2024.",
        "time": null,
        "title": "Rates should be cut to 3.5% by end of 2025, IMF says",
        "topics": [
            "International Monetary Fund (IMF)",
            "Economic growth",
            "UK economy"
        ],
        "images": [
            "https://ichef.bbci.co.uk/news/480/cpsprodpb/03c8/live/ef7e2a60-1745-11ef-8ff2-a1e36ae13cd8.jpg.webp"
        ],
        "videos": [],
        "author": "Faisal Islam & Nick Edser,",
        "text": [
            "UK interest rates should be cut to 3.5% by the end of next year, the International Monetary Fund (IMF) has recommended.",
            "Such a move could see the Bank of England cut its key rate by up to seven times from its current level of 5.25%.",
            "The IMF's comments came as it upgraded its UK's growth forecast for 2024, but it it advised against any further tax cuts.",
            "Chancellor Jeremy Hunt said the report \"clearly shows that independent international economists agree that the UK economy has turned a corner\".",
            "Mr Hunt added that the IMF had \"forecast we will grow faster than any other large European country over the next six years - so it is time to shake off some of the unjustified pessimism about our prospects\".",
            "Labour\u2019s shadow chief secretary Darren Jones said the Conservatives had left the country in \"economic chaos\". ",
            "\"Millions of people are paying more on their mortgages, prices are still rising in the shops and the UK economy has been rocked by a mini-budget that left working families worse off,\" he said.",
            "Liberal Democrat Treasury spokesperson Sarah Olney said the government had \"blown a black hole in the country's finances, bringing public services to their knees\".",
            "The IMF is an international organisation with 190 member countries, including the UK. They work together to try to stabilise the global economy.",
            "One of the Fund's jobs is to advise its members on how to improve their economies.",
            "The IMF said the UK's economy was \"approaching a soft landing\u201d after last year's mild recession.",
            "It upgraded its growth forecast marginally for this year from 0.5% to 0.7%, and predicted growth of 1.5% in 2025.",
            "While UK inflation, the rate at which prices increase, is expected to fall close to the Bank of England's target of 2% on Wednesday, it is then set to rise a little over the course of the rest of the year, before \u201cdurably\u201d settling at the target rate in early 2025, the Fund said.",
            "When it came to interest rate cuts, the IMF noted the Bank had to balance the risk of not cutting too quickly before inflation is under control, against that of keeping rates too high, which could hit growth. ",
            "But speaking at a news conference, Ali Abbas, the IMF UK mission chief, said the Fund recommended cutting the current Bank rate of 5.25% to either 4.75% or 4.5% by the end of the year.",
            "It also recommended further cuts in 2025, taking the rate as low as 3.5%.",
            "\u201cOur recommendation is for 50-75 basis points [0.5-0.75% points] this year, plus we project and this is also this is our recommendation of 100 basis points [1% point] cuts in 2025,\" Mr Abbas said.",
            "The IMF warned the next government faced \u201cdifficult choices\u201d on taxes and spending, and said it would not have recommended the recent cuts to National Insurance \"given their significant cost\".",
            "The Fund assumes that the government will have to spend significantly more on public services over the next five years, meaning that its self-imposed target for falling debt as a share of national income will not be met. This leads to a gap of about 1% of UK gross domestic product (GDP), or \u00a330bn a year.",
            "Given the state of the public finances, the IMF said it would \"advise against additional tax cuts\".",
            "In January, the Fund had also advised against tax cuts but the government announced another cut to National Insurance in the March Budget.  ",
            "IMF managing director Kristalina Georgieva told a news conference that the UK needed to bolster its public finances, which were hit by heavy spending during the Covid pandemic.",
            "\"We are genuinely concerned, not just for the UK, [but] for all countries that have used fiscal buffers extensively, that they must do more to rebuild these buffers,\" she said.",
            "\"In a world of more uncertainty, we do not know when there may be again a call on governments to have to borrow more to spend more.\"",
            "The report\u2019s key long-term concern was a lack of workers arising from long-term illness and fewer foreign workers.",
            "It suggested that if there was a new global financial crisis, \u201ca shock to UK sovereign risk premia cannot be ruled out\u201d which would push up interest rates.",
            "The IMF suggests extra tax revenue from road usage, VAT, inheritance and property should be required.",
            "It also advises the end of the triple lock on the state pension - a government promise to raise it by the rate of earnings, inflation or 2.5%, whichever is highest - and instead pegging increases to inflation alone.",
            "The IMF also pointedly advised the government to \u201cstay the course on climate policy\u201d, after recent delays to net zero policy timetables, for example, on electric cars.",
            "The annual report is the conclusion of a team of IMF economists who have spent months meeting policymakers and businesses as part of what is known as the Article IV process.",
            "But economic forecasters are not always right with their predictions and the IMF and UK government have disagreed in the past over previous projections."
        ]
    },
    "https://www.bbc.com/news/articles/clll2p73j5lo": {
        "link": "https://www.bbc.com/news/articles/clll2p73j5lo",
        "subtitle": "The BBC tracks the crucial issues facing South Africans ahead of the 29 May general election.",
        "time": null,
        "title": "South Africa election 2024: Eight charts that help explain the issues",
        "topics": [
            "South Africa elections 2024",
            "South Africa",
            "Africa"
        ],
        "images": [
            "https://ichef.bbci.co.uk/news/480/cpsprodpb/3632/live/19466160-179a-11ef-b5cc-cb8b8c4cef5a.jpg.webp",
            "https://ichef.bbci.co.uk/news/480/cpsprodpb/cca6/live/e4815ea0-1779-11ef-80aa-699d54c46324.png.webp",
            "https://ichef.bbci.co.uk/news/480/cpsprodpb/c0a6/live/fb32d930-1779-11ef-baa7-25d483663b8e.png.webp",
            "https://ichef.bbci.co.uk/news/480/cpsprodpb/d1fa/live/1b1d2ac0-177a-11ef-80aa-699d54c46324.png.webp",
            "https://ichef.bbci.co.uk/news/480/cpsprodpb/3032/live/3c62c690-177a-11ef-b5cc-cb8b8c4cef5a.png.webp",
            "https://ichef.bbci.co.uk/news/480/cpsprodpb/97a1/live/4a044ee0-177a-11ef-baa7-25d483663b8e.png.webp",
            "https://ichef.bbci.co.uk/news/480/cpsprodpb/972a/live/58e81b30-177a-11ef-b5cc-cb8b8c4cef5a.png.webp",
            "/bbcx/grey-placeholder.png",
            "/bbcx/grey-placeholder.png",
            "/bbcx/grey-placeholder.png",
            "/bbcx/grey-placeholder.png"
        ],
        "videos": [],
        "author": "Damian Zane, Dorothy Otieno & Olaniyi Adebimpe,",
        "text": [
            "South Africa, one of the continent\u2019s richest and most influential countries, goes to the polls on 29 May amid concerns about unemployment, high crime rates and power cuts.",
            "Here, in charts, are the big issues in this general election - the seventh since the start of the democratic era in 1994.",
            "If the opinion polls are correct then the ballot could herald a new phase in the country\u2019s politics.",
            "The African National Congress (ANC) has been the dominant political force since it successfully led the struggle against the white-minority government and the racist legal system known as apartheid. ",
            "It won the country's first democratic elections in 1994 and has been in power ever since.",
            "But its share of the vote at general elections has been falling steadily since its high-water mark of 70% in 2004.",
            "Surveys suggest that it may drop below 50% for the first time, forcing the party into some form of coalition.",
            "One of the factors that has eaten into the ANC\u2019s support is the state of the economy.",
            "Taking the last 30 years as a whole, South Africans, on average, have become richer. Poverty levels have fallen and, in general, people have access to better housing and health care.",
            "However from 2011 there has been a downward trend in average incomes, leaving many feeling less well-off and leading to accusations that the governing party has mismanaged the economy.",
            "South Africa has, though, been recently buffeted by external factors such as the coronavirus pandemic and the global spike in prices.",
            "Looking at averages alone does not tell the whole story of a country, as income and wealth are not evenly distributed across the population.",
            "Using a measure known as the Gini coefficient, which looks at the proportion of income different groups of households receive, South Africa is the most unequal country in the world.",
            "For instance, the richest 20% of the population hold nearly 70% of the income. By contrast, the poorest 40% of South Africans hold just 7% of the nation\u2019s income.",
            "One of the main drivers of inequality and the most obvious impact of the economic problems can be seen in the unemployment rate, which the World Bank says is the highest in the world.",
            "It has barely recovered from its peak during the pandemic and currently nearly a third of South Africans who are looking for work are unable to find a job. ",
            "The economy has not grown at a rate that can support the numbers entering the job market.",
            "Unemployment has hit young people particularly hard. More than 44% of 15 to 34-year-olds are not in education, training or employment.",
            "Like many African countries, South Africa has a young population - a majority of the country\u2019s 62 million people are under 35.",
            "A UN report last year described the lack of work as a \u201cticking time bomb\u201d, suggesting that it could be a source of political instability in the future.",
            "In their election manifestos, the political parties are pledging to tackle the high levels of crime that have plagued the country for many years.",
            "The statistics show that while there has been a small drop in the number of assaults in the last decade, the rates of robbery, rape and murder remain barely unchanged.",
            "On average, in the last three months of 2023, one person was murdered in South Africa every 20 minutes. In the same time period, more than 130 people were raped every day.",
            "President Cyril Ramaphosa has described the level of violence as a war being waged against women, but his party faces criticism over its handling of the problem.",
            "South Africans are currently experiencing a respite from the regular power-cuts that have blighted the country in recent years.",
            "The planned outages - known as load-shedding - have disrupted people\u2019s lives and damaged economic growth.",
            "Poor maintenance, ageing infrastructure, corruption and mismanagement have all been blamed for the failures within the state-owned power company Eskom.",
            "Around 3% of the population, amounting to some 2.4 million people, are migrants to South Africa.",
            "Despite the country\u2019s economic difficulties, it remains a major draw for people from the region and the continent as a whole.",
            "At the same time, some foreigners, despite making up a small proportion of the population, have been accused of taking jobs from locals and blamed for the high levels of crime. Waves of xenophobic violence have seen many people being targeted.",
            "Earlier this month, rights group Human Rights Watch said that foreign nationals had been used as scapegoats and demonised in the election campaign, risking further xenophobic violence.",
            "Go to BBCAfrica.com for more news from the African continent.",
            "",
            "Follow us on Twitter @BBCAfrica, on Facebook at BBC Africa or on Instagram at bbcafrica"
        ]
    },
    "https://www.bbc.com/sport/rugby-union/articles/ck5kkx2w5pjo": {
        "link": "https://www.bbc.com/sport/rugby-union/articles/ck5kkx2w5pjo",
        "subtitle": "Cornish Pirates back-rower Will Gibson signs a new deal with the club through the 2024-25 season.",
        "time": null,
        "title": "Will Gibson: Back-rower to stay with Cornish Pirates for 2024-25 - BBC Sport",
        "topics": [],
        "images": [
            "https://ichef.bbci.co.uk/news/2048/cpsprodpb/e614/live/94ff7500-11e4-11ef-a40c-a15b02a51ff9.jpg"
        ],
        "videos": [],
        "author": "",
        "text": [
            "Cornish Pirates back-rower Will Gibson has signed a new deal with the club through the 2024-25 season.",
            "The 24-year-old joined the club in 2021 and has played in almost every game this season, making 18 appearances in the Championship.",
            "Gibson, who can play across the back row, has also captained the side and played in four Premiership Rugby Cup games at the start of the campaign.",
            "He joins forward Hugh Bokenham in agreeing new terms for next season, despite uncertainty over the club's future."
        ]
    },
    "https://www.bbc.com/news/world-us-canada-69012607": {
        "link": "https://www.bbc.com/news/world-us-canada-69012607",
        "subtitle": "America's newest top dog beat more than 2,500 canines to win the 2024 Westminster Kennel Club dog show.",
        "time": null,
        "title": "The moment Sage the miniature poodle wins Westminster dog show",
        "topics": [],
        "images": [],
        "videos": [],
        "author": "",
        "text": []
    },
    "https://www.bbc.com/sport/football/articles/c5115v4ymgyo": {
        "link": "https://www.bbc.com/sport/football/articles/c5115v4ymgyo",
        "subtitle": "BBC Scotland looks at questions facing head coach Steve Clarke as he prepares to announce Scotland's Euro 2024 squad on Wednesday.",
        "time": null,
        "title": "Key questions in Scotland boss Steve Clarke's Euro 2024 squad selection - BBC Sport",
        "topics": [],
        "images": [
            "https://ichef.bbci.co.uk/news/2048/cpsprodpb/5e20/live/7e7d8700-16a7-11ef-9b12-1ba8f95c4917.png",
            "https://ichef.bbci.co.uk/news/1024/cpsprodpb/ceab/live/1125fbf0-16ad-11ef-976f-87c9f89e656e.png",
            "https://ichef.bbci.co.uk/news/1024/cpsprodpb/db97/live/3acfc430-16ae-11ef-a5f9-c9e97f2e93cf.png",
            "https://ichef.bbci.co.uk/news/800/cpsprodpb/3edf/live/ee2cf080-16bc-11ef-9b12-1ba8f95c4917.jpg"
        ],
        "videos": [],
        "author": "",
        "text": [
            "The time for debating and speculating is almost over.",
            "On Wednesday, Steve Clarke will name his Scotland squad for this summer's Euro 2024 finals.",
            "From a right-back dilemma and potential wildcard picks, to what an increased selection could mean, the head coach has some key questions facing him.",
            "Here, BBC Scotland looks at what they are and how Clarke could answer them.",
            "Not so long ago, this was the same as asking: 'Who's fit to run about and kick a ball?'",
            "In recent weeks, Scotland players with injury concerns have reached double figures. Although match sharpness may be an issue for some, thankfully, most have returned in some capacity.",
            "What now appears to be certain, though, is Scotland's number one and two picks at right wing-back, Aaron Hickey and Nathan Patterson, are among those who will not recover in time.",
            "Bologna's Lewis Ferguson is another, while fellow midfielder Stuart Armstrong remains a doubt after being stretchered off for Southampton last month, but his club boss Russell Martin reckons he has a \"big chance\" of being fit in time.",
            "That means there are some places up for grabs, but who is guaranteed a plane ticket? Judging by recent squads, we think at least 22 places are sealed.",
            "Angus Gunn and Zander Clark are surely guarantees in the goalkeeping department, with one of Craig Gordon or Liam Kelly taking the third space, although four keepers jetting off to Germany is a real possibility in an increased 26-man squad.",
            "Now for the defence. Andy Robertson, Kieran Tierney, Jack Hendry and Ryan Porteous are shoo-ins, and you have to imagine Liam Cooper, Grant Hanley, Scott McKenna, Greg Taylor and John Souttar will be too.",
            "Clarke's midfield selection will at the very least be a six-man list, given Callum McGregor, Ryan Christie, Billy Gilmour, John McGinn, Kenny McLean and Scott McTominay are certainties. A fit Armstrong would add to that.",
            "That leaves forward trio Che Adams, Lyndon Dykes and Lawrence Shankland to take our final guaranteed positions.",
            "Quick arithmetic tells us, at best, there are probably only four spots free, though a fourth keeper on the plane would nudge that figure down to just three.",
            "At least two of the remaining spots will be designated for right wing-back options, given the likely absence of Hickey and Patterson.",
            "Anthony Ralston may be a bit-part player at Celtic but has taken the place of Hickey in Clarke's most recent squads and is likely to continue, but a potential second option opens the door to a wildcard pick.",
            "Since returning from injury in January, former Scotland Under-21s captain Ross McCrorie has played 22 times for Bristol City this season, often at right wing-back, while previously capped Liam Palmer has played 38 games for fellow English Championship club Sheffield Wednesday this term.",
            "Max Johnston, 20, is another option but has played far fewer minutes in his debut campaign at Austrian champions Sturm Graz.",
            "Leeds' Archie Gray has his sights set on playing for England and Newcastle full-back Tino Livramento, who is also eligible for England as well as Portugal, seems a longshot for now.",
            "Closer to home, Motherwell's Stephen O\u2019Donnell, who started every Scotland game at the last Euros, Chris Cadden of Hibernian and Kilmarnock's versatile Danny Armstrong feel like big outsiders.",
            "So what about James Forrest, whose resurgent form in Celtic's title run-in has thrust the 32-year-old into contention?",
            "Last week, Forrest, whose last cap came almost three years ago at Euro 2020, said he would play anywhere for Scotland.",
            "His experience at right wing-back is limited, but he would also provide Clarke with a much-needed wide option further forward.",
            "Let us rewind three years when Clarke named his Euro 2020 set-up.",
            "Injuries and an increased squad size to 26 opened the door for young trio Gilmour, Patterson and David Turnbull to feature as surprise entries in the Scotland squad.",
            "Major tournament experience was certainly beneficial to Gilmour and Patterson, who have since gone on to gain a combined 34 caps, so perhaps Clarke will look to repeat that.",
            "If he was to, who would be at the front of the line? Recent reports suggest Aberdeen midfielder Connor Barron and Liverpool forward Ben Doak are in his thoughts.",
            "Teenager Doak, lightning quick and fearless, certainly offers Clarke a different profile. He has only played six games for the Anfield side this term and has not featured since suffering a serious injury in December, but he recently returned to training.",
            "Bristol City striker Tommy Conway, 21, is another potential option. He has netted 12 club goals this season, two of which came in the FA Cup against West Ham.",
            "That tally is almost double the amount scored by fellow Championship striker Dykes, who has seven this term for Queens Park Rangers.",
            "It feels unlikely, it must be said.",
            "Ryan Gauld\u2019s social media army will surely be left disappointed again and a recall for Southampton's Ryan Fraser looks a stretch despite a decent campaign. ",
            "Sheffield United forward Oli McBurnie is injured, while Rangers midfielder Ryan Jack and Millwall striker Kevin Nisbet have both struggled for fitness and minutes this term.",
            "Elliot Anderson was included in Clarke's squad in September, but the Newcastle youngster withdrew after two training sessions amid suggestions he was having second thoughts.",
            "Anderson's club team-mate Harvey Barnes would a dream inclusion. There were suggestions the 26-year-old was considering switching allegiances from England last year, but there has been nothing since to suggest that will materialise.",
            "There is no doubt the forward would boost the attacking options in Clarke's side, who have looked blunt up top in recent friendly defeats.",
            "But unless we get a pleasant surprise, the Scotland boss will be examining other ways to address that issue.",
            "Anyone we have overlooked? Who would you be taking along with Clarke's tried and tested regulars?",
            "Let us know your thoughts here., external"
        ]
    }
}