{
    "https://www.bbc.com/sport/football/articles/ceklr8r47m3o": {
        "link": "https://www.bbc.com/sport/football/articles/ceklr8r47m3o",
        "subtitle": "BBC Sport NI will provide live exclusive coverage of the Irish Cup final between Linfield and Cliftonville across TV, digital services and radio on Saturday 4 May.",
        "time": null,
        "title": "Irish Cup final: How to follow Linfield v Cliftonville on the BBC - BBC Sport",
        "topics": [],
        "images": [
            "https://ichef.bbci.co.uk/news/2048/cpsprodpb/948e/live/24e3dd20-03e2-11ef-8ccd-7d57965eed30.jpg"
        ],
        "videos": [],
        "author": "",
        "text": [
            "The 2024 Irish Cup final will be contested by Belfast rivals Linfield and Cliftonville in front of a 15,000 sell-out crowd at Windsor Park on Saturday and BBC Sport NI will provide extensive coverage across television, radio and its digital platforms.",
            "The first meeting of the Blues and the Reds for 90 years in the showpiece occasion of the Northern Ireland domestic football calendar will be broadcast live on BBC Two NI from 14:00 BST, with presenter Stephen Watson being joined by regular analysts Stephen Craigan and David Jeffrey.",
            "Thomas Kane will be joined on match commentary by ex-Glentoran and Crusaders player Paul Leeman, with Nicola McCarthy gathering reaction at pitchside.",
            "The match will also be available to watch on BBC iPlayer and the BBC Sport website.",
            "Audio coverage on Sportsound on BBC Sounds and BBC Radio Ulster from 14:00 will be presented by Michael McNamee, with Joel Taggart and Liam Beckett providing commentary.",
            "Expert analysis will come courtesy of vastly experienced Irish League players Sean Ward and Colin Coates, with Barry Flynn interviewing the key figures from beside the pitch.",
            "You can also follow live text commentary and in-play clips on the BBC Sport website and app, along with a match report, highlights and reaction.",
            "Having been pipped to the post by Larne in the race for the Irish Premiership title, Linfield will be aiming to complete a cup double for the 2023-24 campaign, having already lifted the BetMcLean Cup with a 3-1 victory over Portadown in the March decider.",
            "The south Belfast club have won the trophy a record 44 times with their last success coming with a 2-1 victory over Larne in the 2021 final at Mourneview Park.",
            "Cliftonville are famously trying to end a 45-year wait for an Irish Cup triumph, their eighth and most recent win coming way back in 1979.",
            "Their last appearance in a final was in 2018 when the north Belfast club went down 3-1 to Coleraine but they turned the tables on the Bannsiders by defeating them in the 2022 League Cup final.",
            "Both sides have already qualified for European competition through their second and third place league finishes but will be keen to collect the silverware on Saturday.",
            "Linfield's road to the 2024 final: ",
            "Fifth round: beat Warrenpoint Town 4-2 ",
            "Sixth round: beat Ballymena United 2-0 ",
            "Quarter-finals: beat Institute 3-1 ",
            "Semi-finals: beat Glentoran 3-1",
            "Cliftonville's road to the 2024 final: ",
            "Fifth round: beat Coleraine 3-0 (aet) ",
            "Sixth round: beat Loughgall 4-0 ",
            "Quarter-finals: beat Portadown 2-0 ",
            "Semi-finals: beat Larne 2-0"
        ]
    },
    "https://www.bbc.com/news/articles/cd13jpzdqzzo": {
        "link": "https://www.bbc.com/news/articles/cd13jpzdqzzo",
        "subtitle": "Big names have closed city centre branches. How do local party leaders hope to get shoppers back?",
        "time": null,
        "title": "Local elections 2024: What next for Peterborough city centre?",
        "topics": [
            "Peterborough",
            "England and Wales elections 2024",
            "Peterborough Council"
        ],
        "images": [
            "https://ichef.bbci.co.uk/news/480/cpsprodpb/e698/live/cce34c20-032b-11ef-a950-772f7edfa642.jpg.webp",
            "https://ichef.bbci.co.uk/news/480/cpsprodpb/3ff7/live/ab8b12b0-032b-11ef-a950-772f7edfa642.jpg.webp",
            "https://ichef.bbci.co.uk/news/480/cpsprodpb/d374/live/d70f3e40-0342-11ef-bee9-6125e244a4cd.png.webp",
            "https://ichef.bbci.co.uk/news/480/cpsprodpb/ab48/live/fff0b6d0-032a-11ef-a950-772f7edfa642.jpg.webp",
            "https://ichef.bbci.co.uk/news/480/cpsprodpb/2ac4/live/52a77d00-032b-11ef-a950-772f7edfa642.jpg.webp",
            "https://ichef.bbci.co.uk/news/480/cpsprodpb/0d43/live/407d54c0-032a-11ef-a950-772f7edfa642.jpg.webp"
        ],
        "videos": [],
        "author": "Shariqua Ahmed,",
        "text": [
            "Voters will be taking part in the Peterborough City Council elections on 2 May. ",
            "The election comes amid concern about the city centre.",
            "Marks & Spencer recently announced it was closing its store in the Queensgate Shopping Centre. John Lewis pulled out three years ago.",
            "The city market was demolished in 2022 as part of the Northminster regeneration project. Only a portion of the traders were moved to Bridge Street.",
            "There is positive news. There are plans for a cinema in the Queensgate Shopping Centre, and The Fraser Group announced it would open a Sports Direct in the former John Lewis store by 2025.",
            "Just over a third of seats are up for grabs at the unitary council which has been led by the Peterborough First group since November, but no single party has a majority of seats.",
            "How do local party leaders hope to get the shoppers back?",
            "",
            "Nicola Day, Green Party leader, said: \"We need to focus more strategically on our town planning to ensure our city centre is considered a 'go to' destination. ",
            "\"One model that is both unique and successful is the 'Up The Garden Bath - Unity Shop', which offers arts and crafts from independent makers and artists. The Green Party would like to see more such businesses attracted to the centre.",
            "\"Unfortunately, I don't think the current food market offer goes anywhere near the variety of what was on offer previously. Could we have a Cathedral Square market now that the fountains have been turned off?\"",
            "Mohammed Farooq, leader of the Peterborough First group of Independents, said the city centre would always play a \"crucial role in the city's prosperity.\u201d",
            "\u201cAs the leader of the council, I have already started a feasibility study and business case for the regeneration of the Guildhall and Cathedral Square. I would like to see a market area with seating areas placed strategically among flower beds.\u201d",
            "Wayne Fitzgerald, leader of the Conservative group, said the city must \"adapt and change\" as online shopping had \u201cweakened\u201d high streets everywhere.",
            "\u201cWe need stricter enforcement to curb a noticeable rise in anti-social behaviour, such as aggressive street begging.",
            "\u201cWe should also invest more to keep on top of the city centre cleaning regime.",
            "\"Peterborough is still a growing city and the government investment the Conservatives have secured over the last two years has been phenomenal.\u201d",
            "Christian Hogg, leader of the Liberal Democrat group, said he hoped the cinema and The Fraser Group would \u201cinject some life back into the high street\u201d.",
            "He said: \u201cThe closure of the city market was deeply regrettable and whilst the stallholders that moved to Bridge Street have a great offering, it is hugely scaled back from the Northminster site.",
            "\u201cThe various guest markets that we have throughout the year are immensely welcome, and we should look to implement something more regular, like a monthly farmers' market.\u201d",
            "Dennis Jones, leader of the Labour group, said, his vision is to \u201ccreate a caf\u00e9 culture\u201d in the city centre.",
            "\u201dForget discussion about congestion charges, let\u2019s talk about how we get people in to the city. We will work with local traders to have proper stalls and proper places to shop.",
            "\u201cMarket traders have told me they don\u2019t feel they are in the market or the food court for the long term. We\u2019ve got to stop thinking as a market town and think bigger.\u201d",
            "Follow East of England news on Facebook, Instagram and X. Got a story? Email eastofenglandnews@bbc.co.uk or WhatsApp us on 0800 169 1830"
        ]
    },
    "https://www.bbc.com/news/newsbeat-68882610": {
        "link": "https://www.bbc.com/news/newsbeat-68882610",
        "subtitle": "A new company has taken over the famous collectible favourite - but some fans have called foul.",
        "time": null,
        "title": "Euro 2024 stickers: Why are Topps albums missing players?",
        "topics": [],
        "images": [
            "https://ichef.bbci.co.uk/news/480/cpsprodpb/16C4D/production/_133216239_panini.jpg.webp",
            "https://ichef.bbci.co.uk/news/480/cpsprodpb/1453D/production/_133216238_panini.jpg.webp",
            "/bbcx/grey-placeholder.png",
            "/bbcx/grey-placeholder.png"
        ],
        "videos": [],
        "author": "By Jack Gray,",
        "text": [
            "You might have done it solo, with friends or even with people in the office... and you wouldn't be the only one. ",
            "We've been collecting, swapping and completing Panini's football sticker albums for almost 50 years.",
            "But this year's Euro 2024 books are set to look a bit different, with trading card company Topps taking over responsibility for the first time.",
            "They kicked off their collection last month, with footy manager Jose Mourinho as the face of the launch. But it's a few other faces - or the lack of them - which have got people talking.",
            "Household names including Man City's John Stones and Phil Foden aren't in the collection - and neither are wingers Marcus Rashford and Bukayo Saka. ",
            "Instead, they've been replaced with players who have made few or no England appearances - such as Rico Lewis and Leicester City's Luke Thomas. ",
            "And, despite not qualifying for the tournament, the Wales team is included in packs.",
            "Some of the tournament favourites, including England and Germany, also won't be in their official kits. ",
            "Has something come unstuck? ",
            "Topps might have become the official provider of the Euro 2024 sticker album and have most of the rights to player likenesses, kits and club badges - but they don't have all of them. ",
            "That's because Panini still holds the rights for some top European teams including England, Spain, Germany and current Euros champs Italy. ",
            "And the news has led some long-time fans to wonder if the shine's come off their hobby for the new tournament.",
            "Harry completes album books as a hobby and uploads the results on YouTube. He likes the new Topps album but says it has its flaws.",
            "\"The graphics are more on-point - the picture is up there - it's just the finer details that've let us down,\" he says.",
            "The 31-year-old thinks the final product feels \"rushed\" and the missing elements have ruined the experience of completing the book.",
            "\"Can you imagine getting one of the rarest cards and it isn't licensed?\" he says.",
            "\"For a company as big as Topps I would've thought the finest details matter, so it is disappointing for myself and other collectors out there.\" ",
            "Fellow fan Daniel also decided to try out the new official albums, but has also been left disappointed at some of the players included",
            "\"England has Rico Lewis,\" he says.",
            "\"No disrespect to Rico Lewis but he's played 90 minutes for England and probably isn't even going to the tournament.",
            "\"Which spoils it a bit, it takes the excitement out of it.",
            "\"It feels like it defeats the purpose of even having a sticker book.\"",
            "A spokesperson from Topps told Newsbeat it was \"proud\" of its first sticker collection but admitted it was disappointed that a \"small number of players\" were missing.",
            "\"This is due to the tournament's former sticker partner having blocked certain parts of the collection, to the detriment of the fans,\" they said. ",
            "\"Unlike the former sticker partner, we are committed to the fans and believe the offering of stickers and cards - and range of current and former players - will get everyone excited for the tournament.\"",
            "Panini, which has launched its own \"tournament edition\" album dedicated to the England team, said it was \"extremely proud\" to hold the official rights to the Three Lions squads.",
            "\"Panini has been synonymous with football for over 60 years, and we remain committed to producing the best possible product for our collectors,\" a spokesperson said.",
            "\"We hope our collectors will enjoy finding players for England alongside favourites from France, Germany, Italy and Spain, all in 100% official kits, in this compact and completable collection.\"",
            "Listen to Newsbeat live at 12:45 and 17:45 weekdays - or listen back here."
        ]
    },
    "https://www.bbc.com/news/articles/cqvvdp6d7z7o": {
        "link": "https://www.bbc.com/news/articles/cqvvdp6d7z7o",
        "subtitle": "HMRC expects to have spent \u00a3531m on the Trader Support Service between December 2020 and December 2024.",
        "time": null,
        "title": "Brexit: Sea border NI trader scheme to cost more than \u00a3500m",
        "topics": [
            "NI Brexit",
            "Northern Ireland",
            "NI economy",
            "Trade"
        ],
        "images": [
            "https://ichef.bbci.co.uk/news/480/cpsprodpb/fd41/live/f7ebd7c0-1609-11ef-9c50-6ff9d9dba46f.jpg.webp"
        ],
        "videos": [],
        "author": "",
        "text": [
            "The government\u2019s main post-Brexit scheme for helping traders move goods from GB to NI will have cost more than \u00a3500m in its first four years.",
            "The detail is contained in a report from the National Audit Office (NAO) which looks at the delivery of the UK\u2019s trade border.",
            "It says HMRC expects to have spent \u00a3531m on the Trader Support Service (TSS) between December 2020 and December 2024.",
            "The TSS was set up to help businesses deal with new customs processes.",
            "It is being operated by a consortium led by the IT firm Fujitsu.",
            "The contract was initially for a two-year period, with the option of two one-year extensions. HMRC has since extended the contract twice and the current contract will expire in December 2024.",
            "The system was required as a consequence of the Northern Ireland part of the Brexit deal, known as the NI Protocol and then the Windsor Framework.",
            "From January 2021 commercial goods entering NI from GB have needed customs declarations.",
            "The TSS effectively acts as government-backed customs agent on behalf of businesses.",
            "The government intends to continue simplifying the customs processes through a combination of technology and improved administration.",
            "The NAO said that following the publication of the Windsor Framework in February 2023, the government committed to providing long-term support for traders moving goods from GB and NI.",
            "\"HMRC is considering options for the future of the TSS to ensure there is continuity of support for traders beyond the current contract period,\" the report added."
        ]
    },
    "https://www.bbc.com/sport/football/articles/cv2d8ndm49go": {
        "link": "https://www.bbc.com/sport/football/articles/cv2d8ndm49go",
        "subtitle": "Uefa is set to confirm nations will select 26-man squads for this summer\u2019s European Championship in Germany.",
        "time": null,
        "title": "Euro 2024: Uefa to confirm 26-man squads for Germany championship - BBC Sport",
        "topics": [],
        "images": [
            "https://ichef.bbci.co.uk/news/1536/cpsprodpb/4445/live/e4753f90-0152-11ef-af68-73b0ea45883f.jpg"
        ],
        "videos": [],
        "author": "",
        "text": [
            "Uefa is set to confirm nations will have 26-man squads for this summer\u2019s European Championship in Germany.",
            "A meeting of the European governing body\u2019s national competitions committee voted in favour of the change, which is set to be ratified by the executive committee later this week.",
            "Uefa had planned to revert back to 23-man squads after allowing the three-man expansion for Euro 2020 due to the ongoing impact of Covid-19.",
            "Expanded squads were also permitted at the 2022 World Cup in Qatar because it was played in the middle of the domestic season.",
            "Several international coaches were critical of 23-man squads and the suggestion to stick with 26 players arose at a recent Euro 2024 coaches meeting, where the idea gained widespread support.",
            "Ronald Koeman, the Netherlands manager, described Uefa's decision to reduce squad sizes for this summer's tournament as \"absurd\"., external ",
            "England boss Gareth Southgate had previously been in favour of 23-man squads because of the difficulty in managing an extended group.",
            "However, he has changed his thinking following the amount of injuries being suffered across the Premier League this season.",
            "Scotland boss Steve Clarke has also been affected by injuries with Everton's Nathan Patterson, Bologna captain Lewis Ferguson and Southampton's Stuart Armstrong all set to miss the tournament.",
            "In March, Southgate said he would name an initial 26-man Euro 2024 squad while Uefa considered the squad size requests.",
            "He will name his squad on 21 May, two days after the end of the Premier League season, with the deadline for squads to be named set for 7 June.",
            "England's Euro 2024 campaign gets under way on 16 June when they face Serbia while Scotland take on hosts Germany in the first game of the tournament on 14 June."
        ]
    },
    "https://www.bbc.com/sport/rugby-union/articles/c1wx0epnjdxo": {
        "link": "https://www.bbc.com/sport/rugby-union/articles/c1wx0epnjdxo",
        "subtitle": "Bath sign former St Helens rugby league winger Regan Grace for next season after a spell rehabilitating with the club.",
        "time": null,
        "title": "Regan Grace: Bath sign ex-St Helens rugby league wing for 2024-25 - BBC Sport",
        "topics": [],
        "images": [
            "https://ichef.bbci.co.uk/news/2048/cpsprodpb/9b73/live/a0f2fcb0-0221-11ef-946e-d7e525632c0f.jpg"
        ],
        "videos": [],
        "author": "",
        "text": [
            "Bath have signed former St Helens rugby league wing Regan Grace on a deal until the end of the 2024-25 season.",
            "The 27-year-old joined Bath in February as he recovered from a long-term injury and played in two friendlies for the club in March against Gloucester and Leinster.",
            "Grace ruptured his Achilles while playing for St Helens in August 2022 before switching to rugby union and joining Racing 92. ",
            "But he did not make an appearance for the French Top 14 side after a relapse of the injury in February 2023.",
            "Grace's deal with Bath includes the option of him staying for the 2025-26 campaign. ",
            "\"Regan has impressed both on and off the pitch over the last few months,\" said Bath head of rugby Johann van Graan. ",
            "\"He has a clear point of difference in his play and that will be very valuable for our team. It\u2019s great to have Regan on board.\u201d",
            "The Welsh-born back spent six seasons with St Helens during which he won three Super League Grand Finals and the Challenge Cup, and scored 88 tries in 141 games."
        ]
    },
    "https://www.bbc.com/news/uk-england-merseyside-68876939": {
        "link": "https://www.bbc.com/news/uk-england-merseyside-68876939",
        "subtitle": "How many votes will you have the opportunity to cast where you live on 2 May?",
        "time": null,
        "title": "What elections does Liverpool City Region have in 2024?",
        "topics": [
            "St Helens",
            "Sefton",
            "Halton",
            "Knowsley",
            "Mayor of the Liverpool City Region",
            "Liverpool"
        ],
        "images": [
            "https://ichef.bbci.co.uk/news/480/cpsprodpb/9877/production/_133213093_gettyimages-693729666.jpg.webp"
        ],
        "videos": [],
        "author": "By Claire Hamilton,",
        "text": [
            "While the election of Liverpool City Region's next mayor is inevitably attracting the most headlines, several other polls will take place on 2 May.",
            "The majority of residents from across the region will also be able to vote for Merseyside's police and crime commissioner, while those living in Halton will select Cheshire's equivalent.",
            "Lastly, council elections will be held in Halton, Knowsley, and Sefton.",
            "Liverpool, St Helens and Wirral do not have any council elections this year.",
            "The deadline for registering to vote was 16 April.",
            "In Halton, Knowsley and Sefton, one third of seats are up for grabs. ",
            "In Sefton, the count will take place overnight into Friday 3 May, while the other two local authorities will have theirs later that day.",
            "Police and Crime Commissioners are elected representatives who are responsible for holding their police force to account.",
            "Responsibilities include:",
            "In Merseyside, the candidates (listed in alphabetical order by surname) are:",
            "Meanwhile in Cheshire we have:",
            "The counts are due to take place on Saturday 4 May and we expect the result to be declared during the afternoon.",
            "This is key role because the metro mayor oversees decisions over transport, skills and planning among other powers. ",
            "The metro mayor is a cheerleader for the region, and is supposed to have a direct line to central government. ",
            "People living in Liverpool, Wirral, Knowsley, Sefton, St Helens, and Halton can vote in this election. ",
            "The election results will also be declared on Saturday 4 May. ",
            "The way the voting system works has changed since this election was last contested in 2021. ",
            "Three years ago, voters made a first and second preference candidate choice on their ballot paper. ",
            "This time, they will only vote once, with the winner being the candidate with the most votes."
        ]
    },
    "https://www.bbc.com/news/articles/c060gze1e1ro": {
        "link": "https://www.bbc.com/news/articles/c060gze1e1ro",
        "subtitle": "Voters across England and Wales will elect 37 police and crime commissioners on 2 May.",
        "time": null,
        "title": "North East and Cumbria: Police and crime commissioner elections",
        "topics": [
            "England and Wales elections 2024",
            "Northumbria Police",
            "Cleveland Police",
            "Durham Police",
            "Cumbria Police",
            "Cumbria"
        ],
        "images": [
            "https://ichef.bbci.co.uk/news/480/cpsprodpb/5b32/live/f1797260-fd60-11ee-a5d5-6302d038f080.png.webp"
        ],
        "videos": [],
        "author": "",
        "text": [
            "On 2 May, people in the north-east of England and Cumbria will head to the polls to vote for local councillors, mayors, and police and crime commissioners (PCCs).",
            "PCCs are elected by the public to hold Chief Constables and their police forces to account, but do not directly run those forces.",
            "They also:",
            "Some PCCs also oversee local fire services.",
            "There are a number of PCC roles up for election at the start of May.",
            "Analysis by David Macmillan",
            "The role of police and crime commissioner for Cleveland is one of the most challenging in the country. ",
            "The area has the highest crime rate among forces in England, with theft, sexual offences and violence some of the most serious areas of concern. ",
            "Last autumn, the force came out of the special measures - placed on it by the government in 2019, when inspectors rated it inadequate on all counts. ",
            "The current PCC, Conservative Steve Turner, is standing again. He is a former Redcar and Cleveland councillor and has worked as an agent for Middlesbrough South and East Cleveland MP Sir Simon Clarke. ",
            "Labour\u2019s candidate is Middlesbrough councillor Matt Storey, who has worked in the office of the Middlesbrough MP, Andy McDonald.",
            "Analysis by Bob Cooper",
            "The incumbent in Cumbria, Conservative Peter McCall, is stepping down after two terms, leaving his deputy Mike Johnson to stand in this year\u2019s election.",
            "David Allen, a former senior officer with the National Crime Agency, is the Labour candidate, while the Liberal Democrats have chosen Kirkby Stephen town councillor Adrian Waite.",
            "They are vying to be the Police, Fire and Crime Commissioner, after the office took on governance of the county\u2019s fire and rescue service from the now defunct county council.",
            "Overseeing the fire brigade may be one of the more challenging parts of the job, after a critical report last year raised serious concerns about its finances and ability to recruit the right people.",
            "Analysis by Helen Richardson",
            "In Durham, the incumbent police and crime commissioner is Labour\u2019s Joy Allen. She is standing again, hoping to win a second term. She has had a long career working in the public sector, as a county councillor in Durham, and has been Durham\u2019s PCC since 2021.",
            "She is facing competition from Conservative candidate Rob Potts, a former police sergeant who is currently a Durham county councillor in Teesdale.",
            "The Liberal Democrat candidate is Nigel Boddy, a solicitor from Darlington. ",
            "One of the biggest issues facing Durham Police is a reported loss of confidence among the public. Councillors on Durham\u2019s police and crime panel heard earlier this year that the public are losing faith in local policing because of slower response times and a significant drop in officer numbers. The force is 138 officers short of numbers in 2010, according to the Home Office.",
            "The current PCC for Durham, Ms Allen, raised the police precept (the portion of monies which goes towards policing services locally) in this year\u2019s council tax by 5.1%.",
            "Analysis by Helen Richardson",
            "The incumbent for Northumbria, Labour\u2019s Kim McGuinness, has been in the job since 2019. She is stepping down because she is standing for the role of North East Mayor, who will be elected on the same day. ",
            "The Labour party is putting forward Susan Dungworth, a former Northumberland county councillor, for the Northumbria PCC role.",
            "Ros Munro is the Conservative party candidate. She lives in Northumberland and is married to a former police officer. She also has a background working in the criminal justice system.",
            "The Liberal Democrats have chosen long-serving party member John Appleby as their candidate.",
            "There is also an independent candidate, Mustaque Rahman, from North Tyneside. He is a crown prosecution lawyer who has also spent time as an adviser for North East magistrates.",
            "The Northumbria force is the sixth biggest in the country and faces complex challenges, policing both urban and rural areas.",
            "The force recently announced it was cutting more than 100 community support officer roles, to make way for an extra 134 neighbourhood police officers. The force is 380 officers short of numbers in 2010, according to Home Office figures.",
            "To fund the restructure, the sitting PCC Ms McGuinness raised the police precept in this year\u2019s council tax by almost 10%.",
            "Analysis by David Macmillan",
            "There is no police and crime commissioner election in North Yorkshire this year. ",
            "The new regional mayor for York and North Yorkshire will appoint a deputy who will take on many of the responsibilities currently held by the police, fire and crime commissioner.",
            "The first ever North East Mayor will be elected by people living in Northumberland, Tyne and Wear and County Durham.",
            "The Tees Valley Mayor will also be chosen by people living in five local authorities: Darlington, Hartlepool, Middlesbrough, Redcar and Cleveland, and Stockton-on-Tees.",
            "A number of councillors across the north-east of England and Cumbria will also be elected, You can find out if there is a local council election in your area here.",
            "Follow BBC North East on X (formerly Twitter), Facebook and Instagram and BBC Cumbria on X (formerly Twitter), Facebook and Instagram. Send your story ideas to northeastandcumbria@bbc.co.uk."
        ]
    }
}