{
    "https://www.bbc.com/news/uk-politics-68947834": {
        "link": "https://www.bbc.com/news/uk-politics-68947834",
        "subtitle": "The former prime minister returned later with the necessary ID and was able to vote.",
        "time": null,
        "title": "Boris Johnson turned away from polling station after forgetting ID",
        "topics": [
            "Boris Johnson",
            "England and Wales Elections 2024"
        ],
        "images": [
            "https://ichef.bbci.co.uk/news/480/cpsprodpb/781A/production/_133264703_gettyimages-1669853207.jpg.webp",
            "https://ichef.bbci.co.uk/news/480/cpsprodpb/1447A/production/_133266038_le_2024_cps_strap_top-nc.png.webp",
            "https://ichef.bbci.co.uk/news/480/cpsprodpb/16B8A/production/_133266039_le_2024_cps_strap_bottom-nc.png.webp"
        ],
        "videos": [],
        "author": "By Becky Morton,",
        "text": [
            "Former Conservative Prime Minister Boris Johnson was turned away from his local polling station after forgetting to bring acceptable photo ID. ",
            "As first reported by Sky News, he returned later with the necessary ID and was able to vote. ",
            "He cast his ballot in South Oxfordshire, where voters are choosing a police and crime commissioner.",
            "New rules requiring photo ID to vote were introduced by Mr Johnson's government in the Elections Act 2022. ",
            "The change was rolled out last year, with local elections in May 2023 the first time voters needed to show ID. ",
            "According to the Electoral Commission, about 14,000 people were unable to vote in last year's local elections in England as a result of the new rules.",
            "There are 22 acceptable forms of ID, including passports, driving licences, older or Disabled Person's bus passes and Oyster 60+ cards.",
            "People who are registered to vote can also apply for a free document known as a Voter Authority Certificate. ",
            "The government has also said it intends to make veterans' ID cards a valid form of voter identification after some former service personnel were turned away from polling stations. ",
            "Army veteran Adam Diver, 48, said he felt \"gutted\" when he was turned away from a polling station in Fleetwood, Lancashire, after presenting his veterans' ID card. ",
            "Mr Diver, who served in the Army for 27 years, said he felt as if his service was \"invalidated\" when his card was rejected. ",
            "\"I thought you could use it as an ID card. It's like a driving licence, you can't get any more official,\" he said.",
            "Veterans minister Johnny Mercer apologised to Mr Diver on social media.",
            "\"The legislation on acceptable forms of ID came out before the veterans ID cards started coming out in January this year,\" he wrote.",
            "\"I will do all I can to change it before the next one.\"",
            "A No 10 spokeswoman said: \"It is our intention for the new Veteran Card, which was rolled out in January, to be added to the official list.\"",
            "Veteran Cards have been issued to people leaving the army since 2018. They were rolled out more widely to all veterans in January this year. ",
            "The government is consulting on adding the card to the list of acceptable voter ID, which already includes armed forces identity cards.",
            "Meanwhile, Conservative MP Tom Hunt said his dyspraxia caused him to lose his passport and he had to arrange an emergency proxy vote. ",
            "Mr Hunt, who represents Ipswich, said he does not want to \"blame everything on my dyspraxia\", but it is \"well known that sadly we are slightly more prone to lose things\". ",
            "He warned people \"persecuting\" him online to be \"very careful with their words\". ",
            "People can apply for an emergency proxy vote until 5pm on polling day if their ID has been lost, stolen or damaged.",
            "Asked about problems reported over voter ID, Transport Secretary Mark Harper said there were \"bound to be, when you have millions of people voting, a small number of issues\". ",
            "However, he said he thought \"most voters have actually found it perfectly straightforward to vote with the necessary ID across the country\". ",
            "Asked about Mr Johnson being turned away, Northern Ireland Secretary Chris Heaton-Harris, who served as his chief whip, told BBC Radio: \"As someone who knows Boris well, I can't say it completely surprises me... I do know that he then simply went home, got some ID, went back to the polling station and voted Conservative.\"  ",
            "The Electoral Commission said \"most voters who wanted to vote were able to do so\", despite voter ID requirements. ",
            "\"We will now begin to collect evidence from voters, electoral administrators, partner organisations, and campaigners to understand their experiences of the elections and identify any potential obstacles to participation,\" a spokesman said.",
            "Electoral Commission chief executive Vijay Rangarajan told BBC Radio 4's Today programme that large-scale campaigns to raise awareness of the rules appear to have been successful.",
            "Asked about issues some voters faced, he said: \"It looks as if these are teething problems at the moment but we're going to evaluate this really carefully.\""
        ]
    },
    "https://www.bbc.com/news/uk-politics-69051034": {
        "link": "https://www.bbc.com/news/uk-politics-69051034",
        "subtitle": "The Labour leader reacts to the prime minister calling a general election on 4 July.",
        "time": "2024-05-22T15:10:12.603610",
        "title": "Election is 'chance to change for the better' - Starmer",
        "topics": [],
        "images": [],
        "videos": [],
        "author": "",
        "text": []
    },
    "https://www.bbc.com/news/uk-politics-69051030": {
        "link": "https://www.bbc.com/news/uk-politics-69051030",
        "subtitle": "After a day filled with chat and speculation, Mr Sunak confirms an election will take place in July.",
        "time": "2024-05-22T15:10:39.421487",
        "title": "Moment Prime Minister Rishi Sunak calls general election",
        "topics": [],
        "images": [],
        "videos": [],
        "author": "",
        "text": []
    },
    "https://www.bbc.com/news/world-us-canada-69030279": {
        "link": "https://www.bbc.com/news/world-us-canada-69030279",
        "subtitle": "The fiery exchange kicked off when Republican Marjorie Taylor Greene criticised Democrat Jasmine Crockett.",
        "time": null,
        "title": "Lawmakers hurl insults after 'fake eyelashes' comment",
        "topics": [],
        "images": [],
        "videos": [],
        "author": "",
        "text": []
    },
    "https://www.bbc.com/news/world-asia-69050418": {
        "link": "https://www.bbc.com/news/world-asia-69050418",
        "subtitle": "Video shows a wrecked cabin after passengers \"did somersaults\" when severe turbulence hit the plane.",
        "time": "2024-05-22T15:11:32.118207",
        "title": "How chaos on board the Singapore Airlines flight unfolded",
        "topics": [],
        "images": [],
        "videos": [],
        "author": "",
        "text": []
    },
    "https://www.bbc.com/sport/articles/c5113l10220o": {
        "link": "https://www.bbc.com/sport/articles/c5113l10220o",
        "subtitle": "British heavyweight Mick Parkin will face Poland's Lukasz Brzeski at UFC 304 in Manchester as five bouts are added to the July 27 card.",
        "time": "2024-05-23T15:11:56.761145",
        "title": "UFC 304: Mick Parkin to face Lukasz Brzeski as five bouts added to Manchester card - BBC Sport",
        "topics": [],
        "images": [
            "https://ichef.bbci.co.uk/news/820/cpsprodpb/56e2/live/813fc310-184e-11ef-baf9-2dfab45ba024.jpg"
        ],
        "videos": [],
        "author": "",
        "text": [
            "British heavyweight Mick Parkin will face Poland's Lukasz Brzeski at UFC 304 in Manchester on 27 July.",
            "Parkin, 28, who trains with British interim heavyweight champion Tom Aspinall, has won the first nine fights of his career.",
            "He last fought in March, beating Mohammad Usman, for his third victory in the UFC.",
            "The bout is one of five added to the card at the Co-op Live Arena, with Ireland's Caolan Loughran and Shauna Bannon also in action.",
            "Loughran will take on American Ramon Tavares at bantamweight, while Bannon faces Brazilian strawweight Ravena Oliveira.",
            "Elsewhere, Britain's Christian Leroy Duncan fights Polish middleweight Robert Bryczek with Wales' Oban Elliott taking on American Preston Parsons at welterweight.",
            "The event is headlined by Britain's Leon Edwards, who will defend his welterweight title against American Belal Muhammad.",
            "Aspinall puts his belt on the line against American Curtis Blaydes in the co-main."
        ]
    },
    "https://www.bbc.com/news/videos/c72pv8309npo": {
        "link": "https://www.bbc.com/news/videos/c72pv8309npo",
        "subtitle": "Video shows Gavin Reynolds filling and linking 83 Lincolnshire sausages in a minute.",
        "time": null,
        "title": "Bedfordshire butcher breaks sausage-making world record",
        "topics": [],
        "images": [],
        "videos": [],
        "author": "",
        "text": []
    },
    "https://www.bbc.com/sport/69030565": {
        "link": "https://www.bbc.com/sport/69030565",
        "subtitle": "Saturday's back pages",
        "time": null,
        "title": "Saturday's back pages - BBC Sport",
        "topics": [],
        "images": [
            "https://ichef.bbci.co.uk/news/617/cpsprodpb/14908/production/_133323248_capture.png",
            "https://ichef.bbci.co.uk/news/616/cpsprodpb/3B80/production/_133323251_capture.png",
            "https://ichef.bbci.co.uk/news/616/cpsprodpb/D7C0/production/_133323255_capture.png",
            "https://ichef.bbci.co.uk/news/605/cpsprodpb/6678/production/_133323262_capture.png",
            "https://ichef.bbci.co.uk/news/616/cpsprodpb/150D8/production/_133323268_capture.png"
        ],
        "videos": [],
        "author": "",
        "text": []
    }
}