{
    "https://www.bbc.com/news/articles/cyeedd6kzdko": {
        "link": "https://www.bbc.com/news/articles/cyeedd6kzdko",
        "subtitle": "The 52-year-old captain admitted to passing information on munitions systems and aircraft to Moscow.",
        "time": "2024-05-27T17:43:37.069396",
        "title": "German army officer sentenced over spying for Russia",
        "topics": [
            "War in Ukraine",
            "Germany",
            "Spying",
            "Russia",
            "Dusseldorf",
            "Ukraine"
        ],
        "images": [
            "https://ichef.bbci.co.uk/news/480/cpsprodpb/fa15/live/aa013590-1c1d-11ef-80aa-699d54c46324.jpg.webp"
        ],
        "videos": [],
        "author": "Matt Murphy,",
        "text": [
            "A German military officer has been sentenced to three-and-a-half years in prison for spying for Russia.",
            "The man, identified only as Thomas H, had been a captain in the army's procurement office when he contacted Russian embassy in Berlin and passed on secret military information. ",
            "German police arrested him in the city of Koblenz in August and accused him of sharing photographs of munitions training systems and aircraft technology.",
            "The 54-year-old admitted to a D\u00fcsseldorf court on Monday to passing information to Russia, saying it was a \"stupid idea\" and that he regretted his actions. ",
            "\"It is the biggest mess I have ever made in my life,\" he told the court. ",
            "Prosecutors said the man approached the Russian embassy in Berlin and the consulate in Bonn unprompted and \"almost persistently offered himself to Russia\". ",
            "They said he photographed sensitive military files and dropped information through a letterbox at the consulate building in Bonn. ",
            "In a closing statement, the man said he had contacted the embassy after becoming concerned about the risk of nuclear war driven by Russia's invasion of Ukraine. ",
            "He added that he was especially concerned that Germany's supply of heavy weapons to Ukraine could draw it into the conflict. According to government figures, Berlin supplied about \u20ac6.6bn (\u00a35.62bn) worth of military hardware to Ukraine in 2022 and 2023. This included 40 Leopard 1 tanks and 100 infantry fighting vehicles. ",
            "The man claimed that chronic overwork had impaired his ability to think critically about his actions. ",
            "His lawyer said he had been influenced by a stream of pro-Russian propaganda and disinformation that he had been consuming on TikTok and Telegram at the time. He noted that his client had also joined the far-right Alternative for Germany (AfD) party. ",
            "He added that the decision came during a four-day period \"in which [his client] crossed red lines\". ",
            "While prosecutors said the leaks had revealed sensitive military information, they noted that he had not disclosed state secrets, an act which would have attracted a much heavier lifetime sentence. ",
            "The trial comes as a slew of Russian spy affairs have hit headlines in Germany.",
            "In April, two men with dual Russian-German citizenship were arrested, accused of spying on US army bases in Germany where Ukrainian soldiers were being trained. ",
            "Since December, an employee for German domestic intelligence, Carsten L, has been on trial accused of passing on classified data to Russian agents.",
            "And in February 2023, a former security guard at the British embassy in Berlin was sentenced to 13 years in prison for passing on large amounts of sensitive information to the nearby Russian embassy.",
            "The affairs have sparked a debate about whether security measures in Germany are tight enough. The government has admitted that more cases are likely to come to light. ",
            "In a recent television interview, Justice Minister Marco Buschmann said that Germany was a target for foreign powers. He added that over the next few months, more spies were likely to be \u201cunmasked\u201d.",
            " "
        ]
    },
    "https://www.bbc.com/news/articles/cxrre3qy2n4o": {
        "link": "https://www.bbc.com/news/articles/cxrre3qy2n4o",
        "subtitle": "The contentious law which sparked mass protests will come into effect in two months.",
        "time": "2024-05-28T17:43:52.162418",
        "title": "Georgia parliament overturns veto on foreign agents law",
        "topics": [
            "Europe",
            "Georgia"
        ],
        "images": [
            "https://ichef.bbci.co.uk/news/480/cpsprodpb/6e0d/live/19c72480-1d08-11ef-b915-f39fd7ac89a7.jpg.webp"
        ],
        "videos": [],
        "author": "Rayhan Demytrie,",
        "text": [
            "Georgia's MPs have voted to overturn a presidential veto on a contentious \u201ctransparency on foreign influence\u201d bill - often dubbed the \u201cforeign agents law\u201d - which has sparked several weeks of protests in the capital Tbilisi.",
            "Under the legislation, media and non-governmental organisations that receive over 20% of their funding from abroad will have to register as \u201corganisations acting in the interest of a foreign power\u201d, submit themselves to stringent audits, or face punitive fines. ",
            "A plenary session on Tuesday saw the vote pass with 84 votes for - mainly from the governing Georgian Dream party - versus four votes against, with the opposition abstaining. ",
            "Thousands of Georgians protested outside parliament on Tuesday evening, many waving Georgian and EU flags. ",
            "The law had already been passed on 14 May, but was then vetoed by pro-Western President Salome Zourabishvili.",
            "The law is expected to come into force in 60 days' time. ",
            "The Georgian government argues it will ensure transparency of money flowing to support NGOs and protect Georgia from foreign interference. ",
            "But its opponents - who have dubbed it \"Russian law\u201d because of its similarities with an existing law in Russia - believe the real reason for the legislation is to stifle dissent ahead of October's parliamentary elections.",
            "The EU said it \"deeply regretted\" the Georgian parliament's decision. ",
            "EU officials had previously warned the bill could jeopardise further progress within the bloc. Georgia was granted candidate country status in December 2023. ",
            "Many NGOs have already announced they will not abide by legislation that requires them to state they are \u201cacting in the interest of a foreign power\u201d as they say it is \"insulting\" and \"factually incorrect\".",
            "On Tuesday, as MPs debated the bill, people again gathered outside parliament amid a heavy police presence.",
            "When the result of the vote was announced, many protesters shouted \u201cslaves!\u201d and \u201cRussians!\u201d",
            "Since the protests began, police have repeatedly used force to disperse the protesters. ",
            "Dozens of opponents of the foreign agents law have reported being beaten up or intimidated, with insulting posters stuck outside their homes or threatening phone calls. ",
            "Still, more than six weeks since the start of the protests, demonstrators - many of them young - feel there is no option other than to continue taking to the streets. ",
            "\u201cOur whole future is stake, it's either Europe or nothing,\u201d 18-year-old Kato said as she stood outside the parliament with her friends. ",
            "Observers believe passing the foreign agents law has turned into a battle for survival for Georgian Dream, which has managed to alienate many of its traditional partners in the process. ",
            "The US joined the EU in warning the law would entail consequences. The US State Department said last week that travel restrictions would be imposed on those who \u201cundermine democracy\u201d in Georgia, as well as their family members. ",
            "But the authorities brushed the warnings off. The Secretary General of Georgian Dream, Tbilisi Mayor Kakha Kaladze, said there would never be a \"trade-off\" against the interests of the country. ",
            "Knowing that she had run out of options to stop the government from passing the bill, on Monday Ms Zourabishvili presented a new charter which she said would be a plan to move Georgia towards Europe.",
            "\"To rebuild trust, we need a new political reality: a distinct unity, different elections, a different parliament,  and a different government,\" she wrote on X. ",
            "The charter includes the abolition of laws which she said were harming Georgia's chances of EU membership, as well as significant reforms designed to depoliticise the justice system and security services.",
            "Ms Zourabishvili invited all opposition parties to sign the charter before 1 June and go united into parliamentary elections in October."
        ]
    },
    "https://www.bbc.com/news/uk-england-dorset-68928118": {
        "link": "https://www.bbc.com/news/uk-england-dorset-68928118",
        "subtitle": "BBC Dorset's Political Reporter Tristan Pascoe hears from the key players ahead of council elections.",
        "time": null,
        "title": "Local elections 2024: Dorset Council group leaders talk politics at the pub",
        "topics": [
            "England and Wales elections 2024",
            "Dorset",
            "Dorset Council"
        ],
        "images": [
            "https://ichef.bbci.co.uk/news/480/cpsprodpb/DE49/production/_133250965_de27-42.jpg.webp",
            "https://ichef.bbci.co.uk/news/480/cpsprodpb/12C69/production/_133250967_de27-39.jpg.webp",
            "https://ichef.bbci.co.uk/news/480/cpsprodpb/9411/production/_133250973_de27-40.jpg.webp",
            "https://ichef.bbci.co.uk/news/480/cpsprodpb/17A89/production/_133250969_de27-41.jpg.webp",
            "https://ichef.bbci.co.uk/news/480/cpsprodpb/45F1/production/_133250971_de27-43.jpg.webp",
            "/bbcx/grey-placeholder.png"
        ],
        "videos": [],
        "author": "By Tristan Pascoe,",
        "text": [
            "Some say politics shouldn't be discussed at the pub, but with local elections coming up on Thursday, I headed to The Langton Arms in Tarrant Monkton to hear from some of Dorset Council's key players.",
            "At this Thursday's local elections all 82 seats on Dorset Council are up.",
            "The Unitary Authority was only created in 2019 - previously, the County Council it replaced had been Conservative controlled for all but eight of its 136 year history.",
            "In 1993 the Liberal Democrats took control, and held it for eight years.",
            "With dismal polling for Conservatives nationally, the Lib Dems believe that they are poised to take control of the council.",
            "Along with Rishi Sunak's low personal approval rating, poor national polling is making it hard for local Tory candidates and activists to want to be aligned to the national Conservative brand.",
            "79 of the 82 Tory candidates standing have chosen to call themselves \"Local Conservatives\". ",
            "Council leader Spencer Flower recently told Conservative MPs in Dorset to stay away when they'd asked how they could help during the local election campaign.",
            "He said the branding on the leaflets is nothing new: \"It's a local election about local services and I am proud of our record, not making any cuts to frontline services and not using up our reserves to balance the budget\".",
            "The Lib Dems control a number of councils in the surrounding area - including Bournemouth Christchurch and Poole Council, where the administration has had to identify \u00a344m of savings in setting their budget for this year. ",
            "I asked Lib Dem group leader on the council Nick Ireland, what he would do differently if he was in charge.",
            "\"We're not planning to make any cuts at all.  We're planning to build housing, because we can. There are lots of ways we can build for our residents. They've got to be available for \"social rent\", not affordable rent as defined by the Government. No one can afford that. We've had five years where Dorset Council hasn't built a single house. That's five years wasted.\"",
            "If the Conservatives lose just a handful of the forty three seats they are defending, then smaller parties like the Greens and the Independents group have already said that they'd join forces to support a Lib Dem administration.",
            "Claire Sutton is leader of the Green group, which currently has five seats.",
            "\"My group, the Greens has already worked collaboratively with colleagues. We have to be using the skills across the chamber.  And have the best people in the positions to which they're best suited,\" she said.",
            "Cllr Les Fry leads the four members of the group, Independents For Dorset.",
            "He said: \"Leave the politics behind. Have the best people in the best roles. Work together, make Dorset a better place for everybody.\"",
            "Paul Kimber, who represents Portland, is the only Labour and Co-operative Councillor.",
            "He said: \"The biggest single issue is getting money into Dorset because our RSG (Rate Support Grant) from the Government is so low. How can it be that we get \u00a3700k (seven hundred thousand) a year when some inner London boroughs get millions?\"",
            "My meeting with the council group leaders was convivial, with much consensus between them on a number of issues  - the need for housing, the cost of living crisis, the spiralling cost of social care - and the Bibby Stockholm at Portland Port, which none of my guests wished to see it stay a second longer once the that the original 18 month contract to host the migrant barge expires later this year.",
            "This is a fascinating contest.",
            "Electorally, Dorset has pretty much always been a \"sea of blue\". But if the political tide really is turning here, the result of what could be a very tight election will certainly be one to watch.",
            "Follow BBC South on Facebook, X, or Instagram. Send your story ideas to south.newsonline@bbc.co.uk or via WhatsApp on 0808 100 2240."
        ]
    },
    "https://www.bbc.com/news/uk-69033322": {
        "link": "https://www.bbc.com/news/uk-69033322",
        "subtitle": "Firefighters tackled huge flames from the blazing bus on Saturday as people looked on.",
        "time": null,
        "title": "Smoke fills street as London bus catches fire in Twickenham",
        "topics": [],
        "images": [],
        "videos": [],
        "author": "",
        "text": []
    },
    "https://www.bbc.com/sport/golf/articles/crgygg4lk34o": {
        "link": "https://www.bbc.com/sport/golf/articles/crgygg4lk34o",
        "subtitle": "Rory McIlroy and Robert MacIntyre start well at the US PGA Championship as American Xander Schauffele sets the early pace at Valhalla.",
        "time": null,
        "title": "US PGA Championship: Xander Schauffele leads as Rory McIlroy starts well - BBC Sport",
        "topics": [],
        "images": [
            "https://ichef.bbci.co.uk/news/1024/cpsprodpb/84d8/live/6cf5c770-13c0-11ef-8101-4b4eafd2e4f6.jpg"
        ],
        "videos": [],
        "author": "",
        "text": [
            "US PGA Championship leaderboard, round one",
            "-9 Schauffele (US); -6 Finau (US), Theegala (US); -5 McIlroy (NI), MacIntyre (Sco), Morikawa (US), Hoge (US), Kim (Kor), Detry (Bel), McNealy (US)",
            "Selected others: -4 Koepka (US), Scheffler (US); -3 Hovland (Nor), Smith (Aus), Rai (Eng); -2 Spieth (US), Thomas (US), Fitzpatrick (Eng); -1 Rahm (Spa); +1 Woods (US)",
            "Full leaderboard",
            "Xander Schauffele hit a major record-equalling 62 to set the pace in the first round of the US PGA Championship in Kentucky.",
            "The American holed nine birdies in a sensational bogey-free round to lead by three at Valhalla.",
            "Americans Tony Finau and Sahith Theegala sit in a tie for second on six under, one stroke ahead of Rory McIlroy, Collin Morikawa and Robert MacIntyre, who were among seven players to post five-under-par 66s.",
            "Defending champion Brooks Koepka is at four under in a group with world number one Scottie Scheffler - who began in ominous fashion by holing a 167-yard nine-iron for an eagle-two on the opening hole.",
            "Two-time major winner Jon Rahm recovered from a dismal start - dropping four shots in the first six holes - to sign for a one-under-par 70.",
            "Schauffele posted just the fourth 62 in a major championship, matching the score both he and Rickie Fowler carded in round one of last year's US Open, and Branden Grace's effort at the 2017 Open Championship.",
            "Those rounds were all at par-70 courses. Valhalla is a par-71 course.",
            "It was an almost faultless display by the 30-year-old Californian, who started on the 10th and had five birdies in his opening nine holes to climb to the top of the leaderboard.",
            "\"It's a great start,\" said the world number three, who missed a 32-foot putt at the last to post the first 61, but he still beat the course record of 63 set by Jose Maria Olazabal in 2000.",
            "Schauffele has struggled to finish off good starts though and has not recorded a victory since winning the 2022 Scottish Open.",
            "He dropped to joint 10th at the 2023 US Open and also led from the first round at last week's PGA Tour event at Quail Hollow but was caught and passed by McIlroy in the closing holes.",
            "\"I think not winning makes you want to win more, as weird as that is,\" Schauffele added. \"For me, at least, I react to it, and I want it more and more and more.\"",
            "McIlroy, who comes into this week on a good run of form having won on his past two PGA Tour starts, is once again in Schauffele's rear-view mirror. ",
            "The world number two also has form at Valhalla, having won his fourth and last major to date at this venue in 2014.",
            "He started brightly from the 10th with two birdies in his opening four holes.",
            "But a bogey on the 17th was followed by a wayward drive that found water on the par-five 18th. However, the Northern Irishman scrambled a par and that proved the catalyst for a sparkling second nine.",
            "He birdied the first after his second shot from deep rough hit the flagstick and he had a run of three successive birdies from the fifth, including a chip-in from greenside rough on the sixth.",
            "\"That was huge,\" McIlroy said of his shot into the first hole. \"I could have easily bogeyed 18 and been back to even par, and then that ball on one could have hit the flagstick and went anywhere. I could have made bogey from that.",
            "\"Potentially being one over par through 10, I'm two under so it's a three-shot difference. It's a big swing.\"",
            "However, he added: \"I'm not really happy with how I played but I am at least happy with the score.\"",
            "He was joined on five under by South Korea's Tom Kim, Belgium\u2019s Thomas Detry,  Americans Tom Hoge, Maverick McNealy and Morikawa, and Scotland's MacIntyre, who followed three birdies on his front nine with two more coming home.",
            "\"I had zero expectations,\" said the left-hander. \"I got off to a nice start and my caddie did well in managing me when I was out of position. But it was just a solid round of golf.\"",
            "After toiling at Augusta National in April where he eventually ended in a tie for 45th, Rahm endured a start to forget and looked far from at ease with his own game.",
            "Having spent the early part of the round in and out of the rough he rallied wonderfully but his frustrations were clearly evident when he tossed his iron into the fairway after pulling his approach to the 16th green.",
            "However, birdies on the 17th and 18th, his fourth and fifth on the back nine, completed a superb damage limitation exercise for the Spaniard.",
            "Scheffler is playing his first tournament since becoming a father. Like McIlroy he is also chasing a third successive victory after winning the Masters and RBC Heritage in April before taking some time off for the birth.",
            "And he made a stunning return, holing out from the fairway on the first but that was the high point in a round that also showed elements of rustiness, with some uncharacteristic mis-hits into greens.",
            "\"I'd like to clean up a few of the mistakes,\" he said before adding it was \"overall a solid round\".",
            "Cameron Smith, the 2022 Open champion, who remarkably saved par on the seventh hole after playing his second from the water in bare feet, finished among a group on three under, alongside Norway's Viktor Hovland and England's Aaron Rai.",
            "Jordan Spieth, who is making his seventh attempt to become the sixth player to complete the Grand Slam of winning all four majors, started with a solid 69 to be level with his good friend and two-time winner Justin Thomas, who was well supported by his hometown crowd in Louisville, Kentucky.",
            "Matt Fitzpatrick birdied the last to join Spieth and Thomas, while European Ryder Cup captain Luke Donald, who was in the first group out at 07:25 local time, carded a one-under 70. Fellow Englishmen Justin Rose and Matt Wallace also carded 70s.",
            "Tyrrell Hatton is one further back while Tommy Fleetwood signed for a one-over 72.",
            "Tiger Woods, who won the 2000 US PGA title at Valhalla to claim the third leg of what would become his 'Tiger Slam', conceded he \"struggled from tee to green\" after closing with successive bogeys as he also posted a 72."
        ]
    },
    "https://www.bbc.com/news/articles/cv22l5nw4epo": {
        "link": "https://www.bbc.com/news/articles/cv22l5nw4epo",
        "subtitle": "The King visits the Chelsea Flower Show days after he is named the Royal Horticultural Society's patron.",
        "time": null,
        "title": "Chelsea Flower Show: King Charles and Queen Camilla visit the site",
        "topics": [
            "UK Royal Family",
            "Environment",
            "King Charles III",
            "Chelsea Flower Show"
        ],
        "images": [
            "https://ichef.bbci.co.uk/news/480/cpsprodpb/b933/live/55817730-16e3-11ef-a076-37e73e62d3fb.jpg.webp",
            "https://ichef.bbci.co.uk/news/480/cpsprodpb/8c4d/live/44981e40-16e0-11ef-a076-37e73e62d3fb.jpg.webp",
            "https://ichef.bbci.co.uk/news/480/cpsprodpb/81f0/live/ad0e2f70-16e3-11ef-a076-37e73e62d3fb.jpg.webp",
            "https://ichef.bbci.co.uk/news/480/cpsprodpb/3679/live/48d44150-16e0-11ef-a076-37e73e62d3fb.jpg.webp"
        ],
        "videos": [],
        "author": "Hafsa Khalil,",
        "text": [
            "King Charles III and Queen Camilla have visited the Chelsea Flower Show.",
            "It is the King's first visit since the Royal Horticultural Society (RHS) - the gardening charity that holds the annual show in London - named him as its patron last week. The King's late mother, Queen Elizabeth II, held the position for 70 years.",
            "RHS Director General Clare Matterson said the royal attendance \u201cmeans the world\u201d to them and their wider horticultural family.",
            "The King's fondness for horticulture and the environment are well known and in 2009, the late Queen presented him with the RHS Victoria Medal of Honour, the charity\u2019s highest award.",
            "On Monday, the King toured a number of gardens in the blazing sunshine, alongside his wife, who is also said to be a keen gardener.",
            "Queen Camilla made a solo visit to the Bridgerton Garden, inspired by the Netflix show of aristocratic dramas, which she revealed she had seen the first series of.",
            "Monday\u2019s trip also saw the Royal couple visit the \u201cno adults allowed\u201d garden designed by school children, ahead of its opening to the public on Tuesday.",
            "The next generation of gardeners is a theme of this year\u2019s Chelsea Flower Show.",
            "The No Adults Allowed Garden was designed by children for children, with a den and a slide at the heart of it. ",
            "Despite the name, an exception was made for the royal party to see what the young gardeners had to offer.",
            "Talking to children in the garden, the King stated: \"There's nothing more fun than eating the things you've grown,\" adding \"it tastes so much better\".",
            "The couple were also given a badge each from Sulivan Primary School students who helped design the garden. ",
            "The King's badge called him \"King of the Compost\", which he joked was \"quite right\", while the Queen's badge read \"Queen of the Bees\".",
            "The opening day of the event brings with it a touch of horticultural glamour.",
            "Admiring the designs were gardener Alan Titchmarsh, actresses Joanna Lumley and Judi Dench, comedians Tom Allen and Joe Lycett and Olympian Jessica Ennis-Hill, who revealed she was attending to try to work out why her wisteria had not flowered for seven years.",
            "Dame Judi placed a seedling from the Sycamore Gap tree, felled in an act of vandalism last year, onto the National Trust's Octavia Hill garden.",
            "Another focus of the Show is sustainability, with gardens filled with drought-resilient plants, water storage and green innovation.",
            "The RHS has introduced a \"green audit\" for larger gardens and is handing out an environmental innovation award for the first time.",
            "A warm and wet winter has had an impact on what Chelsea looks like this year, with many plants flowering early - causing designers to rethink their gardens.",
            "More than 150,000 visitors are expected to visit the Flower Show over the next five days.",
            "Coverage of the event will run across eight days of broadcasts on BBC One and BBC Two, concluding on Sunday 26 May."
        ]
    },
    "https://www.bbc.com/news/world-us-canada-68924802": {
        "link": "https://www.bbc.com/news/world-us-canada-68924802",
        "subtitle": "Parts of the central US were hit by severe weather on Monday, killing one and leaving many without power.",
        "time": null,
        "title": "Video shows powerful storms tear though Oklahoma and Missouri",
        "topics": [],
        "images": [],
        "videos": [],
        "author": "",
        "text": []
    },
    "https://www.bbc.com/news/uk-england-derbyshire-69049581": {
        "link": "https://www.bbc.com/news/uk-england-derbyshire-69049581",
        "subtitle": "Plans to move all artefacts, displays and artwork will \"start immediately\", a council said.",
        "time": "2024-05-23T17:45:48.639744",
        "title": "'Sad' decision made to permanently relocate Buxton Museum",
        "topics": [
            "Derbyshire County Council",
            "Buxton"
        ],
        "images": [
            "https://ichef.bbci.co.uk/news/480/cpsprodpb/9DA1/production/_133335304_buxtonmuseum.png.webp",
            "https://ichef.bbci.co.uk/news/480/cpsprodpb/5CA5/production/_98171732_line976.jpg.webp"
        ],
        "videos": [],
        "author": "By Jude Winter,",
        "text": [
            "A decision has been made for Buxton Museum to be permanently relocated from its current base.",
            "Derbyshire County Council, which owns the museum, said it had no choice but to \"reluctantly\" relocate from the town's Peak Buildings at a meeting on Wednesday.",
            "The museum has been closed since last June because the building had dry rot.",
            "The council said plans to move all artefacts, displays, and artwork would \"start immediately\".",
            "The decision was announced by council leader Barry Lewis, who said: \"While extremely sad for everyone connected to the museum in its present home, it is with great reluctance that we have to confirm it is no longer viable for the museum to operate from the Peak Buildings and a new location must be secured.\"",
            "The council said looking at the extent of the dry rot in the building meant it could not be easily made safe for the public and staff \"without a programme of very costly remedial work that would take a considerable length of time\".",
            "\"It would be far better for the building and town if the building was sold to a buyer who could invest in it and bring it back up to a high standard,\" said Mr Lewis.",
            "\"I am urging local groups to fully engage and work with us on this challenge and look forward to discussions with representatives in the coming weeks so that positive solutions can be found.\"",
            "The council said there \"remained a determination\" to see the collections displayed locally for the time being, and plans are currently being developed for an interim museum service to run before a long-term solution is secured. ",
            "Details of the sale of the building will be announced when they are finalised over the coming months.\u200b",
            "Follow BBC Derby on Facebook, on X, or on Instagram. Send your story ideas to eastmidsnews@bbc.co.uk or via WhatsApp on 0808 100 2210."
        ]
    },
    "https://www.bbc.com/news/world-68998807": {
        "link": "https://www.bbc.com/news/world-68998807",
        "subtitle": "The Duchess of Sussex describes the \"eye opening\" experience of learning about her Nigerian ancestry.",
        "time": null,
        "title": "Meghan opens up about her Nigerian heritage",
        "topics": [],
        "images": [],
        "videos": [],
        "author": "",
        "text": []
    }
}