{
    "https://www.bbc.com/news/videos/clll63vpnn6o": {
        "link": "https://www.bbc.com/news/videos/clll63vpnn6o",
        "subtitle": "President Biden was joined by Vice-President Kamala Harris and Defence Secretary Lloyd Austin at Arlington National Cemetery.",
        "time": "2024-05-27T14:08:32.778636",
        "title": "Biden honours fallen service members on Memorial Day",
        "topics": [],
        "images": [],
        "videos": [],
        "author": "",
        "text": []
    },
    "https://www.bbc.com/news/world-middle-east-69067527": {
        "link": "https://www.bbc.com/news/world-middle-east-69067527",
        "subtitle": "The BBC's Middle East correspondent Lucy Williamson reports on the aftermath of Sunday's attack.",
        "time": "2024-05-27T14:09:00.673409",
        "title": "At the scene of deadly strike in Rafah",
        "topics": [],
        "images": [],
        "videos": [],
        "author": "",
        "text": []
    },
    "https://www.bbc.com/news/uk-politics-69067993": {
        "link": "https://www.bbc.com/news/uk-politics-69067993",
        "subtitle": "The Liberal Democrats leader was paddle boarding on Lake Windermere in the Lake District.",
        "time": "2024-05-28T14:09:36.340217",
        "title": "Going, going, gone: Ed Davey takes a dip in Lake Windermere",
        "topics": [],
        "images": [],
        "videos": [],
        "author": "",
        "text": []
    },
    "https://www.bbc.com/news/articles/cqqqyl3yvnko": {
        "link": "https://www.bbc.com/news/articles/cqqqyl3yvnko",
        "subtitle": "The van driver reversed into a pensioner who had to be resuscitated at the roadside, police said.",
        "time": "2024-05-28T14:10:01.635528",
        "title": "Berkshire drug-driver jailed after critically injuring woman",
        "topics": [
            "Berkshire",
            "Newbury"
        ],
        "images": [
            "https://ichef.bbci.co.uk/news/480/cpsprodpb/40a5/live/a7b47070-1d0f-11ef-a282-67873d6b8eca.png.webp"
        ],
        "videos": [],
        "author": "",
        "text": [
            "A drug-driver who reversed up a main road when he missed his turning and critically injured a pedestrian has been jailed for two years and four months.",
            "Leigh Kuehnel, 47, hit the woman, who was aged in her 80s, on Woodstock Road in Oxford in August 2022, police said.",
            "She had to be resuscitated at the roadside, detectives added.",
            "The defendant, of Elizabeth Avenue, Newbury, pleaded guilty to driving his van under the influence of cocaine and was found guilty at Oxford Crown Court of causing serious injury by dangerous driving.",
            "Kuehnel was driving towards the city centre when he missed the turn into Osberton Road, police said.",
            "He reversed up the main road, inflicting \"terrible injuries\" on the pensioner who spent four months in intensive care, detectives added.",
            "Sgt Dominic Mahon said: \u201cLeigh Kuehnel chose to drive that evening, knowing he had consumed cocaine and alcohol.",
            "\"When he missed his turning, he chose to reverse even though he couldn\u2019t see behind him.",
            "\u201cHis dangerous choices almost cost a woman her life and she will sadly never fully recover from the terrible injuries he caused her.\"",
            "Kuehnel was also banned from driving for three years and four months after his release.",
            "Follow BBC South on Facebook, X (Twitter), or Instagram. Send your story ideas to south.newsonline@bbc.co.uk or via WhatsApp on 0808 100 2240."
        ]
    },
    "https://www.bbc.com/news/articles/c0x0qlpy0l0o": {
        "link": "https://www.bbc.com/news/articles/c0x0qlpy0l0o",
        "subtitle": "A march and celebration in Falmouth town launches the Cornwall Pride 2024 campaign.",
        "time": null,
        "title": "Cornwall Pride returns to Falmouth for 50th event",
        "topics": [
            "Cornwall",
            "Pride",
            "Falmouth",
            "LGBT"
        ],
        "images": [
            "https://ichef.bbci.co.uk/news/480/cpsprodpb/78cd/live/4aaa0280-04a7-11ef-a201-bb3b2caf3291.jpg.webp",
            "https://ichef.bbci.co.uk/news/480/cpsprodpb/466b/live/0da692b0-04a5-11ef-a201-bb3b2caf3291.jpg.webp"
        ],
        "videos": [],
        "author": "",
        "text": [
            "Cornwall Pride has returned to host its 50th event.",
            "The celebrations took place in Falmouth and included what is thought to be the world's largest pride flag.",
            "Following a march through the town, live singers, comedians, dancers and drag queens performed at Falmouth Event Square to show support for the LGBTQ+ community across the county.",
            "Cornwall Pride said: \"Falmouth Pride is set to be a beacon of the celebratory spirit and unity on this historic 50th Pride Day in Cornwall.\"",
            "Host organisers added that a number of local organisations and representatives were in attendance to show their \"love and support\".",
            "The march started at about 12:00 BST at The Prince of Wales Pier and finished at Event Square outside the Maritime Museum.",
            "Lydia Sadler, director of community events group Queer the Decks, said a lot has changed since she first moved to Cornwall.",
            "\"I sort of felt a little bit like the only gay in the village slightly, there wasn't that much happening, it felt a little bit isolating to be honest,\" she said.",
            "\"Now things just feel completely different.",
            "\"I love doing this because it makes me feel so joyful seeing other people just letting their guard down.\"",
            "Ms Sadler said all were welcome to the event, which finishes at 19:00 BST.",
            "\"We welcome queer people, but also allies, so if you fall under that bracket in any way, then you're welcome.\"",
            "Follow BBC Cornwall on X (formerly Twitter), Facebook and Instagram. Send your story ideas to spotlight@bbc.co.uk."
        ]
    },
    "https://www.bbc.com/news/uk-politics-69049163": {
        "link": "https://www.bbc.com/news/uk-politics-69049163",
        "subtitle": "Sir Ed Davey says the government should be supporting carers \"not persecuting them\".",
        "time": null,
        "title": "Lib Dem leader quizzes PM on DWP 'hounding' carers",
        "topics": [],
        "images": [],
        "videos": [],
        "author": "",
        "text": []
    },
    "https://www.bbc.com/news/uk-scotland-69039486": {
        "link": "https://www.bbc.com/news/uk-scotland-69039486",
        "subtitle": "A rocket manufacturer has successfully tested rocket engines at a space port on Shetland.",
        "time": null,
        "title": "Watch: Preparations for Shetland rocket launch",
        "topics": [],
        "images": [],
        "videos": [],
        "author": "",
        "text": []
    },
    "https://www.bbc.com/sport/basketball/articles/cjjj04n5g2qo": {
        "link": "https://www.bbc.com/sport/basketball/articles/cjjj04n5g2qo",
        "subtitle": "The Boston Celtics beat the Indiana Pacers 133-128 in overtime in game one of the Eastern Conference Finals.",
        "time": null,
        "title": "NBA play-offs: Boston Celtics beat Indiana Pacers 133-128 in game one of Eastern Conference Finals - BBC Sport",
        "topics": [],
        "images": [],
        "videos": [
            "//emp.bbc.com/emp/SMPj/2.52.1/iframe.html"
        ],
        "author": "",
        "text": [
            "The Boston Celtics beat the Indiana Pacers 133-128 in overtime in game one of the Eastern Conference Finals.",
            "The Celtics' Jaylen Brown scored a three-pointer with six seconds remaining to level the scores at 117-117 and take the game to overtime at the TD Garden in Boston.",
            "Jayson Tatum, who finished with 36 points, scored a three-pointer and Derrick White a lay-up in quick succession inside the final minute to make the game safe for the top-seeded Celtics.",
            "\"Welcome to the NBA playoffs. Anything can happen,\" said Brown, who scored 26 points in a match broadcast live on BBC One.",
            "\"It's not over until the final buzzer sounds. We found a way to win the game at the very end.",
            "The Pacers gave up 21 turnovers, including shortly before Brown's late three-pointer.",
            "Pacers coach Rick Carlisle said the loss was \"totally on me\" after failing to call a timeout before Brown scored.",
            "Game two will also take place at TD Garden, on Thursday.",
            "The winners of the best-of-seven series will face the Minnesota Timberwolves or the Dallas Mavericks, who meet in the Western Conference Finals, in the NBA Finals.",
            "Game one of those Finals will be broadcast live on BBC One from 01:30 BST on Wednesday, 7 June."
        ]
    },
    "https://www.bbc.com/sport/rugby-union/articles/c51nnxvgr0ro": {
        "link": "https://www.bbc.com/sport/rugby-union/articles/c51nnxvgr0ro",
        "subtitle": "Harlequins confirm long-serving prop Will Collier will leave the club at the end of the season to play in France's Top 14.",
        "time": null,
        "title": "Will Collier: Harlequins prop to depart for France's Top 14  - BBC Sport",
        "topics": [],
        "images": [
            "https://ichef.bbci.co.uk/news/1024/cpsprodpb/1f7a/live/b70ac740-11e3-11ef-a40c-a15b02a51ff9.jpg"
        ],
        "videos": [],
        "author": "",
        "text": [
            "Long-serving Harlequins prop Will Collier will leave the club at the end of the season to play in the French Top 14.",
            "It has not been confirmed where Collier is going but the 33-year-old has been strongly linked with a move to Castres Olympique.",
            "He joined Quins in 2009 and made 240 appearances - winning two Premiership titles - and has played twice for England. ",
            "\u201cIt has been a tough decision to leave but I feel now is the right time to take on a new challenge and adventure in France,\" Collier said. ",
            "\u201cHaving been part of Harlequins since the age of 14, I have been lucky enough to call The Stoop home for almost 20 years. ",
            "\"I have been a lifelong fan of this club and playing here has been a dream come true.\""
        ]
    }
}