{
    "https://www.bbc.com/news/articles/cnl4zd1lzjlo": {
        "link": "https://www.bbc.com/news/articles/cnl4zd1lzjlo",
        "subtitle": "Sunderland Council elections see the Conservatives losing the main opposition role to the Lib Dems.",
        "time": null,
        "title": "Labour holds Sunderland Council and Durham PCC",
        "topics": [
            "England and Wales elections 2024",
            "Sunderland City Council",
            "Sunderland"
        ],
        "images": [
            "https://ichef.bbci.co.uk/news/480/cpsprodpb/b6ce/live/2051f150-0966-11ef-a01f-c1a4caf722f2.png.webp",
            "https://ichef.bbci.co.uk/news/480/cpsprodpb/bfbd/live/bfb52060-0910-11ef-8f00-210eed5fcae4.png.webp",
            "https://ichef.bbci.co.uk/news/480/cpsprodpb/cd2d/live/485b1f00-0911-11ef-8f00-210eed5fcae4.png.webp",
            "https://ichef.bbci.co.uk/news/480/cpsprodpb/6ae0/live/67d8e890-0910-11ef-8f00-210eed5fcae4.png.webp",
            "https://ichef.bbci.co.uk/news/480/cpsprodpb/8b93/live/eec1d870-0911-11ef-8f00-210eed5fcae4.png.webp"
        ],
        "videos": [],
        "author": "Jim Scott,",
        "text": [
            "Labour has kept control of Sunderland City Council after defending all its seats and winning six others. ",
            "Thursday's election saw the Conservatives lose their status as the official opposition on the council to the Liberal Democrats.",
            "Labour's Joy Allen also retained her role as Durham Police and Crime Commissioner (PCC) with a much increased majority.",
            "Ms Allen said she was \"overwhelmed\" with the public\u2019s support. ",
            "Ms Allen received 66,752 votes with Conservative Robert Potts second on 37,773. Nigel Boddy of the Liberal Democrats received 14,678 votes.",
            "\u201cI\u2019m absolutely delighted and honoured to continue in this role,\" she said.",
            "Thursday's election saw the Conservatives lose their status as the official opposition on the council to the Liberal Democrats.",
            "The Conservatives lost three out of six seats on Wearside to Labour having previously lost two seats through the defection of councillors.",
            "Sunderland Conservative leader Antony Mullen said the result was worrying \"because it means this could be replicated at a general election\".",
            "Mr Mullen said Reform UK\u2019s decision to stand in all 25 available seats in the city had \u201csplit the vote\u201d and helped Labour.",
            "He said the party would continue to be an \"effective opposition\" and would be \u201cback on the up\u201d when the city faces the next local election in 2026.",
            "\u201cIf people vote Reform, they aren\u2019t going to get Reform, they\u2019re going to get a radically left-wing option to what they think they\u2019re voting for,\u201d he said.",
            "However, he believed it was promising that, despite losing the majority of its contested seats, in some cases the number of votes in favour of Conservative candidates had gone up.",
            "\u201c[We] won\u2019t change the kind of work we do, it won\u2019t change how we serve the people that we have been elected to represent, we will continue to do the job well.\u201d",
            "Reform's Paul Donaghy, who himself lost his Washington South seat to Labour, said the party had succeeded in making its mark in Sunderland, gaining second place across several wards, adding it indicated the party \"will only go up\".",
            "The Liberal Democrats are, again, the main party of opposition after losing just one seat but holding four. ",
            "It had held that role until September 2023 when two of its councillors had defected to Labour.",
            "Paul Edgeworth, its leader, said the result meant \"like Gateshead and Newcastle, it's a Labour versus Lib Dem race in Sunderland\".",
            "Sunderland's Labour leader Graeme Miller told the BBC he felt \"justified\" and it was a \"great night for the Labour Party\" who he believes, \"will be in government\" by the end of the year.",
            "He added the Reform Party was \"nowhere near challenging Labour\".",
            "Additional reporting by Bill Edgar from the Local Democracy Reporting Service ",
            "Follow BBC Sunderland on X (formerly Twitter), Facebook and Instagram. Send your story ideas to northeastandcumbria@bbc.co.uk."
        ]
    },
    "https://www.bbc.com/news/world-africa-68987156": {
        "link": "https://www.bbc.com/news/world-africa-68987156",
        "subtitle": "A Nigerian soldier finds friends and familiar stories when he starts competing in para-sport.",
        "time": null,
        "title": "\u2018The Invictus Games shows me I am not alone\u2019",
        "topics": [],
        "images": [],
        "videos": [],
        "author": "",
        "text": []
    },
    "https://www.bbc.com/news/world-europe-68994908": {
        "link": "https://www.bbc.com/news/world-europe-68994908",
        "subtitle": "The tennis player was accidentally struck in the head with a hard bottle that fell from a fan's backpack.",
        "time": null,
        "title": "Djokovic greets fans with a helmet after being hit by bottle",
        "topics": [],
        "images": [],
        "videos": [],
        "author": "",
        "text": []
    },
    "https://www.bbc.com/sport/football/articles/cp4g44vqz80o": {
        "link": "https://www.bbc.com/sport/football/articles/cp4g44vqz80o",
        "subtitle": "Veteran Swansea City defender Kyle Naughton signs a new one-year deal.",
        "time": null,
        "title": "Kyle Naughton: Swansea City defender signs new one-year deal - BBC Sport",
        "topics": [],
        "images": [
            "https://ichef.bbci.co.uk/news/2048/cpsprodpb/7f07/live/0e7482b0-139b-11ef-a0d0-c1afcc56af9b.jpg"
        ],
        "videos": [],
        "author": "",
        "text": [
            "Veteran Swansea City defender Kyle Naughton has agreed a new one-year contract with the Championship club. ",
            "Naughton, 35, had been due to become a free agent this summer.",
            "The long-serving right-back - who can also operate in central defence - will now remain at Swansea until 2025.",
            "Naughton missed the closing stages of the 2023-24 season after suffering a hamstring injury in the derby win over Cardiff City in March.",
            "Head coach Luke Williams has repeatedly spelled out his admiration for Naughton, who joined Swansea from Tottenham Hotspur in January 2015 and has made more than 300 appearances for the Welsh club.",
            "Williams is keen to keep some experienced players in his squad as he prepares for a first full season as Swansea boss.",
            "Naughton is the first of six senior players whose contracts expire this summer to agree a new deal.",
            "The futures of Joe Allen, Jamie Paterson, Liam Walsh, Przemyslaw Placheta and Nathaniel Ogbeta are still to be decided."
        ]
    },
    "https://www.bbc.com/news/articles/ceq3d6x7wqwo": {
        "link": "https://www.bbc.com/news/articles/ceq3d6x7wqwo",
        "subtitle": "Police were called after Lee Crewe was found unresponsive in the street.",
        "time": null,
        "title": "Newport: 'Infectious personality' tribute after Lee Crewe's death",
        "topics": [
            "Wales",
            "Newport",
            "Gwent Police"
        ],
        "images": [
            "https://ichef.bbci.co.uk/news/480/cpsprodpb/d34d/live/899443f0-1471-11ef-8b18-2714d3f75d2f.jpg.webp"
        ],
        "videos": [],
        "author": "",
        "text": [
            "The family of a man killed in Newport have said he was \"lovely, inside and out\".",
            "Lee Crewe, 36, was found unresponsive with serious injuries in Chepstow Road in the city on Tuesday. ",
            "Paramedics later confirmed he had died. ",
            "A 21-year-old was arrested on suspicion of murder and remains in custody.",
            "His family said: \"Lee was lovely, inside and out. He had an infectious personality that always lit up a room.",
            "\"We\u2019ll always have an unbreakable bond and he\u2019ll always be in our thoughts.",
            "\"Until we meet again our darling son.\"",
            "Gwent Police said it was not looking for anyone else in connection with Mr Crewe's death.",
            "The force said his family are being supported by officers and appealed for witnesses."
        ]
    },
    "https://www.bbc.com/sport/football/68953011": {
        "link": "https://www.bbc.com/sport/football/68953011",
        "subtitle": "Struggling to name Tuesday's Premier League footballer? Here's the answer...",
        "time": null,
        "title": "Premier League quiz: The answer - BBC Sport",
        "topics": [],
        "images": [
            "https://ichef.bbci.co.uk/news/1024/cpsprodpb/15F78/production/_133267998_gettyimages-481494547.jpg",
            "https://ichef.bbci.co.uk/news/2048/cpsprodpb/13AC7/production/_130238508_bbc_sport_yellow_footer.png",
            "https://ichef.bbci.co.uk/news/2048/cpsprodpb/7768/production/_119786503_everything_you_need_to_know_banner.png",
            "https://ichef.bbci.co.uk/news/2048/cpsprodpb/C588/production/_119786505_bbc_sport_yellow_footer.png"
        ],
        "videos": [
            "//emp.bbc.com/emp/SMPj/2.52.1/iframe.html"
        ],
        "author": "",
        "text": [
            "Latest gossip column",
            "Follow your Premier League club for news, analysis, fan views, podcasts and more",
            "Our coverage of your Premier League club is bigger and better than ever before - follow your team and sign up for notifications in the BBC Sport app to make sure you never miss a moment"
        ]
    },
    "https://www.bbc.com/news/world-europe-69002337": {
        "link": "https://www.bbc.com/news/world-europe-69002337",
        "subtitle": "Returning from the contest, Swiss singer Nemo was greeted by hundreds of fans at Zurich Airport.",
        "time": null,
        "title": "'It just shattered' - Nemo explains broken Eurovision trophy",
        "topics": [],
        "images": [],
        "videos": [],
        "author": "",
        "text": []
    },
    "https://www.bbc.com/sport/football/69000903": {
        "link": "https://www.bbc.com/sport/football/69000903",
        "subtitle": "Monday's back pages",
        "time": null,
        "title": "Monday's back pages - BBC Sport",
        "topics": [],
        "images": [
            "https://ichef.bbci.co.uk/news/628/cpsprodpb/4F60/production/_133302302_express.png",
            "https://ichef.bbci.co.uk/news/644/cpsprodpb/7670/production/_133302303_guardian.png",
            "https://ichef.bbci.co.uk/news/623/cpsprodpb/9D80/production/_133302304_mail.png",
            "https://ichef.bbci.co.uk/news/598/cpsprodpb/C490/production/_133302305_metro.png",
            "https://ichef.bbci.co.uk/news/630/cpsprodpb/2C38/production/_133302311_mirror.png",
            "https://ichef.bbci.co.uk/news/631/cpsprodpb/112B0/production/_133302307_star.png",
            "https://ichef.bbci.co.uk/news/635/cpsprodpb/139C0/production/_133302308_telegraph.png",
            "https://ichef.bbci.co.uk/news/585/cpsprodpb/160D0/production/_133302309_thei.png",
            "https://ichef.bbci.co.uk/news/976/cpsprodpb/0528/production/_133302310_times.png"
        ],
        "videos": [],
        "author": "",
        "text": []
    },
    "https://www.bbc.com/news/science-environment-68991593": {
        "link": "https://www.bbc.com/news/science-environment-68991593",
        "subtitle": "A black hole is a region of space with such strong gravity not even light can escape.",
        "time": null,
        "title": "Nasa shows what it's like inside a black hole",
        "topics": [],
        "images": [],
        "videos": [],
        "author": "",
        "text": []
    }
}