{
    "https://www.bbc.com/news/articles/cp66794y275o": {
        "link": "https://www.bbc.com/news/articles/cp66794y275o",
        "subtitle": "The MP has written a letter to her constituents saying she will step down at the general election.",
        "time": "2024-05-23T10:37:06.476749",
        "title": "Halifax MP Holly Lynch steps down",
        "topics": [
            "General election 2024 "
        ],
        "images": [
            "https://ichef.bbci.co.uk/news/480/cpsprodpb/23d3/live/fcd71c00-1879-11ef-abbd-8dabb36280e8.jpg.webp",
            "https://ichef.bbci.co.uk/news/480/cpsprodpb/a3e3/live/132a7100-187a-11ef-80aa-699d54c46324.jpg.webp"
        ],
        "videos": [],
        "author": "Gemma Dillon,",
        "text": [
            "The Labour MP for Halifax, Holly Lynch, has announced she is stepping down ahead of the general election. ",
            "The 37-year-old was first elected in 2015 and won re-election in 2017 and 2019. ",
            "In a letter to her constituents, Ms Lynch said it had been the \"ultimate privilege to serve as the MP for her hometown\" but, after 10 years, she had taken the \"incredibly difficult\" decision to stand down at the general election. ",
            "She has held a variety of positions on the Labour front bench under both Jeremy Corbyn and Sir Keir Starmer. ",
            "Ms Lynch was selected to stand for Labour in 2015 at short notice after the sitting MP, Linda Riorden, decided to stand down on health grounds. ",
            "It had been a target for the Conservative party but Ms Lynch won the seat for Labour by 428 votes. ",
            "She went on to increase the majority to 5,376 in 2017 and re-elected again in 2019 with a majority of 2,569.",
            "In the letter to her constituents, posted on X, Ms Lynch said the announcement there would be a general election on 4 July came much sooner than she had anticipated.",
            "She said while she had the \"most amazing husband and family as the mother of a young son with another on the way, I have found the requirements of this very special job, with those responsibilities, increasingly difficult\". ",
            "Her letter acknowledged the role of MP asks a \"great deal\" and said \"it also requires you to ask the same of your own family\".",
            "Ms Lynch wrote she had found it \"harder and harder at this moment in their young lives\". ",
            "In the letter, Ms Lynch said one of her biggest achievements was working alongside Chris Bryant MP to change the law to secure harsher sentences for people convicted of assaulting emergency service workers. ",
            "Ms Lynch was appointed to the Labour front bench in July 2017, taking on the role of shadow flooding, fishing & coastal communities minister, but later stepped down to take maternity leave.",
            "In April 2020 she was appointed as Labour\u2019s shadow minister of state for immigration. She became shadow minister for crime reduction and courts in 2021 before taking up the post of shadow minister for security in 2022. ",
            "Following the 2023 shadow front bench reshuffle, Sir Keir promoted Ms Lynch to opposition deputy chief whip. ",
            "In the letter, Ms Lynch said she \"will be forever grateful to all those who have placed their faith in me at the ballot box\" and thanked people for their \"support and understanding\". ",
            "",
            "Follow BBC Yorkshire on Facebook, X (formerly Twitter) and Instagram. Send your story ideas to yorkslincs.news@bbc.co.uk."
        ]
    },
    "https://www.bbc.com/news/uk-politics-69051066": {
        "link": "https://www.bbc.com/news/uk-politics-69051066",
        "subtitle": "The BBC's Henry Zeffman describes how Westminster gossip caused mass confusion among staff.",
        "time": "2024-05-22T10:37:20.632976",
        "title": "How MPs turned to BBC reporter for clarity on election gossip",
        "topics": [],
        "images": [],
        "videos": [],
        "author": "",
        "text": []
    },
    "https://www.bbc.com/news/articles/cmllmvlvj82o": {
        "link": "https://www.bbc.com/news/articles/cmllmvlvj82o",
        "subtitle": "Welsh parties make pitches to voters as Rishi Sunak kicks off general election campaign.",
        "time": "2024-05-22T10:37:45.241229",
        "title": "General election: Welsh parties draw battle lines as vote called",
        "topics": [
            "Wales",
            "General election 2024 "
        ],
        "images": [
            "https://ichef.bbci.co.uk/news/480/cpsprodpb/c374/live/ae990950-1850-11ef-baf9-2dfab45ba024.jpg.webp",
            "/bbcx/grey-placeholder.png"
        ],
        "videos": [],
        "author": "David Deans,",
        "text": [
            "Labour's Vaughan Gething said people across Wales are calling for a change of government as Welsh parties geared up for the general election.",
            "Prime Minister Rishi Sunak ended speculation on Wednesday, saying voters will go to the polls on 4 July.",
            "His party leader in the Senedd, Conservative Andrew RT Davies, said Labour's record in the Welsh government is a \"stark warning to the rest of the United Kingdom\".",
            "Meanwhile Plaid Cymru said only it will put Wales first.",
            "The election is the first since a major boundary review, which will cut the number of MPs in Wales from 40 to 32.",
            "All seats will see their boundaries change, with the exception of Ynys M\u00f4n.",
            "Welsh Labour will be hoping to expand their dominance in Wales, while the Conservatives defend the ground they won in 2019.",
            "Led by former prime minister Boris Johnson, the party won seats in traditional Labour areas in the north east and Bridgend.",
            "Meanwhile, Plaid Cymru will hope not to be squeezed by the two major parties - it held four seats.",
            "At the last election Welsh Labour won 22 seats - still the largest party despite the performance of the Conservatives.",
            "The first minister and Welsh Labour leader Vaughan Gething said on X: \"People across Wales are calling out for a change of government, an end to Tory chaos and two Labour governments working together - for Wales and Britain.\"",
            "Jo Stevens, the shadow Welsh Secretary and the most senior Welsh Labour Westminster politician, said: \u201cWe have a once in a generation opportunity to deliver a Labour government at both ends of the M4, working together to deliver positive change in people\u2019s day-to-day lives.\"",
            "In 2019 the Tories earned their largest haul since the Thatcher years, with 14 seats.",
            "The party kicked off the campaign by criticising the Welsh Labour government. Andrew RT Davies, the Senedd Conservative leader, said Mr Gething was \"mired in controversy\" over donations, 20mph speed limits and \"out of touch plans to spend \u00a3120m on 36 more politicians\".",
            "Hours before the announcement Conservative Welsh Secretary David TC Davies said he had not been expecting an election to be called.",
            "Later, on BBC Wales Today, he said: \"It just goes to show, don't follow any of my betting tips.\"",
            "He added that the economy will dominate the election: \"We've seen inflation fall today to just over 2%. We've seen better growth than France or Germany.\"",
            "Plaid Cymru won four seats in 2019. ",
            "The party's leader Rhun ap Iorwerth said: \"Only a vote for Plaid Cymru will put Wales' best interests first in this election.",
            "\"The Tories have crashed the economy and hard-working people are still paying the price of high bills. Labour, on the other hand, just take Wales for granted.\"",
            "Liz Saville-Roberts, Plaid Westminster leader, said on X: \"Look around and ask yourselves, is this as good as it gets? ",
            "\"Plaid Cymru is ready to take the fight to the Tories and Labour to demand the fairness and ambition that Wales deserves.\"",
            "By Gareth Lewis, BBC Wales political editor",
            "The 2019 general election changed the political map of Wales, with a Boris Johnson-inspired Conservative Party turning some unexpected parts of it blue.",
            "The Tories took Bridgend and also swept across north Wales, taking Wrexham, Delyn, Vale of Clwyd, Clwyd South and Ynys M\u00f4n from Labour.",
            "As Rishi Sunak announced an election will take place on 4 July, the polls indicated that we could be looking at a lot more red this time round.",
            "In short: expect plenty of campaign visits by Labour to north Wales.",
            "As for other colours, the green of Plaid Cymru might become a bit more prominent if they can win their target seats of Ynys M\u00f4n and Caerfyrddin.",
            "Might there be a return of yellow, as the Liberal Democrats target one of their former strongholds in the new-look constituency of Brecon, Radnor and Cwm Tawe?",
            "Read more from Gareth",
            "By Mark Palmer, BBC Wales",
            "Vale of Glamorgan is the classic bellwether seat \u2013 if there\u2019s a Labour UK government then a Labour MP is elected here, if it\u2019s a Conservative MP then normally a Conservative UK government wins.",
            "Ynys M\u00f4n is a classic three-way seat which is currently held by the Conservatives but Plaid and Labour will also be eyeing it up.",
            "It is also the only seat in Wales which has been held by all four main parties.",
            "Monmouthshire looks interesting where, if you look at the polls, the current Conservative MP and Welsh Secretary, David TC Davies, could be under threat from Labour. ",
            "The west Wales seat of Caerfyrddin will see a three-way fight between the Conservatives, Labour and Plaid Cymru which could become a four-way competition.",
            "It could present problems for Plaid Cymru, if ex-Plaid MP Jonathan Edwards decides to stand.",
            "Meanwhile the north east \"Blue Wall\" seats won by Boris Johnson's Conservatives five years ago will be closely watched - will they revert back to Labour?",
            "The constituencies voters elect in for the 2024 general election will be different to 2019.",
            "The number of seats will be cut from 40 in Wales to 32 - and all seats barring Ynys M\u00f4n will change in some way.",
            "It was all agreed in a review that concluded in 2023, which sought to make seats more equal.",
            "You can read more about the changes here.",
            "The existence of the Welsh Parliament means you will hear loads of promises and pledges in this election campaign about things that don\u2019t quite relate to the election \u2013 at least, not in Wales.",
            "It can get confusing, especially when Welsh politicians blur the lines themselves and fail to make the distinction, as has happened in the past.",
            "The things the UK government is in charge of include criminal justice and policing, benefits, most taxation, foreign affairs and the military.",
            "For 25 years the Senedd and the Welsh government \u2013 and the old National Assembly for Wales \u2013 have controlled health, education, agriculture and councils, among other things.",
            "However, most of the money for these things comes from the UK government - highly relevant as Welsh public services come under pressure.",
            "Meanwhile, Welsh leaders like Vaughan Gething, Rhun ap Iorwerth and Andrew RT Davies are not themselves seeking election to Westminster - being instead Members of the Senedd.",
            "Read more about the issues for Wales in this election."
        ]
    },
    "https://www.bbc.com/news/articles/cw55lgpnxgdo": {
        "link": "https://www.bbc.com/news/articles/cw55lgpnxgdo",
        "subtitle": "In Assam state, a complicated citizenship process has left thousands without the right to vote.",
        "time": null,
        "title": "Assam: The 'doubtful Indians' left out of the election",
        "topics": [
            "India Election 2024",
            "India"
        ],
        "images": [
            "https://ichef.bbci.co.uk/news/480/cpsprodpb/2e74/live/9d7a40d0-1742-11ef-b559-b5d176629cf7.jpg.webp",
            "https://ichef.bbci.co.uk/news/480/cpsprodpb/500b/live/d85a89e0-1741-11ef-b559-b5d176629cf7.jpg.webp",
            "/bbcx/grey-placeholder.png",
            "/bbcx/grey-placeholder.png",
            "/bbcx/grey-placeholder.png",
            "/bbcx/grey-placeholder.png"
        ],
        "videos": [],
        "author": "",
        "text": [
            "In India\u2019s northeastern Assam state, a complicated citizenship process has left thousands of people off the voters list during the national election. Umang Poddar from BBC Hindi reports on the people stuck in a legal quagmire.",
            "Forty-seven-year-old Laxmi Das felt terrible as she watched many of her neighbours in Assam\u2019s Silchar city vote in the second phase of the Indian general elections in April.",
            "\"The entire country participates in the general election but I can't,\" she says.",
            "Ms Das is among the 97,000 odd voters in the state who have a \"D\" or \"doubtful\" marked against their name and are barred from voting because their Indian citizenship is under question.",
            "Known as the D-voters list, the concept is unique to Assam where migration and citizenship are among the biggest political fault lines.",
            "The state shares a nearly 300km-long (187 miles) border with Bangladesh and has seen decades of migration from the neighbouring country as people fled religious persecution or moved in search of jobs.",
            "Nationalist groups in Assam have long complained that the immigration threatens their cultural and ethnic demography and strains the state's resources.",
            "In 1985, the Indian government declared that any person who entered Assam without proper documentation after 24 March 1971 would be considered a foreigner.",
            "In 1997, the Election Commission of India (EC), which oversees elections, updated its electoral rolls and identified close to 300,000 people whose citizenship it thought doubtful and marked a \"D\" against their name. The EC used its own officers to ascertain whether these people had documents to prove their citizenship.",
            "If an officer had \"reasonable doubt\", the case was sent to a Foreigners Tribunal - quasi-judicial forums - where people were given a final chance to prove their citizenship using official documents like birth certificates and land papers. ",
            "If the court declared a person a foreigner, they were either deported or put in detention camps.",
            "The process, which continues even today, has been mired in controversies, with legal experts calling it chaotic and confusing. Many say there's no clarity on how the D-voters were initially identified. Others point out discrepancies like the lack of set standards for what documents are acceptable.",
            "In 2019, a family filed a right to information query demanding to know the reason why they were marked as doubtful voters. The EC responded saying it did not have a record of the procedure followed in the case.",
            "\"The D-voters are put in limbo until a tribunal decides their fate, which can sometimes take decades,\" says Sishir Dey, a former tribunal member.",
            "\"Until then, they are barred from voting and are unable to avail welfare benefits such as ration,\" he adds.",
            "Citizenship has long been a convoluted process in Assam.",
            "In 1951, four years after Indian independence, the government prepared a National Register of Citizens (NCR) to determine who was born in Assam and was therefore Indian, and who might be a migrant from Bangladesh (then part of Pakistan).",
            "In 2015, it started updating the list for the first time to account for the new cut-off date of 24 March 1971 set by the government.",
            "More than 30 million residents submitted their documents to prove their citizenship.",
            "After several iterations, close to 1.9 million names were excluded from the final list, which was released in 2019. ",
            "In the five years since, neither the federal nor the state government have announced any specific plan for the NRC.",
            "When the list was being updated, D-voters were also allowed to apply but their names were not included because the question of their citizenship was already being determined by a foreigners tribunal.",
            "Yet, several of them found their names in the final version, marking another confusion in the process.",
            "The governing Bharatiya Janata Party (BJP) has repeatedly promised it would end the citizenship problem in Assam.",
            "In 2014, Prime Minister Narendra Modi said he would solve the D-voter issue and abolish detention camps from the state. ",
            "In 2019, the BJP passed a controversial law that it claimed would potentially help those whose citizenship was in doubt. The Citizenship Amendment Act (CAA) allowed people from six religions who could show that they entered India before 2014 to be eligible for Indian citizenship. However, this law did not apply to Muslims. ",
            "The law was implemented in March, two months before the election began this year.",
            "Parimal Suklabaidya, a BJP leader from Silchar, told the BBC that the law would help do away with the D-voters list as most of them would get Indian citizenship under it. ",
            "But not many are convinced. ",
            "Opposition leaders call it an \"election gimmick\" while activists say it's logistically impossible to resolve the problem swiftly.",
            "Critics also point out that the CAA is exclusionary as it might help Hindu immigrants from Bangladesh get Indian citizenship, but not Muslims.",
            "Tanya Laskar, a lawyer in Assam who handles citizenship cases, says there are other challenges as well.",
            "\"A big question is whether people would have documents to show when they had come to India,\" Ms Laskar says.",
            "\"We are mostly talking about people who come from marginalised communities in a state that has annual floods. You are talking of people who have fled during war and you are imagining they are fleeing with documents?\"",
            "People affected by the exercise, who are mostly poor, say they feel lost and fearful about their future.",
            "Haricharan Das recalls the day police came to his house in 2017 and declared him a D-voter.",
            "\"I had no idea what that meant or how my name entered the list,\" he says. \"But I had to cooperate.\"",
            "Seven years on, he is still fighting to prove his citizenship, with very little knowledge of the case.",
            "His house has a trunk full of documents, but when the BBC asked him to show a copy of his court documents, he ruffled through the disarrayed pile for half an hour and failed to produce anything.",
            "\"I am not even sure who my lawyer is,\" he says.",
            "In rare instances, those who have already been declared foreigners by a tribunal have found their name on the electoral rolls.",
            "Monindra Das, 64, says he voted in the ongoing election despite spending two years in a detention camp. He was temporarily released in 2022. ",
            "The case, which has dragged on for more than two decades, has drained the family's finances. ",
            "His 27-year-old son Birendra Das says he was forced to drop out of college because his parents had no money.",
            "Some are hopeful that their ordeal will end soon.",
            "\"When we go to the BJP, they tell us they will solve the problem for us very soon,\" says Haricharan Das, a life-long supporter of the party.",
            "But others like Birendra Das do not share his optimism: \"All politicians only come for votes and not to understand our pain,\" he says.",
            "Laxmi Das agrees. \"I have been a D-voter for so long, but no government has not helped us,\" she says.",
            "\"Who will solve this problem for us?\"",
            ""
        ]
    },
    "https://www.bbc.com/sport/football/articles/c888r554rjdo": {
        "link": "https://www.bbc.com/sport/football/articles/c888r554rjdo",
        "subtitle": "BBC Scotland's regular football pundits pick their Scotland squads for Euro 2024.",
        "time": null,
        "title": "Euro 2024: Who makes BBC pundits' Scotland squad for finals? - BBC Sport",
        "topics": [],
        "images": [
            "https://ichef.bbci.co.uk/news/1536/cpsprodpb/fd00/live/92b869c0-174b-11ef-82d5-ab136dfedc75.png",
            "https://ichef.bbci.co.uk/news/1024/cpsprodpb/6462/live/12e521f0-177a-11ef-b5cc-cb8b8c4cef5a.png",
            "https://ichef.bbci.co.uk/news/1024/cpsprodpb/b6c0/live/a3f138e0-1767-11ef-b5cc-cb8b8c4cef5a.png",
            "https://ichef.bbci.co.uk/news/1024/cpsprodpb/d06e/live/b9fadab0-1767-11ef-80aa-699d54c46324.png",
            "https://ichef.bbci.co.uk/news/1024/cpsprodpb/a72d/live/d48fd100-1767-11ef-baa7-25d483663b8e.png",
            "https://ichef.bbci.co.uk/news/1024/cpsprodpb/8896/live/e9ca8a10-1767-11ef-80aa-699d54c46324.png",
            "https://ichef.bbci.co.uk/news/1024/cpsprodpb/3ca1/live/07571580-1768-11ef-b5cc-cb8b8c4cef5a.png"
        ],
        "videos": [],
        "author": "",
        "text": [
            "Follow the squad announcement live here",
            "The excitement is mounting as Euro 2024 edges closer, with just over three weeks until the tournament kicks off.",
            "The buzz builds again on Wednesday when Scotland head coach Steve Clarke names a 28-man squad.",
            "Two unlucky souls will be trimmed from the pack on 7 June, with warm-up friendlies against Gibraltar and Finland to come.",
            "A few regulars are missing through injury and some more are doubts.",
            "So, who will make the cut for mouthwatering Group A games against Germany, Switzerland and Hungary - and hopefully beyond?",
            "On the eve of Clarke's eagerly anticipated announcement, some of BBC Scotland's football pundits have a go at picking their squads...",
            "Former Scotland midfielder Leanne Crichton, who appeared at Euro 2017 and the 2019 Women's World Cup, suggests Sturm Graz right-back Max Johnston as a solution to the absence of Aaron Hickey and Nathan Patterson.",
            "The uncapped 20-year-old has an Austrian Bundesliga winners' medal but only started twice in the league, making regular appearances from the bench.",
            "There are also places for Aberdeen midfielder Connor Barron and Kilmarnock winger Danny Armstrong.",
            "For Peter Grant, his former club Celtic's stand-in right-back Anthony Ralston would get the nod. ",
            "Like all the others, he is backing a recall for James Forrest, while there is a shout for Bristol City striker Tommy Conway, who has looked lively at under-21 level.",
            "Danny Armstrong gets a spot, injury-hit stalwart Grant Hanley misses out and there is a surprise inclusion of Motherwell's 17-year-old talent Lennon Miller.",
            "Former Scotland winger Neil McCann also makes room for Ralston, who has eight caps and one international goal.",
            "He is the only one campaigning for Hearts-bound Blair Spittal, who had an excellent season with Motherwell, and ex-Rangers and Livingston forward Ryan Hardie.",
            "The 27-year-old has scored 13 goals for Plymouth Argyle this term.",
            "Michael Stewart is the only pundit picking four goalkeepers and retains Motherwell's Liam Kelly, who gets the chop from the rest.",
            "The former Hearts and Hibs midfielder would like to see David Turnbull, now of Cardiff City, recalled, along with winger Ryan Fraser, who has helped Southampton reach the Championship play-off final.",
            "Liam Cooper and Greg Taylor get left behind, with just eight defenders selected, while Vancouver Whitecaps playmaker Ryan Gauld is the wildcard entry here.",
            "Sportscene host Steven Thompson is the only one campaigning for Liverpool youngster Ben Doak to make the trip to Germany.",
            "The 18-year-old forward had knee surgery in December and has only just returned to training.",
            "Danny Armstrong pops up again after his six goals and 10 assists in the Premiership.",
            "BBC Scotland's chief sports writer Tom English sees merit in a recall for Ryan Fraser, who won the last of his 26 caps in November 2022.",
            "Like Grant, he is backing a first call-up for Tommy Conway, who has hit 12 goals for Bristol City this season.",
            "Anyone the pundits have overlooked? Who would you be taking along with Clarke's tried and tested regulars?",
            "Let us know your thoughts here., external"
        ]
    },
    "https://www.bbc.com/news/articles/cl558qx81nqo": {
        "link": "https://www.bbc.com/news/articles/cl558qx81nqo",
        "subtitle": "The 2024 organiser recently announced he would no longer run the annual event.",
        "time": "2024-05-29T10:39:13.338882",
        "title": "Spalding Flower Parade could be saved by 'determined' new team",
        "topics": [
            "South Holland District Council",
            "Spalding"
        ],
        "images": [
            "https://ichef.bbci.co.uk/news/480/cpsprodpb/1958/live/5884e820-1d02-11ef-aa99-97704ba0321a.jpg.webp",
            "https://ichef.bbci.co.uk/news/480/cpsprodpb/caf0/live/6ff98110-1d01-11ef-aa99-97704ba0321a.jpg.webp"
        ],
        "videos": [],
        "author": "Eleanor Maslin,",
        "text": [
            "A new group of \"determined\" locals have teamed up to save the Spalding Flower Parade.",
            "An emergency meeting was called after former organiser Steve Timewell announced on 24 May he would no longer be running the event.",
            "Rebecca Roberts, Flower Queen of the 2024 parade, is part of the new team with around 10 other volunteers.",
            "A meeting will be held on 31 May with South Holland District Council to discuss plans for the event's future. ",
            "With the event costing around \u00a380,000, Ms Roberts said the committee had set up a fundraising page with a goal to raise \u00a350,000.",
            "Mr Timewell, who organised the parade in 2023 and 2024, said he pulled out due to issues including a lack of council support and finding a replacement venue.",
            "Councillor Nick Worth, leader of South Holland District Council (SHDC), said it was \"completely untrue\" that the authority had not been supportive of the event.",
            "Ms Roberts, 36, said: \"We sat around the table and had a show of hands for who wants to continue and literally everyone put their hands up.",
            "\"We're absolutely devastated that Stephen won't be running it but we're really determined to keep it going.\"",
            "She added: \"The key word is community, it brings together so many. ",
            "\"Anyone you speak to in Spalding knows the flower parade and has memories of it.\"",
            "When he realised a team had pulled together to save the event, Mr Timewell said he was \"utterly delighted\".",
            "He said: \"It's a testament to the hard work we've all done for the last two years.  I'm 100% behind them.",
            "\"Myself and my wife have lived and breathed the event for the past two years. It was very tough to say I can't do it anymore.",
            "\"I really do hope the team manage to get the support of the local council and have better luck in raising funding for next year than I did.\"",
            "The parade is usually held at the Castle Sports Complex which is currently being refurbished.",
            "Beginning in the 1950s, the annual Spalding Flower Parade began as a celebration of the tulip industry.",
            "Mr Worth said: \"As a council, we don't have that many fields that are available for the size they need, but we are willing to help.",
            "\"There's no reason why we can't find somewhere suitable.\"",
            "Follow BBC Lincolnshire on Facebook, X (formerly Twitter), and Instagram. Send your story ideas to eastyorkslincs.news@bbc.co.uk"
        ]
    },
    "https://www.bbc.com/sport/ice-hockey/articles/c9eex5mjmpeo": {
        "link": "https://www.bbc.com/sport/ice-hockey/articles/c9eex5mjmpeo",
        "subtitle": "Cardiff Devils sign Canadian forward Zach O\u2019Brien ahead of the 2024-25 season.",
        "time": "2024-05-24T10:39:28.087305",
        "title": "Canadian forward O'Brien joins Devils - BBC Sport",
        "topics": [],
        "images": [
            "https://ichef.bbci.co.uk/news/1024/cpsprodpb/ddf7/live/b824e260-19fd-11ef-a13a-0b8c563da930.jpg"
        ],
        "videos": [],
        "author": "",
        "text": [
            "Cardiff Devils have signed Canadian forward Zach O\u2019Brien ahead of the 2024-25 season.",
            "O\u2019Brien played for the Newfoundland Growlers in the ECHL last season and spent a total of five seasons with his local side.",
            "He has also featured for Bratislava in Slovakia and Devils coach Pete Russell said O\u2019Brien would \u201cbe a force\u201d in the Elite League.",
            "\u201cHe has been one of the top scorers in the ECHL the last few years and was a fan favourite with his hometown team,\u201d O\u2019Brien said.",
            "\u201cHe has an ability to make those players around him better and besides his skill, he brings a winning mentality and leadership to this team.",
            "\u201cWe are very excited to bring him to Cardiff and I am sure the fans will love him.\u201d"
        ]
    },
    "https://www.bbc.com/news/world-asia-india-69020263": {
        "link": "https://www.bbc.com/news/world-asia-india-69020263",
        "subtitle": "Indian Prime Minister Narendra Modi visited the island in January 2024.",
        "time": null,
        "title": "Modi snorkels in Lakshadweep",
        "topics": [],
        "images": [],
        "videos": [],
        "author": "",
        "text": []
    }
}