{
    "https://www.bbc.com/news/videos/crgg5y1yzp1o": {
        "link": "https://www.bbc.com/news/videos/crgg5y1yzp1o",
        "subtitle": "The late pop star's house could be auctioned off by a company who claims it was used as collateral in a loan.",
        "time": null,
        "title": "Elvis Presley's Graceland home in Tennessee to be auctioned",
        "topics": [],
        "images": [],
        "videos": [],
        "author": "",
        "text": []
    },
    "https://www.bbc.com/news/uk-scotland-69029361": {
        "link": "https://www.bbc.com/news/uk-scotland-69029361",
        "subtitle": "Award-winning barber Erin Strange, who specialises in braiding and locs, says she wants to inspire more women to go into barbering.",
        "time": null,
        "title": "Cutting men's hair doesn't require special man powers",
        "topics": [],
        "images": [],
        "videos": [],
        "author": "",
        "text": []
    },
    "https://www.bbc.com/news/world-africa-68997786": {
        "link": "https://www.bbc.com/news/world-africa-68997786",
        "subtitle": "Prince Harry and Meghan Markle have been welcomed by a charity which helps service personnel in Nigeria.",
        "time": null,
        "title": "Serve's up as Prince Harry plays sit-down volleyball in Nigeria",
        "topics": [],
        "images": [],
        "videos": [],
        "author": "",
        "text": []
    },
    "https://www.bbc.com/sport/football/articles/cjrrng7e8xpo": {
        "link": "https://www.bbc.com/sport/football/articles/cjrrng7e8xpo",
        "subtitle": "Barcelona defender Chadi Riad will have a medical at Crystal Palace this week before finalising a move worth up to \u00a314m.",
        "time": "2024-05-28T14:29:24.551022",
        "title": "Chadi Riad set for Crystal Palace medical before \u00a312m move - BBC Sport",
        "topics": [],
        "images": [
            "https://ichef.bbci.co.uk/news/2048/cpsprodpb/b787/live/c51b2200-1cdb-11ef-bacf-83c7dfc681a6.jpg"
        ],
        "videos": [],
        "author": "",
        "text": [
            "Barcelona defender Chadi Riad, who spent last season on loan at Real Betis, will have a medical at Crystal Palace this week before joining the Eagles in a move worth \u00a312m plus \u00a32m in add-ons.",
            "Palace have been in talks since last week over the centre-back and a deal now appears close to completion. ",
            "The 20-year-old, who has played twice for Morocco, joined Betis from Barcelona last summer and made 30 appearances last season.",
            "Palace's England defender Marc Guehi is of interest to a number of teams - including being linked to Manchester United - as he enters the final two years of his contract this summer.",
            "Guehi is one of four Palace players in England manager Gareth Southgate\u2019s provisional squad for Euro 2024.",
            "The Eagles finished last season in excellent form, winning six of their final seven games."
        ]
    },
    "https://www.bbc.com/news/world-69046227": {
        "link": "https://www.bbc.com/news/world-69046227",
        "subtitle": "Andrew Davies, a frequent flier, said he had never encountered turbulence like this before.",
        "time": null,
        "title": "What it was like onboard turbulence hit Singapore airlines flight",
        "topics": [],
        "images": [],
        "videos": [],
        "author": "",
        "text": []
    },
    "https://www.bbc.com/news/world-us-canada-68980348": {
        "link": "https://www.bbc.com/news/world-us-canada-68980348",
        "subtitle": "The BBC's Nada Tawfik explains how testimony from the star witness ties Trump to the Stormy Daniels payment.",
        "time": null,
        "title": "'Just do it' - Cohen says Trump directed Stormy Daniels pay-off",
        "topics": [],
        "images": [],
        "videos": [],
        "author": "",
        "text": []
    },
    "https://www.bbc.com/news/uk-scotland-69034762": {
        "link": "https://www.bbc.com/news/uk-scotland-69034762",
        "subtitle": "The Scottish Liberal Democrat leader says he has been attending therapy to cope with online abuse.",
        "time": null,
        "title": "Watch: Online abuse led to therapy - Cole-Hamilton",
        "topics": [],
        "images": [],
        "videos": [],
        "author": "",
        "text": []
    },
    "https://www.bbc.com/news/uk-politics-68955271": {
        "link": "https://www.bbc.com/news/uk-politics-68955271",
        "subtitle": "Leader Sir Ed Davey claims voters are switching from the Tories because they are being \"let down\".",
        "time": null,
        "title": "Local elections 2024: Lib Dems take seats from Tories in target areas",
        "topics": [
            "England and Wales elections 2024",
            "Liberal Democrats"
        ],
        "images": [
            "https://ichef.bbci.co.uk/news/480/cpsprodpb/F100/production/_133269616_mediaitem133269612.jpg.webp",
            "https://ichef.bbci.co.uk/news/480/cpsprodpb/1447A/production/_133266038_le_2024_cps_strap_top-nc.png.webp",
            "https://ichef.bbci.co.uk/news/480/cpsprodpb/16B8A/production/_133266039_le_2024_cps_strap_bottom-nc.png.webp"
        ],
        "videos": [],
        "author": "By Sam Francis & Paul Seddon,",
        "text": [
            "The Liberal Democrats have won 104 new council seats and gained control of two councils in Thursday's local elections.",
            "Lib Dems now run Dorset and Tunbridge Wells councils, but failed to take one of its other key target of Wokingham.",
            "The party made gains in traditionally Conservative voting areas of the south of England, known as the \"blue wall\".",
            "Leader Sir Ed Davey claimed voters were switching from the Tories because they \"have had enough of being taken for granted and being let down\".",
            "The Lib Dems won extra council seats in West Oxfordshire, Winchester and Cheltenham, while gaining control of Dorset Council from the Conservatives.",
            "With just one of 107 councils to declare, the party has returned 521 councillors at these elections, more than the Conservatives on 513.",
            "This would be the first time since 1996 it has beaten the Tories in a local vote, although historical comparisons between local elections are tough because of the different seats up for grabs each time.",
            "On Saturday, the party took the London Assembly seat for the South West constituency, which includes the boroughs of Hounslow, Richmond and Kingston.",
            "The BBC's projected national share, calculated using results from key wards, has the Lib Dems on 17% nationally, behind the Tories on 25%.",
            "This is down three points on last year - when the party hit 20% for the first time since entering into coalition with the Conservatives in 2010.",
            "But it is broadly in line with its projected share since the Brexit referendum in 2016. ",
            "Sir Ed said Conservative MPs would be \"looking over their shoulder\" ahead of the general election later this year.",
            "To emphasise the point at a rally on Friday, party activists wore inflatable dinosaur costumes and blue Conservative rosettes holding a banner saying \"Make this Conservative government history\".",
            "Under Sir Ed, the party has become well known for campaign stunts featuring large and outlandish props.",
            "These have included turning the hands on a clock face in the style of Parliament's Big Ben, to demonstrate \"time's up\" for Rishi Sunak, and Sir Ed knocking down a giant blue wall with an orange Lib Dem hammer."
        ]
    }
}